{"type":"FeatureCollection","features":[{"type":"Feature","properties":{"n":"福爾摩沙高速公路","k":0},"geometry":{"type":"LineString","coordinates":[[121.55372,24.97305],[121.55421,24.9735],[121.55589,24.97477],[121.55733,24.97562],[121.55927,24.97651],[121.56076,24.97697],[121.56189,24.97719],[121.56246,24.97726],[121.56339,24.97729],[121.56457,24.97722],[121.56538,24.97711],[121.56884,24.97635],[121.57202,24.97599],[121.57281,24.97595],[121.5739,24.97599],[121.57598,24.9762]]}},{"type":"Feature","properties":{"n":"福爾摩沙高速公路","k":0},"geometry":{"type":"LineString","coordinates":[[121.57587,24.97662],[121.57402,24.97643],[121.57172,24.97644],[121.57026,24.97658],[121.56899,24.97677],[121.56651,24.97725],[121.56471,24.97751],[121.56381,24.97754],[121.56293,24.9775],[121.56131,24.97729],[121.56047,24.97709],[121.55899,24.9766],[121.55694,24.97565],[121.55564,24.97486],[121.55388,24.97363],[121.5533,24.97311],[121.55246,24.97225]]}},{"type":"Feature","properties":{"n":"福爾摩沙高速公路","k":0},"geometry":{"type":"LineString","coordinates":[[121.58293,24.97893],[121.58101,24.97801]]}},{"type":"Feature","properties":{"n":"福爾摩沙高速公路","k":0},"geometry":{"type":"LineString","coordinates":[[121.58122,24.97762],[121.58295,24.97844]]}},{"type":"Feature","properties":{"n":"福爾摩沙高速公路","k":0},"geometry":{"type":"LineString","coordinates":[[121.59298,24.99195],[121.59378,24.99539]]}},{"type":"Feature","properties":{"n":"福爾摩沙高速公路","k":0},"geometry":{"type":"LineString","coordinates":[[121.59338,24.99545],[121.59264,24.9922]]}},{"type":"Feature","properties":{"n":"福爾摩沙高速公路","k":0},"geometry":{"type":"LineString","coordinates":[[121.59639,25.00919],[121.59516,25.00343]]}},{"type":"Feature","properties":{"n":"福爾摩沙高速公路","k":0},"geometry":{"type":"LineString","coordinates":[[121.62451,25.04228],[121.62436,25.04149],[121.62403,25.04042],[121.62373,25.03972],[121.62315,25.03865],[121.62272,25.03796],[121.62224,25.03736],[121.62145,25.03656],[121.62078,25.03596],[121.62002,25.03536],[121.61838,25.03429],[121.61282,25.03108],[121.61124,25.03011],[121.60612,25.02712],[121.60431,25.02592],[121.60282,25.0247],[121.60194,25.02385]]}},{"type":"Feature","properties":{"n":"福爾摩沙高速公路","k":0},"geometry":{"type":"LineString","coordinates":[[121.60233,25.02371],[121.60308,25.02448],[121.60451,25.02574],[121.60623,25.02696],[121.60882,25.02857],[121.61912,25.03458],[121.62074,25.03571],[121.62184,25.03673],[121.62235,25.0373],[121.62325,25.03846],[121.62386,25.03958],[121.62415,25.04029],[121.62461,25.04169],[121.62472,25.0422]]}},{"type":"Feature","properties":{"n":"環河快速道路","k":1},"geometry":{"type":"LineString","coordinates":[[121.49307,25.01916],[121.49068,25.02451],[121.48908,25.02777],[121.48878,25.0285],[121.48857,25.02918],[121.48847,25.02974],[121.48844,25.03075],[121.48855,25.03175],[121.48886,25.03279],[121.48923,25.03353],[121.49001,25.0348],[121.49041,25.03533],[121.49109,25.03604],[121.49179,25.0366],[121.49249,25.03703],[121.4948,25.03816],[121.49535,25.03852],[121.4997,25.0418],[121.49996,25.04204],[121.50018,25.04238],[121.50069,25.04411],[121.50091,25.04449],[121.50116,25.04476],[121.50424,25.04723],[121.50536,25.0484],[121.50562,25.04876],[121.5064,25.05013],[121.50684,25.05125],[121.50706,25.05196],[121.50752,25.05431],[121.50775,25.05509],[121.5079,25.0554]]}},{"type":"Feature","properties":{"n":"環河快速道路","k":1},"geometry":{"type":"LineString","coordinates":[[121.50819,25.05688],[121.50744,25.05427],[121.50712,25.05266],[121.50689,25.05175],[121.50647,25.05049],[121.50591,25.04939],[121.50519,25.04833],[121.50457,25.04765],[121.50396,25.04711],[121.50173,25.04533],[121.50086,25.04456],[121.50066,25.04422],[121.50013,25.04246],[121.49989,25.04207],[121.49558,25.03878],[121.49507,25.0385],[121.49285,25.03747],[121.49181,25.03684],[121.49138,25.03649],[121.49071,25.03586],[121.49033,25.03541],[121.48931,25.03397],[121.48891,25.03326],[121.48868,25.03272],[121.48848,25.03207],[121.4883,25.03076],[121.48832,25.0301],[121.48847,25.02912],[121.48886,25.02802],[121.48948,25.0268],[121.49257,25.01998],[121.493,25.01913]]}},{"type":"Feature","properties":{"n":"水源快速道路","k":1},"geometry":{"type":"LineString","coordinates":[[121.51643,25.02253],[121.51627,25.02307],[121.5161,25.02336],[121.51588,25.02354],[121.5152,25.02391],[121.5149,25.02397],[121.51279,25.02412],[121.51226,25.0241],[121.51153,25.02361],[121.50892,25.02289],[121.5084,25.02264],[121.50409,25.01976],[121.50214,25.0189],[121.50148,25.0185],[121.49926,25.01694],[121.49875,25.0167],[121.49781,25.01637],[121.49727,25.01632],[121.49671,25.01636],[121.49561,25.01662],[121.49464,25.017],[121.49417,25.01735],[121.49385,25.01769],[121.49352,25.01821],[121.49307,25.01916]]}},{"type":"Feature","properties":{"n":"水源快速道路","k":1},"geometry":{"type":"LineString","coordinates":[[121.493,25.01913],[121.49344,25.01821],[121.49379,25.01765],[121.49422,25.01722],[121.49468,25.01691],[121.4956,25.01655],[121.49653,25.01632],[121.49726,25.01625],[121.49786,25.01631],[121.49842,25.01649],[121.49917,25.01681],[121.49971,25.01713],[121.50207,25.01876],[121.50417,25.01971],[121.50864,25.02269],[121.50908,25.02286],[121.51145,25.02346],[121.51185,25.02365],[121.51232,25.02399],[121.51373,25.02397],[121.51506,25.02387],[121.51582,25.0235],[121.51608,25.02329],[121.51621,25.02305],[121.51636,25.02251]]}},{"type":"Feature","properties":{"n":"水源快速道路","k":1},"geometry":{"type":"LineString","coordinates":[[121.517,25.02157],[121.51821,25.0212],[121.52179,25.02046],[121.5225,25.02027],[121.52262,25.02019],[121.52381,25.01833],[121.52658,25.01424]]}},{"type":"Feature","properties":{"n":"水源快速道路","k":1},"geometry":{"type":"LineString","coordinates":[[121.53369,24.99232],[121.53525,24.99464],[121.53544,24.99501],[121.53562,24.99572],[121.53565,24.99625],[121.53564,24.99663],[121.5354,24.99841],[121.53531,24.99962],[121.53548,25.00263],[121.53542,25.00336],[121.53514,25.00432],[121.53489,25.00483],[121.53417,25.00603],[121.53357,25.00752],[121.53324,25.00808],[121.53282,25.00863],[121.53198,25.00936],[121.53114,25.00987],[121.52942,25.01058],[121.52904,25.01085],[121.52882,25.01107],[121.52563,25.01575],[121.52274,25.0203],[121.52246,25.02039],[121.51833,25.02123],[121.51703,25.02164]]}},{"type":"Feature","properties":{"n":"水源快速道路","k":1},"geometry":{"type":"LineString","coordinates":[[121.53402,25.00624],[121.53484,25.00491],[121.53514,25.00432],[121.53539,25.00352],[121.53547,25.00248],[121.5353,25.00033],[121.53527,24.99938],[121.53553,24.99649],[121.53553,24.99569],[121.53536,24.99511],[121.5352,24.99477],[121.53319,24.99181]]}},{"type":"Feature","properties":{"n":"水源車行地下道","k":1},"geometry":{"type":"LineString","coordinates":[[121.51636,25.02251],[121.51656,25.02193],[121.5167,25.02176],[121.517,25.02157]]}},{"type":"Feature","properties":{"n":"水源車行地下道","k":1},"geometry":{"type":"LineString","coordinates":[[121.51703,25.02164],[121.51684,25.02175],[121.51661,25.022],[121.51643,25.02253]]}},{"type":"Feature","properties":{"n":"羅斯福路二段","k":2},"geometry":{"type":"LineString","coordinates":[[121.52029,25.02983],[121.52478,25.02379]]}},{"type":"Feature","properties":{"n":"羅斯福路二段","k":2},"geometry":{"type":"LineString","coordinates":[[121.52472,25.02416],[121.5205,25.0298]]}},{"type":"Feature","properties":{"n":"羅斯福路三段","k":2},"geometry":{"type":"LineString","coordinates":[[121.53293,25.0162],[121.52854,25.02054],[121.52632,25.0224],[121.52552,25.02313],[121.52472,25.02416]]}},{"type":"Feature","properties":{"n":"羅斯福路三段","k":2},"geometry":{"type":"LineString","coordinates":[[121.52478,25.02379],[121.52552,25.0229],[121.52814,25.02062],[121.53283,25.01611]]}},{"type":"Feature","properties":{"n":"建國快速道路","k":1},"geometry":{"type":"LineString","coordinates":[[121.53329,25.0702],[121.53318,25.06874],[121.53325,25.0683],[121.53335,25.06809],[121.53366,25.06767],[121.53592,25.06597],[121.53647,25.06541],[121.53687,25.06473],[121.53702,25.06397],[121.53693,25.0589],[121.53682,25.05613],[121.53668,25.04789],[121.53656,25.0442],[121.53664,25.04303],[121.53673,25.04259],[121.53766,25.04014],[121.53778,25.03966],[121.53785,25.03881],[121.53765,25.02627],[121.53751,25.02332],[121.53742,25.02305],[121.53729,25.02286],[121.53699,25.02264],[121.53666,25.02252],[121.53315,25.02243],[121.53256,25.02229],[121.53195,25.02205],[121.53067,25.02103],[121.52982,25.02024],[121.52795,25.01866],[121.52773,25.01854],[121.5275,25.0185],[121.52726,25.01856],[121.52692,25.01896],[121.52622,25.01999]]}},{"type":"Feature","properties":{"n":"建國快速道路","k":1},"geometry":{"type":"LineString","coordinates":[[121.52608,25.01989],[121.52621,25.01977],[121.52697,25.01871],[121.52718,25.01852],[121.52739,25.01843],[121.52777,25.01847],[121.52801,25.01859],[121.53031,25.02055],[121.5319,25.02182],[121.53235,25.02212],[121.53313,25.02235],[121.53351,25.02238],[121.53676,25.02245],[121.53718,25.02259],[121.53742,25.02277],[121.53773,25.02322],[121.53777,25.02345],[121.53771,25.02487],[121.53794,25.03781],[121.53793,25.03923],[121.5378,25.04011],[121.53683,25.04262],[121.53668,25.04373],[121.5368,25.04787],[121.53698,25.05888],[121.53711,25.064],[121.53708,25.0643],[121.53692,25.06486],[121.53661,25.0654],[121.53643,25.06561],[121.53598,25.06602],[121.53383,25.06765],[121.53342,25.06814],[121.53327,25.0687],[121.5334,25.0702]]}},{"type":"Feature","properties":{"n":"羅斯福路公車專用道","k":2},"geometry":{"type":"LineString","coordinates":[[121.53263,25.01641],[121.52951,25.01944],[121.5287,25.02029],[121.52532,25.02324],[121.52069,25.02943],[121.52046,25.02977],[121.52037,25.02999]]}},{"type":"Feature","properties":{"n":"羅斯福路公車專用道","k":2},"geometry":{"type":"LineString","coordinates":[[121.51909,25.03152],[121.52026,25.03001],[121.52509,25.02347],[121.52547,25.02302],[121.52865,25.02028],[121.52949,25.01941],[121.5326,25.0164]]}},{"type":"Feature","properties":{"n":"汐止五股高架道路","k":0},"geometry":{"type":"LineString","coordinates":[[121.50339,25.07756],[121.50509,25.07778],[121.50601,25.07785],[121.50964,25.07793],[121.51289,25.07774],[121.51528,25.07751],[121.51644,25.07735],[121.51906,25.07691],[121.52023,25.07665],[121.5218,25.07622],[121.52376,25.07553],[121.52689,25.07414],[121.52782,25.07386],[121.52914,25.07367],[121.53105,25.0736],[121.53285,25.07344],[121.53652,25.07279],[121.53754,25.07265],[121.53923,25.07252],[121.54398,25.07232],[121.54988,25.07223],[121.55369,25.07233],[121.55693,25.07227],[121.55846,25.07207],[121.56121,25.07125],[121.5618,25.07112],[121.56288,25.07097],[121.56351,25.07093],[121.5682,25.07096],[121.5703,25.07086],[121.57294,25.07056],[121.57574,25.07005],[121.57859,25.06931],[121.5804,25.06869],[121.58878,25.06526],[121.59027,25.06469],[121.5918,25.06424],[121.59281,25.064],[121.59391,25.0638],[121.59519,25.06364],[121.59716,25.06355],[121.59935,25.06368],[121.61059,25.06507],[121.61897,25.066]]}},{"type":"Feature","properties":{"n":"汐止五股高架道路","k":0},"geometry":{"type":"LineString","coordinates":[[121.63297,25.06779],[121.6323,25.06759],[121.6308,25.06733],[121.62589,25.06686],[121.6153,25.06599],[121.6118,25.06561],[121.60005,25.06411],[121.59784,25.06399],[121.59568,25.06408],[121.5948,25.06416],[121.5935,25.06436],[121.59126,25.06486],[121.59038,25.06513],[121.5893,25.06552],[121.58213,25.06845],[121.5804,25.06909],[121.57873,25.06963],[121.57662,25.07021],[121.57391,25.07077],[121.57147,25.0711],[121.56977,25.07124],[121.56752,25.07131],[121.56384,25.07129],[121.56251,25.07138],[121.5612,25.07163],[121.56051,25.07183],[121.55744,25.07286],[121.55619,25.0731],[121.55546,25.07318],[121.54002,25.07349],[121.53865,25.07341],[121.53626,25.07315],[121.535,25.0732],[121.53304,25.07354],[121.53004,25.07387],[121.52949,25.07398],[121.52825,25.07436],[121.52306,25.07627],[121.5215,25.07675],[121.51911,25.07738],[121.51694,25.07783],[121.51531,25.07809],[121.51348,25.07829],[121.5115,25.07843],[121.5104,25.07847],[121.50719,25.07836],[121.50503,25.07821],[121.50186,25.07777],[121.49796,25.07706],[121.48632,25.07412],[121.48536,25.0739],[121.48334,25.0736],[121.48133,25.07351],[121.48036,25.07354],[121.47933,25.07363],[121.47818,25.0738],[121.47693,25.07406],[121.47189,25.07541],[121.47039,25.07574],[121.46806,25.07607],[121.46669,25.07614],[121.46507,25.07614],[121.46409,25.07609],[121.46233,25.07589],[121.45972,25.07533],[121.45753,25.07465]]}},{"type":"Feature","properties":{"n":"和平西路三段","k":2},"geometry":{"type":"LineString","coordinates":[[121.49577,25.03538],[121.49052,25.03553]]}},{"type":"Feature","properties":{"n":"和平西路三段","k":2},"geometry":{"type":"LineString","coordinates":[[121.49631,25.03531],[121.50318,25.03512],[121.50344,25.03495],[121.50475,25.03383]]}},{"type":"Feature","properties":{"n":"和平西路三段","k":2},"geometry":{"type":"LineString","coordinates":[[121.50484,25.03387],[121.50466,25.03407],[121.50334,25.03517],[121.50317,25.03523],[121.49631,25.03542]]}},{"type":"Feature","properties":{"n":"和平西路三段","k":2},"geometry":{"type":"LineString","coordinates":[[121.49358,25.03538],[121.49631,25.03531]]}},{"type":"Feature","properties":{"n":"和平西路三段","k":2},"geometry":{"type":"LineString","coordinates":[[121.49631,25.03542],[121.49577,25.03538]]}},{"type":"Feature","properties":{"n":"和平西路三段","k":2},"geometry":{"type":"LineString","coordinates":[[121.49577,25.03538],[121.49631,25.03531]]}},{"type":"Feature","properties":{"n":"和平西路三段","k":2},"geometry":{"type":"LineString","coordinates":[[121.49631,25.03542],[121.49358,25.03551]]}},{"type":"Feature","properties":{"n":"華江橋","k":2},"geometry":{"type":"LineString","coordinates":[[121.47918,25.03585],[121.48059,25.03576],[121.48822,25.03557],[121.48844,25.0356]]}},{"type":"Feature","properties":{"n":"華江橋","k":2},"geometry":{"type":"LineString","coordinates":[[121.48844,25.0356],[121.48777,25.03567],[121.48127,25.03584],[121.47919,25.03597]]}},{"type":"Feature","properties":{"n":"華江橋","k":2},"geometry":{"type":"LineString","coordinates":[[121.49052,25.03553],[121.49082,25.03547],[121.49358,25.03538]]}},{"type":"Feature","properties":{"n":"華江橋","k":2},"geometry":{"type":"LineString","coordinates":[[121.49358,25.03551],[121.49108,25.03559],[121.49052,25.03553]]}},{"type":"Feature","properties":{"n":"華江橋","k":2},"geometry":{"type":"LineString","coordinates":[[121.49052,25.03553],[121.48844,25.0356]]}},{"type":"Feature","properties":{"n":"新生高架道路","k":1},"geometry":{"type":"LineString","coordinates":[[121.52687,25.07239],[121.52777,25.07126],[121.52788,25.07078],[121.52774,25.06402],[121.52757,25.05924],[121.52749,25.05358],[121.52762,25.05233],[121.52789,25.05123],[121.52833,25.05015],[121.52856,25.0497],[121.52929,25.04859],[121.52972,25.04809],[121.5307,25.04717],[121.53085,25.04694],[121.53087,25.04681],[121.52988,25.0433],[121.52922,25.04107],[121.52917,25.04103]]}},{"type":"Feature","properties":{"n":"新生高架道路","k":1},"geometry":{"type":"LineString","coordinates":[[121.52931,25.04098],[121.52936,25.04133],[121.5299,25.04301],[121.53095,25.04679],[121.53083,25.04713],[121.53011,25.0478],[121.52945,25.04851],[121.52906,25.04903],[121.5287,25.04962],[121.5281,25.05086],[121.52783,25.0517],[121.52769,25.05233],[121.52757,25.05391],[121.52796,25.07086],[121.52793,25.07112],[121.52783,25.07133],[121.52695,25.07245]]}},{"type":"Feature","properties":{"n":"新生高架道路","k":1},"geometry":{"type":"LineString","coordinates":[[121.52435,25.07986],[121.52492,25.07785],[121.5251,25.07672],[121.5255,25.07554],[121.52551,25.07517],[121.52541,25.07459],[121.52542,25.07434],[121.52551,25.07408],[121.52583,25.07365]]}},{"type":"Feature","properties":{"n":"新生高架道路","k":1},"geometry":{"type":"LineString","coordinates":[[121.5261,25.07348],[121.52563,25.07405],[121.52551,25.07433],[121.5255,25.07457],[121.52561,25.07514],[121.5256,25.07545],[121.52515,25.07684],[121.525,25.07786],[121.52443,25.07987]]}},{"type":"Feature","properties":{"n":"環河南路快速道路","k":1},"geometry":{"type":"LineString","coordinates":[[121.5064,25.04976],[121.50617,25.04922],[121.50565,25.04848],[121.50366,25.04669],[121.50092,25.04447],[121.50071,25.04401],[121.50024,25.04234],[121.5001,25.04212],[121.49971,25.04173],[121.49819,25.04055],[121.49796,25.04025],[121.49738,25.03887],[121.49722,25.03868]]}},{"type":"Feature","properties":{"n":"環河南路快速道路","k":1},"geometry":{"type":"LineString","coordinates":[[121.50671,25.05057],[121.50663,25.05051],[121.50647,25.05011],[121.5064,25.04976]]}},{"type":"Feature","properties":{"n":"環河南路快速道路","k":1},"geometry":{"type":"LineString","coordinates":[[121.50653,25.04993],[121.5064,25.04976]]}},{"type":"Feature","properties":{"n":"中華路一段","k":2},"geometry":{"type":"LineString","coordinates":[[121.50704,25.03744],[121.50716,25.03758],[121.50951,25.04569],[121.50956,25.04589],[121.5095,25.04598]]}},{"type":"Feature","properties":{"n":"中華路一段","k":2},"geometry":{"type":"LineString","coordinates":[[121.50685,25.03749],[121.50671,25.03714]]}},{"type":"Feature","properties":{"n":"中華路一段","k":2},"geometry":{"type":"LineString","coordinates":[[121.50691,25.03717],[121.50704,25.03744]]}},{"type":"Feature","properties":{"n":"中華路一段","k":2},"geometry":{"type":"LineString","coordinates":[[121.5098,25.0479],[121.50979,25.0476],[121.50964,25.04703],[121.50685,25.03749]]}},{"type":"Feature","properties":{"n":"中華路一段","k":2},"geometry":{"type":"LineString","coordinates":[[121.5098,25.0479],[121.50966,25.04763],[121.50679,25.03768],[121.50685,25.03749]]}},{"type":"Feature","properties":{"n":"中華路一段","k":2},"geometry":{"type":"LineString","coordinates":[[121.5095,25.04598],[121.50992,25.04708],[121.50995,25.04741],[121.51006,25.04784],[121.50998,25.04808]]}},{"type":"Feature","properties":{"n":"中華路一段","k":2},"geometry":{"type":"LineString","coordinates":[[121.51001,25.04823],[121.50998,25.04808]]}},{"type":"Feature","properties":{"n":"中華路一段","k":2},"geometry":{"type":"LineString","coordinates":[[121.50704,25.03744],[121.50705,25.0376],[121.50754,25.03936],[121.50942,25.04592],[121.5095,25.04598]]}},{"type":"Feature","properties":{"n":"中華路一段","k":2},"geometry":{"type":"LineString","coordinates":[[121.50998,25.04808],[121.5098,25.0479]]}},{"type":"Feature","properties":{"n":"羅斯福路一段","k":2},"geometry":{"type":"LineString","coordinates":[[121.5205,25.0298],[121.51712,25.03443],[121.51685,25.03468],[121.51698,25.03442],[121.52029,25.02983]]}},{"type":"Feature","properties":{"n":"中山南路","k":2},"geometry":{"type":"LineString","coordinates":[[121.51753,25.03883],[121.51739,25.03852],[121.51645,25.03528],[121.51644,25.03514],[121.51676,25.03483]]}},{"type":"Feature","properties":{"n":"中山南路","k":2},"geometry":{"type":"LineString","coordinates":[[121.5176,25.0388],[121.51658,25.03529],[121.51661,25.03502],[121.51676,25.03483]]}},{"type":"Feature","properties":{"n":"中山南路","k":2},"geometry":{"type":"LineString","coordinates":[[121.51676,25.03483],[121.51685,25.03468]]}},{"type":"Feature","properties":{"n":"中山南路","k":2},"geometry":{"type":"LineString","coordinates":[[121.51958,25.0456],[121.51773,25.03925]]}},{"type":"Feature","properties":{"n":"中山南路","k":2},"geometry":{"type":"LineString","coordinates":[[121.51945,25.04561],[121.51767,25.03953],[121.51773,25.03925]]}},{"type":"Feature","properties":{"n":"中山南路","k":2},"geometry":{"type":"LineString","coordinates":[[121.51676,25.03483],[121.51671,25.03514],[121.51673,25.03533],[121.51769,25.03863],[121.51768,25.03879]]}},{"type":"Feature","properties":{"n":"中山南路","k":2},"geometry":{"type":"LineString","coordinates":[[121.51773,25.03925],[121.51792,25.03947],[121.51972,25.04558]]}},{"type":"Feature","properties":{"n":"中華路二段","k":2},"geometry":{"type":"LineString","coordinates":[[121.50565,25.03404],[121.50624,25.03504],[121.50655,25.03581],[121.50691,25.03717]]}},{"type":"Feature","properties":{"n":"中華路二段","k":2},"geometry":{"type":"LineString","coordinates":[[121.50565,25.03404],[121.50526,25.03336]]}},{"type":"Feature","properties":{"n":"中華路二段","k":2},"geometry":{"type":"LineString","coordinates":[[121.50671,25.03714],[121.50648,25.03615],[121.50624,25.03546],[121.50596,25.03501],[121.50563,25.0346],[121.50571,25.03432],[121.50565,25.03404]]}},{"type":"Feature","properties":{"n":"和平西路二段","k":2},"geometry":{"type":"LineString","coordinates":[[121.50475,25.03383],[121.50526,25.03336]]}},{"type":"Feature","properties":{"n":"和平西路二段","k":2},"geometry":{"type":"LineString","coordinates":[[121.50532,25.03345],[121.50484,25.03387]]}},{"type":"Feature","properties":{"n":"市民大道高架道路","k":1},"geometry":{"type":"LineString","coordinates":[[121.50375,25.05021],[121.50381,25.05013],[121.50459,25.0497],[121.50466,25.04959],[121.50469,25.04941],[121.5044,25.04888],[121.50434,25.04856],[121.50438,25.04841],[121.50453,25.04823],[121.50488,25.04807],[121.50523,25.04811],[121.50543,25.04827],[121.50596,25.04898],[121.5067,25.05039],[121.50686,25.05053],[121.5072,25.05057],[121.51146,25.04995],[121.51196,25.04984],[121.51304,25.04948],[121.51452,25.04908],[121.51533,25.04889],[121.51771,25.04848],[121.51996,25.04816],[121.52111,25.04795],[121.52396,25.04776],[121.52493,25.04764],[121.52615,25.04734],[121.52913,25.04639],[121.53158,25.04578],[121.5338,25.04515],[121.53484,25.04492],[121.53611,25.04478],[121.54024,25.04453],[121.54156,25.04454],[121.54535,25.04499],[121.54639,25.04506],[121.54789,25.04494],[121.55136,25.04451],[121.55352,25.04431],[121.55466,25.04444],[121.55791,25.04513],[121.55899,25.04518],[121.56138,25.04514],[121.56233,25.04505],[121.56426,25.04475],[121.56484,25.04475],[121.56658,25.04536],[121.56695,25.04558],[121.56718,25.04582],[121.56834,25.04775],[121.56848,25.04788]]}},{"type":"Feature","properties":{"n":"市民大道高架道路","k":1},"geometry":{"type":"LineString","coordinates":[[121.56849,25.0479],[121.56836,25.04777],[121.56737,25.04612],[121.56698,25.04576],[121.5666,25.04555],[121.56507,25.04498],[121.56457,25.04484],[121.564,25.04485],[121.56224,25.04515],[121.56164,25.0452],[121.559,25.04526],[121.55851,25.04525],[121.55741,25.04511],[121.55446,25.04454],[121.55346,25.04447],[121.55178,25.04458],[121.54957,25.04486],[121.54646,25.04516],[121.54609,25.04516],[121.5418,25.04471],[121.54032,25.04469],[121.53582,25.04487],[121.53464,25.04503],[121.52908,25.04658],[121.52611,25.04747],[121.52496,25.04774],[121.52407,25.04786],[121.52103,25.04807],[121.51642,25.04884],[121.51335,25.04947],[121.5116,25.05002],[121.5083,25.05058],[121.50716,25.05072],[121.50649,25.05094],[121.50616,25.05093],[121.50585,25.0508],[121.50568,25.05065],[121.50506,25.04988],[121.50494,25.04983],[121.50471,25.04986]]}},{"type":"Feature","properties":{"n":"忠孝西路一段","k":2},"geometry":{"type":"LineString","coordinates":[[121.51756,25.04626],[121.51228,25.04758],[121.51158,25.04804],[121.51124,25.04816],[121.51001,25.04823]]}},{"type":"Feature","properties":{"n":"忠孝西路一段","k":2},"geometry":{"type":"LineString","coordinates":[[121.51929,25.04575],[121.51818,25.04602]]}},{"type":"Feature","properties":{"n":"忠孝西路一段","k":2},"geometry":{"type":"LineString","coordinates":[[121.51966,25.04576],[121.51756,25.04626]]}},{"type":"Feature","properties":{"n":"忠孝西路一段","k":2},"geometry":{"type":"LineString","coordinates":[[121.51748,25.04615],[121.51818,25.04602]]}},{"type":"Feature","properties":{"n":"忠孝西路一段","k":2},"geometry":{"type":"LineString","coordinates":[[121.51818,25.04602],[121.51756,25.04626]]}},{"type":"Feature","properties":{"n":"忠孝西路一段","k":2},"geometry":{"type":"LineString","coordinates":[[121.50998,25.04808],[121.5113,25.048],[121.51152,25.04791],[121.51212,25.04752],[121.5128,25.0473],[121.51748,25.04615],[121.51912,25.04568],[121.51958,25.0456]]}},{"type":"Feature","properties":{"n":"忠孝橋","k":2},"geometry":{"type":"LineString","coordinates":[[121.50748,25.04873],[121.50597,25.04912],[121.50527,25.04947],[121.50392,25.05025]]}},{"type":"Feature","properties":{"n":"忠孝橋","k":2},"geometry":{"type":"LineString","coordinates":[[121.50375,25.05021],[121.5059,25.04904],[121.50637,25.04887],[121.50745,25.0486]]}},{"type":"Feature","properties":{"n":"忠孝西路二段","k":2},"geometry":{"type":"LineString","coordinates":[[121.50745,25.0486],[121.50936,25.04815],[121.50998,25.04808]]}},{"type":"Feature","properties":{"n":"忠孝西路二段","k":2},"geometry":{"type":"LineString","coordinates":[[121.51001,25.04823],[121.50945,25.04827],[121.50748,25.04873]]}},{"type":"Feature","properties":{"n":"右轉專用","k":2},"geometry":{"type":"LineString","coordinates":[[121.50992,25.04708],[121.51005,25.04722],[121.51025,25.04808]]}},{"type":"Feature","properties":{"n":"東門圓環","k":2},"geometry":{"type":"LineString","coordinates":[[121.51784,25.03938],[121.51758,25.03941],[121.51739,25.03933],[121.5173,25.03924],[121.51723,25.03906],[121.51724,25.03894],[121.51729,25.03882],[121.51743,25.03869],[121.51762,25.03863],[121.51783,25.03865],[121.51807,25.03886],[121.5181,25.03898],[121.51807,25.03917],[121.51796,25.03932],[121.51784,25.03938]]}},{"type":"Feature","properties":{"n":"東門圓環","k":2},"geometry":{"type":"LineString","coordinates":[[121.5176,25.0388],[121.51776,25.0388],[121.51791,25.03893],[121.51791,25.03911],[121.51777,25.03924],[121.51754,25.03923],[121.51743,25.03912],[121.51744,25.0389],[121.5176,25.0388]]}},{"type":"Feature","properties":{"n":"忠孝東路一段","k":2},"geometry":{"type":"LineString","coordinates":[[121.51958,25.0456],[121.5217,25.04514],[121.52683,25.0439]]}},{"type":"Feature","properties":{"n":"忠孝東路一段","k":2},"geometry":{"type":"LineString","coordinates":[[121.52078,25.04543],[121.52147,25.04519]]}},{"type":"Feature","properties":{"n":"忠孝東路一段","k":2},"geometry":{"type":"LineString","coordinates":[[121.52078,25.04543],[121.52004,25.04561]]}},{"type":"Feature","properties":{"n":"忠孝東路一段","k":2},"geometry":{"type":"LineString","coordinates":[[121.52686,25.04401],[121.51966,25.04576]]}},{"type":"Feature","properties":{"n":"忠孝東路一段","k":2},"geometry":{"type":"LineString","coordinates":[[121.52152,25.04532],[121.52078,25.04543]]}},{"type":"Feature","properties":{"n":"忠孝東路二段","k":2},"geometry":{"type":"LineString","coordinates":[[121.53278,25.04242],[121.52686,25.04401]]}},{"type":"Feature","properties":{"n":"忠孝東路二段","k":2},"geometry":{"type":"LineString","coordinates":[[121.52683,25.0439],[121.53277,25.04226]]}},{"type":"Feature","properties":{"n":"中山北路一段","k":2},"geometry":{"type":"LineString","coordinates":[[121.51958,25.0456],[121.52215,25.05097],[121.52239,25.05162],[121.52254,25.05219]]}},{"type":"Feature","properties":{"n":"中山北路一段","k":2},"geometry":{"type":"LineString","coordinates":[[121.51972,25.04558],[121.52076,25.04787],[121.52169,25.04969],[121.52237,25.0512],[121.52265,25.05218]]}},{"type":"Feature","properties":{"n":"中山北路一段","k":2},"geometry":{"type":"LineString","coordinates":[[121.52244,25.0522],[121.52221,25.0514],[121.52203,25.05097],[121.52057,25.04803],[121.51945,25.04561]]}},{"type":"Feature","properties":{"n":"中山北路一段","k":2},"geometry":{"type":"LineString","coordinates":[[121.52278,25.06257],[121.52272,25.06284]]}},{"type":"Feature","properties":{"n":"忠孝西路地下道","k":2},"geometry":{"type":"LineString","coordinates":[[121.52004,25.04561],[121.51929,25.04575]]}},{"type":"Feature","properties":{"n":"台北大橋","k":2},"geometry":{"type":"LineString","coordinates":[[121.50865,25.06336],[121.50848,25.06344],[121.50365,25.06414],[121.50327,25.06413],[121.50285,25.06405]]}},{"type":"Feature","properties":{"n":"台北大橋","k":2},"geometry":{"type":"LineString","coordinates":[[121.50865,25.06336],[121.51074,25.06299]]}},{"type":"Feature","properties":{"n":"台北大橋","k":2},"geometry":{"type":"LineString","coordinates":[[121.50643,25.06364],[121.50846,25.06334],[121.50865,25.06336]]}},{"type":"Feature","properties":{"n":"台北大橋","k":2},"geometry":{"type":"LineString","coordinates":[[121.51582,25.06296],[121.51334,25.06308],[121.51074,25.06299]]}},{"type":"Feature","properties":{"n":"台北大橋","k":2},"geometry":{"type":"LineString","coordinates":[[121.51074,25.06299],[121.51105,25.06287],[121.51142,25.06285],[121.51386,25.06297],[121.51574,25.06293],[121.51582,25.06296]]}},{"type":"Feature","properties":{"n":"台北大橋","k":2},"geometry":{"type":"LineString","coordinates":[[121.51588,25.06295],[121.51582,25.06296]]}},{"type":"Feature","properties":{"n":"淡水河橋","k":0},"geometry":{"type":"LineString","coordinates":[[121.50103,25.07726],[121.50304,25.07763],[121.50575,25.07797],[121.50663,25.07804],[121.50935,25.07812]]}},{"type":"Feature","properties":{"n":"淡水河橋","k":0},"geometry":{"type":"LineString","coordinates":[[121.50935,25.07828],[121.50789,25.07826],[121.5059,25.07815],[121.50338,25.07785],[121.50098,25.07742]]}},{"type":"Feature","properties":{"n":"重慶北路三段","k":2},"geometry":{"type":"LineString","coordinates":[[121.5138,25.07794],[121.51382,25.07708],[121.51371,25.07044],[121.51363,25.0689],[121.51366,25.06853],[121.51359,25.06602],[121.5136,25.06409],[121.51352,25.0629]]}},{"type":"Feature","properties":{"n":"重慶北路三段","k":2},"geometry":{"type":"LineString","coordinates":[[121.51369,25.06291],[121.51373,25.0632],[121.51374,25.06496],[121.51379,25.06535],[121.51379,25.06731],[121.51385,25.06852],[121.51383,25.06944],[121.5139,25.07195],[121.51386,25.07216],[121.51391,25.07596],[121.51397,25.07684],[121.51399,25.07836]]}},{"type":"Feature","properties":{"n":"民權西路","k":2},"geometry":{"type":"LineString","coordinates":[[121.52261,25.06284],[121.51597,25.06304],[121.51588,25.06295],[121.51596,25.06288],[121.51701,25.06283],[121.52264,25.0627]]}},{"type":"Feature","properties":{"n":"中山北路二段","k":2},"geometry":{"type":"LineString","coordinates":[[121.52265,25.05218],[121.52309,25.06068],[121.52298,25.06174],[121.52278,25.06257]]}},{"type":"Feature","properties":{"n":"中山北路二段","k":2},"geometry":{"type":"LineString","coordinates":[[121.52254,25.05219],[121.52298,25.06062],[121.52289,25.06164],[121.52264,25.0627]]}},{"type":"Feature","properties":{"n":"中山北路二段","k":2},"geometry":{"type":"LineString","coordinates":[[121.52261,25.06284],[121.52236,25.06394]]}},{"type":"Feature","properties":{"n":"中山北路二段","k":2},"geometry":{"type":"LineString","coordinates":[[121.52272,25.06284],[121.52247,25.06392]]}},{"type":"Feature","properties":{"n":"中山北路二段","k":2},"geometry":{"type":"LineString","coordinates":[[121.52225,25.06387],[121.52274,25.06176],[121.52285,25.06097],[121.52274,25.05778],[121.52244,25.0522]]}},{"type":"Feature","properties":{"n":"中山北路三段","k":2},"geometry":{"type":"LineString","coordinates":[[121.52247,25.06392],[121.52236,25.06492],[121.52241,25.06601],[121.52254,25.06682],[121.52299,25.06848]]}},{"type":"Feature","properties":{"n":"中山北路三段","k":2},"geometry":{"type":"LineString","coordinates":[[121.52345,25.07063],[121.52243,25.06684],[121.52233,25.06631],[121.52226,25.06491],[121.52236,25.06394]]}},{"type":"Feature","properties":{"n":"中山北路三段","k":2},"geometry":{"type":"LineString","coordinates":[[121.52276,25.06849],[121.52232,25.06687],[121.52217,25.066],[121.52215,25.06476],[121.52225,25.06387]]}},{"type":"Feature","properties":{"n":"中山北路三段","k":2},"geometry":{"type":"LineString","coordinates":[[121.52264,25.0627],[121.52261,25.06284]]}},{"type":"Feature","properties":{"n":"中山北路三段","k":2},"geometry":{"type":"LineString","coordinates":[[121.52355,25.07074],[121.52415,25.07297]]}},{"type":"Feature","properties":{"n":"中山北路三段","k":2},"geometry":{"type":"LineString","coordinates":[[121.52401,25.073],[121.52341,25.07077]]}},{"type":"Feature","properties":{"n":"中山高速公路","k":0},"geometry":{"type":"LineString","coordinates":[[121.6336,25.06797],[121.63304,25.06774],[121.63208,25.06745],[121.6306,25.06716],[121.61713,25.06606],[121.61227,25.06553],[121.60065,25.06406],[121.59846,25.06386],[121.59637,25.06383],[121.59388,25.06408],[121.59258,25.06433],[121.5913,25.06465],[121.58913,25.0654],[121.5824,25.06819],[121.57979,25.06917],[121.57878,25.0695],[121.57681,25.07005],[121.5754,25.07038],[121.57336,25.07076],[121.5712,25.07102],[121.56913,25.07117],[121.56701,25.0712],[121.56404,25.07115],[121.56283,25.07121],[121.56157,25.0714],[121.56096,25.07156],[121.55803,25.07256],[121.55701,25.07283],[121.55585,25.07302],[121.55508,25.07307],[121.54003,25.07336],[121.53865,25.07328],[121.53409,25.07271],[121.53351,25.07268],[121.53281,25.07271],[121.53226,25.07276],[121.53143,25.07295],[121.52794,25.07429]]}},{"type":"Feature","properties":{"n":"中山高速公路","k":0},"geometry":{"type":"LineString","coordinates":[[121.52786,25.07415],[121.53016,25.07326],[121.53125,25.07289],[121.53185,25.07273],[121.53276,25.07259],[121.53373,25.07258],[121.53418,25.07262],[121.53874,25.07317],[121.54015,25.07325],[121.55536,25.07294],[121.55601,25.07288],[121.55731,25.07265],[121.56097,25.07144],[121.56219,25.07118],[121.5629,25.07109],[121.56399,25.07104],[121.56746,25.07109],[121.5695,25.07104],[121.57122,25.07091],[121.57331,25.07065],[121.57618,25.07009],[121.57882,25.06937],[121.58087,25.06863],[121.58756,25.0659],[121.59001,25.06495],[121.59213,25.06432],[121.5932,25.06409],[121.59481,25.06384],[121.59705,25.0637],[121.59818,25.06373],[121.59966,25.06384],[121.61716,25.06593],[121.62119,25.06627]]}},{"type":"Feature","properties":{"n":"中山高速公路","k":0},"geometry":{"type":"LineString","coordinates":[[121.50935,25.07812],[121.51227,25.07801],[121.51426,25.07784],[121.51651,25.07754],[121.51767,25.07733],[121.52007,25.0768]]}},{"type":"Feature","properties":{"n":"中山高速公路","k":0},"geometry":{"type":"LineString","coordinates":[[121.52009,25.07695],[121.51773,25.07748],[121.51658,25.07769],[121.51459,25.07797],[121.51227,25.07816],[121.50935,25.07828]]}},{"type":"Feature","properties":{"n":"圓山大橋","k":0},"geometry":{"type":"LineString","coordinates":[[121.52794,25.07429],[121.52344,25.07598],[121.52175,25.07651],[121.52009,25.07695]]}},{"type":"Feature","properties":{"n":"圓山大橋","k":0},"geometry":{"type":"LineString","coordinates":[[121.52007,25.0768],[121.52172,25.07636],[121.52336,25.07584],[121.52452,25.07544],[121.52786,25.07415]]}},{"type":"Feature","properties":{"n":"中山北路四段","k":2},"geometry":{"type":"LineString","coordinates":[[121.52435,25.07986],[121.52434,25.07957],[121.52493,25.07751],[121.52507,25.07706],[121.52533,25.07655],[121.52579,25.07519],[121.52581,25.07491],[121.52576,25.07473],[121.52562,25.07451],[121.52551,25.07445]]}},{"type":"Feature","properties":{"n":"中山北路四段","k":2},"geometry":{"type":"LineString","coordinates":[[121.52554,25.07434],[121.52613,25.0746],[121.52649,25.07482],[121.52669,25.07504],[121.52679,25.07532],[121.5268,25.07589],[121.52664,25.07645],[121.52635,25.07672],[121.52585,25.07687]]}},{"type":"Feature","properties":{"n":"中山北路四段","k":2},"geometry":{"type":"LineString","coordinates":[[121.52552,25.07699],[121.5253,25.07711],[121.52524,25.07721],[121.52454,25.07966],[121.52443,25.07987]]}},{"type":"Feature","properties":{"n":"中山橋","k":2},"geometry":{"type":"LineString","coordinates":[[121.52415,25.07297],[121.52427,25.0734],[121.52445,25.07367],[121.52554,25.07434]]}},{"type":"Feature","properties":{"n":"中山橋","k":2},"geometry":{"type":"LineString","coordinates":[[121.52551,25.07445],[121.52431,25.07369],[121.52414,25.07343],[121.52401,25.073]]}},{"type":"Feature","properties":{"n":"圓山隧道","k":2},"geometry":{"type":"LineString","coordinates":[[121.52585,25.07687],[121.52552,25.07699]]}},{"type":"Feature","properties":{"n":"松江大橋","k":1},"geometry":{"type":"LineString","coordinates":[[121.52583,25.07365],[121.52687,25.07239]]}},{"type":"Feature","properties":{"n":"松江大橋","k":1},"geometry":{"type":"LineString","coordinates":[[121.52695,25.07245],[121.5261,25.07348]]}},{"type":"Feature","properties":{"n":"羅斯福路六段","k":2},"geometry":{"type":"LineString","coordinates":[[121.53949,25.00049],[121.54079,24.99724],[121.54108,24.99607],[121.54113,24.9953],[121.54108,24.9942],[121.54087,24.99328],[121.54062,24.99252],[121.53959,24.99005],[121.53949,24.98918],[121.53957,24.98855]]}},{"type":"Feature","properties":{"n":"羅斯福路六段","k":2},"geometry":{"type":"LineString","coordinates":[[121.53968,24.98854],[121.5396,24.98931],[121.53971,24.98997],[121.54021,24.99127],[121.54105,24.99318],[121.54119,24.99414],[121.54125,24.99502],[121.54123,24.99582],[121.54096,24.9971],[121.53966,25.00047]]}},{"type":"Feature","properties":{"n":"北新橋","k":2},"geometry":{"type":"LineString","coordinates":[[121.54004,24.98691],[121.53968,24.98854]]}},{"type":"Feature","properties":{"n":"北新橋","k":2},"geometry":{"type":"LineString","coordinates":[[121.53957,24.98855],[121.53982,24.98733]]}},{"type":"Feature","properties":{"n":"景美隧道","k":0},"geometry":{"type":"LineString","coordinates":[[121.57598,24.9762],[121.5773,24.97639],[121.57932,24.97687],[121.58057,24.97732],[121.58122,24.97762]]}},{"type":"Feature","properties":{"n":"景美隧道","k":0},"geometry":{"type":"LineString","coordinates":[[121.58101,24.97801],[121.5804,24.97772],[121.57913,24.97727],[121.57849,24.9771],[121.57587,24.97662]]}},{"type":"Feature","properties":{"n":"羅斯福路五段","k":2},"geometry":{"type":"LineString","coordinates":[[121.53733,25.0098],[121.53768,25.00883],[121.53807,25.00808],[121.53856,25.00729],[121.53887,25.00651],[121.53893,25.00598],[121.5389,25.00549],[121.53865,25.00413],[121.53857,25.00323],[121.53863,25.00279],[121.53878,25.00225],[121.53949,25.00049]]}},{"type":"Feature","properties":{"n":"羅斯福路五段","k":2},"geometry":{"type":"LineString","coordinates":[[121.53966,25.00047],[121.53894,25.00223],[121.53871,25.00309],[121.5388,25.00417],[121.53907,25.0057],[121.53903,25.00652],[121.53878,25.0072],[121.53794,25.00869],[121.53765,25.00935]]}},{"type":"Feature","properties":{"n":"羅斯福路大客車專用道","k":2},"geometry":{"type":"LineString","coordinates":[[121.53884,25.00441],[121.53883,25.00459],[121.53901,25.00563],[121.53903,25.00599],[121.53893,25.00666],[121.53882,25.00698],[121.53768,25.00911],[121.53735,25.01008],[121.53716,25.01105],[121.537,25.01148],[121.53628,25.01275],[121.53583,25.01335]]}},{"type":"Feature","properties":{"n":"羅斯福路大客車專用道","k":2},"geometry":{"type":"LineString","coordinates":[[121.5359,25.01319],[121.53631,25.01263],[121.53697,25.01147],[121.53708,25.0112],[121.53731,25.01008],[121.53757,25.0093],[121.53832,25.00773]]}},{"type":"Feature","properties":{"n":"羅斯福路大客車專用道","k":2},"geometry":{"type":"LineString","coordinates":[[121.53402,25.01509],[121.53277,25.01635]]}},{"type":"Feature","properties":{"n":"羅斯福路大客車專用道","k":2},"geometry":{"type":"LineString","coordinates":[[121.53402,25.01509],[121.53263,25.01641]]}},{"type":"Feature","properties":{"n":"羅斯福路大客車專用道","k":2},"geometry":{"type":"LineString","coordinates":[[121.5326,25.0164],[121.53437,25.01473],[121.5359,25.01319]]}},{"type":"Feature","properties":{"n":"羅斯福路大客車專用道","k":2},"geometry":{"type":"LineString","coordinates":[[121.5359,25.01319],[121.53601,25.01296]]}},{"type":"Feature","properties":{"n":"羅斯福路大客車專用道","k":2},"geometry":{"type":"LineString","coordinates":[[121.53583,25.01335],[121.53402,25.01509]]}},{"type":"Feature","properties":{"n":"羅斯福路大客車專用道","k":2},"geometry":{"type":"LineString","coordinates":[[121.53608,25.01314],[121.53583,25.01335]]}},{"type":"Feature","properties":{"n":"羅斯福路四段","k":2},"geometry":{"type":"LineString","coordinates":[[121.53283,25.01611],[121.53515,25.01387],[121.53601,25.01296],[121.53647,25.01223],[121.53699,25.01124],[121.53733,25.0098]]}},{"type":"Feature","properties":{"n":"羅斯福路四段","k":2},"geometry":{"type":"LineString","coordinates":[[121.53765,25.00935],[121.53744,25.01003],[121.53716,25.01133],[121.5367,25.0122],[121.53623,25.01295],[121.53555,25.01374],[121.53293,25.0162]]}},{"type":"Feature","properties":{"n":"基隆路高架道路","k":1},"geometry":{"type":"LineString","coordinates":[[121.54888,25.02109],[121.54866,25.02095],[121.54504,25.01792],[121.53811,25.01203],[121.53731,25.01141],[121.537,25.01122],[121.53573,25.01086],[121.53409,25.00986]]}},{"type":"Feature","properties":{"n":"基隆路高架道路","k":1},"geometry":{"type":"LineString","coordinates":[[121.54888,25.02109],[121.55009,25.02219]]}},{"type":"Feature","properties":{"n":"基隆路高架道路","k":1},"geometry":{"type":"LineString","coordinates":[[121.53247,25.00876],[121.53468,25.00993],[121.53552,25.01056],[121.53592,25.0108],[121.537,25.01109],[121.53745,25.01131],[121.54595,25.01851],[121.54699,25.01933],[121.54835,25.02054],[121.54888,25.02109]]}},{"type":"Feature","properties":{"n":"基隆路高架道路","k":1},"geometry":{"type":"LineString","coordinates":[[121.55009,25.02219],[121.55031,25.02233]]}},{"type":"Feature","properties":{"n":"基隆路高架道路","k":1},"geometry":{"type":"LineString","coordinates":[[121.55022,25.02239],[121.55009,25.02219]]}},{"type":"Feature","properties":{"n":"台北聯絡線","k":0},"geometry":{"type":"LineString","coordinates":[[121.55493,25.01412],[121.5545,25.01413],[121.55344,25.01433],[121.55233,25.01481],[121.55047,25.01601],[121.54907,25.01703]]}},{"type":"Feature","properties":{"n":"台北聯絡線","k":0},"geometry":{"type":"LineString","coordinates":[[121.54897,25.01691],[121.55175,25.01506],[121.55273,25.01449],[121.55387,25.01407],[121.55448,25.01394],[121.55511,25.01388]]}},{"type":"Feature","properties":{"n":"台北聯絡線","k":0},"geometry":{"type":"LineString","coordinates":[[121.566,25.00941],[121.56491,25.00979],[121.56441,25.01004],[121.56372,25.0105],[121.56296,25.01122],[121.56198,25.01239],[121.56145,25.01294],[121.56101,25.01331],[121.56048,25.01365],[121.55958,25.01403],[121.55858,25.01424],[121.5579,25.01427],[121.5568,25.01421]]}},{"type":"Feature","properties":{"n":"台北聯絡線","k":0},"geometry":{"type":"LineString","coordinates":[[121.55679,25.01391],[121.55792,25.01398],[121.5589,25.01393],[121.55952,25.01382],[121.56009,25.01364],[121.56055,25.01343],[121.56115,25.01304],[121.56157,25.01269],[121.56304,25.01094],[121.56381,25.01025],[121.56429,25.0099],[121.56509,25.00946],[121.56607,25.0091]]}},{"type":"Feature","properties":{"n":"台北聯絡線","k":0},"geometry":{"type":"LineString","coordinates":[[121.60008,25.00204],[121.59974,25.00207],[121.59889,25.00194],[121.59794,25.00188],[121.59619,25.0019],[121.59452,25.00202],[121.59327,25.00218],[121.59132,25.00257],[121.58681,25.00375],[121.5853,25.00407],[121.5838,25.00424],[121.58155,25.00433],[121.58026,25.00447],[121.57931,25.00473],[121.57864,25.00503],[121.57673,25.00634],[121.57581,25.00682],[121.57481,25.00721],[121.57359,25.00752]]}},{"type":"Feature","properties":{"n":"台北聯絡線","k":0},"geometry":{"type":"LineString","coordinates":[[121.57374,25.00717],[121.57532,25.00676],[121.57633,25.0064],[121.5772,25.00592],[121.57861,25.00496],[121.57946,25.00458],[121.58022,25.00439],[121.5811,25.00427],[121.58377,25.00417],[121.58562,25.00391],[121.58689,25.00364],[121.59008,25.00277],[121.59173,25.00237],[121.59382,25.00201],[121.59579,25.00182],[121.59718,25.00177],[121.59893,25.00186],[121.59968,25.00198],[121.60005,25.00195]]}},{"type":"Feature","properties":{"n":"台北2號隧道","k":0},"geometry":{"type":"LineString","coordinates":[[121.55511,25.01388],[121.55679,25.01391]]}},{"type":"Feature","properties":{"n":"台北2號隧道","k":0},"geometry":{"type":"LineString","coordinates":[[121.5568,25.01421],[121.55493,25.01412]]}},{"type":"Feature","properties":{"n":"台北1號隧道","k":0},"geometry":{"type":"LineString","coordinates":[[121.56607,25.0091],[121.57374,25.00717]]}},{"type":"Feature","properties":{"n":"台北1號隧道","k":0},"geometry":{"type":"LineString","coordinates":[[121.57359,25.00752],[121.566,25.00941]]}},{"type":"Feature","properties":{"n":"信義快速道路","k":1},"geometry":{"type":"LineString","coordinates":[[121.57698,25.00069],[121.57706,25.00089],[121.57735,25.00119],[121.57895,25.00236],[121.57943,25.00282],[121.57982,25.00323],[121.58052,25.00424],[121.58102,25.00532],[121.58128,25.00624],[121.58149,25.00753],[121.58163,25.00919]]}},{"type":"Feature","properties":{"n":"信義快速道路","k":1},"geometry":{"type":"LineString","coordinates":[[121.58129,25.00973],[121.58121,25.00745],[121.58109,25.00639],[121.58083,25.00527],[121.58049,25.00438],[121.58011,25.00373],[121.57934,25.00284],[121.5789,25.00245],[121.5772,25.00121],[121.57699,25.00095],[121.5769,25.00072]]}},{"type":"Feature","properties":{"n":"信義快速道路","k":1},"geometry":{"type":"LineString","coordinates":[[121.57615,25.0236],[121.57658,25.02296],[121.57737,25.02149]]}},{"type":"Feature","properties":{"n":"信義快速道路","k":1},"geometry":{"type":"LineString","coordinates":[[121.57801,25.02119],[121.57635,25.02379]]}},{"type":"Feature","properties":{"n":"信義快速道路","k":1},"geometry":{"type":"LineString","coordinates":[[121.57157,25.03134],[121.57157,25.03126]]}},{"type":"Feature","properties":{"n":"信義快速道路","k":1},"geometry":{"type":"LineString","coordinates":[[121.57191,25.03139],[121.57186,25.03189]]}},{"type":"Feature","properties":{"n":"文山隧道","k":1},"geometry":{"type":"LineString","coordinates":[[121.57737,25.02149],[121.57905,25.01899],[121.57977,25.01763],[121.58008,25.01694],[121.58058,25.01559],[121.58107,25.01358],[121.58124,25.01238],[121.58131,25.01073],[121.58129,25.00973]]}},{"type":"Feature","properties":{"n":"文山隧道","k":1},"geometry":{"type":"LineString","coordinates":[[121.58163,25.00919],[121.58166,25.01075],[121.58156,25.01241],[121.58139,25.01365],[121.58103,25.01516],[121.5806,25.01648],[121.57993,25.01805],[121.57939,25.01908],[121.57869,25.02023],[121.57801,25.02119]]}},{"type":"Feature","properties":{"n":"象山隧道","k":1},"geometry":{"type":"LineString","coordinates":[[121.57157,25.03126],[121.5717,25.03013],[121.57195,25.02952],[121.57412,25.02658],[121.57615,25.0236]]}},{"type":"Feature","properties":{"n":"象山隧道","k":1},"geometry":{"type":"LineString","coordinates":[[121.57635,25.02379],[121.57551,25.02522],[121.57481,25.02627],[121.57273,25.02904],[121.57225,25.02977],[121.57204,25.03035],[121.57191,25.03139]]}},{"type":"Feature","properties":{"n":"木柵隧道","k":0},"geometry":{"type":"LineString","coordinates":[[121.59264,24.9922],[121.59235,24.9909],[121.59175,24.98875],[121.59055,24.98628],[121.58873,24.98362],[121.5879,24.98267],[121.5871,24.98185],[121.58606,24.98093],[121.58452,24.97979],[121.58293,24.97893]]}},{"type":"Feature","properties":{"n":"木柵隧道","k":0},"geometry":{"type":"LineString","coordinates":[[121.58295,24.97844],[121.584,24.97897],[121.58497,24.97959],[121.58725,24.98146],[121.58865,24.98283],[121.58988,24.98439],[121.59067,24.98567],[121.59169,24.9876],[121.59258,24.99002],[121.59298,24.99195]]}},{"type":"Feature","properties":{"n":"景美溪橋","k":0},"geometry":{"type":"LineString","coordinates":[[121.59516,25.00343],[121.5941,24.99882],[121.59338,24.99545]]}},{"type":"Feature","properties":{"n":"景美溪橋","k":0},"geometry":{"type":"LineString","coordinates":[[121.59378,24.99539],[121.59588,25.00491]]}},{"type":"Feature","properties":{"n":"福德隧道","k":0},"geometry":{"type":"LineString","coordinates":[[121.60194,25.02385],[121.60106,25.02293],[121.60034,25.02203],[121.59945,25.02039],[121.59882,25.0188],[121.59745,25.01368],[121.59639,25.00919]]}},{"type":"Feature","properties":{"n":"福德隧道","k":0},"geometry":{"type":"LineString","coordinates":[[121.59682,25.00939],[121.59788,25.01419],[121.59858,25.01713],[121.59929,25.01929],[121.59998,25.02083],[121.60064,25.02185],[121.6012,25.02257],[121.60233,25.02371]]}},{"type":"Feature","properties":{"n":"石碇隧道","k":0},"geometry":{"type":"LineString","coordinates":[[121.64425,25.01254],[121.64399,25.01296],[121.64341,25.0142],[121.64303,25.0152],[121.64217,25.01825],[121.64097,25.02171],[121.63968,25.02457],[121.63889,25.02563],[121.63781,25.0273],[121.63702,25.02823],[121.63631,25.02894],[121.63448,25.03054],[121.63359,25.03118],[121.63177,25.03233],[121.63075,25.03279]]}},{"type":"Feature","properties":{"n":"石碇隧道","k":0},"geometry":{"type":"LineString","coordinates":[[121.63065,25.0325],[121.6317,25.03201],[121.63262,25.03144],[121.63427,25.03031],[121.63548,25.02927],[121.63627,25.02853],[121.6372,25.02751],[121.63773,25.02686],[121.63882,25.02534],[121.63938,25.02442],[121.64065,25.0216],[121.64183,25.01817],[121.64276,25.0151],[121.64347,25.0133],[121.64389,25.01249]]}},{"type":"Feature","properties":{"n":"忠孝東路三段","k":2},"geometry":{"type":"LineString","coordinates":[[121.54371,25.04169],[121.53734,25.04177],[121.53278,25.04242]]}},{"type":"Feature","properties":{"n":"忠孝東路三段","k":2},"geometry":{"type":"LineString","coordinates":[[121.53277,25.04226],[121.5374,25.04162],[121.54371,25.04156]]}},{"type":"Feature","properties":{"n":"忠孝東路四段","k":2},"geometry":{"type":"LineString","coordinates":[[121.56465,25.0412],[121.55898,25.04139],[121.54371,25.04169]]}},{"type":"Feature","properties":{"n":"忠孝東路四段","k":2},"geometry":{"type":"LineString","coordinates":[[121.54371,25.04156],[121.5575,25.04129],[121.56458,25.0411]]}},{"type":"Feature","properties":{"n":"忠孝東路五段","k":2},"geometry":{"type":"LineString","coordinates":[[121.58268,25.04536],[121.58164,25.04393],[121.58141,25.04354],[121.58097,25.04301],[121.58027,25.04239],[121.57926,25.04162],[121.5778,25.04087],[121.5769,25.04086],[121.57534,25.04095],[121.56465,25.0412]]}},{"type":"Feature","properties":{"n":"忠孝東路五段","k":2},"geometry":{"type":"LineString","coordinates":[[121.56458,25.0411],[121.57791,25.04078],[121.57817,25.04088],[121.5787,25.04121],[121.57931,25.04151],[121.58031,25.04226],[121.58124,25.04315],[121.58277,25.04525]]}},{"type":"Feature","properties":{"n":"正氣橋","k":1},"geometry":{"type":"LineString","coordinates":[[121.56848,25.04788],[121.56982,25.05013],[121.57032,25.05082],[121.57075,25.05127],[121.57125,25.0516]]}},{"type":"Feature","properties":{"n":"正氣橋","k":1},"geometry":{"type":"LineString","coordinates":[[121.5712,25.05172],[121.57081,25.05147],[121.57049,25.05114],[121.56993,25.05023],[121.56972,25.04998],[121.56849,25.0479]]}},{"type":"Feature","properties":{"n":"麥帥二橋","k":1},"geometry":{"type":"LineString","coordinates":[[121.56982,25.05013],[121.56984,25.05025],[121.57031,25.0511],[121.5704,25.05146],[121.57039,25.0519],[121.57004,25.05385],[121.57003,25.05431],[121.57008,25.0545],[121.57037,25.05493],[121.57275,25.05723],[121.57307,25.0576],[121.57327,25.0581],[121.57332,25.05863],[121.57306,25.06016]]}},{"type":"Feature","properties":{"n":"麥帥二橋","k":1},"geometry":{"type":"LineString","coordinates":[[121.57299,25.06015],[121.57324,25.05853],[121.57318,25.05806],[121.57307,25.05777],[121.57294,25.05756],[121.57255,25.05713],[121.57021,25.05487],[121.56994,25.05437],[121.5699,25.05402],[121.57026,25.0518],[121.57027,25.05132],[121.57017,25.05089],[121.56972,25.04998]]}},{"type":"Feature","properties":{"n":"麥帥一橋","k":1},"geometry":{"type":"LineString","coordinates":[[121.57474,25.05363],[121.5712,25.05172]]}},{"type":"Feature","properties":{"n":"麥帥一橋","k":1},"geometry":{"type":"LineString","coordinates":[[121.57125,25.0516],[121.57479,25.05349]]}},{"type":"Feature","properties":{"n":"堤頂大道一段","k":1},"geometry":{"type":"LineString","coordinates":[[121.57374,25.05679],[121.57363,25.05714],[121.57306,25.0608],[121.57302,25.06134],[121.5725,25.06417],[121.57234,25.06619],[121.57236,25.06667],[121.57243,25.06699],[121.57307,25.06884],[121.57324,25.0695],[121.57327,25.06987],[121.57323,25.07236],[121.57309,25.07306],[121.57295,25.07349],[121.57267,25.07409],[121.57235,25.07457]]}},{"type":"Feature","properties":{"n":"堤頂大道一段","k":1},"geometry":{"type":"LineString","coordinates":[[121.57221,25.0746],[121.57255,25.07403],[121.57287,25.07333],[121.57303,25.07274],[121.57309,25.07231],[121.57311,25.06963],[121.57303,25.06915],[121.57222,25.06686],[121.57215,25.06617],[121.57228,25.06417],[121.57238,25.0634],[121.57342,25.05701],[121.57354,25.05663]]}},{"type":"Feature","properties":{"n":"環東大道","k":1},"geometry":{"type":"LineString","coordinates":[[121.59387,25.05924],[121.59189,25.06021],[121.59163,25.06045],[121.59115,25.0611],[121.59071,25.06142],[121.59023,25.06155],[121.58998,25.06157],[121.58946,25.06149],[121.58919,25.06139],[121.58763,25.06049],[121.5857,25.0595],[121.57474,25.05363]]}},{"type":"Feature","properties":{"n":"環東大道","k":1},"geometry":{"type":"LineString","coordinates":[[121.57479,25.05349],[121.5857,25.05934],[121.58796,25.06057],[121.5891,25.06128],[121.58959,25.0615],[121.59028,25.06152],[121.59093,25.06128],[121.59112,25.06113],[121.59173,25.06034],[121.59191,25.0602],[121.59387,25.05924]]}},{"type":"Feature","properties":{"n":"環東大道","k":1},"geometry":{"type":"LineString","coordinates":[[121.62233,25.05626],[121.62244,25.05665],[121.62245,25.05719],[121.62228,25.05791],[121.62199,25.05841],[121.62139,25.05927],[121.62067,25.06019],[121.62012,25.06076],[121.61912,25.06165],[121.61865,25.062],[121.61765,25.06259],[121.61648,25.06305],[121.61465,25.06355],[121.61412,25.06356],[121.61355,25.06346],[121.61299,25.06318],[121.61257,25.0628],[121.61092,25.06097],[121.60979,25.06015],[121.60941,25.05995],[121.60864,25.05969],[121.60642,25.05906],[121.60481,25.0588],[121.60248,25.05853],[121.59896,25.05835],[121.59825,25.05839],[121.59767,25.05848],[121.59577,25.05906],[121.5944,25.05913],[121.59387,25.05924]]}},{"type":"Feature","properties":{"n":"環東大道","k":1},"geometry":{"type":"LineString","coordinates":[[121.59387,25.05924],[121.5944,25.05913],[121.59535,25.05912],[121.59577,25.05906],[121.59768,25.05848],[121.59862,25.05835],[121.60056,25.05841],[121.60247,25.05853],[121.6048,25.0588],[121.60673,25.05912],[121.60921,25.05987],[121.60986,25.06019],[121.61098,25.06094],[121.61303,25.06314],[121.61334,25.06333],[121.61373,25.06347],[121.6141,25.06352],[121.61462,25.06351],[121.61516,25.06335],[121.61752,25.06247],[121.61816,25.06213],[121.61887,25.06167],[121.61983,25.06083],[121.62108,25.05947],[121.62205,25.05814],[121.62223,25.05776],[121.62237,25.05714],[121.62236,25.05673],[121.62224,25.05627]]}},{"type":"Feature","properties":{"n":"堤頂大道二段","k":1},"geometry":{"type":"LineString","coordinates":[[121.5607,25.08429],[121.56093,25.08402],[121.5616,25.08244],[121.56221,25.08115],[121.56259,25.08052],[121.56335,25.07962],[121.56406,25.07893],[121.56472,25.07854],[121.56507,25.07841],[121.56972,25.07705],[121.57019,25.0769],[121.57051,25.07674],[121.57101,25.07632],[121.57221,25.0746]]}},{"type":"Feature","properties":{"n":"堤頂大道二段","k":1},"geometry":{"type":"LineString","coordinates":[[121.57235,25.07457],[121.57115,25.0763],[121.57053,25.07684],[121.56985,25.07711],[121.56492,25.07855],[121.56455,25.07869],[121.56403,25.07904],[121.5637,25.07936],[121.56268,25.08055],[121.56229,25.08121],[121.56168,25.0825],[121.5611,25.08395],[121.56078,25.08442]]}},{"type":"Feature","properties":{"n":"忠孝東路六段","k":2},"geometry":{"type":"LineString","coordinates":[[121.59562,25.05082],[121.58714,25.04888],[121.58601,25.04853],[121.58502,25.04806],[121.58445,25.0476],[121.58369,25.04671],[121.58268,25.04536]]}},{"type":"Feature","properties":{"n":"忠孝東路六段","k":2},"geometry":{"type":"LineString","coordinates":[[121.58277,25.04525],[121.5837,25.04656],[121.58449,25.04752],[121.58511,25.04798],[121.58625,25.04852],[121.59433,25.05046],[121.59576,25.05074]]}},{"type":"Feature","properties":{"n":"忠孝東路七段","k":2},"geometry":{"type":"LineString","coordinates":[[121.61634,25.05322],[121.61407,25.05301],[121.59562,25.05082]]}},{"type":"Feature","properties":{"n":"忠孝東路七段","k":2},"geometry":{"type":"LineString","coordinates":[[121.59576,25.05074],[121.59705,25.05093],[121.61151,25.0526],[121.61632,25.05311]]}},{"type":"Feature","properties":{"n":"南港隧道","k":0},"geometry":{"type":"LineString","coordinates":[[121.62554,25.03442],[121.62809,25.03361],[121.62962,25.03299]]}},{"type":"Feature","properties":{"n":"南港隧道","k":0},"geometry":{"type":"LineString","coordinates":[[121.62974,25.03328],[121.62824,25.03389],[121.6256,25.03474]]}},{"type":"Feature","properties":{"n":"蔣渭水高速公路","k":0},"geometry":{"type":"LineString","coordinates":[[121.62272,25.03528],[121.62554,25.03442]]}},{"type":"Feature","properties":{"n":"蔣渭水高速公路","k":0},"geometry":{"type":"LineString","coordinates":[[121.6256,25.03474],[121.62369,25.03535]]}},{"type":"Feature","properties":{"n":"蔣渭水高速公路","k":0},"geometry":{"type":"LineString","coordinates":[[121.63075,25.03279],[121.62974,25.03328]]}},{"type":"Feature","properties":{"n":"蔣渭水高速公路","k":0},"geometry":{"type":"LineString","coordinates":[[121.62962,25.03299],[121.63065,25.0325]]}},{"type":"Feature","properties":{"n":"南港路一段","k":2},"geometry":{"type":"LineString","coordinates":[[121.62059,25.0549],[121.62004,25.05482],[121.61936,25.0548],[121.6167,25.05519],[121.61658,25.05516]]}},{"type":"Feature","properties":{"n":"南港路一段","k":2},"geometry":{"type":"LineString","coordinates":[[121.61668,25.05509],[121.61849,25.05484],[121.61911,25.05471],[121.62022,25.05473],[121.62062,25.0548]]}},{"type":"Feature","properties":{"n":"研究院路一段","k":2},"geometry":{"type":"LineString","coordinates":[[121.61658,25.05516],[121.61624,25.05322]]}},{"type":"Feature","properties":{"n":"研究院路一段","k":2},"geometry":{"type":"LineString","coordinates":[[121.61632,25.05311],[121.61668,25.05509]]}},{"type":"Feature","properties":{"n":"南港橋","k":2},"geometry":{"type":"LineString","coordinates":[[121.62094,25.05497],[121.62059,25.0549]]}},{"type":"Feature","properties":{"n":"南港橋","k":2},"geometry":{"type":"LineString","coordinates":[[121.62062,25.0548],[121.62096,25.05488]]}},{"type":"Feature","properties":{"n":"大度路三段","k":2},"geometry":{"type":"LineString","coordinates":[[121.47266,25.12289],[121.46878,25.12317],[121.46594,25.12343],[121.46518,25.12362],[121.46414,25.12401]]}},{"type":"Feature","properties":{"n":"大度路三段","k":2},"geometry":{"type":"LineString","coordinates":[[121.46403,25.12391],[121.46515,25.12346],[121.46587,25.12328],[121.47225,25.12273]]}},{"type":"Feature","properties":{"n":"民權路","k":2},"geometry":{"type":"LineString","coordinates":[[121.46293,25.12457],[121.46403,25.12391]]}},{"type":"Feature","properties":{"n":"大度路二段","k":2},"geometry":{"type":"LineString","coordinates":[[121.47257,25.12271],[121.4859,25.12189]]}},{"type":"Feature","properties":{"n":"大度路二段","k":2},"geometry":{"type":"LineString","coordinates":[[121.48628,25.12204],[121.47266,25.12289]]}},{"type":"Feature","properties":{"n":"大度路","k":2},"geometry":{"type":"LineString","coordinates":[[121.47225,25.12273],[121.47257,25.12271]]}},{"type":"Feature","properties":{"n":"大度路","k":2},"geometry":{"type":"LineString","coordinates":[[121.4859,25.12189],[121.48626,25.12187]]}},{"type":"Feature","properties":{"n":"洲美快速道路","k":1},"geometry":{"type":"LineString","coordinates":[[121.49355,25.12143],[121.49416,25.12144],[121.49779,25.12122],[121.4985,25.12109],[121.49906,25.12081],[121.49944,25.12045],[121.49966,25.12009],[121.4998,25.11955],[121.49982,25.11663],[121.49975,25.11565],[121.49949,25.11486],[121.4988,25.11343],[121.49861,25.11273],[121.49851,25.112],[121.49887,25.1053],[121.49895,25.10161],[121.49886,25.10102],[121.49868,25.10038],[121.4974,25.09691],[121.49714,25.09606],[121.49712,25.09539],[121.49727,25.09463]]}},{"type":"Feature","properties":{"n":"洲美快速道路","k":1},"geometry":{"type":"LineString","coordinates":[[121.49741,25.09468],[121.49725,25.0954],[121.49726,25.09601],[121.49747,25.0967],[121.49879,25.10029],[121.49903,25.1011],[121.49917,25.1021],[121.4989,25.10945],[121.49873,25.11151],[121.49872,25.11222],[121.49889,25.11322],[121.49963,25.11478],[121.49985,25.11548],[121.49993,25.11622],[121.49993,25.1193],[121.49989,25.11963],[121.49971,25.1202],[121.49941,25.12063],[121.49897,25.12098],[121.49854,25.12117],[121.49752,25.12132],[121.49356,25.12157]]}},{"type":"Feature","properties":{"n":"重慶北路四段","k":2},"geometry":{"type":"LineString","coordinates":[[121.51399,25.07836],[121.51392,25.07915],[121.51366,25.08009],[121.51244,25.0829],[121.51217,25.08358],[121.51212,25.08382],[121.51118,25.08617],[121.51113,25.08651],[121.51122,25.08702],[121.51144,25.08749],[121.51182,25.08778]]}},{"type":"Feature","properties":{"n":"重慶北路四段","k":2},"geometry":{"type":"LineString","coordinates":[[121.5112,25.08563],[121.51155,25.08446],[121.51209,25.08309],[121.51366,25.07957],[121.51381,25.07882],[121.5138,25.07794]]}},{"type":"Feature","properties":{"n":"百齡橋","k":2},"geometry":{"type":"LineString","coordinates":[[121.5163,25.09104],[121.51194,25.08808],[121.51188,25.08799],[121.51091,25.08733],[121.51077,25.08718],[121.51072,25.08705],[121.51073,25.0868],[121.5112,25.08563]]}},{"type":"Feature","properties":{"n":"百齡橋","k":2},"geometry":{"type":"LineString","coordinates":[[121.51182,25.08778],[121.5166,25.09103]]}},{"type":"Feature","properties":{"n":"中山北路五段","k":2},"geometry":{"type":"LineString","coordinates":[[121.52543,25.08414],[121.52539,25.08299],[121.5253,25.08256],[121.52512,25.08214],[121.52445,25.08121],[121.52429,25.08084],[121.52424,25.08037],[121.52435,25.07986]]}},{"type":"Feature","properties":{"n":"中山北路五段","k":2},"geometry":{"type":"LineString","coordinates":[[121.52443,25.07987],[121.52433,25.08036],[121.52434,25.08077]]}},{"type":"Feature","properties":{"n":"中山北路五段","k":2},"geometry":{"type":"LineString","coordinates":[[121.52434,25.08077],[121.52451,25.08119],[121.52504,25.08189],[121.52534,25.08246],[121.52548,25.0831],[121.52553,25.08497],[121.52569,25.08579],[121.52598,25.08638],[121.52706,25.08774],[121.52731,25.08818],[121.52751,25.08878],[121.52757,25.0892],[121.52757,25.08962],[121.52749,25.09026],[121.52751,25.09058],[121.52807,25.0938]]}},{"type":"Feature","properties":{"n":"中山北路五段","k":2},"geometry":{"type":"LineString","coordinates":[[121.52434,25.08077],[121.52521,25.08202],[121.52557,25.08277],[121.52563,25.08319],[121.52558,25.0839],[121.52578,25.08513],[121.52575,25.0856],[121.52582,25.08592],[121.5261,25.08641],[121.52713,25.08769],[121.52738,25.08816],[121.5276,25.08877],[121.52766,25.08938],[121.52757,25.09031],[121.52759,25.09057],[121.52817,25.09385]]}},{"type":"Feature","properties":{"n":"中山北路五段","k":2},"geometry":{"type":"LineString","coordinates":[[121.52792,25.09372],[121.52738,25.09059],[121.52744,25.08942],[121.52738,25.08881],[121.52722,25.08832],[121.52703,25.08792],[121.52664,25.08737],[121.52603,25.08665],[121.52581,25.08632],[121.52553,25.08572],[121.52539,25.08504],[121.52536,25.08434],[121.52543,25.08414]]}},{"type":"Feature","properties":{"n":"中山北路五段","k":2},"geometry":{"type":"LineString","coordinates":[[121.52801,25.09377],[121.52747,25.09068],[121.52744,25.09026],[121.52753,25.08945],[121.52751,25.08905],[121.52742,25.08863],[121.52717,25.08801],[121.52698,25.0877],[121.52601,25.08649],[121.52573,25.08601],[121.52552,25.08533],[121.52543,25.08414]]}},{"type":"Feature","properties":{"n":"承德路五段","k":2},"geometry":{"type":"LineString","coordinates":[[121.5132,25.09789],[121.51577,25.09153],[121.51613,25.09115],[121.5163,25.09104]]}},{"type":"Feature","properties":{"n":"承德路五段","k":2},"geometry":{"type":"LineString","coordinates":[[121.51279,25.09887],[121.51281,25.09882]]}},{"type":"Feature","properties":{"n":"承德路五段","k":2},"geometry":{"type":"LineString","coordinates":[[121.51299,25.09889],[121.51294,25.09903]]}},{"type":"Feature","properties":{"n":"承德路五段","k":2},"geometry":{"type":"LineString","coordinates":[[121.5166,25.09103],[121.51615,25.09141],[121.51591,25.09174],[121.51337,25.09794]]}},{"type":"Feature","properties":{"n":"承德路六段","k":2},"geometry":{"type":"LineString","coordinates":[[121.5106,25.11111],[121.51064,25.11096],[121.51092,25.11066],[121.51107,25.11039],[121.51132,25.10973],[121.5114,25.10934],[121.51235,25.10036],[121.5125,25.09964],[121.51279,25.09887]]}},{"type":"Feature","properties":{"n":"承德路六段","k":2},"geometry":{"type":"LineString","coordinates":[[121.51294,25.09903],[121.51272,25.09959],[121.51257,25.10025],[121.51161,25.1092],[121.51157,25.10952],[121.5114,25.11012]]}},{"type":"Feature","properties":{"n":"雙溪橋","k":2},"geometry":{"type":"LineString","coordinates":[[121.51337,25.09794],[121.51299,25.09889]]}},{"type":"Feature","properties":{"n":"雙溪橋","k":2},"geometry":{"type":"LineString","coordinates":[[121.51281,25.09882],[121.5132,25.09789]]}},{"type":"Feature","properties":{"n":"中山北路五段505巷","k":2},"geometry":{"type":"LineString","coordinates":[[121.52801,25.09377],[121.52792,25.09372]]}},{"type":"Feature","properties":{"n":"福德路","k":2},"geometry":{"type":"LineString","coordinates":[[121.52801,25.09377],[121.52817,25.09385]]}},{"type":"Feature","properties":{"n":"福林路","k":2},"geometry":{"type":"LineString","coordinates":[[121.52817,25.09385],[121.53193,25.09628],[121.53214,25.0965],[121.53242,25.09657],[121.53565,25.0987],[121.53627,25.09905],[121.53645,25.09921],[121.53676,25.09962]]}},{"type":"Feature","properties":{"n":"福林路","k":2},"geometry":{"type":"LineString","coordinates":[[121.53668,25.09967],[121.53642,25.09932],[121.53609,25.09905],[121.53574,25.09886],[121.53236,25.09664],[121.53212,25.09659]]}},{"type":"Feature","properties":{"n":"福林路","k":2},"geometry":{"type":"LineString","coordinates":[[121.53737,25.10048],[121.53759,25.10082],[121.53746,25.10073],[121.5373,25.10052]]}},{"type":"Feature","properties":{"n":"承德路七段","k":2},"geometry":{"type":"LineString","coordinates":[[121.50082,25.11999],[121.50514,25.11611],[121.50842,25.11312],[121.50907,25.11246],[121.5092,25.11239],[121.5106,25.11111]]}},{"type":"Feature","properties":{"n":"承德路七段","k":2},"geometry":{"type":"LineString","coordinates":[[121.5114,25.11012],[121.51136,25.11033],[121.51139,25.11069],[121.50974,25.11221],[121.50885,25.11295],[121.50775,25.11402],[121.50516,25.11627],[121.50344,25.11789],[121.50077,25.12029],[121.50076,25.12037]]}},{"type":"Feature","properties":{"n":"承德路七段","k":2},"geometry":{"type":"LineString","coordinates":[[121.49963,25.12096],[121.49985,25.12091],[121.50061,25.12019]]}},{"type":"Feature","properties":{"n":"承德路七段","k":2},"geometry":{"type":"LineString","coordinates":[[121.50056,25.12045],[121.49989,25.1211]]}},{"type":"Feature","properties":{"n":"承德路七段","k":2},"geometry":{"type":"LineString","coordinates":[[121.50054,25.12058],[121.50002,25.12107],[121.49989,25.1211]]}},{"type":"Feature","properties":{"n":"承德路七段","k":2},"geometry":{"type":"LineString","coordinates":[[121.49989,25.1211],[121.49981,25.12123],[121.49957,25.12125]]}},{"type":"Feature","properties":{"n":"大度路一段","k":2},"geometry":{"type":"LineString","coordinates":[[121.48626,25.12187],[121.49312,25.12146],[121.49411,25.12134],[121.49871,25.1211],[121.49963,25.12096]]}},{"type":"Feature","properties":{"n":"大度路一段","k":2},"geometry":{"type":"LineString","coordinates":[[121.49957,25.12125],[121.49418,25.12159],[121.49369,25.12161],[121.49356,25.12157],[121.48628,25.12204]]}},{"type":"Feature","properties":{"n":"朝籟橋","k":2},"geometry":{"type":"LineString","coordinates":[[121.50061,25.12019],[121.50082,25.11999]]}},{"type":"Feature","properties":{"n":"朝籟橋","k":2},"geometry":{"type":"LineString","coordinates":[[121.50076,25.12037],[121.50054,25.12058]]}},{"type":"Feature","properties":{"n":"朝籟橋","k":2},"geometry":{"type":"LineString","coordinates":[[121.50077,25.12029],[121.50056,25.12045]]}},{"type":"Feature","properties":{"n":"雨農路","k":2},"geometry":{"type":"LineString","coordinates":[[121.53214,25.0965],[121.53212,25.09659]]}},{"type":"Feature","properties":{"n":"仰德大道一段","k":2},"geometry":{"type":"LineString","coordinates":[[121.53759,25.10082],[121.53773,25.101],[121.53776,25.10119],[121.53763,25.10197],[121.53759,25.10213],[121.53721,25.10279],[121.53706,25.10323],[121.53678,25.10411],[121.53666,25.1049],[121.5358,25.10626],[121.53466,25.10725],[121.53451,25.10744],[121.53445,25.10765],[121.53446,25.10785],[121.53455,25.10802],[121.53472,25.10817],[121.53594,25.10865],[121.5362,25.10863],[121.53649,25.10841],[121.53676,25.10811],[121.53702,25.10771]]}},{"type":"Feature","properties":{"n":"仰德大道一段","k":2},"geometry":{"type":"LineString","coordinates":[[121.53693,25.10647],[121.53701,25.10626],[121.53751,25.10564],[121.53786,25.10485],[121.5386,25.10357],[121.53894,25.10309],[121.53942,25.10219],[121.53963,25.10198]]}},{"type":"Feature","properties":{"n":"仰德大道一段","k":2},"geometry":{"type":"LineString","coordinates":[[121.53693,25.10647],[121.53726,25.10714],[121.53727,25.10727],[121.53719,25.10751],[121.53702,25.10771]]}},{"type":"Feature","properties":{"n":"仰德大道一段","k":2},"geometry":{"type":"LineString","coordinates":[[121.53702,25.10771],[121.53703,25.10737],[121.53692,25.10675],[121.53693,25.10647]]}},{"type":"Feature","properties":{"n":"仰德大道二段","k":2},"geometry":{"type":"LineString","coordinates":[[121.53963,25.10198],[121.53985,25.10193],[121.54005,25.10198],[121.54125,25.10265],[121.5415,25.1029],[121.54165,25.10327],[121.54178,25.10346],[121.54258,25.10401],[121.54348,25.10483],[121.54381,25.10503],[121.54476,25.10576],[121.54507,25.10631],[121.5455,25.10743],[121.54575,25.10783],[121.54728,25.10959],[121.549,25.11082],[121.54939,25.11129],[121.54964,25.11182],[121.55044,25.11416]]}},{"type":"Feature","properties":{"n":"復興橋","k":2},"geometry":{"type":"LineString","coordinates":[[121.5373,25.10052],[121.53668,25.09967]]}},{"type":"Feature","properties":{"n":"復興橋","k":2},"geometry":{"type":"LineString","coordinates":[[121.53676,25.09962],[121.53737,25.10048]]}},{"type":"Feature","properties":{"n":"仰德大道三段","k":2},"geometry":{"type":"LineString","coordinates":[[121.54809,25.12859],[121.54891,25.12723],[121.54927,25.12642],[121.5498,25.1256],[121.55023,25.12472],[121.55141,25.12302],[121.55215,25.12217],[121.55281,25.12096],[121.55299,25.12053],[121.55304,25.1202],[121.55303,25.11974],[121.55298,25.11933],[121.55287,25.11897],[121.55189,25.11761],[121.55123,25.11687],[121.551,25.11654],[121.5509,25.11621],[121.55099,25.11557],[121.55093,25.11522],[121.55044,25.11416]]}},{"type":"Feature","properties":{"n":"仰德大道四段","k":2},"geometry":{"type":"LineString","coordinates":[[121.54609,25.13566],[121.54584,25.13449],[121.54587,25.13385],[121.54709,25.13057],[121.54809,25.12859]]}},{"type":"Feature","properties":{"n":"格致路","k":2},"geometry":{"type":"LineString","coordinates":[[121.54946,25.14612],[121.5498,25.14524],[121.54977,25.14494],[121.5497,25.14483],[121.54927,25.14453],[121.54904,25.14431],[121.54892,25.14411],[121.54889,25.14392],[121.5499,25.14129],[121.54993,25.14106],[121.54982,25.14086],[121.54957,25.14073],[121.54819,25.14047],[121.54767,25.14001],[121.54664,25.13985],[121.54641,25.13971],[121.54633,25.13949],[121.54654,25.13861],[121.54655,25.13777],[121.54609,25.13566]]}},{"type":"Feature","properties":{"n":"格致路","k":2},"geometry":{"type":"LineString","coordinates":[[121.54913,25.1468],[121.54926,25.14657]]}},{"type":"Feature","properties":{"n":"陽明路一段","k":2},"geometry":{"type":"LineString","coordinates":[[121.55007,25.15123],[121.54997,25.15087],[121.54996,25.15012],[121.54961,25.14977],[121.54947,25.14958],[121.54944,25.14946],[121.54937,25.14844],[121.54912,25.14781],[121.54905,25.14701],[121.54913,25.1468]]}},{"type":"Feature","properties":{"n":"福壽橋","k":2},"geometry":{"type":"LineString","coordinates":[[121.54926,25.14657],[121.54946,25.14612]]}},{"type":"Feature","properties":{"n":"湖山路一段","k":2},"geometry":{"type":"LineString","coordinates":[[121.54615,25.15223],[121.54674,25.15226],[121.54786,25.15247],[121.54844,25.15243],[121.5489,25.15217],[121.54935,25.15142],[121.55007,25.15123]]}},{"type":"Feature","properties":{"n":"竹子湖路","k":2},"geometry":{"type":"LineString","coordinates":[[121.54615,25.15223],[121.54543,25.15213],[121.54495,25.15226],[121.54398,25.15237],[121.5438,25.15243],[121.5437,25.15252],[121.54365,25.15272],[121.54373,25.15284],[121.54391,25.15289],[121.54444,25.15283],[121.5448,25.15287],[121.54568,25.15312],[121.54668,25.15361],[121.54692,25.15375],[121.54712,25.15394],[121.54773,25.15406],[121.54785,25.15413],[121.5479,25.15422],[121.54787,25.15439],[121.54747,25.15491],[121.54725,25.15498],[121.54656,25.15484],[121.54593,25.15546],[121.54591,25.15557],[121.54596,25.15576],[121.54679,25.15741],[121.54684,25.15798],[121.54658,25.15907],[121.54626,25.1594],[121.5456,25.16047],[121.54533,25.16059],[121.54447,25.16074],[121.54428,25.16086],[121.54427,25.1617],[121.54402,25.16203],[121.544,25.16212],[121.54418,25.16241],[121.54449,25.16265],[121.54469,25.16288],[121.54477,25.16303],[121.54477,25.1633],[121.54465,25.16352],[121.5443,25.16379],[121.54421,25.16425],[121.54382,25.16478],[121.54367,25.16511],[121.5433,25.16569],[121.54321,25.16579],[121.54298,25.1659],[121.54169,25.16626],[121.54094,25.16666],[121.54063,25.16689],[121.54009,25.16748],[121.54022,25.1684],[121.54043,25.16881],[121.54066,25.16902],[121.54079,25.16924],[121.54066,25.16991],[121.54055,25.17146],[121.54038,25.17253],[121.54041,25.17275],[121.54065,25.17337],[121.5406,25.17423],[121.54064,25.17451],[121.54151,25.17551],[121.54194,25.17584],[121.5423,25.17588],[121.54294,25.17563],[121.54348,25.17561],[121.54392,25.17567]]}},{"type":"Feature","properties":{"n":"竹子湖路","k":2},"geometry":{"type":"LineString","coordinates":[[121.56262,25.17854],[121.56254,25.17861],[121.56249,25.17879],[121.56241,25.17958],[121.56232,25.17982],[121.56184,25.18024],[121.56164,25.18069],[121.56154,25.18077],[121.56098,25.18084],[121.56088,25.18095],[121.56086,25.18108],[121.56095,25.18138],[121.56094,25.18152],[121.56049,25.18259],[121.55999,25.1829],[121.55964,25.18289],[121.55897,25.18266],[121.55874,25.18264],[121.55828,25.18271],[121.55808,25.18283],[121.55801,25.18302],[121.55789,25.18395],[121.55798,25.18414],[121.55832,25.18449],[121.55833,25.18466],[121.55814,25.18485],[121.55759,25.18517],[121.55729,25.18519],[121.557,25.1851],[121.55684,25.18497],[121.55658,25.18446],[121.55646,25.18342],[121.55657,25.18279],[121.55694,25.18217],[121.55711,25.18203],[121.5573,25.18199],[121.55777,25.18204],[121.55848,25.18194],[121.55865,25.18187],[121.55884,25.18167],[121.55883,25.18154],[121.55874,25.18141],[121.55849,25.18131],[121.55767,25.18133],[121.55743,25.18129],[121.55621,25.18084],[121.55591,25.18079],[121.5555,25.18094],[121.55461,25.18161],[121.55441,25.18167],[121.5543,25.18165],[121.55415,25.18142],[121.55417,25.18129],[121.55428,25.18118],[121.55488,25.18114],[121.55509,25.18103],[121.55542,25.18056],[121.55591,25.18023],[121.556,25.18008],[121.55603,25.17973],[121.55609,25.17959],[121.5566,25.17936],[121.55674,25.17925],[121.55683,25.17908],[121.55692,25.17868],[121.55732,25.17788],[121.55729,25.1777],[121.55721,25.17761],[121.5571,25.17756],[121.557,25.17759],[121.55692,25.17764],[121.55683,25.17781],[121.5569,25.17831],[121.55667,25.17881],[121.55645,25.17899],[121.55573,25.17924],[121.55553,25.17939],[121.55526,25.1797],[121.5549,25.17992],[121.55388,25.18025],[121.55325,25.1804],[121.55295,25.18039],[121.5525,25.18025],[121.5518,25.17994],[121.55102,25.17995],[121.55066,25.18017],[121.55037,25.18063],[121.55023,25.18077],[121.55001,25.18082],[121.54982,25.1807],[121.54962,25.18047],[121.54937,25.18048],[121.54894,25.18069],[121.54852,25.18068],[121.54742,25.18043],[121.54619,25.17993],[121.54596,25.17997],[121.54549,25.18027],[121.54528,25.18032],[121.54511,25.18025],[121.54476,25.17979],[121.54458,25.17966],[121.54366,25.17973],[121.54276,25.18001],[121.54258,25.17996],[121.54259,25.17978],[121.54402,25.17933],[121.54438,25.17888],[121.54459,25.17883],[121.54483,25.17885],[121.545,25.17876],[121.54505,25.17868],[121.54508,25.17844],[121.54503,25.17832],[121.54426,25.17732],[121.54421,25.17708],[121.54437,25.17655]]}},{"type":"Feature","properties":{"n":"小油坑橋","k":2},"geometry":{"type":"LineString","coordinates":[[121.54392,25.17567],[121.5443,25.17597],[121.5444,25.17625],[121.54437,25.17655]]}},{"type":"Feature","properties":{"n":"陽金公路","k":2},"geometry":{"type":"LineString","coordinates":[[121.56519,25.17746],[121.56544,25.17762],[121.56576,25.17805],[121.56595,25.17817],[121.56617,25.17822],[121.5663,25.17822],[121.56653,25.17813],[121.56726,25.17757],[121.56763,25.17749],[121.56799,25.17755],[121.56814,25.17768],[121.56837,25.17811],[121.56926,25.17912],[121.56936,25.17933],[121.56931,25.17998],[121.56936,25.18015],[121.56988,25.18088],[121.56998,25.18121],[121.57012,25.18145],[121.57025,25.18156],[121.57063,25.18165],[121.57078,25.18174],[121.57131,25.18267],[121.57161,25.18298],[121.5718,25.1831],[121.572,25.18309],[121.57236,25.18278],[121.57304,25.18274],[121.57323,25.18262],[121.57333,25.1824],[121.57329,25.18174],[121.57348,25.18158],[121.57368,25.18163],[121.57373,25.18169],[121.57375,25.18188],[121.57356,25.18257],[121.57345,25.18281],[121.57324,25.18297],[121.57269,25.18305],[121.57253,25.18312],[121.57239,25.1833],[121.57222,25.18376],[121.57185,25.18406],[121.57186,25.18419],[121.57199,25.18428],[121.5721,25.18428],[121.57226,25.18414],[121.57258,25.18343],[121.57283,25.18335],[121.57327,25.18336],[121.57353,25.18331],[121.57413,25.18299],[121.57462,25.1826],[121.57472,25.18243],[121.57473,25.18197],[121.57477,25.18185],[121.5749,25.18174],[121.57506,25.18168],[121.57528,25.18169],[121.57542,25.18184],[121.57542,25.18201],[121.57536,25.1821],[121.575,25.18232],[121.57493,25.18241],[121.57479,25.18283],[121.57454,25.18326],[121.57438,25.18367],[121.57422,25.18375],[121.57359,25.18379],[121.57344,25.18384],[121.57336,25.18397],[121.5734,25.18412],[121.57345,25.18415],[121.57358,25.18415],[121.57395,25.18394],[121.57446,25.18386],[121.57468,25.18363],[121.57529,25.18279],[121.57546,25.18264],[121.57615,25.18222],[121.57621,25.182],[121.5762,25.1818],[121.57607,25.18153],[121.57579,25.18118],[121.57578,25.18073],[121.57567,25.1806],[121.57507,25.18029],[121.57502,25.18008],[121.57506,25.17992],[121.57513,25.17984],[121.57622,25.17962],[121.57657,25.1797],[121.57735,25.18011],[121.57786,25.17995],[121.57831,25.17997],[121.57841,25.17994],[121.57868,25.17961],[121.57885,25.17915],[121.57897,25.179],[121.57924,25.17888],[121.57942,25.17891],[121.57954,25.179],[121.57973,25.17925],[121.57978,25.17937],[121.57976,25.18],[121.57995,25.18021],[121.58031,25.18024],[121.58084,25.1801],[121.58165,25.17958],[121.58181,25.17953],[121.58216,25.17952]]}},{"type":"Feature","properties":{"n":"馬槽橋","k":2},"geometry":{"type":"LineString","coordinates":[[121.56262,25.17854],[121.56337,25.17802],[121.56424,25.17761],[121.56478,25.17741],[121.56519,25.17746]]}},{"type":"Feature","properties":{"n":"上磺溪橋","k":2},"geometry":{"type":"LineString","coordinates":[[121.58216,25.17952],[121.58239,25.17952]]}},{"type":"Feature","properties":{"n":"大埔公路","k":2},"geometry":{"type":"LineString","coordinates":[[121.36024,24.85964],[121.35977,24.85915],[121.35957,24.85875],[121.35957,24.85824],[121.35926,24.85738],[121.35932,24.85684],[121.3593,24.85656],[121.35914,24.85622],[121.35892,24.85552],[121.35872,24.85542],[121.35759,24.85539],[121.35741,24.8553],[121.35722,24.85499],[121.35715,24.85451]]}},{"type":"Feature","properties":{"n":"大埔公路","k":2},"geometry":{"type":"LineString","coordinates":[[121.37259,24.86853],[121.37239,24.86789],[121.37225,24.86774],[121.37081,24.86684],[121.3702,24.86624],[121.36984,24.86612],[121.36928,24.86602],[121.3691,24.86592],[121.36882,24.86566],[121.36854,24.86513],[121.36834,24.86492],[121.3674,24.86468]]}},{"type":"Feature","properties":{"n":"大埔公路","k":2},"geometry":{"type":"LineString","coordinates":[[121.36727,24.86467],[121.36681,24.86465],[121.36651,24.86458],[121.36587,24.86383],[121.36561,24.86314],[121.36542,24.8628],[121.36509,24.86258],[121.36477,24.86248],[121.3645,24.8623],[121.36387,24.86148],[121.36331,24.86114],[121.36288,24.86094],[121.36215,24.86077],[121.36152,24.86075],[121.36124,24.86058],[121.36047,24.85986]]}},{"type":"Feature","properties":{"n":"大埔公路","k":2},"geometry":{"type":"LineString","coordinates":[[121.37721,24.88403],[121.37787,24.88362],[121.37837,24.8831],[121.37882,24.88226],[121.37899,24.88168],[121.37971,24.88052],[121.37988,24.88015],[121.38,24.87981],[121.38019,24.87882],[121.38004,24.87817],[121.38001,24.87773],[121.38006,24.87754],[121.38022,24.87725],[121.38053,24.87705],[121.38068,24.87689],[121.38072,24.87671],[121.38067,24.87621],[121.38057,24.87599],[121.38031,24.87569],[121.38014,24.87557],[121.37949,24.87541],[121.37926,24.87519],[121.3791,24.87491],[121.37888,24.87386],[121.37772,24.87246],[121.37751,24.87231],[121.37681,24.87213],[121.37633,24.87195],[121.37594,24.87162],[121.3755,24.87084],[121.37513,24.87055],[121.37468,24.87028],[121.37445,24.87016],[121.37381,24.87013],[121.37352,24.87001],[121.37322,24.86978],[121.37291,24.86946],[121.37263,24.86865]]}},{"type":"Feature","properties":{"n":"大埔公路","k":2},"geometry":{"type":"LineString","coordinates":[[121.37478,24.89054],[121.37524,24.89035],[121.37541,24.89005],[121.37598,24.88826],[121.37593,24.88786],[121.376,24.887],[121.37597,24.88629],[121.37601,24.88613],[121.37653,24.88491],[121.37676,24.88451],[121.37701,24.88421]]}},{"type":"Feature","properties":{"n":"尚義橋","k":2},"geometry":{"type":"LineString","coordinates":[[121.35715,24.85451],[121.35711,24.85423]]}},{"type":"Feature","properties":{"n":"明禮橋","k":2},"geometry":{"type":"LineString","coordinates":[[121.36047,24.85986],[121.36024,24.85964]]}},{"type":"Feature","properties":{"n":"富國橋","k":2},"geometry":{"type":"LineString","coordinates":[[121.3674,24.86468],[121.36727,24.86467]]}},{"type":"Feature","properties":{"n":"福爾摩沙高速公路","k":0},"geometry":{"type":"LineString","coordinates":[[121.49188,24.98589],[121.49123,24.98651],[121.49047,24.98714],[121.48959,24.98776],[121.48787,24.98859],[121.48685,24.98896],[121.48585,24.9892],[121.48412,24.9894],[121.48263,24.98934],[121.48158,24.98918],[121.48036,24.98885],[121.47917,24.98838],[121.47872,24.98816],[121.47707,24.98714],[121.46593,24.97806],[121.46437,24.97698],[121.46308,24.97632],[121.46219,24.97597],[121.46091,24.97558],[121.46024,24.97542],[121.45906,24.97526],[121.45756,24.97522],[121.45329,24.97532],[121.45272,24.97531],[121.45133,24.97515],[121.44987,24.97481],[121.44835,24.97419],[121.44755,24.97375],[121.44632,24.97288],[121.44576,24.97238],[121.44529,24.97187],[121.44421,24.97041],[121.44222,24.96717],[121.44173,24.96647],[121.44121,24.96583],[121.44,24.96456],[121.43905,24.96371],[121.43811,24.96296],[121.43705,24.9623],[121.43576,24.96159],[121.43389,24.96081],[121.43218,24.96031],[121.43093,24.96006],[121.42994,24.95989],[121.42822,24.95971],[121.42689,24.9595],[121.42557,24.95923],[121.42435,24.95889],[121.42257,24.95815],[121.42209,24.9579],[121.42143,24.95744],[121.42022,24.95647],[121.41911,24.95531],[121.41803,24.95397],[121.41749,24.95339],[121.41632,24.9523],[121.41543,24.95166],[121.41494,24.95139],[121.41429,24.95108],[121.41308,24.95062],[121.41166,24.9503],[121.41091,24.95021],[121.4084,24.95021],[121.39733,24.95125],[121.38932,24.95185],[121.38677,24.95194],[121.38408,24.95188],[121.38304,24.95178],[121.38115,24.95153],[121.37896,24.9511],[121.37684,24.95054],[121.37594,24.95025],[121.37403,24.94953],[121.37229,24.94875],[121.37029,24.9477],[121.36763,24.94593],[121.3652,24.94395],[121.36409,24.94295],[121.36288,24.94164],[121.36073,24.93956],[121.35868,24.93791],[121.35715,24.9369],[121.35503,24.93592],[121.3536,24.93543],[121.35126,24.93489],[121.35007,24.93479],[121.34867,24.93478],[121.34661,24.93495],[121.34537,24.93516],[121.34368,24.93558],[121.3415,24.93629],[121.33614,24.93818],[121.33414,24.93881],[121.33227,24.93927],[121.33035,24.93957],[121.3288,24.93968],[121.32749,24.93966],[121.32638,24.93957],[121.3254,24.93943],[121.32444,24.93922],[121.32282,24.93878],[121.32085,24.93797],[121.31994,24.93748],[121.31869,24.9367],[121.3176,24.93588],[121.31613,24.93452],[121.31222,24.9301],[121.31141,24.92924],[121.30957,24.9276],[121.30888,24.92709],[121.30814,24.92659],[121.30618,24.92548],[121.30264,24.92378],[121.30098,24.92292],[121.29933,24.92179],[121.29786,24.92054],[121.29736,24.92]]}},{"type":"Feature","properties":{"n":"福爾摩沙高速公路","k":0},"geometry":{"type":"LineString","coordinates":[[121.51211,24.97767],[121.51307,24.97766],[121.51427,24.97752],[121.51615,24.97698],[121.51739,24.97644],[121.518,24.9761],[121.5192,24.97526],[121.52034,24.9742],[121.52184,24.97254],[121.52604,24.96758],[121.53081,24.96207]]}},{"type":"Feature","properties":{"n":"福爾摩沙高速公路","k":0},"geometry":{"type":"LineString","coordinates":[[121.54386,24.96109],[121.54478,24.96217]]}},{"type":"Feature","properties":{"n":"福爾摩沙高速公路","k":0},"geometry":{"type":"LineString","coordinates":[[121.55694,24.97565],[121.55564,24.97486],[121.55388,24.97363],[121.5533,24.97311],[121.55198,24.97176],[121.55127,24.97096]]}},{"type":"Feature","properties":{"n":"福爾摩沙高速公路","k":0},"geometry":{"type":"LineString","coordinates":[[121.30628,24.92533],[121.30825,24.92643],[121.3097,24.92748],[121.31073,24.92839],[121.31236,24.92999],[121.3157,24.93386],[121.31694,24.9351],[121.31845,24.93632],[121.31992,24.9373],[121.32139,24.93805],[121.32285,24.93862],[121.32451,24.93909],[121.32543,24.93929],[121.32771,24.93955],[121.32881,24.93956],[121.33034,24.93944],[121.33198,24.93918],[121.33403,24.93866],[121.3362,24.93801],[121.34237,24.93582],[121.34364,24.93541],[121.34526,24.93501],[121.34657,24.93479],[121.34867,24.93458],[121.34993,24.93461],[121.35122,24.93472],[121.35289,24.93504],[121.3542,24.9354],[121.35511,24.93572],[121.35619,24.93617],[121.35773,24.93705],[121.35895,24.93786],[121.36028,24.93895],[121.36281,24.94127],[121.3647,24.94324],[121.36643,24.94477],[121.36785,24.94586],[121.3704,24.94755],[121.37275,24.94878],[121.37495,24.9497],[121.37693,24.95037],[121.37897,24.95092],[121.38127,24.95137],[121.38367,24.95165],[121.38589,24.95176],[121.3873,24.95176],[121.39081,24.95161],[121.40073,24.95068],[121.40837,24.95004],[121.41092,24.95006],[121.41245,24.95029],[121.41315,24.95048],[121.41436,24.95094],[121.41501,24.95126],[121.41639,24.95213],[121.41763,24.95325],[121.41928,24.95519],[121.42032,24.95632],[121.42087,24.95679],[121.42155,24.95728],[121.42295,24.95811],[121.42437,24.95869],[121.42564,24.95906],[121.42774,24.95944],[121.43086,24.95985],[121.43186,24.96003],[121.4333,24.96041],[121.43503,24.96105],[121.43586,24.96144],[121.43763,24.96245],[121.43926,24.96362],[121.44016,24.96442],[121.44082,24.9651],[121.44188,24.96636],[121.44238,24.96705],[121.44305,24.96809],[121.44436,24.97031],[121.44514,24.97138],[121.44595,24.97229],[121.44645,24.97275],[121.44681,24.97305],[121.44768,24.97361],[121.44923,24.97438],[121.44993,24.97466],[121.45109,24.97492],[121.45204,24.97507],[121.45412,24.97515],[121.4561,24.97505],[121.45911,24.97503],[121.46032,24.97522],[121.46127,24.97546],[121.46198,24.97566],[121.46318,24.97614],[121.46445,24.97682],[121.46607,24.97794],[121.47368,24.98412],[121.47592,24.98604],[121.47725,24.98702],[121.47799,24.98749],[121.47916,24.9881],[121.47998,24.98843],[121.48113,24.98878],[121.48211,24.98898],[121.48267,24.98903],[121.48403,24.98904],[121.48533,24.98891],[121.48621,24.98872],[121.48716,24.98844],[121.48879,24.98768],[121.49012,24.98678],[121.49089,24.98619],[121.49156,24.98559]]}},{"type":"Feature","properties":{"n":"福爾摩沙高速公路","k":0},"geometry":{"type":"LineString","coordinates":[[121.50885,24.97809],[121.50735,24.9781],[121.50561,24.97825],[121.5034,24.97864],[121.50133,24.97925],[121.50036,24.97963],[121.49971,24.97989],[121.49807,24.98076]]}},{"type":"Feature","properties":{"n":"福爾摩沙高速公路","k":0},"geometry":{"type":"LineString","coordinates":[[121.4975,24.98057],[121.49924,24.97956],[121.50011,24.97917],[121.50136,24.9787],[121.50258,24.97833],[121.50435,24.97799],[121.50616,24.97776],[121.50769,24.97764],[121.50876,24.97765]]}},{"type":"Feature","properties":{"n":"福爾摩沙高速公路","k":0},"geometry":{"type":"LineString","coordinates":[[121.53094,24.96217],[121.53054,24.96258],[121.52054,24.97431],[121.5194,24.97545],[121.51818,24.97637],[121.51686,24.9771],[121.51647,24.97727],[121.51493,24.97779],[121.51321,24.97808]]}},{"type":"Feature","properties":{"n":"福爾摩沙高速公路","k":0},"geometry":{"type":"LineString","coordinates":[[121.55178,24.97106],[121.55272,24.97208],[121.55421,24.9735],[121.55589,24.97477]]}},{"type":"Feature","properties":{"n":"福爾摩沙高速公路","k":0},"geometry":{"type":"LineString","coordinates":[[121.59639,25.00919],[121.59579,25.00631]]}},{"type":"Feature","properties":{"n":"福爾摩沙高速公路","k":0},"geometry":{"type":"LineString","coordinates":[[121.59588,25.00491],[121.59682,25.00939]]}},{"type":"Feature","properties":{"n":"福爾摩沙高速公路","k":0},"geometry":{"type":"LineString","coordinates":[[121.65411,25.09037],[121.65355,25.09],[121.65222,25.08898],[121.65108,25.08788],[121.65083,25.08755],[121.65044,25.08677],[121.64984,25.08582],[121.64956,25.08525],[121.64856,25.08244],[121.6479,25.08025],[121.64777,25.07938],[121.64736,25.07807],[121.64635,25.07523],[121.64528,25.07169],[121.64486,25.07012],[121.644,25.06739],[121.64356,25.06621],[121.64259,25.06319],[121.6417,25.06062],[121.64091,25.05904],[121.64043,25.0583],[121.63968,25.05742],[121.6392,25.05691],[121.63812,25.05599],[121.63674,25.05507],[121.63611,25.05471],[121.63517,25.05428],[121.63228,25.0532],[121.63139,25.05282],[121.6304,25.0523],[121.62925,25.05156],[121.62748,25.04987],[121.62669,25.04884],[121.62627,25.04816],[121.62569,25.04697],[121.62518,25.04549],[121.62436,25.04149],[121.62403,25.04042],[121.62373,25.03972],[121.62315,25.03865],[121.62272,25.03796],[121.62224,25.03736]]}},{"type":"Feature","properties":{"n":"福爾摩沙高速公路","k":0},"geometry":{"type":"LineString","coordinates":[[121.62303,25.03816],[121.62325,25.03846],[121.62386,25.03958],[121.62445,25.04116],[121.62475,25.04233],[121.62509,25.04441],[121.62544,25.04581],[121.62563,25.04639],[121.62606,25.04738],[121.62646,25.04815],[121.62733,25.04948],[121.62787,25.05007],[121.62905,25.0512],[121.6299,25.0518],[121.63056,25.0522],[121.63135,25.05263],[121.63236,25.05307],[121.63431,25.0538],[121.63571,25.05438],[121.63674,25.05491],[121.63778,25.05558],[121.63891,25.05647],[121.63974,25.05729],[121.64044,25.05812],[121.64104,25.05899],[121.64132,25.05947],[121.64187,25.06063],[121.64406,25.06716],[121.64504,25.07033],[121.64554,25.0722],[121.64635,25.07487],[121.64784,25.07925],[121.64885,25.08286],[121.64972,25.08513],[121.65026,25.0861],[121.65129,25.08775],[121.65198,25.08841],[121.65277,25.08907],[121.65431,25.09008]]}},{"type":"Feature","properties":{"n":"中正路三段","k":2},"geometry":{"type":"LineString","coordinates":[[121.35239,24.9036],[121.35171,24.90352],[121.35027,24.90315],[121.34964,24.90288],[121.34937,24.90288],[121.34784,24.90375],[121.34692,24.90458],[121.34673,24.90466],[121.34657,24.90466],[121.34424,24.90379],[121.34394,24.90363],[121.34329,24.90307],[121.34267,24.90292],[121.34231,24.90277],[121.34097,24.90168],[121.34085,24.90144],[121.34083,24.90129],[121.3408,24.90022],[121.34065,24.89992],[121.34026,24.89958],[121.33862,24.8988],[121.33835,24.89859],[121.33772,24.89795],[121.33712,24.89756],[121.33692,24.89734],[121.33685,24.89712],[121.33687,24.89643],[121.33681,24.8962],[121.33618,24.89534],[121.33545,24.8947],[121.33522,24.89433],[121.33494,24.89315],[121.335,24.89255],[121.33494,24.89236],[121.33479,24.89223],[121.33449,24.89219],[121.33421,24.89234],[121.33412,24.89253],[121.33408,24.89302],[121.33387,24.89335],[121.33354,24.89354],[121.33307,24.89362],[121.3329,24.89373],[121.33286,24.89446],[121.33309,24.89596]]}},{"type":"Feature","properties":{"n":"中正路三段","k":2},"geometry":{"type":"LineString","coordinates":[[121.33301,24.8959],[121.33277,24.89446],[121.33281,24.89371],[121.33296,24.89358],[121.33361,24.89343],[121.3338,24.8933],[121.33399,24.893],[121.33406,24.89249],[121.33415,24.89229],[121.33449,24.89212],[121.33472,24.89212],[121.33492,24.89223],[121.33507,24.89244],[121.33502,24.89313],[121.33528,24.89431],[121.33543,24.89457],[121.33612,24.89515],[121.33687,24.89614],[121.33696,24.8964],[121.33694,24.89713],[121.337,24.89729],[121.33719,24.89748],[121.33776,24.89788],[121.33839,24.89853],[121.33879,24.8988],[121.33965,24.89918],[121.34028,24.89953],[121.34059,24.89976],[121.34075,24.89994],[121.34087,24.9002],[121.34092,24.90129],[121.34102,24.9016],[121.34131,24.90188],[121.34245,24.90277],[121.34328,24.903],[121.34363,24.90324],[121.34405,24.90362],[121.34659,24.90462],[121.34684,24.90458],[121.34768,24.90378],[121.34929,24.90284],[121.34943,24.9028],[121.34982,24.90286],[121.35052,24.90317],[121.35177,24.90345],[121.35239,24.90353]]}},{"type":"Feature","properties":{"n":"中正路三段","k":2},"geometry":{"type":"LineString","coordinates":[[121.35267,24.90354],[121.35418,24.90359],[121.35493,24.90342],[121.35582,24.90345],[121.35611,24.90359],[121.35727,24.90457],[121.35797,24.90541],[121.35825,24.90554]]}},{"type":"Feature","properties":{"n":"中正路三段","k":2},"geometry":{"type":"LineString","coordinates":[[121.35822,24.90562],[121.3579,24.90547],[121.3572,24.9046],[121.35592,24.90356],[121.35566,24.90349],[121.35532,24.90348],[121.35475,24.90353],[121.35422,24.90367],[121.35263,24.90361]]}},{"type":"Feature","properties":{"n":"增產橋","k":2},"geometry":{"type":"LineString","coordinates":[[121.37263,24.86865],[121.37259,24.86853]]}},{"type":"Feature","properties":{"n":"大埔路","k":2},"geometry":{"type":"LineString","coordinates":[[121.36588,24.91017],[121.36597,24.90997],[121.36604,24.90913],[121.36639,24.90798],[121.36666,24.9052],[121.36683,24.90493],[121.36832,24.90329],[121.3686,24.90289],[121.36854,24.90213],[121.36837,24.90134],[121.36824,24.90121],[121.3676,24.90091],[121.36733,24.90069],[121.36723,24.90038],[121.36728,24.90018],[121.36737,24.9],[121.36751,24.89986],[121.36951,24.89908],[121.36996,24.89868],[121.37056,24.89835],[121.37063,24.89813],[121.3705,24.89692],[121.37061,24.89659],[121.37282,24.8934],[121.37316,24.89288],[121.3735,24.89224],[121.3744,24.89148],[121.37448,24.89123],[121.3745,24.89089]]}},{"type":"Feature","properties":{"n":"中正路二段","k":2},"geometry":{"type":"LineString","coordinates":[[121.36787,24.91997],[121.36759,24.91987],[121.36732,24.91968],[121.36684,24.9192],[121.36668,24.91881],[121.36614,24.91622],[121.36602,24.91537],[121.3659,24.9137],[121.36592,24.91038],[121.36588,24.91017],[121.3647,24.90758],[121.36447,24.90741],[121.3618,24.9065],[121.36137,24.90642],[121.36079,24.9065],[121.35869,24.90572],[121.35822,24.90562]]}},{"type":"Feature","properties":{"n":"中正路二段","k":2},"geometry":{"type":"LineString","coordinates":[[121.35825,24.90554],[121.36073,24.90641],[121.36098,24.90643],[121.3614,24.90635],[121.36183,24.90643],[121.36448,24.90734],[121.36466,24.90743],[121.36476,24.90754],[121.36598,24.91024],[121.36597,24.91369],[121.36604,24.91474],[121.36616,24.91592],[121.3667,24.91861],[121.3669,24.91913],[121.36747,24.9197],[121.36794,24.91991]]}},{"type":"Feature","properties":{"n":"中正路二段","k":2},"geometry":{"type":"LineString","coordinates":[[121.42653,25.1898],[121.42608,25.1888],[121.4259,25.18854],[121.42564,25.18834],[121.42527,25.18822],[121.42269,25.18773],[121.42011,25.18699],[121.41927,25.18663],[121.41776,25.18578],[121.4177,25.18571],[121.41768,25.18568],[121.41814,25.18492],[121.41903,25.18394],[121.41926,25.18356],[121.41952,25.1823],[121.41998,25.18129],[121.42038,25.18063]]}},{"type":"Feature","properties":{"n":"中正路二段","k":2},"geometry":{"type":"LineString","coordinates":[[121.42047,25.1807],[121.42014,25.18115],[121.41994,25.18152],[121.41982,25.18201],[121.41961,25.18257],[121.41939,25.18362],[121.41905,25.18414],[121.41832,25.18492],[121.4178,25.18571],[121.41931,25.18658],[121.42011,25.18691],[121.42269,25.18767],[121.42556,25.18823],[121.4259,25.18844],[121.42608,25.18864],[121.42658,25.18975],[121.42653,25.1898]]}},{"type":"Feature","properties":{"n":"中正路二段","k":2},"geometry":{"type":"LineString","coordinates":[[121.42653,25.1898],[121.42597,25.19069],[121.42576,25.19111],[121.42579,25.19133]]}},{"type":"Feature","properties":{"n":"五鬮橋","k":2},"geometry":{"type":"LineString","coordinates":[[121.35239,24.90353],[121.35267,24.90354]]}},{"type":"Feature","properties":{"n":"五鬮橋","k":2},"geometry":{"type":"LineString","coordinates":[[121.35263,24.90361],[121.35239,24.9036]]}},{"type":"Feature","properties":{"n":"大同橋","k":2},"geometry":{"type":"LineString","coordinates":[[121.3689,24.92008],[121.36787,24.91997]]}},{"type":"Feature","properties":{"n":"大同橋","k":2},"geometry":{"type":"LineString","coordinates":[[121.36794,24.91991],[121.36886,24.92]]}},{"type":"Feature","properties":{"n":"中正路一段","k":2},"geometry":{"type":"LineString","coordinates":[[121.37696,24.93118],[121.37675,24.93121],[121.37642,24.93114],[121.37582,24.93079],[121.37326,24.92886],[121.37285,24.92849],[121.37241,24.92796],[121.37188,24.92694],[121.37158,24.92603],[121.37031,24.92085],[121.37009,24.92042],[121.36995,24.9203],[121.36964,24.92016],[121.3689,24.92008]]}},{"type":"Feature","properties":{"n":"中正路一段","k":2},"geometry":{"type":"LineString","coordinates":[[121.36886,24.92],[121.36949,24.92005],[121.36991,24.9202],[121.37013,24.92036],[121.37032,24.92066],[121.37167,24.92601],[121.37196,24.92693],[121.37247,24.92789],[121.37288,24.92839],[121.37332,24.92881],[121.3759,24.93074],[121.37644,24.93108],[121.37673,24.93114],[121.37691,24.93112]]}},{"type":"Feature","properties":{"n":"中正路一段","k":2},"geometry":{"type":"LineString","coordinates":[[121.42817,25.17565],[121.42671,25.17615],[121.42412,25.17781],[121.42106,25.17982],[121.42047,25.1807]]}},{"type":"Feature","properties":{"n":"中正路一段","k":2},"geometry":{"type":"LineString","coordinates":[[121.42038,25.18063],[121.42083,25.17995],[121.42098,25.1798],[121.42457,25.17741],[121.42667,25.17609],[121.42813,25.17557]]}},{"type":"Feature","properties":{"n":"合作橋","k":2},"geometry":{"type":"LineString","coordinates":[[121.37701,24.88421],[121.37721,24.88403]]}},{"type":"Feature","properties":{"n":"互助橋","k":2},"geometry":{"type":"LineString","coordinates":[[121.3745,24.89089],[121.37456,24.89073],[121.37478,24.89054]]}},{"type":"Feature","properties":{"n":"桃園環線","k":0},"geometry":{"type":"LineString","coordinates":[[121.32453,24.9422],[121.32426,24.94277],[121.32413,24.94316],[121.32404,24.94368],[121.32422,24.94613]]}},{"type":"Feature","properties":{"n":"桃園環線","k":0},"geometry":{"type":"LineString","coordinates":[[121.32409,24.94602],[121.3239,24.94391],[121.32371,24.94254]]}},{"type":"Feature","properties":{"n":"介壽路一段","k":2},"geometry":{"type":"LineString","coordinates":[[121.37691,24.93112],[121.37857,24.93041],[121.37949,24.93024],[121.38087,24.93022],[121.38129,24.93027],[121.3824,24.93052],[121.38342,24.93079],[121.38444,24.93124],[121.38484,24.93148],[121.38521,24.93178],[121.38584,24.93246],[121.38624,24.93282],[121.38735,24.9336]]}},{"type":"Feature","properties":{"n":"介壽路一段","k":2},"geometry":{"type":"LineString","coordinates":[[121.38728,24.93367],[121.38611,24.93283],[121.3857,24.93245],[121.38517,24.93184],[121.38475,24.93151],[121.38399,24.93112],[121.38278,24.93068],[121.38147,24.93039],[121.38086,24.9303],[121.38051,24.93027],[121.37949,24.93032],[121.37882,24.93042],[121.37836,24.93056],[121.37696,24.93118]]}},{"type":"Feature","properties":{"n":"介壽路二段","k":2},"geometry":{"type":"LineString","coordinates":[[121.39472,24.93606],[121.39202,24.93548],[121.39109,24.93536],[121.39022,24.93502],[121.38728,24.93367]]}},{"type":"Feature","properties":{"n":"介壽路二段","k":2},"geometry":{"type":"LineString","coordinates":[[121.38735,24.9336],[121.38849,24.93417],[121.39075,24.93517],[121.39118,24.93532],[121.39311,24.93562],[121.39474,24.936]]}},{"type":"Feature","properties":{"n":"橫溪橋","k":2},"geometry":{"type":"LineString","coordinates":[[121.39541,24.93624],[121.39472,24.93606]]}},{"type":"Feature","properties":{"n":"橫溪橋","k":2},"geometry":{"type":"LineString","coordinates":[[121.39474,24.936],[121.39543,24.93617]]}},{"type":"Feature","properties":{"n":"介壽路三段","k":2},"geometry":{"type":"LineString","coordinates":[[121.40772,24.9495],[121.40701,24.9489],[121.40672,24.94838],[121.40637,24.94742],[121.40625,24.94726],[121.40606,24.94707],[121.4049,24.94619],[121.40353,24.94481],[121.40167,24.94366],[121.39907,24.94215],[121.39644,24.94122],[121.39599,24.94093],[121.39574,24.94061],[121.39562,24.94023],[121.3955,24.93809],[121.39552,24.93766],[121.39584,24.9368],[121.39586,24.93661],[121.39575,24.93639],[121.39541,24.93624]]}},{"type":"Feature","properties":{"n":"介壽路三段","k":2},"geometry":{"type":"LineString","coordinates":[[121.39543,24.93617],[121.39567,24.93625],[121.39585,24.93637],[121.39594,24.93661],[121.39585,24.93701],[121.39561,24.93764],[121.39559,24.93794],[121.39569,24.94007],[121.39579,24.94045],[121.39604,24.94083],[121.3965,24.94115],[121.39796,24.94164],[121.39936,24.94218],[121.40361,24.94474],[121.40498,24.94612],[121.40617,24.94701],[121.40647,24.94737],[121.40691,24.94855],[121.4071,24.94886],[121.40779,24.94943]]}},{"type":"Feature","properties":{"n":"中央路四段","k":2},"geometry":{"type":"LineString","coordinates":[[121.40779,24.94943],[121.40823,24.9496],[121.40936,24.94992],[121.4099,24.95032],[121.41385,24.95579],[121.4142,24.9562],[121.41758,24.9585],[121.418,24.95873],[121.42218,24.96163],[121.42243,24.96177],[121.42286,24.96192],[121.42524,24.96264],[121.42569,24.96286],[121.42616,24.96317]]}},{"type":"Feature","properties":{"n":"中央路四段","k":2},"geometry":{"type":"LineString","coordinates":[[121.42614,24.96328],[121.42535,24.96279],[121.4225,24.96191],[121.4222,24.96178],[121.41909,24.9596],[121.41423,24.9563],[121.4139,24.95597],[121.41059,24.95138],[121.40972,24.95025],[121.40908,24.9499],[121.40772,24.9495]]}},{"type":"Feature","properties":{"n":"啦卡路","k":2},"geometry":{"type":"LineString","coordinates":[[121.55166,24.86418],[121.55196,24.86406],[121.55217,24.86404],[121.55258,24.86386],[121.55293,24.86379],[121.55394,24.86378],[121.55438,24.86341],[121.55453,24.8632],[121.55455,24.8631],[121.55449,24.86259],[121.55455,24.86208],[121.55471,24.86161],[121.55507,24.86093],[121.5553,24.86064],[121.5555,24.86049],[121.55574,24.86041],[121.55624,24.86038],[121.55724,24.86043],[121.55767,24.86052],[121.55803,24.86043],[121.55808,24.85953],[121.55816,24.85921],[121.55894,24.85835],[121.55941,24.85768],[121.5599,24.85721],[121.56042,24.85695],[121.56074,24.85689],[121.56112,24.85691],[121.56138,24.85704],[121.5619,24.85766],[121.56219,24.85775],[121.56232,24.85758],[121.56239,24.85731],[121.56243,24.85659],[121.56252,24.85631],[121.56263,24.85618],[121.56271,24.85598],[121.56329,24.85549],[121.56348,24.85549],[121.56366,24.85558],[121.56428,24.85561],[121.56484,24.85583],[121.5651,24.8558],[121.56526,24.85567],[121.56541,24.85569],[121.56554,24.85578],[121.56613,24.85584],[121.5663,24.85582],[121.56657,24.85564],[121.56666,24.85552],[121.56679,24.85494],[121.56698,24.85449],[121.567,24.85421],[121.56657,24.85322],[121.56648,24.85281],[121.5665,24.85259],[121.56616,24.85219],[121.5663,24.8517],[121.56652,24.85157],[121.56634,24.85118],[121.56612,24.85097],[121.56612,24.8509],[121.56629,24.85077],[121.56633,24.85057],[121.56639,24.8505],[121.56655,24.85049],[121.56699,24.85065],[121.56731,24.85084],[121.56793,24.85057],[121.5683,24.85067],[121.56883,24.85054],[121.56954,24.85056],[121.56961,24.85052],[121.56982,24.84996],[121.57001,24.84985],[121.5702,24.8496],[121.57044,24.84946],[121.57072,24.8491],[121.57112,24.84899],[121.57123,24.84901],[121.57128,24.84917],[121.57101,24.84951],[121.57071,24.85026],[121.57081,24.85043],[121.5709,24.85052],[121.57098,24.85053],[121.57111,24.85047],[121.57125,24.85029]]}},{"type":"Feature","properties":{"n":"烏來街","k":2},"geometry":{"type":"LineString","coordinates":[[121.54933,24.86855],[121.54972,24.86842],[121.5503,24.86833],[121.55047,24.86823],[121.5511,24.86755],[121.5513,24.86704]]}},{"type":"Feature","properties":{"n":"烏來街","k":2},"geometry":{"type":"LineString","coordinates":[[121.55191,24.86468],[121.55185,24.86454]]}},{"type":"Feature","properties":{"n":"烏來街","k":2},"geometry":{"type":"LineString","coordinates":[[121.55191,24.86468],[121.55189,24.86488],[121.55154,24.86515],[121.55136,24.86549],[121.5513,24.86704]]}},{"type":"Feature","properties":{"n":"烏來街","k":2},"geometry":{"type":"LineString","coordinates":[[121.5513,24.86704],[121.5512,24.86554],[121.55132,24.86517],[121.55174,24.86478],[121.55191,24.86468]]}},{"type":"Feature","properties":{"n":"烏來街","k":2},"geometry":{"type":"LineString","coordinates":[[121.55173,24.86431],[121.55166,24.86418]]}},{"type":"Feature","properties":{"n":"烏來橋","k":2},"geometry":{"type":"LineString","coordinates":[[121.55185,24.86454],[121.55173,24.86431]]}},{"type":"Feature","properties":{"n":"阿玉路","k":2},"geometry":{"type":"LineString","coordinates":[[121.57125,24.85029],[121.57191,24.84969],[121.57242,24.84946],[121.57272,24.84945],[121.57322,24.84957],[121.57356,24.84944],[121.57418,24.84966],[121.57439,24.84963],[121.57459,24.8495],[121.57467,24.8495],[121.57502,24.8497],[121.5752,24.84963],[121.5754,24.84911],[121.57562,24.84908],[121.57577,24.84915],[121.5761,24.84954],[121.57616,24.84971],[121.57617,24.85024],[121.57627,24.85033],[121.57635,24.85033],[121.57673,24.85007],[121.57696,24.84988],[121.57706,24.84972],[121.57743,24.84975],[121.57763,24.8497],[121.57797,24.84989],[121.57812,24.84992],[121.57855,24.84977],[121.57871,24.84963],[121.57901,24.84948],[121.57915,24.84955],[121.57931,24.84996],[121.5795,24.84997],[121.57975,24.85009],[121.58006,24.85001],[121.58019,24.85005],[121.58058,24.85031],[121.58098,24.85024],[121.58119,24.84996],[121.58172,24.84981],[121.58237,24.84999],[121.58249,24.8499],[121.58265,24.84988],[121.58304,24.85016],[121.58331,24.85022],[121.58361,24.85016],[121.58405,24.85026],[121.58451,24.8503],[121.58495,24.85045],[121.58519,24.85042],[121.5855,24.85045],[121.58569,24.85042],[121.58611,24.85019],[121.58653,24.84975],[121.58656,24.84959]]}},{"type":"Feature","properties":{"n":"中央路三段","k":2},"geometry":{"type":"LineString","coordinates":[[121.43737,24.96777],[121.43484,24.96591],[121.43454,24.9658],[121.4331,24.96552],[121.43215,24.96554],[121.43173,24.9655],[121.43067,24.96501],[121.42891,24.96442],[121.4277,24.96419],[121.42713,24.96392],[121.42614,24.96328]]}},{"type":"Feature","properties":{"n":"中央路三段","k":2},"geometry":{"type":"LineString","coordinates":[[121.42616,24.96317],[121.42729,24.96387],[121.42771,24.96406],[121.42899,24.96434],[121.43034,24.96477],[121.43171,24.96535],[121.43216,24.96541],[121.43318,24.9654],[121.43473,24.96571],[121.43512,24.96593],[121.43819,24.96825]]}},{"type":"Feature","properties":{"n":"中華路二段","k":2},"geometry":{"type":"LineString","coordinates":[[121.39763,25.144],[121.40156,25.14644],[121.40243,25.14706],[121.40545,25.1496],[121.40697,25.15077],[121.40777,25.15125],[121.41326,25.15389]]}},{"type":"Feature","properties":{"n":"中華路二段","k":2},"geometry":{"type":"LineString","coordinates":[[121.41321,25.15394],[121.40836,25.15164],[121.4071,25.15098],[121.40651,25.15057],[121.40392,25.14846],[121.40237,25.14712],[121.40061,25.14593],[121.39756,25.14407]]}},{"type":"Feature","properties":{"n":"中華路二段","k":2},"geometry":{"type":"LineString","coordinates":[[121.43966,24.9795],[121.43938,24.97893],[121.43928,24.97861],[121.43916,24.97774],[121.43864,24.97554],[121.43842,24.97497],[121.43773,24.97362],[121.4375,24.97294],[121.43741,24.97237],[121.43742,24.97177],[121.43755,24.96925],[121.43762,24.96892]]}},{"type":"Feature","properties":{"n":"中華路二段","k":2},"geometry":{"type":"LineString","coordinates":[[121.43781,24.96884],[121.43772,24.96919],[121.43767,24.96991],[121.43757,24.97225],[121.43761,24.97269],[121.43778,24.97331],[121.43876,24.97544],[121.43929,24.97762],[121.43946,24.97867],[121.4398,24.97943]]}},{"type":"Feature","properties":{"n":"五股土城線","k":1},"geometry":{"type":"LineString","coordinates":[[121.43265,24.96499],[121.43262,24.96589],[121.43276,24.96718],[121.43382,24.96953],[121.43388,24.96972],[121.43388,24.96995],[121.4337,24.97047],[121.4325,24.97212],[121.43237,24.97237],[121.43232,24.97273],[121.43247,24.97323],[121.43268,24.97347],[121.43291,24.97364],[121.43424,24.97446],[121.43527,24.97534],[121.43611,24.97627],[121.43676,24.97722],[121.43773,24.97887],[121.43837,24.98015],[121.43911,24.98227],[121.44026,24.98692],[121.4404,24.98735],[121.4406,24.98767],[121.44165,24.98864],[121.442,24.98921],[121.44232,24.98995],[121.44262,24.99048],[121.44362,24.99173],[121.44433,24.99277],[121.44518,24.99385],[121.44602,24.99462],[121.45019,24.99799],[121.4509,24.99875],[121.45128,24.99926],[121.45187,25.0003],[121.45222,25.00123],[121.45244,25.00246],[121.45241,25.00365],[121.45234,25.0042],[121.45186,25.00679],[121.4513,25.00938],[121.45067,25.01265],[121.45015,25.01424],[121.44855,25.01736],[121.44781,25.01852],[121.44715,25.01928],[121.44661,25.0198],[121.4454,25.02082],[121.44379,25.02233],[121.44342,25.0228],[121.44305,25.02343],[121.44282,25.02395],[121.44258,25.02476],[121.44249,25.02578],[121.44252,25.02697],[121.44232,25.03065],[121.4422,25.03458],[121.44225,25.03753],[121.44221,25.04117],[121.44233,25.04999],[121.44238,25.05043],[121.44237,25.05457],[121.44247,25.05797],[121.44231,25.05861],[121.44217,25.0589],[121.44057,25.06157],[121.43829,25.06522],[121.438,25.0659],[121.43789,25.0663],[121.43782,25.06716]]}},{"type":"Feature","properties":{"n":"五股土城線","k":1},"geometry":{"type":"LineString","coordinates":[[121.43771,25.06714],[121.43783,25.06615],[121.43816,25.06528],[121.44043,25.06148],[121.4407,25.06112],[121.44209,25.05886],[121.44235,25.05817],[121.44238,25.05775],[121.44221,25.05196],[121.44212,25.04039],[121.44204,25.03854],[121.44203,25.03534],[121.44222,25.03073],[121.44238,25.02523],[121.44244,25.02475],[121.4427,25.02381],[121.44288,25.02341],[121.44325,25.02278],[121.44383,25.02206],[121.44576,25.02032],[121.44783,25.01823],[121.44851,25.01716],[121.44956,25.01518],[121.45009,25.01407],[121.4505,25.01283],[121.45095,25.01065],[121.45215,25.00399],[121.45223,25.003],[121.45222,25.00255],[121.45206,25.00154],[121.45184,25.00066],[121.45137,24.99968],[121.45081,24.99882],[121.45004,24.99799],[121.44593,24.99465],[121.44486,24.99364],[121.44371,24.99204],[121.44276,24.99087],[121.4425,24.99048],[121.44184,24.98904],[121.44153,24.98864],[121.44076,24.98799],[121.4404,24.98756],[121.44022,24.98716],[121.43927,24.9832],[121.43869,24.98131],[121.43795,24.97968],[121.43738,24.97859],[121.43675,24.97752],[121.43613,24.97664],[121.43507,24.97538],[121.43468,24.97502],[121.43276,24.97371],[121.43251,24.97347],[121.43241,24.9733],[121.43227,24.97279],[121.43228,24.97253],[121.43236,24.97229],[121.43365,24.97046],[121.43376,24.97022],[121.43381,24.96995],[121.43373,24.96955],[121.43296,24.968],[121.43267,24.96719],[121.43258,24.96665],[121.43253,24.96589],[121.43256,24.96498]]}},{"type":"Feature","properties":{"n":"環河路","k":1},"geometry":{"type":"LineString","coordinates":[[121.5368,24.96348],[121.5368,24.96299],[121.53698,24.96146]]}},{"type":"Feature","properties":{"n":"環河路","k":1},"geometry":{"type":"LineString","coordinates":[[121.5368,24.96348],[121.53705,24.96148],[121.53723,24.96139],[121.53853,24.96158],[121.53867,24.96152],[121.53885,24.96128]]}},{"type":"Feature","properties":{"n":"環河路","k":1},"geometry":{"type":"LineString","coordinates":[[121.53682,24.96377],[121.53709,24.96137]]}},{"type":"Feature","properties":{"n":"環河路","k":1},"geometry":{"type":"LineString","coordinates":[[121.53682,24.96377],[121.5368,24.96348]]}},{"type":"Feature","properties":{"n":"環河路","k":1},"geometry":{"type":"LineString","coordinates":[[121.53319,24.99181],[121.5323,24.99077],[121.53078,24.98873],[121.53052,24.98852],[121.52991,24.98815],[121.5293,24.9876],[121.52851,24.98646],[121.52767,24.98559],[121.5253,24.98363],[121.52352,24.98226],[121.52318,24.98191],[121.52303,24.98172],[121.5229,24.98143],[121.52278,24.98105],[121.52275,24.98066],[121.52282,24.98018],[121.5234,24.9778],[121.52344,24.97779],[121.52357,24.9772],[121.52374,24.97687],[121.52431,24.97624],[121.52552,24.97513],[121.52731,24.97335],[121.52846,24.9724],[121.52952,24.97165],[121.53026,24.97133],[121.53176,24.97089],[121.53442,24.96976],[121.53594,24.96877],[121.53635,24.96841],[121.53693,24.96692],[121.53682,24.96377]]}},{"type":"Feature","properties":{"n":"環河路","k":1},"geometry":{"type":"LineString","coordinates":[[121.53715,24.96148],[121.53694,24.9635],[121.53709,24.96686],[121.53691,24.96744],[121.53655,24.96829],[121.5364,24.96854],[121.53615,24.96877],[121.53483,24.96967],[121.53441,24.96989],[121.53198,24.97093],[121.53059,24.97135],[121.52976,24.97169],[121.52928,24.972],[121.5276,24.97328],[121.52421,24.97648],[121.52382,24.97695],[121.52357,24.97755],[121.52346,24.9784],[121.52302,24.98036],[121.52298,24.98101],[121.52333,24.98175],[121.5239,24.98229],[121.52775,24.9855],[121.52846,24.9862],[121.52931,24.98741],[121.5296,24.98774],[121.52997,24.98805],[121.53085,24.98866],[121.53102,24.98884],[121.53318,24.99151],[121.53334,24.99178]]}},{"type":"Feature","properties":{"n":"新烏路五段","k":2},"geometry":{"type":"LineString","coordinates":[[121.54247,24.88014],[121.54228,24.87952],[121.5423,24.87941],[121.54269,24.87894],[121.54292,24.87786],[121.5432,24.8774],[121.54377,24.87667],[121.54404,24.87613],[121.54432,24.87536],[121.5446,24.87529],[121.54537,24.87547],[121.54598,24.87539],[121.5464,24.87513],[121.5469,24.87491],[121.54711,24.87468],[121.54747,24.87328],[121.54752,24.87254],[121.54776,24.87217],[121.54782,24.87195],[121.54746,24.87034],[121.54752,24.86983],[121.54767,24.86955],[121.5478,24.86944],[121.54933,24.86855]]}},{"type":"Feature","properties":{"n":"新烏路四段","k":2},"geometry":{"type":"LineString","coordinates":[[121.55151,24.88589],[121.55174,24.88553],[121.55178,24.88542],[121.55174,24.88533],[121.55161,24.88526],[121.55104,24.8852],[121.55066,24.88485],[121.55039,24.88441],[121.55001,24.88426],[121.54963,24.8843],[121.54923,24.88441],[121.54737,24.88391],[121.54677,24.8838],[121.54587,24.88396],[121.54563,24.88406],[121.54512,24.88438],[121.54485,24.88446],[121.54433,24.88432],[121.54361,24.88426],[121.54351,24.88408],[121.54377,24.88358],[121.54381,24.88339],[121.5436,24.88234],[121.54338,24.88209],[121.54271,24.88159],[121.54261,24.88147],[121.54257,24.8813],[121.5426,24.88059],[121.54247,24.88014]]}},{"type":"Feature","properties":{"n":"新烏路四段","k":2},"geometry":{"type":"LineString","coordinates":[[121.54647,24.89322],[121.54706,24.89274],[121.54727,24.89264],[121.54979,24.89189],[121.54999,24.89178],[121.55052,24.89129],[121.55089,24.89084],[121.55153,24.88983],[121.55204,24.88886],[121.55208,24.88832],[121.55203,24.8879],[121.5519,24.88742]]}},{"type":"Feature","properties":{"n":"新烏路三段","k":2},"geometry":{"type":"LineString","coordinates":[[121.54974,24.89833],[121.54956,24.89814],[121.54705,24.89652],[121.54688,24.89635],[121.54604,24.89491],[121.54595,24.89468],[121.54595,24.8945],[121.54621,24.89362],[121.54647,24.89322]]}},{"type":"Feature","properties":{"n":"新烏路三段","k":2},"geometry":{"type":"LineString","coordinates":[[121.55173,24.90686],[121.55188,24.90667],[121.55251,24.90616],[121.55296,24.90558],[121.55353,24.90521],[121.55392,24.90473],[121.55411,24.90435],[121.55409,24.90423],[121.55386,24.90399],[121.55279,24.90337],[121.55241,24.9031],[121.55055,24.90126],[121.55041,24.90103],[121.55023,24.9001],[121.55007,24.89965]]}},{"type":"Feature","properties":{"n":"彩虹橋","k":2},"geometry":{"type":"LineString","coordinates":[[121.5519,24.88742],[121.55151,24.88635],[121.55146,24.88607],[121.55151,24.88589]]}},{"type":"Feature","properties":{"n":"上龜山橋","k":2},"geometry":{"type":"LineString","coordinates":[[121.55007,24.89965],[121.54974,24.89833]]}},{"type":"Feature","properties":{"n":"下龜山橋","k":2},"geometry":{"type":"LineString","coordinates":[[121.5516,24.90922],[121.55166,24.90893],[121.55168,24.90707],[121.55173,24.90686]]}},{"type":"Feature","properties":{"n":"新烏路二段","k":2},"geometry":{"type":"LineString","coordinates":[[121.54384,24.9301],[121.54376,24.92986],[121.54389,24.92961],[121.54477,24.92909],[121.54512,24.92909],[121.54569,24.92939],[121.54585,24.92942],[121.54599,24.92939],[121.54717,24.92845],[121.54729,24.9284],[121.54806,24.92835],[121.54847,24.92813],[121.54853,24.92802],[121.54856,24.92652],[121.54893,24.9253],[121.54888,24.92483],[121.54896,24.92463],[121.54931,24.92421],[121.54946,24.92306],[121.54947,24.92292],[121.54928,24.92203],[121.54954,24.92011],[121.54955,24.91969],[121.54946,24.91956],[121.54899,24.91929],[121.54887,24.91917],[121.54855,24.91856],[121.54807,24.91782],[121.54782,24.91715],[121.54745,24.91575],[121.54744,24.91554],[121.54753,24.91527],[121.54788,24.91478],[121.54879,24.91278],[121.5496,24.91128],[121.54995,24.91083],[121.5516,24.90922]]}},{"type":"Feature","properties":{"n":"北宜路三段","k":2},"geometry":{"type":"LineString","coordinates":[[121.57068,24.95647],[121.57079,24.9562],[121.57071,24.95606],[121.5702,24.95569],[121.56926,24.95521],[121.56878,24.95485],[121.56832,24.95426],[121.56773,24.95377],[121.56705,24.95269],[121.56707,24.95246],[121.56713,24.95235],[121.56767,24.95167],[121.56813,24.9513],[121.56837,24.95086],[121.56884,24.95054],[121.56924,24.95009],[121.56945,24.94996],[121.56971,24.94991],[121.57034,24.95015],[121.57109,24.95015],[121.57135,24.95026],[121.57177,24.95057],[121.57237,24.95057],[121.57257,24.95071],[121.57278,24.9511],[121.57292,24.95124],[121.5733,24.95144],[121.57353,24.95144],[121.57411,24.95116],[121.57438,24.95113],[121.57555,24.95153],[121.57701,24.9518],[121.57745,24.95164],[121.57825,24.95107],[121.57921,24.95078],[121.57974,24.95041],[121.58069,24.9503],[121.5816,24.95033],[121.58215,24.95021],[121.58333,24.95015],[121.58413,24.94993],[121.58489,24.95003],[121.58508,24.95017],[121.58514,24.95031],[121.58512,24.95051],[121.58516,24.95066],[121.58526,24.95076],[121.58572,24.95094],[121.58598,24.95144],[121.58641,24.95172],[121.58651,24.95198],[121.58661,24.95255],[121.58674,24.95272],[121.58686,24.95277],[121.58709,24.95274],[121.58794,24.95219],[121.58871,24.95198],[121.58918,24.95203],[121.59025,24.95232],[121.59059,24.9525],[121.5911,24.95297],[121.59131,24.95307],[121.59292,24.95315],[121.59308,24.95311],[121.59342,24.95277],[121.59355,24.95271],[121.59399,24.95264],[121.59447,24.95245],[121.59472,24.95247],[121.59537,24.95269],[121.59609,24.95268],[121.59676,24.95282],[121.59727,24.95268],[121.59849,24.95328],[121.59954,24.95365],[121.60166,24.95461],[121.6019,24.95481],[121.60204,24.95527],[121.60223,24.95541],[121.60279,24.95545],[121.60334,24.95507],[121.60369,24.95509],[121.60383,24.95524],[121.60415,24.95594],[121.60438,24.95608],[121.60533,24.956],[121.60548,24.95595],[121.6059,24.95563],[121.60604,24.95558],[121.60624,24.95564],[121.60643,24.95577],[121.60654,24.95594],[121.60661,24.95698],[121.6067,24.9573],[121.60748,24.95794],[121.60778,24.95809],[121.60807,24.95807],[121.60834,24.95794],[121.60852,24.95766],[121.60865,24.95706],[121.60873,24.95695],[121.60897,24.95681],[121.60919,24.95679],[121.6095,24.95685],[121.6103,24.95718]]}},{"type":"Feature","properties":{"n":"新烏路一段","k":2},"geometry":{"type":"LineString","coordinates":[[121.54668,24.95126],[121.54633,24.95099],[121.54613,24.95068],[121.5461,24.95038],[121.54616,24.94976],[121.54611,24.94882],[121.54598,24.94779],[121.54604,24.94613],[121.54617,24.94487],[121.54618,24.9444],[121.5461,24.94375],[121.54625,24.94291],[121.54645,24.94255],[121.5465,24.94237],[121.54648,24.94225],[121.5463,24.94206],[121.54591,24.94185],[121.54581,24.94173],[121.54578,24.94156],[121.54585,24.94143],[121.54604,24.94128],[121.54606,24.94109],[121.54579,24.94048],[121.54554,24.94011],[121.54521,24.93984],[121.54465,24.93912],[121.54357,24.93829],[121.54348,24.93818],[121.54345,24.93802],[121.54361,24.93786],[121.54427,24.9379],[121.54443,24.93785],[121.54474,24.93767],[121.54509,24.93738],[121.5453,24.93731],[121.54599,24.93715],[121.54662,24.93714],[121.54683,24.93709],[121.54692,24.93699],[121.54692,24.93687],[121.54677,24.93663],[121.54644,24.93636],[121.54623,24.93629],[121.54593,24.93632],[121.54546,24.93655],[121.54494,24.93671],[121.54477,24.93669],[121.54469,24.93661],[121.54453,24.93624],[121.54451,24.93605],[121.54512,24.93505],[121.54513,24.93492],[121.54499,24.93464],[121.54499,24.93452],[121.54505,24.93439],[121.54532,24.93423],[121.54542,24.93406],[121.54539,24.9339],[121.5451,24.93354],[121.54525,24.93296],[121.54539,24.93274],[121.54562,24.93254],[121.54619,24.93231],[121.54653,24.93228],[121.54676,24.93219],[121.54709,24.9318],[121.54736,24.93158],[121.54809,24.93127],[121.54908,24.93107],[121.54937,24.93092],[121.54944,24.93085],[121.54945,24.93076],[121.54943,24.93069],[121.54932,24.93064],[121.5489,24.93075],[121.54777,24.93045],[121.54686,24.93048],[121.54629,24.93031],[121.54577,24.93029],[121.5451,24.93034],[121.54484,24.93027],[121.54405,24.93018],[121.54384,24.9301]]}},{"type":"Feature","properties":{"n":"新烏路一段","k":2},"geometry":{"type":"LineString","coordinates":[[121.54755,24.95204],[121.54713,24.95165]]}},{"type":"Feature","properties":{"n":"碧潭橋","k":0},"geometry":{"type":"LineString","coordinates":[[121.53942,24.95882],[121.53877,24.95871],[121.53794,24.95864],[121.5368,24.95869],[121.53575,24.95887],[121.53453,24.95928],[121.53363,24.95973],[121.53286,24.96025],[121.53176,24.96126],[121.53094,24.96217]]}},{"type":"Feature","properties":{"n":"碧潭橋","k":0},"geometry":{"type":"LineString","coordinates":[[121.53081,24.96207],[121.53209,24.9607],[121.53294,24.95995],[121.53376,24.95942],[121.53465,24.95899],[121.5357,24.95864],[121.53708,24.9584],[121.53813,24.95837],[121.53978,24.9586]]}},{"type":"Feature","properties":{"n":"碧潭隧道","k":0},"geometry":{"type":"LineString","coordinates":[[121.53978,24.9586],[121.54067,24.95894],[121.54161,24.95939],[121.54297,24.9603],[121.54386,24.96109]]}},{"type":"Feature","properties":{"n":"碧潭隧道","k":0},"geometry":{"type":"LineString","coordinates":[[121.54354,24.96124],[121.54265,24.96049],[121.54127,24.95962],[121.54038,24.95914],[121.53942,24.95882]]}},{"type":"Feature","properties":{"n":"北宜路一段","k":2},"geometry":{"type":"LineString","coordinates":[[121.53793,24.95895],[121.53822,24.95699],[121.53856,24.95579],[121.53881,24.95544],[121.53921,24.95518],[121.53976,24.95472],[121.54054,24.95322],[121.54074,24.95294],[121.54105,24.95283],[121.54254,24.95286],[121.54402,24.95314],[121.54427,24.95315],[121.54675,24.95258],[121.54755,24.95204],[121.54746,24.95217],[121.5469,24.95257],[121.54662,24.9527],[121.54572,24.95286],[121.54426,24.95321],[121.54373,24.95315],[121.54276,24.95295],[121.541,24.9529],[121.5408,24.95298],[121.54062,24.95321],[121.53996,24.95457],[121.53965,24.95491],[121.53886,24.95548],[121.53856,24.95596],[121.53823,24.9573],[121.53806,24.95894]]}},{"type":"Feature","properties":{"n":"北新路一段","k":2},"geometry":{"type":"LineString","coordinates":[[121.54289,24.9734],[121.54286,24.97195],[121.54267,24.9712],[121.54093,24.96627],[121.53938,24.96256],[121.5392,24.96226],[121.53902,24.96169],[121.53793,24.95908],[121.53793,24.95895]]}},{"type":"Feature","properties":{"n":"北新路一段","k":2},"geometry":{"type":"LineString","coordinates":[[121.53806,24.95894],[121.53804,24.95907],[121.54095,24.96596],[121.54259,24.97067],[121.54287,24.97159],[121.54299,24.97226],[121.54297,24.97344]]}},{"type":"Feature","properties":{"n":"青潭橋","k":2},"geometry":{"type":"LineString","coordinates":[[121.54713,24.95165],[121.54668,24.95126]]}},{"type":"Feature","properties":{"n":"北宜路二段","k":2},"geometry":{"type":"LineString","coordinates":[[121.54755,24.95204],[121.54833,24.95147],[121.54845,24.95143],[121.54951,24.9515],[121.54968,24.95156],[121.54976,24.95165],[121.55058,24.9528],[121.55085,24.95299],[121.55116,24.95309],[121.55761,24.95393],[121.55913,24.95431],[121.55987,24.95444],[121.5606,24.95433],[121.56452,24.9533],[121.5651,24.95333],[121.56533,24.95343],[121.56672,24.95429],[121.56741,24.95501],[121.56829,24.95563],[121.56866,24.95579],[121.56931,24.95598],[121.5703,24.95652],[121.57047,24.95657],[121.57068,24.95647]]}},{"type":"Feature","properties":{"n":"新店隧道","k":0},"geometry":{"type":"LineString","coordinates":[[121.55127,24.97096],[121.54449,24.96237]]}},{"type":"Feature","properties":{"n":"新店隧道","k":0},"geometry":{"type":"LineString","coordinates":[[121.54478,24.96217],[121.55108,24.97026],[121.55178,24.97106]]}},{"type":"Feature","properties":{"n":"北宜路四段","k":2},"geometry":{"type":"LineString","coordinates":[[121.6103,24.95718],[121.61136,24.95756],[121.61218,24.95796],[121.61232,24.95809],[121.61238,24.95824],[121.61236,24.95896],[121.61243,24.9598],[121.61247,24.96001],[121.61257,24.96018],[121.6129,24.96047],[121.61313,24.9606],[121.61446,24.96129],[121.61469,24.9613],[121.61479,24.96127],[121.61492,24.96114],[121.61494,24.96105],[121.61488,24.96083],[121.61334,24.95958],[121.61327,24.95947],[121.61322,24.95921],[121.61328,24.95905],[121.61339,24.95894],[121.61351,24.95888],[121.61382,24.95884],[121.6145,24.95881],[121.61496,24.95885],[121.61549,24.95907],[121.61679,24.95942],[121.61756,24.95982],[121.61771,24.95984],[121.61792,24.95976],[121.6182,24.9595],[121.6187,24.95929],[121.61961,24.95917],[121.62077,24.95911],[121.62102,24.95898],[121.62117,24.95881],[121.62128,24.9581],[121.62135,24.95798],[121.62152,24.95786],[121.6217,24.95778],[121.62197,24.95776],[121.62297,24.95791],[121.6233,24.95777],[121.62349,24.95743],[121.62359,24.95701],[121.62381,24.9565],[121.6239,24.95617],[121.6239,24.95594]]}},{"type":"Feature","properties":{"n":"北宜路五段","k":2},"geometry":{"type":"LineString","coordinates":[[121.6239,24.95594],[121.62398,24.95522],[121.62414,24.95499],[121.62458,24.95472],[121.62513,24.95447],[121.62548,24.95438],[121.62714,24.95482],[121.62754,24.95484],[121.63074,24.95315],[121.63087,24.95306],[121.63103,24.95282],[121.63116,24.95222],[121.63144,24.95187],[121.63154,24.95181],[121.6319,24.95179],[121.63388,24.95308],[121.63475,24.95329],[121.63499,24.95339],[121.6353,24.95394],[121.63556,24.95412],[121.63605,24.95418],[121.63684,24.95401],[121.63708,24.95402],[121.63771,24.95418],[121.63789,24.95414],[121.63809,24.95402],[121.63925,24.95219],[121.63954,24.95195],[121.64049,24.95137],[121.6407,24.95133],[121.64156,24.95133],[121.64177,24.95135],[121.642,24.95144],[121.64224,24.95167],[121.64293,24.95265],[121.64306,24.95276],[121.64331,24.95284],[121.64532,24.95227],[121.64622,24.95165]]}},{"type":"Feature","properties":{"n":"五股楊梅高架道路","k":0},"geometry":{"type":"LineString","coordinates":[[121.45753,25.07465],[121.45673,25.07447],[121.45001,25.07251],[121.44922,25.07237],[121.44827,25.07212],[121.44124,25.06999],[121.43921,25.06947],[121.43722,25.06912],[121.43561,25.06891],[121.42823,25.06839],[121.42722,25.06824],[121.42622,25.06801],[121.42534,25.06774],[121.42364,25.06693],[121.42016,25.06477],[121.41797,25.06358],[121.41569,25.06206],[121.40758,25.05694],[121.40657,25.05646],[121.4058,25.05619],[121.40505,25.05599],[121.404,25.05584],[121.40279,25.05584],[121.40145,25.05605],[121.40016,25.05655],[121.39953,25.05692],[121.39865,25.05763],[121.39817,25.05816],[121.39565,25.06132],[121.39399,25.06303],[121.39296,25.06393],[121.39204,25.06451],[121.39115,25.0649],[121.39,25.06522],[121.38918,25.06534],[121.38787,25.06546],[121.38699,25.06547],[121.3859,25.06535],[121.38378,25.06497],[121.38331,25.06493],[121.38248,25.06496],[121.38119,25.06521],[121.37899,25.066],[121.37814,25.06623],[121.37713,25.06641],[121.37625,25.06647],[121.37507,25.06643],[121.37145,25.06613],[121.36733,25.06558],[121.36312,25.06534],[121.36002,25.06533],[121.35688,25.06541],[121.34971,25.0659],[121.34769,25.06593],[121.34573,25.06584],[121.34382,25.06565],[121.34184,25.06529],[121.34041,25.0649],[121.33906,25.06446],[121.33733,25.06373],[121.33605,25.06308],[121.33455,25.06214],[121.33267,25.06074],[121.33087,25.05929],[121.32939,25.05776],[121.32836,25.05656],[121.326,25.05339],[121.32498,25.05214],[121.32375,25.05091],[121.3224,25.04984],[121.32159,25.04926],[121.32016,25.04839],[121.31775,25.04732],[121.31603,25.04673],[121.3117,25.04512],[121.30966,25.04431],[121.30576,25.04257],[121.30414,25.04181],[121.30023,25.03979],[121.29643,25.03756],[121.29397,25.03599],[121.28957,25.03283],[121.28739,25.03117],[121.28179,25.02649],[121.27939,25.02428],[121.2786,25.02365]]}},{"type":"Feature","properties":{"n":"五股楊梅高架道路","k":0},"geometry":{"type":"LineString","coordinates":[[121.37282,25.06513],[121.37374,25.0652],[121.37428,25.0653],[121.37628,25.06591],[121.37685,25.06605],[121.37747,25.06611],[121.37812,25.06607],[121.37877,25.06595],[121.38095,25.06516],[121.38236,25.0649],[121.38378,25.0649],[121.38613,25.06531],[121.387,25.06539],[121.38787,25.06539],[121.38877,25.06532],[121.39019,25.0651],[121.39111,25.06482],[121.39187,25.0645],[121.39241,25.06421],[121.39289,25.06388],[121.39385,25.06307],[121.39559,25.06126],[121.39653,25.06013],[121.39809,25.05812],[121.39892,25.05728],[121.39949,25.05686],[121.40013,25.05647],[121.40142,25.05599],[121.40238,25.0558],[121.40305,25.05573],[121.40402,25.05572],[121.4059,25.05577],[121.40689,25.05597],[121.4073,25.05611],[121.40785,25.05638],[121.4095,25.05746],[121.41778,25.06259],[121.42308,25.06594],[121.42414,25.06657],[121.42574,25.06726],[121.42678,25.06759],[121.4276,25.06777],[121.42856,25.06791],[121.43029,25.06802],[121.43573,25.06816],[121.43789,25.06793],[121.43859,25.06793],[121.43976,25.06804],[121.44061,25.06825],[121.4445,25.06943],[121.45071,25.07109],[121.45475,25.07227],[121.4559,25.07283],[121.4576,25.07385],[121.45804,25.07406],[121.45935,25.07457],[121.46165,25.07524]]}},{"type":"Feature","properties":{"n":"中山高速公路","k":0},"geometry":{"type":"LineString","coordinates":[[121.37418,25.06578],[121.37585,25.06592],[121.37655,25.06592],[121.37767,25.06579],[121.37861,25.06553],[121.38129,25.06464],[121.3823,25.06445],[121.38342,25.06444],[121.38626,25.06486],[121.38761,25.06493],[121.38884,25.06485],[121.38939,25.06477],[121.3906,25.06449],[121.39126,25.06424],[121.39234,25.06364],[121.39374,25.06251],[121.39561,25.06054],[121.39774,25.05785],[121.39855,25.05707],[121.39917,25.0566],[121.3999,25.05616],[121.40049,25.05589],[121.40166,25.0555],[121.40262,25.05534],[121.40407,25.05533],[121.40505,25.05548],[121.40548,25.05559],[121.40606,25.05578],[121.40733,25.05636],[121.41384,25.06038],[121.41459,25.0608],[121.42417,25.06676],[121.42513,25.06722],[121.42608,25.06755],[121.42698,25.0678],[121.42817,25.06802],[121.43445,25.06834],[121.43606,25.06848],[121.43789,25.06874],[121.44057,25.06922],[121.44129,25.0694],[121.45933,25.07487],[121.46064,25.07522],[121.4625,25.07555],[121.46354,25.07567],[121.46517,25.07578],[121.46621,25.07579],[121.46881,25.07563],[121.47057,25.07534],[121.47749,25.0736],[121.47838,25.07343],[121.48043,25.07322],[121.48219,25.0732],[121.48412,25.07336],[121.48561,25.07362],[121.49306,25.07533],[121.50103,25.07726]]}},{"type":"Feature","properties":{"n":"中山高速公路","k":0},"geometry":{"type":"LineString","coordinates":[[121.50098,25.07742],[121.49541,25.07613],[121.4928,25.07545],[121.48589,25.07386],[121.48437,25.07358],[121.48259,25.07339],[121.48181,25.07336],[121.48038,25.07339],[121.47786,25.07368],[121.47619,25.07406],[121.47003,25.07561],[121.46841,25.07581],[121.46648,25.07594],[121.4651,25.07594],[121.46247,25.07572],[121.46059,25.07533],[121.458,25.0746],[121.45335,25.07324],[121.44125,25.06954],[121.4395,25.06917],[121.43607,25.06864],[121.43445,25.06848],[121.43149,25.06838],[121.42907,25.06824],[121.42747,25.06808],[121.42689,25.06797],[121.42602,25.06774],[121.42489,25.06732],[121.42362,25.06665],[121.41879,25.0637],[121.41161,25.05917],[121.40741,25.05663],[121.40615,25.05603],[121.40551,25.05581],[121.40445,25.05553],[121.40402,25.05549],[121.40292,25.0555],[121.40209,25.0556],[121.40168,25.0557],[121.40116,25.05584],[121.40042,25.05612],[121.39998,25.05632],[121.39927,25.05675],[121.3986,25.05726],[121.39821,25.05763],[121.39564,25.06078],[121.39376,25.06274],[121.39283,25.06351],[121.39209,25.06402],[121.3913,25.06442],[121.3906,25.0647],[121.38973,25.06492],[121.38821,25.06508],[121.38751,25.06512],[121.38677,25.0651],[121.38617,25.06505],[121.384,25.06467],[121.3828,25.0646],[121.38226,25.06463],[121.38079,25.06498],[121.3792,25.06555],[121.37795,25.06591],[121.3774,25.06603],[121.37662,25.06612],[121.37588,25.06613],[121.37468,25.06604],[121.36884,25.06531],[121.36543,25.06509],[121.3617,25.06494],[121.35906,25.06497],[121.3566,25.06512],[121.35459,25.06527],[121.3506,25.06567],[121.34938,25.06571],[121.34725,25.06571],[121.3462,25.06566],[121.34482,25.06556],[121.34355,25.06539],[121.3421,25.06512],[121.34111,25.06488],[121.33961,25.0644],[121.33825,25.06388],[121.33722,25.06343],[121.33633,25.06295],[121.33471,25.06194],[121.33336,25.06101],[121.33161,25.0596],[121.32999,25.05806],[121.3284,25.05622],[121.32478,25.05146],[121.32334,25.05011],[121.32191,25.04905],[121.32074,25.04838],[121.31921,25.04767],[121.31339,25.04557],[121.30921,25.04385],[121.30704,25.04288],[121.3048,25.04181],[121.30321,25.04098]]}},{"type":"Feature","properties":{"n":"中山高速公路","k":0},"geometry":{"type":"LineString","coordinates":[[121.68238,25.08601],[121.67872,25.08589],[121.67741,25.08573],[121.67567,25.08533],[121.67366,25.08465],[121.67175,25.08376],[121.67041,25.08299],[121.66017,25.07661],[121.65824,25.07565],[121.65663,25.075],[121.65507,25.0745],[121.65265,25.07396],[121.6416,25.07217],[121.64029,25.07188],[121.63921,25.07146],[121.63851,25.07111],[121.63727,25.07031],[121.63563,25.06904],[121.63499,25.06864],[121.63333,25.06784],[121.63255,25.06758],[121.63165,25.06734],[121.6306,25.06716],[121.61713,25.06606],[121.61497,25.06583]]}},{"type":"Feature","properties":{"n":"中山高速公路","k":0},"geometry":{"type":"LineString","coordinates":[[121.61499,25.06568],[121.61716,25.06593],[121.63064,25.06705],[121.6322,25.06733],[121.63325,25.06766],[121.63414,25.06803],[121.63518,25.06854],[121.63616,25.06923],[121.6371,25.07],[121.63807,25.07066],[121.63919,25.07129],[121.64024,25.07172],[121.64249,25.0722],[121.64941,25.07331],[121.65052,25.07345],[121.65271,25.07385],[121.65438,25.0742],[121.65579,25.07457],[121.65715,25.07501],[121.65831,25.07548],[121.65978,25.07621],[121.66135,25.07715],[121.67052,25.08291],[121.67183,25.08366],[121.67375,25.08457],[121.67528,25.0851],[121.67682,25.08551],[121.67736,25.08561],[121.67873,25.08575],[121.68239,25.08587]]}},{"type":"Feature","properties":{"n":"三興路","k":2},"geometry":{"type":"LineString","coordinates":[[121.39273,25.01444],[121.39298,25.01455],[121.39338,25.01459],[121.39464,25.01432],[121.39531,25.01432],[121.39559,25.0144],[121.39847,25.0159]]}},{"type":"Feature","properties":{"n":"三興路","k":2},"geometry":{"type":"LineString","coordinates":[[121.39841,25.01596],[121.39554,25.01445],[121.39531,25.01438],[121.39457,25.01439],[121.39334,25.01466],[121.39299,25.01463],[121.39268,25.0145]]}},{"type":"Feature","properties":{"n":"光華橋","k":2},"geometry":{"type":"LineString","coordinates":[[121.39847,25.0159],[121.39885,25.01609]]}},{"type":"Feature","properties":{"n":"光華橋","k":2},"geometry":{"type":"LineString","coordinates":[[121.39876,25.01613],[121.39841,25.01596]]}},{"type":"Feature","properties":{"n":"福慧橋","k":2},"geometry":{"type":"LineString","coordinates":[[121.39246,25.01427],[121.39273,25.01444]]}},{"type":"Feature","properties":{"n":"福慧橋","k":2},"geometry":{"type":"LineString","coordinates":[[121.39268,25.0145],[121.39245,25.01436]]}},{"type":"Feature","properties":{"n":"中正路","k":2},"geometry":{"type":"LineString","coordinates":[[121.40987,25.02045],[121.41016,25.0208],[121.41055,25.02109],[121.41599,25.02409],[121.41681,25.02462],[121.4171,25.02493],[121.41732,25.02528],[121.41813,25.02703],[121.41839,25.02734],[121.4187,25.02759],[121.41896,25.02773]]}},{"type":"Feature","properties":{"n":"中正路","k":2},"geometry":{"type":"LineString","coordinates":[[121.41892,25.02783],[121.4184,25.0275],[121.41801,25.02706],[121.41723,25.02537],[121.417,25.025],[121.41663,25.02462],[121.41285,25.0225],[121.41146,25.02166],[121.4102,25.02105],[121.40972,25.02054]]}},{"type":"Feature","properties":{"n":"中正路","k":2},"geometry":{"type":"LineString","coordinates":[[121.46616,25.04256],[121.46563,25.04217],[121.46424,25.0413],[121.45751,25.03717],[121.45708,25.03698],[121.45668,25.03687],[121.45491,25.0367],[121.45412,25.03655],[121.44871,25.03534],[121.44022,25.03357],[121.43406,25.03255],[121.42261,25.02894],[121.41904,25.02788]]}},{"type":"Feature","properties":{"n":"中正路","k":2},"geometry":{"type":"LineString","coordinates":[[121.41907,25.02778],[121.42123,25.02842],[121.43381,25.0324],[121.44113,25.03366],[121.45436,25.0365],[121.45505,25.03663],[121.45666,25.03678],[121.45721,25.03692],[121.45744,25.037],[121.46408,25.04112],[121.46571,25.04208],[121.4662,25.04245]]}},{"type":"Feature","properties":{"n":"中正路","k":2},"geometry":{"type":"LineString","coordinates":[[121.42813,25.17557],[121.42833,25.17551]]}},{"type":"Feature","properties":{"n":"中正路","k":2},"geometry":{"type":"LineString","coordinates":[[121.42836,25.17559],[121.42817,25.17565]]}},{"type":"Feature","properties":{"n":"中正路","k":2},"geometry":{"type":"LineString","coordinates":[[121.43542,25.17351],[121.43372,25.1744],[121.43156,25.17495],[121.43092,25.17528],[121.43064,25.17537],[121.42942,25.17535],[121.42863,25.17551]]}},{"type":"Feature","properties":{"n":"中正路","k":2},"geometry":{"type":"LineString","coordinates":[[121.42859,25.17543],[121.42924,25.17529],[121.4296,25.17526],[121.43038,25.1753],[121.43087,25.17519],[121.4315,25.17488],[121.43356,25.17438],[121.43536,25.17343]]}},{"type":"Feature","properties":{"n":"中正路","k":2},"geometry":{"type":"LineString","coordinates":[[121.62992,25.22101],[121.63173,25.22138]]}},{"type":"Feature","properties":{"n":"新北大道七段","k":2},"geometry":{"type":"LineString","coordinates":[[121.421,25.03231],[121.4204,25.03222],[121.41828,25.03219],[121.41701,25.03205],[121.41627,25.03183],[121.41512,25.0313],[121.41474,25.03109],[121.41264,25.02947],[121.4123,25.02901],[121.41212,25.02861],[121.41207,25.02816],[121.4121,25.02761],[121.4128,25.02514],[121.41305,25.02469],[121.41403,25.02326],[121.41422,25.0231],[121.4142,25.02324],[121.41301,25.02501],[121.41283,25.02547],[121.41225,25.02763],[121.41225,25.02846],[121.41254,25.02912],[121.41293,25.02957],[121.41386,25.0303],[121.41487,25.03101],[121.41578,25.03149],[121.4164,25.03172],[121.41747,25.03199],[121.41829,25.03208],[121.42053,25.03208],[121.42102,25.03215]]}},{"type":"Feature","properties":{"n":"十八份橋","k":2},"geometry":{"type":"LineString","coordinates":[[121.41896,25.02773],[121.41907,25.02778]]}},{"type":"Feature","properties":{"n":"十八份橋","k":2},"geometry":{"type":"LineString","coordinates":[[121.41904,25.02788],[121.41892,25.02783]]}},{"type":"Feature","properties":{"n":"新北大道六段","k":2},"geometry":{"type":"LineString","coordinates":[[121.42938,25.04011],[121.42664,25.03657],[121.4247,25.03467],[121.42402,25.03417],[121.42169,25.03262],[121.421,25.03231]]}},{"type":"Feature","properties":{"n":"新北大道六段","k":2},"geometry":{"type":"LineString","coordinates":[[121.42102,25.03215],[121.42162,25.03237],[121.42417,25.03409],[121.42489,25.03466],[121.42665,25.03633],[121.42951,25.04004]]}},{"type":"Feature","properties":{"n":"濱海路一段","k":2},"geometry":{"type":"LineString","coordinates":[[121.27238,25.11614],[121.27903,25.11628],[121.27976,25.11638],[121.28137,25.11672],[121.28215,25.11678],[121.28415,25.11666]]}},{"type":"Feature","properties":{"n":"濱海路一段","k":2},"geometry":{"type":"LineString","coordinates":[[121.28419,25.11695],[121.28294,25.11705],[121.28198,25.11707],[121.28129,25.117],[121.28,25.11672],[121.27935,25.11663],[121.2776,25.11654]]}},{"type":"Feature","properties":{"n":"西部濱海公路","k":2},"geometry":{"type":"LineString","coordinates":[[121.36648,25.13557],[121.36428,25.13516],[121.36342,25.13493],[121.36167,25.13427],[121.35971,25.1334],[121.35087,25.12968],[121.34766,25.12856],[121.34398,25.12676],[121.34265,25.12627],[121.34072,25.12578],[121.33955,25.12542],[121.33778,25.12458],[121.3365,25.12382],[121.33522,25.12316],[121.33437,25.12294],[121.33282,25.12261],[121.32913,25.12197],[121.32659,25.12165],[121.32019,25.12136],[121.31927,25.12136],[121.31716,25.12148],[121.31132,25.12199],[121.30976,25.122],[121.30714,25.12174],[121.30667,25.12175],[121.30626,25.1218],[121.30562,25.12196],[121.30335,25.12302],[121.30242,25.12339],[121.30177,25.12355],[121.30063,25.12357],[121.29991,25.12343],[121.2992,25.12317],[121.29703,25.12184],[121.29658,25.12146],[121.29528,25.12016],[121.29479,25.11982],[121.29118,25.11794],[121.29052,25.11771],[121.28995,25.11761],[121.28836,25.11746],[121.28628,25.11691],[121.28513,25.11688],[121.28419,25.11695]]}},{"type":"Feature","properties":{"n":"西部濱海公路","k":2},"geometry":{"type":"LineString","coordinates":[[121.28415,25.11666],[121.28543,25.11657],[121.28613,25.1166],[121.28671,25.11669],[121.28842,25.11717],[121.28996,25.11733],[121.29057,25.11743],[121.29119,25.11762],[121.2943,25.11921],[121.295,25.11965],[121.29545,25.12004],[121.29703,25.12162],[121.29752,25.12196],[121.29955,25.12306],[121.30059,25.12332],[121.30136,25.12332],[121.3024,25.12311],[121.30526,25.12181],[121.30597,25.12158],[121.30646,25.12148],[121.30724,25.12147],[121.30867,25.12166],[121.31094,25.12171],[121.31846,25.1211],[121.31946,25.12107],[121.32109,25.12111],[121.32681,25.12142],[121.32825,25.12161],[121.33448,25.12273],[121.33538,25.12299],[121.3359,25.12323],[121.33915,25.12502],[121.34048,25.12545],[121.34291,25.12611],[121.34396,25.12646],[121.34479,25.12682],[121.34771,25.12828],[121.35161,25.12969],[121.35821,25.13254],[121.36309,25.13456],[121.36449,25.13496],[121.36664,25.13534]]}},{"type":"Feature","properties":{"n":"西部濱海快速公路","k":1},"geometry":{"type":"LineString","coordinates":[[121.37923,25.14272],[121.37869,25.14229],[121.37813,25.14174],[121.37679,25.14012],[121.3764,25.13971],[121.3755,25.13902],[121.37462,25.13858],[121.37181,25.13763],[121.36902,25.13627],[121.36805,25.13591],[121.36706,25.13561],[121.3643,25.13508],[121.36285,25.13463],[121.35091,25.12962],[121.3477,25.12846],[121.34678,25.12805],[121.34466,25.12698],[121.34385,25.12664],[121.34215,25.12606],[121.33925,25.12522],[121.33819,25.1247],[121.33635,25.12365],[121.3354,25.1232],[121.33478,25.123],[121.33292,25.12258],[121.32866,25.12182],[121.3264,25.12156],[121.31899,25.12127],[121.31189,25.12184]]}},{"type":"Feature","properties":{"n":"西部濱海快速公路","k":1},"geometry":{"type":"LineString","coordinates":[[121.31186,25.12176],[121.319,25.12118],[121.32063,25.1212],[121.32645,25.12148],[121.328,25.12162],[121.33444,25.12278],[121.33557,25.12314],[121.33639,25.12355],[121.33797,25.12447],[121.33909,25.12505],[121.34102,25.12566],[121.34262,25.1261],[121.3437,25.12647],[121.34449,25.12681],[121.34713,25.12811],[121.34813,25.12852],[121.35096,25.12953],[121.35305,25.13046],[121.3627,25.13448],[121.36422,25.13497],[121.36684,25.13546],[121.36832,25.13589],[121.36933,25.13632],[121.37183,25.13753],[121.37458,25.13847],[121.37555,25.13896],[121.37593,25.1392],[121.37651,25.13968],[121.3782,25.14169],[121.37928,25.14265]]}},{"type":"Feature","properties":{"n":"西部濱海快速公路","k":1},"geometry":{"type":"LineString","coordinates":[[121.385,25.14493],[121.38604,25.14535],[121.3872,25.14597],[121.38889,25.14715],[121.39722,25.15381],[121.39998,25.15629],[121.40229,25.15846],[121.40378,25.15966],[121.41418,25.16761]]}},{"type":"Feature","properties":{"n":"西部濱海快速公路","k":1},"geometry":{"type":"LineString","coordinates":[[121.41424,25.16785],[121.40307,25.15921],[121.40224,25.15852],[121.39803,25.15464],[121.39715,25.15388],[121.38834,25.14683],[121.38737,25.14617],[121.38622,25.14553],[121.38543,25.14519],[121.38434,25.14482]]}},{"type":"Feature","properties":{"n":"東西向快速公路 八里新店線","k":1},"geometry":{"type":"LineString","coordinates":[[121.47966,25.04804],[121.47964,25.04883],[121.47943,25.04979],[121.47888,25.05165],[121.47821,25.05344],[121.4757,25.05831],[121.475,25.05935],[121.47377,25.0608],[121.47334,25.06124],[121.47251,25.06194],[121.4715,25.06263],[121.46897,25.06389],[121.46488,25.0661],[121.46105,25.06801],[121.45912,25.06909],[121.45732,25.0704],[121.45643,25.07113],[121.45566,25.07185],[121.45202,25.0757],[121.45084,25.0772],[121.44993,25.07869],[121.44939,25.07976],[121.44895,25.08076],[121.44841,25.08239],[121.44813,25.08353],[121.44792,25.08478],[121.44776,25.08604],[121.44776,25.08651],[121.44782,25.08795],[121.44796,25.08928],[121.44825,25.09079],[121.44871,25.09249],[121.44899,25.09336],[121.44968,25.09515],[121.45048,25.09681],[121.45165,25.09883],[121.45373,25.10159],[121.45405,25.10207],[121.45432,25.10259],[121.45447,25.10306],[121.45453,25.10354],[121.45451,25.10389],[121.45436,25.10439],[121.45419,25.10476],[121.45401,25.1051],[121.45377,25.10537],[121.45357,25.10557],[121.45309,25.10591],[121.45257,25.10618],[121.45221,25.10631],[121.45099,25.1067],[121.45031,25.10685],[121.44847,25.1071],[121.44678,25.10714],[121.44541,25.10701],[121.44417,25.10684],[121.44156,25.10636],[121.44037,25.10622],[121.43923,25.10623],[121.43823,25.10638],[121.43437,25.10747],[121.43054,25.1083],[121.42867,25.10888],[121.42623,25.10985],[121.42108,25.11203]]}},{"type":"Feature","properties":{"n":"東西向快速公路 八里新店線","k":1},"geometry":{"type":"LineString","coordinates":[[121.40455,25.12663],[121.40273,25.12849],[121.40115,25.13043],[121.40022,25.13186],[121.39973,25.13271],[121.39926,25.13366],[121.39903,25.13426],[121.39877,25.13521],[121.39851,25.13652],[121.3985,25.13747],[121.39862,25.13943],[121.39863,25.14052],[121.39847,25.14187],[121.39831,25.14255],[121.39801,25.14334],[121.3975,25.14398],[121.39624,25.14507],[121.39599,25.14535],[121.3928,25.15014]]}},{"type":"Feature","properties":{"n":"東西向快速公路 八里新店線","k":1},"geometry":{"type":"LineString","coordinates":[[121.39271,25.15008],[121.39592,25.14528],[121.39621,25.14496],[121.39759,25.14376],[121.39804,25.14308],[121.39822,25.14253],[121.39847,25.14118],[121.39854,25.14001],[121.39841,25.13815],[121.39839,25.13678],[121.3986,25.13552],[121.39884,25.13454],[121.39942,25.13303],[121.40022,25.13165],[121.40132,25.12994],[121.40299,25.12781]]}},{"type":"Feature","properties":{"n":"東西向快速公路 八里新店線","k":1},"geometry":{"type":"LineString","coordinates":[[121.42094,25.11182],[121.42351,25.11086],[121.42782,25.1091],[121.4296,25.10849],[121.4312,25.10805],[121.43397,25.10748],[121.43821,25.10629],[121.43964,25.10612],[121.44064,25.10615],[121.44187,25.10632],[121.44401,25.10672],[121.44563,25.10694],[121.44686,25.10705],[121.44783,25.10706],[121.44982,25.10685],[121.45034,25.10676],[121.45141,25.10646],[121.45253,25.10608],[121.4529,25.10591],[121.45324,25.10572],[121.45371,25.10527],[121.45404,25.10484],[121.45425,25.10444],[121.45439,25.10393],[121.45438,25.10319],[121.45421,25.10262],[121.45396,25.10214],[121.4536,25.10162],[121.45162,25.09894],[121.45095,25.09784],[121.45012,25.09619],[121.44964,25.0952],[121.44879,25.09304],[121.44808,25.09053],[121.44791,25.08969],[121.4477,25.08786],[121.44767,25.08708],[121.44766,25.0862],[121.44781,25.08493],[121.44803,25.08354],[121.44832,25.08237],[121.44858,25.08152],[121.44907,25.08023],[121.44951,25.07928],[121.4502,25.07803],[121.451,25.0768],[121.45158,25.07609],[121.45337,25.0741],[121.4556,25.07176],[121.45673,25.07074],[121.45747,25.07014],[121.45859,25.06932],[121.46021,25.06836],[121.46483,25.066],[121.46724,25.06468],[121.4714,25.06253],[121.47241,25.06188],[121.47316,25.06126],[121.47355,25.06087],[121.47462,25.05966],[121.47507,25.05907],[121.47581,25.05795],[121.47801,25.05367],[121.47868,25.05195],[121.47938,25.04964],[121.47954,25.04883],[121.47955,25.04807]]}},{"type":"Feature","properties":{"n":"東西向快速公路 八里新店線","k":1},"geometry":{"type":"LineString","coordinates":[[121.47804,25.0379],[121.47646,25.0376],[121.47161,25.03654],[121.46927,25.0358],[121.46814,25.03537],[121.46472,25.03392],[121.46393,25.03351],[121.46364,25.03328],[121.46339,25.03288],[121.46329,25.03261],[121.46325,25.03217],[121.46347,25.03145],[121.46464,25.02912],[121.46546,25.02779],[121.46796,25.02303],[121.46936,25.02092],[121.47034,25.01956],[121.47382,25.01494],[121.47437,25.01428],[121.47533,25.01326],[121.47631,25.01234],[121.47725,25.01176],[121.48022,25.0103],[121.48111,25.00975],[121.48193,25.00903],[121.48233,25.00857],[121.48264,25.00819],[121.48353,25.00689],[121.48389,25.00616],[121.48444,25.00447],[121.4847,25.00322],[121.48501,25.00046],[121.48526,24.99611],[121.48541,24.99537],[121.48565,24.99502],[121.48587,24.99481],[121.48621,24.99459],[121.48641,24.99449],[121.48691,24.99437],[121.49139,24.99405],[121.4941,24.99395],[121.50058,24.99354],[121.50461,24.99345],[121.50555,24.99337],[121.50902,24.99292],[121.51739,24.99195],[121.51882,24.9917],[121.52164,24.99069],[121.5223,24.99057]]}},{"type":"Feature","properties":{"n":"東西向快速公路 八里新店線","k":1},"geometry":{"type":"LineString","coordinates":[[121.52231,24.99068],[121.52187,24.99075],[121.51897,24.99177],[121.51813,24.99198],[121.50827,24.99312],[121.50552,24.99349],[121.50493,24.99355],[121.50174,24.99361],[121.49736,24.99381],[121.49424,24.99401],[121.48969,24.99422],[121.48695,24.99443],[121.48634,24.9946],[121.48602,24.99477],[121.48578,24.99498],[121.48553,24.99532],[121.48536,24.99585],[121.48511,24.99986],[121.4849,25.00235],[121.48463,25.00408],[121.48395,25.00619],[121.48364,25.00681],[121.48325,25.00744],[121.48244,25.00854],[121.48172,25.00934],[121.48115,25.00984],[121.48036,25.01032],[121.47726,25.01185],[121.47669,25.01219],[121.47574,25.013],[121.47444,25.01433],[121.47386,25.015],[121.47042,25.0196],[121.46886,25.02178],[121.46802,25.02307],[121.46692,25.0252],[121.46564,25.02784],[121.46521,25.02889],[121.46383,25.03162],[121.46363,25.03221],[121.46364,25.03261],[121.46373,25.03293],[121.46398,25.03332],[121.46441,25.03368],[121.4657,25.03427],[121.46815,25.03529],[121.47039,25.03609],[121.47167,25.03646],[121.47673,25.03757],[121.47806,25.03781]]}},{"type":"Feature","properties":{"n":"觀音山隧道","k":1},"geometry":{"type":"LineString","coordinates":[[121.42108,25.11203],[121.41966,25.11268],[121.41834,25.11336],[121.41687,25.11421],[121.41544,25.11517],[121.41364,25.11658],[121.4125,25.11762],[121.41103,25.11919],[121.40988,25.12065],[121.40859,25.12247],[121.40727,25.12404],[121.40605,25.12529],[121.40455,25.12663]]}},{"type":"Feature","properties":{"n":"觀音山隧道","k":1},"geometry":{"type":"LineString","coordinates":[[121.40299,25.12781],[121.40399,25.12672],[121.40605,25.12473],[121.40726,25.12344],[121.40824,25.12221],[121.40927,25.12072],[121.41049,25.11914],[121.41155,25.11794],[121.41288,25.11664],[121.41441,25.11541],[121.41562,25.11455],[121.41671,25.11387],[121.41729,25.11353],[121.41891,25.11271],[121.42094,25.11182]]}},{"type":"Feature","properties":{"n":"中山路三段","k":2},"geometry":{"type":"LineString","coordinates":[[121.39111,25.14227],[121.39089,25.14216],[121.3906,25.14211],[121.38837,25.14239],[121.38741,25.14235],[121.38684,25.14224],[121.38622,25.14205],[121.38327,25.14084],[121.38165,25.14042],[121.38123,25.14022],[121.37999,25.13947],[121.37976,25.13939],[121.37602,25.13869],[121.3754,25.13866],[121.37478,25.1387],[121.37451,25.13864],[121.37189,25.13774],[121.36863,25.13618],[121.36755,25.13581],[121.36648,25.13557]]}},{"type":"Feature","properties":{"n":"中山路三段","k":2},"geometry":{"type":"LineString","coordinates":[[121.39149,25.14242],[121.39391,25.14416],[121.39582,25.14501],[121.39586,25.14508]]}},{"type":"Feature","properties":{"n":"中山路三段","k":2},"geometry":{"type":"LineString","coordinates":[[121.39586,25.14508],[121.39577,25.14508],[121.39384,25.14422],[121.39144,25.14248]]}},{"type":"Feature","properties":{"n":"中山路三段","k":2},"geometry":{"type":"LineString","coordinates":[[121.36664,25.13534],[121.36778,25.13564],[121.36854,25.1359],[121.36963,25.13636],[121.37138,25.13725],[121.37235,25.13767],[121.37292,25.13785],[121.37519,25.13843],[121.37986,25.13932],[121.38027,25.1395],[121.38129,25.14015],[121.3817,25.14033],[121.38333,25.14077],[121.38679,25.14215],[121.38772,25.1423],[121.38835,25.1423],[121.39062,25.14203],[121.39091,25.14208],[121.39117,25.1422]]}},{"type":"Feature","properties":{"n":"中山路三段","k":2},"geometry":{"type":"LineString","coordinates":[[121.39594,25.14513],[121.39586,25.14508]]}},{"type":"Feature","properties":{"n":"臨港大橋","k":1},"geometry":{"type":"LineString","coordinates":[[121.37928,25.14265],[121.37981,25.14302],[121.38058,25.14347],[121.38152,25.1439],[121.38249,25.14423],[121.385,25.14493]]}},{"type":"Feature","properties":{"n":"臨港大橋","k":1},"geometry":{"type":"LineString","coordinates":[[121.38434,25.14482],[121.38216,25.14424],[121.38132,25.14394],[121.3803,25.14345],[121.37923,25.14272]]}},{"type":"Feature","properties":{"n":"八仙橋","k":2},"geometry":{"type":"LineString","coordinates":[[121.39144,25.14248],[121.39111,25.14227]]}},{"type":"Feature","properties":{"n":"八仙橋","k":2},"geometry":{"type":"LineString","coordinates":[[121.39117,25.1422],[121.39149,25.14242]]}},{"type":"Feature","properties":{"n":"商港路","k":2},"geometry":{"type":"LineString","coordinates":[[121.39594,25.14513],[121.39712,25.14413]]}},{"type":"Feature","properties":{"n":"商港路","k":2},"geometry":{"type":"LineString","coordinates":[[121.39756,25.14407],[121.39729,25.14433],[121.39649,25.14494],[121.39614,25.14528]]}},{"type":"Feature","properties":{"n":"中華路一段","k":2},"geometry":{"type":"LineString","coordinates":[[121.41326,25.15389],[121.42303,25.15852],[121.42389,25.15888]]}},{"type":"Feature","properties":{"n":"中華路一段","k":2},"geometry":{"type":"LineString","coordinates":[[121.42386,25.15896],[121.42336,25.15878],[121.41444,25.15456],[121.41321,25.15394]]}},{"type":"Feature","properties":{"n":"中華路一段","k":2},"geometry":{"type":"LineString","coordinates":[[121.44794,24.99061],[121.44695,24.98977],[121.44613,24.98898],[121.44473,24.98747],[121.44169,24.98356],[121.43966,24.9795]]}},{"type":"Feature","properties":{"n":"中華路一段","k":2},"geometry":{"type":"LineString","coordinates":[[121.4398,24.97943],[121.44119,24.98231],[121.44183,24.9835],[121.44484,24.98741],[121.44662,24.98927],[121.44793,24.9904]]}},{"type":"Feature","properties":{"n":"龍米路三段","k":2},"geometry":{"type":"LineString","coordinates":[[121.42941,25.15897],[121.42694,25.15952],[121.4263,25.15954],[121.42386,25.15896]]}},{"type":"Feature","properties":{"n":"龍米路三段","k":2},"geometry":{"type":"LineString","coordinates":[[121.42389,25.15888],[121.42596,25.15941],[121.42665,25.15946],[121.42941,25.15888]]}},{"type":"Feature","properties":{"n":"淡江大橋","k":1},"geometry":{"type":"LineString","coordinates":[[121.41418,25.16761],[121.41504,25.16831],[121.41548,25.16874],[121.41608,25.16956],[121.41643,25.17024],[121.41665,25.17084],[121.41742,25.17355],[121.418,25.1754],[121.41855,25.17776]]}},{"type":"Feature","properties":{"n":"淡江大橋","k":1},"geometry":{"type":"LineString","coordinates":[[121.41857,25.17785],[121.41891,25.17875],[121.41921,25.17927],[121.41962,25.17981],[121.42038,25.18058],[121.42038,25.18063],[121.42027,25.18061],[121.42005,25.18045],[121.41964,25.18006],[121.41924,25.17958],[121.41875,25.17878],[121.41838,25.17788],[121.41762,25.17547],[121.4165,25.17092],[121.41628,25.17032],[121.41591,25.16959],[121.41554,25.16907],[121.41509,25.16857],[121.41424,25.16785]]}},{"type":"Feature","properties":{"n":"中央路一段","k":2},"geometry":{"type":"LineString","coordinates":[[121.44793,24.9904],[121.44891,24.99155],[121.4499,24.99302]]}},{"type":"Feature","properties":{"n":"中央路一段","k":2},"geometry":{"type":"LineString","coordinates":[[121.44979,24.99308],[121.44874,24.99157],[121.44794,24.99061]]}},{"type":"Feature","properties":{"n":"四川路二段","k":2},"geometry":{"type":"LineString","coordinates":[[121.4499,24.99302],[121.45053,24.99374],[121.45104,24.99411],[121.45438,24.9955],[121.45442,24.99558]]}},{"type":"Feature","properties":{"n":"四川路二段","k":2},"geometry":{"type":"LineString","coordinates":[[121.45442,24.99558],[121.45433,24.99558],[121.45102,24.99423],[121.45042,24.99382],[121.44979,24.99308]]}},{"type":"Feature","properties":{"n":"四川路二段","k":2},"geometry":{"type":"LineString","coordinates":[[121.4568,24.99664],[121.45652,24.99643],[121.45442,24.99558]]}},{"type":"Feature","properties":{"n":"四川路一段","k":2},"geometry":{"type":"LineString","coordinates":[[121.4594,25.00708],[121.46,25.00361],[121.46002,25.00332],[121.45998,25.00304],[121.45821,24.99966],[121.45693,24.9968],[121.4568,24.99664]]}},{"type":"Feature","properties":{"n":"民權路","k":2},"geometry":{"type":"LineString","coordinates":[[121.46288,25.01064],[121.46273,25.01081],[121.46203,25.01134],[121.46052,25.01243],[121.46013,25.01264],[121.46043,25.01233],[121.46274,25.01059]]}},{"type":"Feature","properties":{"n":"民權路","k":2},"geometry":{"type":"LineString","coordinates":[[121.45976,25.13812],[121.45997,25.1372],[121.45994,25.13673],[121.45977,25.13575],[121.45917,25.13357],[121.45893,25.13285],[121.45852,25.13229],[121.45832,25.1319],[121.45826,25.13156],[121.45829,25.13123],[121.4586,25.13054],[121.45904,25.12992],[121.45962,25.1293],[121.46046,25.12741],[121.46065,25.12706],[121.46122,25.12624],[121.46185,25.12551],[121.4624,25.12497],[121.46293,25.12457],[121.46403,25.12391]]}},{"type":"Feature","properties":{"n":"民權路","k":2},"geometry":{"type":"LineString","coordinates":[[121.45959,25.14245],[121.45961,25.13885],[121.45962,25.13861],[121.45973,25.1382]]}},{"type":"Feature","properties":{"n":"民權路","k":2},"geometry":{"type":"LineString","coordinates":[[121.45986,25.13824],[121.45974,25.13879],[121.45972,25.13933],[121.45972,25.14245]]}},{"type":"Feature","properties":{"n":"民權路","k":2},"geometry":{"type":"LineString","coordinates":[[121.46414,25.12401],[121.46301,25.12466],[121.46224,25.12525],[121.46192,25.12554],[121.46137,25.12617],[121.4609,25.12684],[121.46057,25.12746],[121.45966,25.1294],[121.45888,25.13034],[121.45849,25.13102],[121.45838,25.1315],[121.45844,25.13188],[121.45852,25.13206],[121.45903,25.13279],[121.4592,25.13323],[121.46002,25.13631],[121.46012,25.13718],[121.46008,25.13749],[121.45989,25.13816]]}},{"type":"Feature","properties":{"n":"中山路一段","k":2},"geometry":{"type":"LineString","coordinates":[[121.46288,25.01064],[121.46148,25.00997],[121.45945,25.00722],[121.4594,25.00708]]}},{"type":"Feature","properties":{"n":"文化路一段","k":2},"geometry":{"type":"LineString","coordinates":[[121.46809,25.02327],[121.4674,25.02205],[121.46617,25.02025],[121.46028,25.01294],[121.46013,25.01264],[121.46045,25.01288],[121.4605,25.013],[121.46238,25.01535],[121.46301,25.01613],[121.46323,25.0163],[121.46436,25.01777],[121.46661,25.02053],[121.46725,25.02147],[121.46818,25.02313]]}},{"type":"Feature","properties":{"n":"文化路公車專用道","k":2},"geometry":{"type":"LineString","coordinates":[[121.46045,25.01288],[121.46153,25.01415],[121.46309,25.01608],[121.46313,25.01619]]}},{"type":"Feature","properties":{"n":"文化路二段","k":2},"geometry":{"type":"LineString","coordinates":[[121.47629,25.03442],[121.47231,25.03006],[121.47099,25.02845],[121.46809,25.02327]]}},{"type":"Feature","properties":{"n":"文化路二段","k":2},"geometry":{"type":"LineString","coordinates":[[121.46818,25.02313],[121.47104,25.02823],[121.47141,25.02877],[121.47304,25.03064],[121.47713,25.03515],[121.47758,25.03548],[121.47804,25.0357],[121.47855,25.03583],[121.47918,25.03585]]}},{"type":"Feature","properties":{"n":"中和隧道","k":0},"geometry":{"type":"LineString","coordinates":[[121.49156,24.98559],[121.4975,24.98057]]}},{"type":"Feature","properties":{"n":"中和隧道","k":0},"geometry":{"type":"LineString","coordinates":[[121.49807,24.98076],[121.49188,24.98589]]}},{"type":"Feature","properties":{"n":"安坑隧道","k":0},"geometry":{"type":"LineString","coordinates":[[121.50876,24.97765],[121.51211,24.97767]]}},{"type":"Feature","properties":{"n":"安坑隧道","k":0},"geometry":{"type":"LineString","coordinates":[[121.51321,24.97808],[121.51229,24.97813],[121.50885,24.97809]]}},{"type":"Feature","properties":{"n":"新北環河快速道路","k":1},"geometry":{"type":"LineString","coordinates":[[121.52092,24.98401],[121.52151,24.98456],[121.52347,24.98617],[121.52564,24.98807],[121.52664,24.98901],[121.52693,24.98941],[121.52728,24.99023],[121.52872,24.99728]]}},{"type":"Feature","properties":{"n":"新北環河快速道路","k":1},"geometry":{"type":"LineString","coordinates":[[121.52857,24.9973],[121.52849,24.99659],[121.52723,24.99024],[121.52688,24.98942],[121.52641,24.98883],[121.52452,24.98712],[121.52106,24.9843],[121.51978,24.98315],[121.51939,24.98274],[121.51917,24.98243],[121.51887,24.98189],[121.51849,24.98105]]}},{"type":"Feature","properties":{"n":"新北環河快速道路","k":1},"geometry":{"type":"LineString","coordinates":[[121.48138,25.03666],[121.48136,25.03631],[121.48152,25.03382],[121.4818,25.03245],[121.48274,25.02976],[121.48472,25.02457],[121.48579,25.02158],[121.48629,25.01955],[121.48694,25.01573],[121.48739,25.01402],[121.48793,25.01274],[121.48835,25.01194],[121.48906,25.01077]]}},{"type":"Feature","properties":{"n":"新北環河快速道路","k":1},"geometry":{"type":"LineString","coordinates":[[121.4876,25.01379],[121.4873,25.01459],[121.48705,25.01554],[121.48701,25.01599],[121.48644,25.01919],[121.48606,25.0209],[121.4858,25.02184],[121.48449,25.02541],[121.48383,25.02736],[121.48208,25.03204],[121.48184,25.03282],[121.48159,25.03426],[121.48149,25.03669]]}},{"type":"Feature","properties":{"n":"新北環河快速道路","k":1},"geometry":{"type":"LineString","coordinates":[[121.5166,25.01798],[121.51468,25.01825],[121.51409,25.01827],[121.51293,25.01821],[121.51144,25.0179],[121.51032,25.01758],[121.50976,25.01735],[121.50876,25.01684],[121.50767,25.01611],[121.50662,25.0152],[121.50455,25.01317],[121.50302,25.0119],[121.50271,25.01169]]}},{"type":"Feature","properties":{"n":"新北環河快速道路","k":1},"geometry":{"type":"LineString","coordinates":[[121.50279,25.07438],[121.50312,25.0735],[121.50352,25.07218],[121.50433,25.06918],[121.50445,25.06847],[121.50451,25.06748],[121.50446,25.06599],[121.50424,25.06426],[121.50398,25.06334],[121.50363,25.06248],[121.50185,25.05909],[121.50149,25.05852],[121.50065,25.05771],[121.49734,25.05505],[121.48895,25.04803],[121.48805,25.04746],[121.48767,25.04729]]}},{"type":"Feature","properties":{"n":"新北環河快速道路","k":1},"geometry":{"type":"LineString","coordinates":[[121.48776,25.04712],[121.48815,25.04729],[121.48858,25.04758],[121.4935,25.05167],[121.4974,25.055],[121.50017,25.05726],[121.50121,25.05804],[121.5016,25.05846],[121.50213,25.0593],[121.50371,25.06247],[121.50415,25.06362],[121.50436,25.0645],[121.50457,25.06652],[121.50459,25.06747],[121.50449,25.06877],[121.50441,25.06922],[121.50359,25.07223],[121.50294,25.07427],[121.50293,25.07443]]}},{"type":"Feature","properties":{"n":"汐止五股高架道路","k":0},"geometry":{"type":"LineString","coordinates":[[121.50503,25.07821],[121.50186,25.07777],[121.49796,25.07706],[121.49666,25.07676],[121.48843,25.07463],[121.48536,25.0739],[121.48334,25.0736],[121.48241,25.07354],[121.48133,25.07351],[121.48036,25.07354],[121.47933,25.07363],[121.47818,25.0738],[121.47693,25.07406],[121.47189,25.07541],[121.47039,25.07574],[121.46806,25.07607],[121.46669,25.07614],[121.46507,25.07614],[121.46409,25.07609],[121.46233,25.07589],[121.45972,25.07533],[121.45075,25.07258],[121.4481,25.07181],[121.44573,25.07103],[121.44132,25.06967],[121.4395,25.06917]]}},{"type":"Feature","properties":{"n":"汐止五股高架道路","k":0},"geometry":{"type":"LineString","coordinates":[[121.57471,25.07026],[121.57574,25.07005],[121.57781,25.06953],[121.57937,25.06906],[121.58263,25.0678],[121.58878,25.06526],[121.59027,25.06469],[121.5918,25.06424],[121.59281,25.064],[121.59391,25.0638],[121.59519,25.06364],[121.59716,25.06355],[121.59935,25.06368],[121.61059,25.06507],[121.62119,25.06627]]}},{"type":"Feature","properties":{"n":"汐止五股高架道路","k":0},"geometry":{"type":"LineString","coordinates":[[121.63297,25.06779],[121.6323,25.06759],[121.6308,25.06733],[121.62589,25.06686],[121.6153,25.06599],[121.61353,25.06579]]}},{"type":"Feature","properties":{"n":"汐止五股高架道路","k":0},"geometry":{"type":"LineString","coordinates":[[121.43789,25.06874],[121.43929,25.06883],[121.44132,25.06928],[121.45892,25.07454],[121.46135,25.07519],[121.46253,25.07539],[121.46424,25.07557],[121.46616,25.0756],[121.46741,25.07556],[121.46874,25.07543],[121.47049,25.0752],[121.47537,25.07396],[121.47766,25.07341],[121.47855,25.07324],[121.48076,25.07303],[121.48241,25.07304],[121.48347,25.07312],[121.48519,25.07339],[121.49006,25.07451],[121.49546,25.07561],[121.49646,25.07585],[121.49905,25.07662],[121.5004,25.07695],[121.50339,25.07756],[121.50509,25.07778],[121.50601,25.07785],[121.50964,25.07793]]}},{"type":"Feature","properties":{"n":"新北大道五段","k":2},"geometry":{"type":"LineString","coordinates":[[121.42951,25.04004],[121.43882,25.05212]]}},{"type":"Feature","properties":{"n":"新北大道五段","k":2},"geometry":{"type":"LineString","coordinates":[[121.43475,25.04701],[121.43071,25.04171]]}},{"type":"Feature","properties":{"n":"新北大道五段","k":2},"geometry":{"type":"LineString","coordinates":[[121.4387,25.05233],[121.43602,25.04887],[121.43091,25.04213],[121.43062,25.04169],[121.42938,25.04011]]}},{"type":"Feature","properties":{"n":"中山高架道路","k":1},"geometry":{"type":"LineString","coordinates":[[121.47271,25.0615],[121.46637,25.06156],[121.46565,25.06145],[121.46424,25.06108],[121.45934,25.06049],[121.45118,25.06052],[121.44843,25.06023],[121.44787,25.06008],[121.44637,25.05928],[121.44256,25.05703],[121.44209,25.05666],[121.44172,25.05626],[121.44005,25.05407],[121.43767,25.05091],[121.43719,25.05019]]}},{"type":"Feature","properties":{"n":"中山高架道路","k":1},"geometry":{"type":"LineString","coordinates":[[121.43719,25.05019],[121.43475,25.04701]]}},{"type":"Feature","properties":{"n":"中山高架道路","k":1},"geometry":{"type":"LineString","coordinates":[[121.43719,25.05019],[121.43922,25.05269],[121.4407,25.05464],[121.44151,25.0558],[121.44212,25.05653],[121.44263,25.05694],[121.44307,25.05722],[121.44605,25.05895],[121.44741,25.0597],[121.44803,25.05999],[121.45053,25.06038],[121.45138,25.06045],[121.45952,25.0604],[121.46039,25.06051],[121.46128,25.06056],[121.46366,25.06088],[121.4643,25.06099],[121.46566,25.06136],[121.46617,25.06143],[121.47274,25.06144]]}},{"type":"Feature","properties":{"n":"中山高架道路","k":1},"geometry":{"type":"LineString","coordinates":[[121.49677,25.05423],[121.49603,25.0546],[121.49401,25.05543],[121.49316,25.05571],[121.49279,25.05591],[121.49195,25.0565],[121.4905,25.05775],[121.4898,25.05815],[121.48934,25.05848],[121.48901,25.05885],[121.48719,25.06127],[121.48695,25.06143],[121.48669,25.06149],[121.47913,25.06158]]}},{"type":"Feature","properties":{"n":"中山高架道路","k":1},"geometry":{"type":"LineString","coordinates":[[121.47916,25.06151],[121.4866,25.06143],[121.48689,25.06138],[121.48717,25.06118],[121.48926,25.05844],[121.48956,25.05821],[121.49044,25.05769],[121.49188,25.05644],[121.4931,25.05565],[121.49408,25.05532],[121.49598,25.05455],[121.49669,25.05416]]}},{"type":"Feature","properties":{"n":"華江橋","k":2},"geometry":{"type":"LineString","coordinates":[[121.47918,25.03585],[121.48059,25.03576],[121.48822,25.03557],[121.48844,25.0356],[121.48777,25.03567],[121.48127,25.03584],[121.47899,25.03598],[121.47856,25.03596],[121.47797,25.0358],[121.47729,25.03543],[121.47629,25.03442]]}},{"type":"Feature","properties":{"n":"重新橋","k":2},"geometry":{"type":"LineString","coordinates":[[121.48607,25.05504],[121.48525,25.05291],[121.48482,25.05226],[121.48415,25.05164],[121.47739,25.04836]]}},{"type":"Feature","properties":{"n":"重新橋","k":2},"geometry":{"type":"LineString","coordinates":[[121.47743,25.0483],[121.48383,25.05139],[121.48433,25.05169],[121.48492,25.05227],[121.48532,25.0529],[121.48616,25.05501]]}},{"type":"Feature","properties":{"n":"重新路五段","k":2},"geometry":{"type":"LineString","coordinates":[[121.4662,25.04245],[121.46905,25.0452],[121.46975,25.04571],[121.47299,25.0468],[121.47621,25.04773],[121.47743,25.0483]]}},{"type":"Feature","properties":{"n":"重新路五段","k":2},"geometry":{"type":"LineString","coordinates":[[121.47739,25.04836],[121.47623,25.04784],[121.47235,25.0467],[121.47064,25.04613],[121.46972,25.04577],[121.46893,25.04522],[121.46616,25.04256]]}},{"type":"Feature","properties":{"n":"新北大道四段","k":2},"geometry":{"type":"LineString","coordinates":[[121.43882,25.05212],[121.44176,25.05601],[121.44252,25.05684]]}},{"type":"Feature","properties":{"n":"新北大道四段","k":2},"geometry":{"type":"LineString","coordinates":[[121.44235,25.05699],[121.44209,25.05683],[121.44166,25.05632],[121.4387,25.05233]]}},{"type":"Feature","properties":{"n":"新北大道四段","k":2},"geometry":{"type":"LineString","coordinates":[[121.4433,25.05755],[121.44235,25.05699]]}},{"type":"Feature","properties":{"n":"新北大道四段","k":2},"geometry":{"type":"LineString","coordinates":[[121.44041,25.05419],[121.44036,25.05434],[121.44181,25.05628],[121.44221,25.05667]]}},{"type":"Feature","properties":{"n":"新北大道四段","k":2},"geometry":{"type":"LineString","coordinates":[[121.44235,25.05699],[121.44221,25.05667]]}},{"type":"Feature","properties":{"n":"新北大道四段","k":2},"geometry":{"type":"LineString","coordinates":[[121.44221,25.05667],[121.44252,25.05684]]}},{"type":"Feature","properties":{"n":"新北大道四段","k":2},"geometry":{"type":"LineString","coordinates":[[121.4502,25.06046],[121.44845,25.06026],[121.44777,25.06008],[121.44617,25.05924],[121.44378,25.05788],[121.4433,25.05755]]}},{"type":"Feature","properties":{"n":"新北大道四段","k":2},"geometry":{"type":"LineString","coordinates":[[121.44498,25.0584],[121.44351,25.05756],[121.4433,25.05755]]}},{"type":"Feature","properties":{"n":"新北大道四段","k":2},"geometry":{"type":"LineString","coordinates":[[121.44688,25.0596],[121.44597,25.05898],[121.44498,25.0584],[121.44447,25.05827]]}},{"type":"Feature","properties":{"n":"新北大道四段","k":2},"geometry":{"type":"LineString","coordinates":[[121.44252,25.05684],[121.4432,25.05719],[121.44781,25.05986],[121.44845,25.06004],[121.45037,25.06029]]}},{"type":"Feature","properties":{"n":"新北大道四段","k":2},"geometry":{"type":"LineString","coordinates":[[121.45113,25.06059],[121.45024,25.06046]]}},{"type":"Feature","properties":{"n":"新北大道四段","k":2},"geometry":{"type":"LineString","coordinates":[[121.45102,25.06047],[121.45114,25.06048]]}},{"type":"Feature","properties":{"n":"新北大道四段","k":2},"geometry":{"type":"LineString","coordinates":[[121.45037,25.06029],[121.45114,25.06037]]}},{"type":"Feature","properties":{"n":"新北大道四段","k":2},"geometry":{"type":"LineString","coordinates":[[121.45037,25.06029],[121.45086,25.06045]]}},{"type":"Feature","properties":{"n":"新北大道四段","k":2},"geometry":{"type":"LineString","coordinates":[[121.45102,25.06047],[121.45048,25.06043],[121.45024,25.06046]]}},{"type":"Feature","properties":{"n":"新北大道四段","k":2},"geometry":{"type":"LineString","coordinates":[[121.45028,25.06037],[121.45086,25.06045]]}},{"type":"Feature","properties":{"n":"新北大道四段","k":2},"geometry":{"type":"LineString","coordinates":[[121.45086,25.06045],[121.45102,25.06047]]}},{"type":"Feature","properties":{"n":"新北大道四段","k":2},"geometry":{"type":"LineString","coordinates":[[121.45024,25.06046],[121.4502,25.06046]]}},{"type":"Feature","properties":{"n":"新北大道四段","k":2},"geometry":{"type":"LineString","coordinates":[[121.45024,25.06046],[121.4502,25.06046]]}},{"type":"Feature","properties":{"n":"新北大道三段","k":2},"geometry":{"type":"LineString","coordinates":[[121.45993,25.0606],[121.45948,25.06052],[121.45113,25.06059]]}},{"type":"Feature","properties":{"n":"新北大道三段","k":2},"geometry":{"type":"LineString","coordinates":[[121.45114,25.06037],[121.45467,25.06037],[121.45929,25.0603],[121.45996,25.0604],[121.45976,25.06048],[121.45935,25.06044],[121.45114,25.06048]]}},{"type":"Feature","properties":{"n":"新北大道二段","k":2},"geometry":{"type":"LineString","coordinates":[[121.45996,25.0604],[121.46138,25.06054],[121.46405,25.0609],[121.46608,25.06139],[121.47054,25.0614]]}},{"type":"Feature","properties":{"n":"新北大道二段","k":2},"geometry":{"type":"LineString","coordinates":[[121.47054,25.06157],[121.46612,25.06159],[121.46448,25.06117],[121.46266,25.0609],[121.45993,25.0606]]}},{"type":"Feature","properties":{"n":"中山橋","k":2},"geometry":{"type":"LineString","coordinates":[[121.47244,25.06153],[121.47054,25.06157]]}},{"type":"Feature","properties":{"n":"中山橋","k":2},"geometry":{"type":"LineString","coordinates":[[121.47054,25.0614],[121.47256,25.06142]]}},{"type":"Feature","properties":{"n":"中山橋","k":1},"geometry":{"type":"LineString","coordinates":[[121.47913,25.06158],[121.47616,25.06161],[121.47271,25.0615]]}},{"type":"Feature","properties":{"n":"中山橋","k":1},"geometry":{"type":"LineString","coordinates":[[121.47274,25.06144],[121.47916,25.06151]]}},{"type":"Feature","properties":{"n":"台64線／重翠大橋","k":1},"geometry":{"type":"LineString","coordinates":[[121.47806,25.03781],[121.47984,25.03806],[121.4803,25.03825],[121.48072,25.03858],[121.48099,25.039],[121.48107,25.03926],[121.4811,25.03967],[121.48099,25.04015],[121.47899,25.04388],[121.47875,25.04443],[121.47869,25.04468],[121.47866,25.04521],[121.47871,25.04548],[121.47894,25.04606],[121.47944,25.047],[121.47961,25.04759],[121.47966,25.04804]]}},{"type":"Feature","properties":{"n":"台64線／重翠大橋","k":1},"geometry":{"type":"LineString","coordinates":[[121.47955,25.04807],[121.47943,25.04766],[121.47932,25.04747],[121.47867,25.0467],[121.47836,25.04622],[121.47815,25.04564],[121.47811,25.04505],[121.47827,25.04438],[121.4795,25.04206],[121.4802,25.04063],[121.48051,25.03981],[121.48052,25.03931],[121.48034,25.03883],[121.48002,25.03844],[121.47982,25.03829],[121.47936,25.03809],[121.47804,25.0379]]}},{"type":"Feature","properties":{"n":"新北環快／重翠大橋","k":1},"geometry":{"type":"LineString","coordinates":[[121.48149,25.03669],[121.48134,25.0381],[121.48112,25.03907],[121.48088,25.0398],[121.48033,25.04107],[121.47925,25.04309],[121.47871,25.04421],[121.47851,25.04488],[121.47851,25.04533],[121.47876,25.04604],[121.47929,25.04671],[121.47984,25.04706]]}},{"type":"Feature","properties":{"n":"新北環快／重翠大橋","k":1},"geometry":{"type":"LineString","coordinates":[[121.4797,25.04728],[121.47908,25.04687],[121.47873,25.04651],[121.47859,25.0463],[121.47831,25.0456],[121.47827,25.04536],[121.47828,25.04481],[121.47849,25.04413],[121.48032,25.04089],[121.48082,25.03973],[121.48099,25.03922],[121.48123,25.0382],[121.48137,25.03716],[121.48138,25.03666]]}},{"type":"Feature","properties":{"n":"新北大橋","k":1},"geometry":{"type":"LineString","coordinates":[[121.48767,25.04729],[121.48724,25.04715],[121.48668,25.04704],[121.48605,25.04703],[121.48094,25.04754],[121.48032,25.04748],[121.4797,25.04728]]}},{"type":"Feature","properties":{"n":"新北大橋","k":1},"geometry":{"type":"LineString","coordinates":[[121.47984,25.04706],[121.48045,25.04726],[121.48116,25.04733],[121.48636,25.04683],[121.48704,25.0469],[121.48776,25.04712]]}},{"type":"Feature","properties":{"n":"忠孝橋","k":2},"geometry":{"type":"LineString","coordinates":[[121.50554,25.04934],[121.49677,25.05423],[121.49672,25.05431],[121.49632,25.05455],[121.49431,25.05537]]}},{"type":"Feature","properties":{"n":"忠孝橋","k":2},"geometry":{"type":"LineString","coordinates":[[121.49437,25.05514],[121.49669,25.05416],[121.50524,25.0494]]}},{"type":"Feature","properties":{"n":"市民大道高架道路","k":1},"geometry":{"type":"LineString","coordinates":[[121.50375,25.05021],[121.50381,25.05013],[121.50459,25.0497],[121.50466,25.04959],[121.50469,25.04941],[121.50448,25.04899]]}},{"type":"Feature","properties":{"n":"市民大道高架道路","k":1},"geometry":{"type":"LineString","coordinates":[[121.50517,25.05],[121.505,25.04985],[121.50478,25.04984],[121.5041,25.0502],[121.50392,25.05025]]}},{"type":"Feature","properties":{"n":"重新路四段","k":2},"geometry":{"type":"LineString","coordinates":[[121.48616,25.05501],[121.48677,25.05655],[121.48807,25.05739],[121.48937,25.05831]]}},{"type":"Feature","properties":{"n":"重新路四段","k":2},"geometry":{"type":"LineString","coordinates":[[121.48929,25.05839],[121.48662,25.05659],[121.48607,25.05504]]}},{"type":"Feature","properties":{"n":"重新路三段","k":2},"geometry":{"type":"LineString","coordinates":[[121.49557,25.06163],[121.4931,25.06124],[121.49284,25.06106],[121.4927,25.06079],[121.49258,25.06069],[121.48929,25.05839]]}},{"type":"Feature","properties":{"n":"重新路三段","k":2},"geometry":{"type":"LineString","coordinates":[[121.48937,25.05831],[121.49336,25.06107],[121.49374,25.06122],[121.49558,25.06154]]}},{"type":"Feature","properties":{"n":"重安街","k":2},"geometry":{"type":"LineString","coordinates":[[121.48937,25.05831],[121.48969,25.05807],[121.49041,25.05766],[121.49179,25.05645],[121.49274,25.0558],[121.49308,25.05561],[121.49423,25.0552]]}},{"type":"Feature","properties":{"n":"重安街","k":2},"geometry":{"type":"LineString","coordinates":[[121.49395,25.05549],[121.49327,25.05571],[121.49283,25.05593],[121.49189,25.0566],[121.49054,25.05777],[121.48949,25.05839]]}},{"type":"Feature","properties":{"n":"新北大道一段","k":2},"geometry":{"type":"LineString","coordinates":[[121.48606,25.06154],[121.48597,25.06151],[121.48391,25.06156]]}},{"type":"Feature","properties":{"n":"新北大道一段","k":2},"geometry":{"type":"LineString","coordinates":[[121.48407,25.06138],[121.48419,25.06141],[121.48604,25.06136]]}},{"type":"Feature","properties":{"n":"新北大道一段","k":2},"geometry":{"type":"LineString","coordinates":[[121.48201,25.06141],[121.48407,25.06138]]}},{"type":"Feature","properties":{"n":"新北大道一段","k":2},"geometry":{"type":"LineString","coordinates":[[121.48407,25.06138],[121.48598,25.06133],[121.48704,25.06139]]}},{"type":"Feature","properties":{"n":"新北大道一段","k":2},"geometry":{"type":"LineString","coordinates":[[121.48695,25.0615],[121.48541,25.06157],[121.4821,25.06159]]}},{"type":"Feature","properties":{"n":"過圳街","k":2},"geometry":{"type":"LineString","coordinates":[[121.48949,25.05839],[121.4891,25.05876],[121.48901,25.05878]]}},{"type":"Feature","properties":{"n":"過圳街","k":2},"geometry":{"type":"LineString","coordinates":[[121.48901,25.05878],[121.48695,25.0615]]}},{"type":"Feature","properties":{"n":"過圳街","k":2},"geometry":{"type":"LineString","coordinates":[[121.48901,25.05878],[121.48901,25.05871],[121.48937,25.05831]]}},{"type":"Feature","properties":{"n":"台北大橋","k":2},"geometry":{"type":"LineString","coordinates":[[121.50286,25.06398],[121.5033,25.06406],[121.50372,25.06406],[121.50846,25.06334],[121.50865,25.06336]]}},{"type":"Feature","properties":{"n":"台北大橋","k":2},"geometry":{"type":"LineString","coordinates":[[121.50651,25.06373],[121.50365,25.06414],[121.50327,25.06413],[121.50285,25.06405]]}},{"type":"Feature","properties":{"n":"重新路二段","k":2},"geometry":{"type":"LineString","coordinates":[[121.49989,25.06299],[121.49705,25.06195],[121.49629,25.06174],[121.49557,25.06163]]}},{"type":"Feature","properties":{"n":"重新路二段","k":2},"geometry":{"type":"LineString","coordinates":[[121.49558,25.06154],[121.49629,25.06165],[121.497,25.06185],[121.49992,25.06291]]}},{"type":"Feature","properties":{"n":"重新路一段","k":2},"geometry":{"type":"LineString","coordinates":[[121.49992,25.06291],[121.50286,25.06398]]}},{"type":"Feature","properties":{"n":"重新路一段","k":2},"geometry":{"type":"LineString","coordinates":[[121.50285,25.06405],[121.49989,25.06299]]}},{"type":"Feature","properties":{"n":"淡水河橋","k":0},"geometry":{"type":"LineString","coordinates":[[121.50103,25.07726],[121.50304,25.07763],[121.50575,25.07797],[121.50663,25.07804],[121.50935,25.07812]]}},{"type":"Feature","properties":{"n":"淡水河橋","k":0},"geometry":{"type":"LineString","coordinates":[[121.50935,25.07828],[121.50789,25.07826],[121.5059,25.07815],[121.50338,25.07785],[121.50098,25.07742]]}},{"type":"Feature","properties":{"n":"北新路二段","k":2},"geometry":{"type":"LineString","coordinates":[[121.54238,24.97888],[121.54273,24.97769],[121.54284,24.97683],[121.54289,24.9734]]}},{"type":"Feature","properties":{"n":"北新路二段","k":2},"geometry":{"type":"LineString","coordinates":[[121.54297,24.97344],[121.543,24.97433],[121.54293,24.97703],[121.54287,24.97759],[121.54277,24.97801],[121.54248,24.9789]]}},{"type":"Feature","properties":{"n":"鳴遠橋","k":2},"geometry":{"type":"LineString","coordinates":[[121.54061,24.98541],[121.54019,24.98638],[121.54004,24.98691]]}},{"type":"Feature","properties":{"n":"鳴遠橋","k":2},"geometry":{"type":"LineString","coordinates":[[121.53993,24.98688],[121.54009,24.98635],[121.5405,24.98537]]}},{"type":"Feature","properties":{"n":"北新路三段","k":2},"geometry":{"type":"LineString","coordinates":[[121.5405,24.98537],[121.54093,24.98443],[121.54106,24.98402],[121.54121,24.98344],[121.54148,24.98187],[121.54238,24.97888]]}},{"type":"Feature","properties":{"n":"北新路三段","k":2},"geometry":{"type":"LineString","coordinates":[[121.54248,24.9789],[121.54163,24.9817],[121.5412,24.984],[121.54061,24.98541]]}},{"type":"Feature","properties":{"n":"北新橋","k":2},"geometry":{"type":"LineString","coordinates":[[121.54004,24.98691],[121.53968,24.98854]]}},{"type":"Feature","properties":{"n":"北新橋","k":2},"geometry":{"type":"LineString","coordinates":[[121.53957,24.98855],[121.53993,24.98688]]}},{"type":"Feature","properties":{"n":"水源快速道路","k":1},"geometry":{"type":"LineString","coordinates":[[121.53554,24.99609],[121.53553,24.99569],[121.53536,24.99511],[121.5352,24.99477],[121.53319,24.99181]]}},{"type":"Feature","properties":{"n":"水源快速道路","k":1},"geometry":{"type":"LineString","coordinates":[[121.53334,24.99178],[121.53525,24.99464],[121.53544,24.99501],[121.53557,24.99544],[121.53565,24.99625]]}},{"type":"Feature","properties":{"n":"景美溪橋","k":0},"geometry":{"type":"LineString","coordinates":[[121.59378,24.99539],[121.59588,25.00491]]}},{"type":"Feature","properties":{"n":"台北聯絡線","k":0},"geometry":{"type":"LineString","coordinates":[[121.60008,25.00204],[121.59958,25.00205]]}},{"type":"Feature","properties":{"n":"台北聯絡線","k":0},"geometry":{"type":"LineString","coordinates":[[121.59945,25.00194],[121.59968,25.00198],[121.60005,25.00195]]}},{"type":"Feature","properties":{"n":"福德隧道","k":0},"geometry":{"type":"LineString","coordinates":[[121.60194,25.02385],[121.60106,25.02293],[121.60034,25.02203],[121.59945,25.02039],[121.59882,25.0188],[121.59745,25.01368],[121.59639,25.00919]]}},{"type":"Feature","properties":{"n":"福德隧道","k":0},"geometry":{"type":"LineString","coordinates":[[121.59682,25.00939],[121.59788,25.01419],[121.59858,25.01713],[121.59929,25.01929],[121.59998,25.02083],[121.60064,25.02185],[121.6012,25.02257],[121.60233,25.02371]]}},{"type":"Feature","properties":{"n":"石碇隧道","k":0},"geometry":{"type":"LineString","coordinates":[[121.64425,25.01254],[121.64399,25.01296],[121.64341,25.0142],[121.64303,25.0152],[121.64217,25.01825],[121.64097,25.02171],[121.63968,25.02457],[121.63889,25.02563],[121.63781,25.0273],[121.63702,25.02823],[121.63631,25.02894],[121.63448,25.03054],[121.63359,25.03118],[121.63177,25.03233],[121.63075,25.03279]]}},{"type":"Feature","properties":{"n":"石碇隧道","k":0},"geometry":{"type":"LineString","coordinates":[[121.63065,25.0325],[121.6317,25.03201],[121.63262,25.03144],[121.63427,25.03031],[121.63548,25.02927],[121.63627,25.02853],[121.6372,25.02751],[121.63773,25.02686],[121.63882,25.02534],[121.63938,25.02442],[121.64065,25.0216],[121.64183,25.01817],[121.64276,25.0151],[121.64347,25.0133],[121.64389,25.01249]]}},{"type":"Feature","properties":{"n":"大同路一段","k":2},"geometry":{"type":"LineString","coordinates":[[121.62288,25.05489],[121.62167,25.05498],[121.62094,25.05497]]}},{"type":"Feature","properties":{"n":"大同路一段","k":2},"geometry":{"type":"LineString","coordinates":[[121.62096,25.05488],[121.62169,25.05489],[121.62434,25.05466],[121.62617,25.05404],[121.62713,25.05382],[121.62766,25.05377],[121.62855,25.05389],[121.63015,25.05439],[121.63064,25.05465],[121.63342,25.05708],[121.63395,25.05735],[121.63864,25.05932],[121.64151,25.06063],[121.64662,25.06272]]}},{"type":"Feature","properties":{"n":"大同路一段","k":2},"geometry":{"type":"LineString","coordinates":[[121.64656,25.0628],[121.64174,25.06083],[121.63871,25.05945],[121.6338,25.05739],[121.63313,25.057],[121.63056,25.05472],[121.63022,25.05451],[121.62962,25.05431]]}},{"type":"Feature","properties":{"n":"南港橋","k":2},"geometry":{"type":"LineString","coordinates":[[121.62094,25.05497],[121.62059,25.0549]]}},{"type":"Feature","properties":{"n":"南港橋","k":2},"geometry":{"type":"LineString","coordinates":[[121.62062,25.0548],[121.62096,25.05488]]}},{"type":"Feature","properties":{"n":"新台五路一段","k":2},"geometry":{"type":"LineString","coordinates":[[121.65978,25.06501],[121.65805,25.0642]]}},{"type":"Feature","properties":{"n":"新台五路一段","k":2},"geometry":{"type":"LineString","coordinates":[[121.65805,25.06407],[121.65979,25.06485]]}},{"type":"Feature","properties":{"n":"新台五路一段","k":2},"geometry":{"type":"LineString","coordinates":[[121.65215,25.06175],[121.65219,25.06162]]}},{"type":"Feature","properties":{"n":"新台五路一段","k":2},"geometry":{"type":"LineString","coordinates":[[121.6576,25.064],[121.65649,25.0635],[121.65202,25.0617],[121.65142,25.06156],[121.65064,25.06145],[121.64888,25.06135],[121.64763,25.0612],[121.6468,25.061],[121.64589,25.06067],[121.645,25.06024],[121.64438,25.05982],[121.64359,25.05919],[121.64184,25.05764],[121.64091,25.05691],[121.64002,25.05641],[121.63935,25.05613],[121.6386,25.05596],[121.6377,25.05588],[121.6371,25.05588],[121.63637,25.05597],[121.63554,25.0562],[121.63327,25.05711],[121.63331,25.05699],[121.63426,25.05659],[121.63593,25.05598],[121.63635,25.05587],[121.63705,25.05576],[121.63761,25.05574],[121.63836,25.05579],[121.63916,25.05595],[121.63993,25.05622],[121.64084,25.05672],[121.64195,25.05757],[121.64401,25.05938],[121.64489,25.06],[121.64585,25.06051],[121.6471,25.06094],[121.64788,25.06112],[121.65098,25.06137],[121.65219,25.06162],[121.65568,25.06303],[121.65763,25.06387]]}},{"type":"Feature","properties":{"n":"北山大橋","k":2},"geometry":{"type":"LineString","coordinates":[[121.62962,25.05431],[121.62906,25.05427],[121.62856,25.05433],[121.6283,25.05442],[121.62734,25.05492],[121.62696,25.05503],[121.62629,25.05512],[121.62566,25.05508],[121.6239,25.05483],[121.62288,25.05489]]}},{"type":"Feature","properties":{"n":"中山高汐止五股高架橋","k":0},"geometry":{"type":"LineString","coordinates":[[121.6336,25.06797],[121.63297,25.06779]]}},{"type":"Feature","properties":{"n":"關渡大橋","k":2},"geometry":{"type":"LineString","coordinates":[[121.455,25.12426],[121.45371,25.12349],[121.45335,25.12333],[121.45303,25.12325],[121.45271,25.12328],[121.4525,25.1234],[121.45235,25.12358],[121.4523,25.1237],[121.45231,25.12391],[121.45234,25.12402],[121.4525,25.12422],[121.45296,25.12449],[121.45306,25.12463],[121.4531,25.12483],[121.45305,25.12514]]}},{"type":"Feature","properties":{"n":"關渡大橋","k":2},"geometry":{"type":"LineString","coordinates":[[121.455,25.12426],[121.45437,25.12406],[121.45403,25.12409],[121.4538,25.12419],[121.45358,25.12441],[121.45318,25.12521],[121.4531,25.12527]]}},{"type":"Feature","properties":{"n":"關渡大橋","k":2},"geometry":{"type":"LineString","coordinates":[[121.46034,25.12732],[121.455,25.12426]]}},{"type":"Feature","properties":{"n":"關渡大橋","k":2},"geometry":{"type":"LineString","coordinates":[[121.46034,25.12732],[121.46099,25.12757],[121.46124,25.12756],[121.46165,25.12739],[121.4619,25.12712],[121.46193,25.12693],[121.46188,25.12675],[121.46161,25.12655],[121.4613,25.12655],[121.46114,25.12663],[121.46078,25.12708]]}},{"type":"Feature","properties":{"n":"關渡大橋","k":2},"geometry":{"type":"LineString","coordinates":[[121.46036,25.12793],[121.46024,25.12829],[121.46022,25.12853],[121.46028,25.12869],[121.4605,25.12885],[121.46079,25.12888],[121.46105,25.12875],[121.46119,25.12846],[121.4612,25.12827],[121.46117,25.12809],[121.46098,25.12779],[121.46034,25.12732]]}},{"type":"Feature","properties":{"n":"龍米路一段","k":2},"geometry":{"type":"LineString","coordinates":[[121.44838,25.14006],[121.44936,25.13805],[121.45002,25.13565],[121.4514,25.13263],[121.45147,25.13221],[121.4514,25.13064],[121.45142,25.13024],[121.45197,25.12768]]}},{"type":"Feature","properties":{"n":"龍米路一段","k":2},"geometry":{"type":"LineString","coordinates":[[121.45217,25.1272],[121.45151,25.13025],[121.45155,25.13222],[121.45151,25.13254],[121.45015,25.13556],[121.44945,25.13807],[121.44848,25.14009]]}},{"type":"Feature","properties":{"n":"龍米路一段","k":2},"geometry":{"type":"LineString","coordinates":[[121.45208,25.12717],[121.45231,25.12658],[121.4529,25.1255],[121.45305,25.12514]]}},{"type":"Feature","properties":{"n":"龍米路一段","k":2},"geometry":{"type":"LineString","coordinates":[[121.4531,25.12527],[121.45231,25.12678],[121.45219,25.12711]]}},{"type":"Feature","properties":{"n":"大度路三段","k":2},"geometry":{"type":"LineString","coordinates":[[121.46493,25.12372],[121.46414,25.12401]]}},{"type":"Feature","properties":{"n":"艋舺橋","k":2},"geometry":{"type":"LineString","coordinates":[[121.45197,25.12768],[121.45208,25.12717]]}},{"type":"Feature","properties":{"n":"艋舺橋","k":2},"geometry":{"type":"LineString","coordinates":[[121.45219,25.12711],[121.45217,25.1272]]}},{"type":"Feature","properties":{"n":"龍米路二段","k":2},"geometry":{"type":"LineString","coordinates":[[121.44848,25.14009],[121.4481,25.14099],[121.44748,25.14273],[121.44709,25.14354],[121.44656,25.14515],[121.44622,25.146],[121.44607,25.14661],[121.44589,25.14704],[121.4456,25.14742],[121.44496,25.14802],[121.44474,25.14832],[121.44445,25.14891],[121.44418,25.14928],[121.44341,25.15003],[121.44246,25.1512],[121.44035,25.15347],[121.43993,25.15377],[121.43811,25.15463],[121.43785,25.1549],[121.4374,25.15562],[121.43687,25.15609],[121.43595,25.15671],[121.43524,25.15778],[121.43465,25.15817],[121.43441,25.15828],[121.43383,25.15842],[121.43242,25.15841],[121.42941,25.15897]]}},{"type":"Feature","properties":{"n":"龍米路二段","k":2},"geometry":{"type":"LineString","coordinates":[[121.42941,25.15888],[121.43226,25.15834],[121.43267,25.1583],[121.4334,25.15837],[121.43385,25.15834],[121.43418,25.15826],[121.43474,25.15803],[121.43501,25.15788],[121.43515,25.15774],[121.43587,25.15666],[121.43664,25.15614],[121.43732,25.15558],[121.43785,25.15472],[121.43802,25.15457],[121.43995,25.15366],[121.44029,25.15341],[121.44238,25.15115],[121.44347,25.14985],[121.44411,25.14923],[121.44431,25.14897],[121.44482,25.14806],[121.44506,25.14777],[121.44549,25.14741],[121.44581,25.14701],[121.44701,25.14352],[121.44741,25.14268],[121.44803,25.14091],[121.44838,25.14006]]}},{"type":"Feature","properties":{"n":"中正東路二段","k":2},"geometry":{"type":"LineString","coordinates":[[121.45972,25.14245],[121.45969,25.14817],[121.45943,25.15229],[121.45942,25.15541],[121.45931,25.15598],[121.45908,25.15656],[121.45879,25.1571]]}},{"type":"Feature","properties":{"n":"中正東路二段","k":2},"geometry":{"type":"LineString","coordinates":[[121.45861,25.15711],[121.45919,25.15595],[121.4593,25.15538],[121.45927,25.1528],[121.45933,25.15202],[121.45932,25.1514],[121.45949,25.14901],[121.45959,25.14245]]}},{"type":"Feature","properties":{"n":"竹圍橋","k":2},"geometry":{"type":"LineString","coordinates":[[121.45973,25.1382],[121.45976,25.13812]]}},{"type":"Feature","properties":{"n":"竹圍橋","k":2},"geometry":{"type":"LineString","coordinates":[[121.45989,25.13816],[121.45986,25.13824]]}},{"type":"Feature","properties":{"n":"中山路","k":2},"geometry":{"type":"LineString","coordinates":[[121.44474,25.16901],[121.44448,25.16939],[121.44401,25.17036],[121.44379,25.17049],[121.44353,25.17053],[121.44277,25.17053],[121.44241,25.17056],[121.44223,25.17063],[121.44101,25.17161],[121.44043,25.17235]]}},{"type":"Feature","properties":{"n":"中山路","k":2},"geometry":{"type":"LineString","coordinates":[[121.44038,25.17227],[121.44096,25.17154],[121.44176,25.17085],[121.44217,25.17057],[121.44254,25.17047],[121.44357,25.17045],[121.44392,25.17032],[121.44404,25.17019],[121.44427,25.16959],[121.44466,25.16895]]}},{"type":"Feature","properties":{"n":"中山路","k":2},"geometry":{"type":"LineString","coordinates":[[121.79552,25.11027],[121.79715,25.10988],[121.7983,25.10923],[121.79877,25.10881],[121.79912,25.10803],[121.79938,25.10766],[121.79994,25.10723],[121.80047,25.1069],[121.80261,25.10646],[121.80432,25.10619]]}},{"type":"Feature","properties":{"n":"中山路","k":2},"geometry":{"type":"LineString","coordinates":[[121.87268,25.02626],[121.87123,25.02707],[121.8707,25.02761],[121.87046,25.0282],[121.87042,25.02842],[121.87038,25.029],[121.8705,25.03],[121.87046,25.03058],[121.87035,25.0308],[121.87018,25.03095],[121.86991,25.03106],[121.86914,25.03118],[121.86761,25.03169],[121.8663,25.03221],[121.86506,25.03279]]}},{"type":"Feature","properties":{"n":"中山路","k":2},"geometry":{"type":"LineString","coordinates":[[121.64146,25.2175],[121.64239,25.21657]]}},{"type":"Feature","properties":{"n":"中山路","k":2},"geometry":{"type":"LineString","coordinates":[[121.64246,25.21661],[121.64143,25.2177]]}},{"type":"Feature","properties":{"n":"中正東路","k":2},"geometry":{"type":"LineString","coordinates":[[121.4506,25.16463],[121.45039,25.16494],[121.44997,25.16532],[121.44929,25.16572],[121.44848,25.16604],[121.44826,25.1662],[121.44809,25.1664],[121.44755,25.1673],[121.44729,25.16757],[121.44528,25.16864],[121.44474,25.16901]]}},{"type":"Feature","properties":{"n":"中正東路","k":2},"geometry":{"type":"LineString","coordinates":[[121.44466,25.16895],[121.44519,25.16859],[121.44665,25.16785],[121.44727,25.16747],[121.44754,25.16718],[121.44804,25.16633],[121.44819,25.16617],[121.4484,25.166],[121.44944,25.16556],[121.44982,25.16532],[121.45015,25.16507],[121.45051,25.1646]]}},{"type":"Feature","properties":{"n":"中正東路一段","k":2},"geometry":{"type":"LineString","coordinates":[[121.45213,25.16304],[121.45099,25.16397],[121.4506,25.16463]]}},{"type":"Feature","properties":{"n":"中正東路一段","k":2},"geometry":{"type":"LineString","coordinates":[[121.45051,25.1646],[121.45087,25.16397],[121.45207,25.16301]]}},{"type":"Feature","properties":{"n":"中正東路一段","k":2},"geometry":{"type":"LineString","coordinates":[[121.45879,25.1571],[121.45859,25.15742],[121.45794,25.15809],[121.45721,25.15863],[121.45548,25.1593],[121.45428,25.1597],[121.45406,25.15982],[121.45373,25.16008],[121.45326,25.16066],[121.45306,25.16137]]}},{"type":"Feature","properties":{"n":"中正東路一段","k":2},"geometry":{"type":"LineString","coordinates":[[121.45296,25.16139],[121.45308,25.16087],[121.4533,25.1604],[121.45382,25.15987],[121.45448,25.15954],[121.45671,25.15874],[121.45709,25.15856],[121.45782,25.15808],[121.45816,25.15773],[121.45861,25.15711]]}},{"type":"Feature","properties":{"n":"中正東路一段","k":2},"geometry":{"type":"LineString","coordinates":[[121.453,25.16164],[121.45254,25.16253],[121.45236,25.16276]]}},{"type":"Feature","properties":{"n":"中正東路一段","k":2},"geometry":{"type":"LineString","coordinates":[[121.4523,25.16272],[121.45273,25.16204],[121.45292,25.16162]]}},{"type":"Feature","properties":{"n":"松壽橋","k":2},"geometry":{"type":"LineString","coordinates":[[121.42863,25.17551],[121.42836,25.17559]]}},{"type":"Feature","properties":{"n":"松壽橋","k":2},"geometry":{"type":"LineString","coordinates":[[121.42833,25.17551],[121.42859,25.17543]]}},{"type":"Feature","properties":{"n":"文化路","k":2},"geometry":{"type":"LineString","coordinates":[[121.44043,25.17235],[121.43886,25.17291],[121.43801,25.17296],[121.43542,25.17351]]}},{"type":"Feature","properties":{"n":"文化路","k":2},"geometry":{"type":"LineString","coordinates":[[121.43536,25.17343],[121.43803,25.17288],[121.43884,25.17285],[121.44038,25.17227]]}},{"type":"Feature","properties":{"n":"淡金路二段","k":2},"geometry":{"type":"LineString","coordinates":[[121.45303,25.18075],[121.44899,25.18329],[121.44789,25.18425],[121.44746,25.18486],[121.44702,25.18591],[121.4469,25.1866],[121.44699,25.18876]]}},{"type":"Feature","properties":{"n":"淡金路二段","k":2},"geometry":{"type":"LineString","coordinates":[[121.44685,25.18877],[121.44674,25.18718],[121.44676,25.18645],[121.44684,25.18595],[121.44709,25.1853],[121.4474,25.18472],[121.44774,25.18422],[121.44798,25.18395],[121.44882,25.18323],[121.45288,25.18067]]}},{"type":"Feature","properties":{"n":"淡金路二段","k":2},"geometry":{"type":"LineString","coordinates":[[121.44566,25.19614],[121.44562,25.19556],[121.44575,25.19492],[121.4469,25.19128],[121.44696,25.1908],[121.44696,25.19028],[121.44688,25.18928]]}},{"type":"Feature","properties":{"n":"淡金路二段","k":2},"geometry":{"type":"LineString","coordinates":[[121.44702,25.18928],[121.4471,25.1907],[121.44704,25.19127],[121.44585,25.19499],[121.44575,25.19593],[121.44588,25.19653]]}},{"type":"Feature","properties":{"n":"鼻頭橋","k":2},"geometry":{"type":"LineString","coordinates":[[121.45306,25.16137],[121.453,25.16164]]}},{"type":"Feature","properties":{"n":"鼻頭橋","k":2},"geometry":{"type":"LineString","coordinates":[[121.45292,25.16162],[121.45296,25.16139]]}},{"type":"Feature","properties":{"n":"淡金路","k":2},"geometry":{"type":"LineString","coordinates":[[121.45859,25.15742],[121.45664,25.16069],[121.45645,25.1611],[121.45634,25.16162],[121.45629,25.16215],[121.45631,25.16251],[121.45644,25.1631],[121.45679,25.16368],[121.45747,25.16435]]}},{"type":"Feature","properties":{"n":"淡金路","k":2},"geometry":{"type":"LineString","coordinates":[[121.45734,25.16439],[121.45673,25.16376],[121.45641,25.16331],[121.45626,25.16291],[121.45616,25.16243],[121.45616,25.16152],[121.45625,25.16107],[121.45656,25.16036],[121.45794,25.15809]]}},{"type":"Feature","properties":{"n":"淡金路","k":2},"geometry":{"type":"LineString","coordinates":[[121.46076,25.16898],[121.46076,25.16854],[121.46067,25.16815],[121.46057,25.16783],[121.46041,25.16753],[121.46018,25.16722],[121.45937,25.16635],[121.45755,25.16462]]}},{"type":"Feature","properties":{"n":"淡金路","k":2},"geometry":{"type":"LineString","coordinates":[[121.45765,25.16454],[121.46017,25.16698],[121.46058,25.16752],[121.46082,25.16815],[121.46091,25.16854],[121.46093,25.16896]]}},{"type":"Feature","properties":{"n":"淡金路一段","k":2},"geometry":{"type":"LineString","coordinates":[[121.46093,25.16896],[121.46081,25.16965]]}},{"type":"Feature","properties":{"n":"淡金路一段","k":2},"geometry":{"type":"LineString","coordinates":[[121.46065,25.1696],[121.46076,25.16898]]}},{"type":"Feature","properties":{"n":"淡金路一段","k":2},"geometry":{"type":"LineString","coordinates":[[121.45834,25.17343],[121.4605,25.17009]]}},{"type":"Feature","properties":{"n":"淡金路一段","k":2},"geometry":{"type":"LineString","coordinates":[[121.46063,25.17009],[121.46033,25.17064],[121.45846,25.17349]]}},{"type":"Feature","properties":{"n":"淡金路一段","k":2},"geometry":{"type":"LineString","coordinates":[[121.45288,25.18067],[121.45351,25.1802],[121.45439,25.17931]]}},{"type":"Feature","properties":{"n":"淡金路一段","k":2},"geometry":{"type":"LineString","coordinates":[[121.45458,25.17907],[121.45481,25.17877]]}},{"type":"Feature","properties":{"n":"淡金路一段","k":2},"geometry":{"type":"LineString","coordinates":[[121.45456,25.1793],[121.45416,25.1798],[121.45303,25.18075]]}},{"type":"Feature","properties":{"n":"淡金路一段","k":2},"geometry":{"type":"LineString","coordinates":[[121.4549,25.17884],[121.4547,25.17912]]}},{"type":"Feature","properties":{"n":"淡金路一段","k":2},"geometry":{"type":"LineString","coordinates":[[121.45697,25.17569],[121.45503,25.17866]]}},{"type":"Feature","properties":{"n":"淡金路一段","k":2},"geometry":{"type":"LineString","coordinates":[[121.45493,25.17859],[121.45686,25.17563]]}},{"type":"Feature","properties":{"n":"合山橋","k":2},"geometry":{"type":"LineString","coordinates":[[121.45755,25.16462],[121.45734,25.16439]]}},{"type":"Feature","properties":{"n":"合山橋","k":2},"geometry":{"type":"LineString","coordinates":[[121.45747,25.16435],[121.45765,25.16454]]}},{"type":"Feature","properties":{"n":"鶯歌橋","k":2},"geometry":{"type":"LineString","coordinates":[[121.45207,25.16301],[121.4523,25.16272]]}},{"type":"Feature","properties":{"n":"鶯歌橋","k":2},"geometry":{"type":"LineString","coordinates":[[121.45236,25.16276],[121.45213,25.16304]]}},{"type":"Feature","properties":{"n":"米蘭橋","k":2},"geometry":{"type":"LineString","coordinates":[[121.46081,25.16965],[121.46063,25.17009]]}},{"type":"Feature","properties":{"n":"米蘭橋","k":2},"geometry":{"type":"LineString","coordinates":[[121.4605,25.17009],[121.46065,25.1696]]}},{"type":"Feature","properties":{"n":"金龍橋","k":2},"geometry":{"type":"LineString","coordinates":[[121.45686,25.17563],[121.45834,25.17343]]}},{"type":"Feature","properties":{"n":"金龍橋","k":2},"geometry":{"type":"LineString","coordinates":[[121.45846,25.17349],[121.45697,25.17569]]}},{"type":"Feature","properties":{"n":"水碓橋","k":2},"geometry":{"type":"LineString","coordinates":[[121.45439,25.17931],[121.45458,25.17907]]}},{"type":"Feature","properties":{"n":"水碓橋","k":2},"geometry":{"type":"LineString","coordinates":[[121.4547,25.17912],[121.45456,25.1793]]}},{"type":"Feature","properties":{"n":"水原橋","k":2},"geometry":{"type":"LineString","coordinates":[[121.45481,25.17877],[121.45493,25.17859]]}},{"type":"Feature","properties":{"n":"水原橋","k":2},"geometry":{"type":"LineString","coordinates":[[121.45503,25.17866],[121.4549,25.17884]]}},{"type":"Feature","properties":{"n":"上磺溪橋","k":2},"geometry":{"type":"LineString","coordinates":[[121.58216,25.17952],[121.58239,25.17952]]}},{"type":"Feature","properties":{"n":"陽金公路","k":2},"geometry":{"type":"LineString","coordinates":[[121.58239,25.17952],[121.58256,25.17963],[121.5826,25.17982],[121.58256,25.17993],[121.58226,25.18018],[121.58209,25.18039],[121.58187,25.18095],[121.5818,25.18148],[121.58182,25.18165],[121.58208,25.18215],[121.58229,25.18238],[121.58279,25.18257],[121.58334,25.1826],[121.58368,25.18293],[121.58384,25.18339],[121.58432,25.18417],[121.58434,25.18428],[121.58431,25.1844],[121.58388,25.18502],[121.58381,25.18536],[121.58384,25.1855],[121.58401,25.18583],[121.58416,25.18598],[121.5848,25.18627],[121.58543,25.18641],[121.58557,25.18651],[121.58563,25.18675],[121.58562,25.18824],[121.58573,25.18858],[121.58583,25.18873],[121.58668,25.18919],[121.58694,25.18958],[121.58713,25.18967],[121.58738,25.1896],[121.5875,25.18946],[121.58764,25.18914],[121.58779,25.18898],[121.58803,25.18888],[121.58823,25.18887],[121.58874,25.18912],[121.58892,25.18912],[121.58934,25.189],[121.58997,25.18905],[121.59034,25.18915],[121.59091,25.18946],[121.59124,25.19005],[121.5914,25.19017],[121.59201,25.19005],[121.59229,25.1901]]}},{"type":"Feature","properties":{"n":"陽金公路","k":2},"geometry":{"type":"LineString","coordinates":[[121.59239,25.19026],[121.5923,25.19048],[121.59207,25.19077],[121.59196,25.19104],[121.59192,25.19187],[121.59196,25.19213],[121.59217,25.19262],[121.59367,25.1946],[121.59381,25.1948],[121.59388,25.19502],[121.59373,25.19523],[121.59358,25.19528],[121.59314,25.19513],[121.59267,25.1949],[121.59254,25.19489],[121.5924,25.19492],[121.59232,25.19502],[121.59228,25.19517],[121.59231,25.19531],[121.59257,25.19556],[121.59358,25.19616],[121.59386,25.19626],[121.59452,25.19635],[121.59478,25.19649],[121.59496,25.19666],[121.59502,25.1968],[121.59519,25.19761]]}},{"type":"Feature","properties":{"n":"陽金公路","k":2},"geometry":{"type":"LineString","coordinates":[[121.59519,25.19773],[121.59515,25.1979],[121.59507,25.19801],[121.59372,25.19927],[121.59345,25.19988],[121.59336,25.20035],[121.59338,25.20132],[121.59367,25.20258],[121.59373,25.20341],[121.59431,25.20551],[121.59442,25.20669],[121.59458,25.20728],[121.59526,25.20813],[121.59552,25.20832],[121.59606,25.20867],[121.59703,25.20911],[121.5977,25.20964],[121.59867,25.21019],[121.59937,25.2107],[121.59961,25.21099],[121.60017,25.21197],[121.60141,25.21324],[121.60289,25.21491],[121.60428,25.21716],[121.60456,25.21726],[121.60652,25.2174],[121.60746,25.21736],[121.60771,25.21739],[121.60893,25.21775],[121.60984,25.2181],[121.60999,25.2181],[121.6107,25.21782],[121.61112,25.21778],[121.61603,25.21819],[121.61706,25.21813],[121.61796,25.21829],[121.61912,25.21828],[121.61933,25.21834],[121.62049,25.21899],[121.62137,25.21932],[121.62244,25.21947],[121.62992,25.22101]]}},{"type":"Feature","properties":{"n":"後洲路一段","k":2},"geometry":{"type":"LineString","coordinates":[[121.42501,25.19116],[121.42462,25.19242],[121.42465,25.19267],[121.42526,25.19409],[121.42653,25.19589]]}},{"type":"Feature","properties":{"n":"後洲路一段","k":2},"geometry":{"type":"LineString","coordinates":[[121.42661,25.196],[121.42851,25.20011]]}},{"type":"Feature","properties":{"n":"後洲路一段","k":2},"geometry":{"type":"LineString","coordinates":[[121.42856,25.20022],[121.42942,25.2021],[121.42971,25.20309]]}},{"type":"Feature","properties":{"n":"濱海路三段","k":2},"geometry":{"type":"LineString","coordinates":[[121.42579,25.19133],[121.42496,25.19137]]}},{"type":"Feature","properties":{"n":"濱海路三段","k":2},"geometry":{"type":"LineString","coordinates":[[121.42501,25.19116],[121.42576,25.19111]]}},{"type":"Feature","properties":{"n":"商工橋","k":2},"geometry":{"type":"LineString","coordinates":[[121.44699,25.18876],[121.44702,25.18928]]}},{"type":"Feature","properties":{"n":"商工橋","k":2},"geometry":{"type":"LineString","coordinates":[[121.44688,25.18928],[121.44685,25.18877]]}},{"type":"Feature","properties":{"n":"北淡公路","k":2},"geometry":{"type":"LineString","coordinates":[[121.44566,25.19614],[121.44569,25.19646],[121.44565,25.19658],[121.44505,25.19686],[121.44471,25.19697],[121.4423,25.19733],[121.44193,25.19745],[121.44151,25.19845],[121.44117,25.19941],[121.43988,25.20097],[121.43971,25.20154],[121.4396,25.20165],[121.43605,25.20377],[121.4359,25.20382],[121.43418,25.20377],[121.43389,25.20382],[121.4329,25.20444],[121.4326,25.2045],[121.43215,25.20431],[121.43167,25.20438],[121.43155,25.20433],[121.43051,25.20303]]}},{"type":"Feature","properties":{"n":"新市六路一段","k":2},"geometry":{"type":"LineString","coordinates":[[121.42971,25.20309],[121.42974,25.2033],[121.43051,25.20303]]}},{"type":"Feature","properties":{"n":"淡金路三段","k":2},"geometry":{"type":"LineString","coordinates":[[121.44588,25.19653],[121.44625,25.19723],[121.44651,25.19755],[121.44747,25.19832],[121.44792,25.1988],[121.44805,25.19905],[121.44817,25.19961],[121.44838,25.20173]]}},{"type":"Feature","properties":{"n":"淡金路三段","k":2},"geometry":{"type":"LineString","coordinates":[[121.4483,25.20173],[121.44807,25.19963],[121.44793,25.19906],[121.44781,25.19883],[121.44757,25.19856],[121.44641,25.19761],[121.44596,25.19697],[121.44566,25.19614]]}},{"type":"Feature","properties":{"n":"淡金路三段","k":2},"geometry":{"type":"LineString","coordinates":[[121.45049,25.21333],[121.45041,25.21234],[121.45024,25.21123],[121.45011,25.21086],[121.44939,25.20982],[121.44909,25.20842],[121.44878,25.20725],[121.44876,25.20704],[121.44897,25.20592],[121.44894,25.20545],[121.4488,25.20494],[121.44881,25.20356],[121.44871,25.20303],[121.4484,25.20226],[121.44834,25.20197]]}},{"type":"Feature","properties":{"n":"淡金路三段","k":2},"geometry":{"type":"LineString","coordinates":[[121.44842,25.20196],[121.44851,25.2023],[121.44884,25.20312],[121.44891,25.20357],[121.44889,25.2048],[121.44907,25.20577],[121.44887,25.20683],[121.44886,25.20725],[121.44916,25.2083],[121.44939,25.20957],[121.44967,25.21005],[121.45009,25.21062],[121.45033,25.2112],[121.45049,25.21221],[121.45057,25.21331]]}},{"type":"Feature","properties":{"n":"淡金路三段","k":2},"geometry":{"type":"LineString","coordinates":[[121.45056,25.21447],[121.45049,25.21343]]}},{"type":"Feature","properties":{"n":"淡金路三段","k":2},"geometry":{"type":"LineString","coordinates":[[121.45055,25.21497],[121.45056,25.21467]]}},{"type":"Feature","properties":{"n":"淡金路三段","k":2},"geometry":{"type":"LineString","coordinates":[[121.45057,25.21342],[121.45064,25.21447]]}},{"type":"Feature","properties":{"n":"淡金路三段","k":2},"geometry":{"type":"LineString","coordinates":[[121.45065,25.21467],[121.45066,25.21499]]}},{"type":"Feature","properties":{"n":"集應橋","k":2},"geometry":{"type":"LineString","coordinates":[[121.44834,25.20197],[121.4483,25.20173]]}},{"type":"Feature","properties":{"n":"集應橋","k":2},"geometry":{"type":"LineString","coordinates":[[121.44838,25.20173],[121.44842,25.20196]]}},{"type":"Feature","properties":{"n":"福德橋","k":2},"geometry":{"type":"LineString","coordinates":[[121.45056,25.21467],[121.45056,25.21447]]}},{"type":"Feature","properties":{"n":"福德橋","k":2},"geometry":{"type":"LineString","coordinates":[[121.45064,25.21447],[121.45065,25.21467]]}},{"type":"Feature","properties":{"n":"興仁橋","k":2},"geometry":{"type":"LineString","coordinates":[[121.45049,25.21343],[121.45049,25.21333]]}},{"type":"Feature","properties":{"n":"興仁橋","k":2},"geometry":{"type":"LineString","coordinates":[[121.45057,25.21331],[121.45057,25.21342]]}},{"type":"Feature","properties":{"n":"淡金路四段","k":2},"geometry":{"type":"LineString","coordinates":[[121.45066,25.21499],[121.45053,25.21529],[121.44999,25.21609],[121.44987,25.21644],[121.4499,25.2171],[121.45008,25.21844],[121.45018,25.21907],[121.45036,25.21955],[121.45065,25.21997],[121.45093,25.22022],[121.45153,25.22097],[121.45167,25.22142],[121.45185,25.22288]]}},{"type":"Feature","properties":{"n":"淡金路四段","k":2},"geometry":{"type":"LineString","coordinates":[[121.45175,25.22289],[121.45158,25.22141],[121.45143,25.22099],[121.45112,25.22055],[121.45038,25.21978],[121.45013,25.2192],[121.44999,25.21843],[121.44981,25.21703],[121.44979,25.21643],[121.44989,25.2161],[121.45039,25.21538],[121.45055,25.21497]]}},{"type":"Feature","properties":{"n":"淡金路四段","k":2},"geometry":{"type":"LineString","coordinates":[[121.45187,25.22312],[121.45201,25.22445],[121.45201,25.22588],[121.45195,25.22663],[121.45163,25.22867],[121.45157,25.22926],[121.45158,25.22986],[121.45168,25.23064],[121.45177,25.23095],[121.45209,25.2315],[121.45246,25.23185]]}},{"type":"Feature","properties":{"n":"淡金路四段","k":2},"geometry":{"type":"LineString","coordinates":[[121.45245,25.23194],[121.4523,25.23183],[121.45182,25.23126],[121.45164,25.23082],[121.45148,25.22983],[121.45151,25.22873],[121.45186,25.22657],[121.45192,25.2256],[121.45189,25.22389],[121.45178,25.22312]]}},{"type":"Feature","properties":{"n":"淡金路四段","k":2},"geometry":{"type":"LineString","coordinates":[[121.45303,25.23235],[121.45262,25.23207]]}},{"type":"Feature","properties":{"n":"淡金路四段","k":2},"geometry":{"type":"LineString","coordinates":[[121.45267,25.23201],[121.45333,25.23245]]}},{"type":"Feature","properties":{"n":"新埔橋","k":2},"geometry":{"type":"LineString","coordinates":[[121.45178,25.22312],[121.45175,25.22289]]}},{"type":"Feature","properties":{"n":"新埔橋","k":2},"geometry":{"type":"LineString","coordinates":[[121.45185,25.22288],[121.45187,25.22312]]}},{"type":"Feature","properties":{"n":"淡金路五段","k":2},"geometry":{"type":"LineString","coordinates":[[121.45602,25.23589],[121.45543,25.23476],[121.45509,25.23424],[121.45377,25.23292],[121.45303,25.23235]]}},{"type":"Feature","properties":{"n":"淡金路五段","k":2},"geometry":{"type":"LineString","coordinates":[[121.45333,25.23245],[121.45349,25.23253],[121.4539,25.2329],[121.45517,25.23416],[121.45554,25.23471],[121.45611,25.23584]]}},{"type":"Feature","properties":{"n":"淡金路五段","k":2},"geometry":{"type":"LineString","coordinates":[[121.45626,25.23615],[121.45647,25.23672],[121.45694,25.23924],[121.45712,25.23988],[121.45731,25.24023]]}},{"type":"Feature","properties":{"n":"淡金路五段","k":2},"geometry":{"type":"LineString","coordinates":[[121.45725,25.24034],[121.45696,25.23968],[121.45647,25.23723],[121.45615,25.23617]]}},{"type":"Feature","properties":{"n":"賢孝橋","k":2},"geometry":{"type":"LineString","coordinates":[[121.45262,25.23207],[121.45245,25.23194]]}},{"type":"Feature","properties":{"n":"賢孝橋","k":2},"geometry":{"type":"LineString","coordinates":[[121.45246,25.23185],[121.45267,25.23201]]}},{"type":"Feature","properties":{"n":"淡金公路","k":2},"geometry":{"type":"LineString","coordinates":[[121.4926,25.26019],[121.49196,25.26022],[121.49142,25.26035],[121.48704,25.26212],[121.48401,25.2628],[121.48265,25.26362],[121.48224,25.26373],[121.48189,25.26373],[121.48138,25.26355],[121.47974,25.26234],[121.47935,25.26199],[121.47855,25.26082],[121.47649,25.25756]]}},{"type":"Feature","properties":{"n":"淡金公路","k":2},"geometry":{"type":"LineString","coordinates":[[121.4596,25.24673],[121.45995,25.24706],[121.46082,25.24746],[121.4645,25.24892],[121.46903,25.25053],[121.47008,25.25107],[121.47183,25.25236],[121.47314,25.25346],[121.47409,25.2544],[121.47504,25.25547]]}},{"type":"Feature","properties":{"n":"淡金公路","k":2},"geometry":{"type":"LineString","coordinates":[[121.45946,25.24668],[121.4592,25.24607],[121.45896,25.24457],[121.45877,25.24388],[121.45766,25.24112],[121.45725,25.24034]]}},{"type":"Feature","properties":{"n":"淡金公路","k":2},"geometry":{"type":"LineString","coordinates":[[121.47497,25.25551],[121.47454,25.255],[121.47355,25.25398],[121.47238,25.25291],[121.47078,25.25167],[121.46966,25.25091],[121.46895,25.25059],[121.46446,25.24901],[121.46079,25.24754],[121.4599,25.24712],[121.45954,25.24679]]}},{"type":"Feature","properties":{"n":"淡金公路","k":2},"geometry":{"type":"LineString","coordinates":[[121.45731,25.24023],[121.45774,25.24108],[121.45889,25.24395],[121.45906,25.24455],[121.45924,25.24588],[121.45933,25.24623],[121.45952,25.24662]]}},{"type":"Feature","properties":{"n":"淡金公路","k":2},"geometry":{"type":"LineString","coordinates":[[121.47657,25.25754],[121.47931,25.26179],[121.4795,25.262],[121.48019,25.26256],[121.4815,25.26347],[121.48178,25.26359],[121.48223,25.26361],[121.48256,25.26354],[121.48375,25.26282],[121.48415,25.26266],[121.48699,25.26202],[121.49151,25.26024],[121.49189,25.26012],[121.4926,25.26009]]}},{"type":"Feature","properties":{"n":"淡金公路","k":2},"geometry":{"type":"LineString","coordinates":[[121.47509,25.25554],[121.47602,25.25669],[121.47646,25.25736]]}},{"type":"Feature","properties":{"n":"淡金公路","k":2},"geometry":{"type":"LineString","coordinates":[[121.47638,25.2574],[121.47566,25.25635],[121.47502,25.25558]]}},{"type":"Feature","properties":{"n":"淡金公路","k":2},"geometry":{"type":"LineString","coordinates":[[121.494,25.26015],[121.49753,25.25974]]}},{"type":"Feature","properties":{"n":"淡金公路","k":2},"geometry":{"type":"LineString","coordinates":[[121.49755,25.25986],[121.49515,25.2601],[121.49401,25.26027]]}},{"type":"Feature","properties":{"n":"淡金公路","k":2},"geometry":{"type":"LineString","coordinates":[[121.50471,25.26151],[121.50541,25.2621],[121.50635,25.2633],[121.50717,25.26458],[121.50778,25.26588]]}},{"type":"Feature","properties":{"n":"淡金公路","k":2},"geometry":{"type":"LineString","coordinates":[[121.50772,25.26604],[121.50704,25.26462],[121.50646,25.26361],[121.5053,25.26216],[121.50498,25.26185],[121.50462,25.26163]]}},{"type":"Feature","properties":{"n":"淡金公路","k":2},"geometry":{"type":"LineString","coordinates":[[121.50892,25.2692],[121.50875,25.26876],[121.50842,25.26748],[121.50794,25.26647]]}},{"type":"Feature","properties":{"n":"淡金公路","k":2},"geometry":{"type":"LineString","coordinates":[[121.50798,25.2663],[121.50837,25.26711],[121.50858,25.26767],[121.50878,25.26853],[121.50897,25.26912]]}},{"type":"Feature","properties":{"n":"淡金公路","k":2},"geometry":{"type":"LineString","coordinates":[[121.50911,25.26935],[121.50971,25.27003]]}},{"type":"Feature","properties":{"n":"淡金公路","k":2},"geometry":{"type":"LineString","coordinates":[[121.50966,25.27008],[121.50932,25.26977],[121.50904,25.26942]]}},{"type":"Feature","properties":{"n":"淡金公路","k":2},"geometry":{"type":"LineString","coordinates":[[121.50989,25.27018],[121.51043,25.27059],[121.51084,25.27102],[121.51145,25.2723],[121.51156,25.27243],[121.51284,25.27345],[121.51343,25.27412],[121.5139,25.27445],[121.51489,25.2748],[121.51538,25.27509],[121.5164,25.27629],[121.51735,25.27726],[121.51754,25.27749],[121.5196,25.28199],[121.51988,25.28238],[121.52071,25.28318]]}},{"type":"Feature","properties":{"n":"淡金公路","k":2},"geometry":{"type":"LineString","coordinates":[[121.52064,25.28323],[121.51983,25.28245],[121.51951,25.28202],[121.51748,25.27755],[121.51731,25.27733],[121.5169,25.27697],[121.51626,25.27628],[121.51524,25.27509],[121.51485,25.2749],[121.51385,25.27454],[121.51334,25.27415],[121.5128,25.27352],[121.51163,25.27261],[121.51145,25.27243],[121.5113,25.27219],[121.51079,25.27108],[121.5104,25.27069],[121.50984,25.27023]]}},{"type":"Feature","properties":{"n":"淡金公路","k":2},"geometry":{"type":"LineString","coordinates":[[121.5397,25.2898],[121.53774,25.28926],[121.53733,25.2893],[121.53609,25.28968],[121.53582,25.28969],[121.53546,25.28962],[121.53507,25.28943],[121.53427,25.28867],[121.53399,25.28849],[121.53363,25.28836],[121.53241,25.28824],[121.532,25.2881],[121.5313,25.28759],[121.5297,25.28612],[121.52931,25.28591],[121.52821,25.28557],[121.52696,25.28503],[121.52666,25.285],[121.52621,25.28504],[121.52342,25.28548],[121.52305,25.28547],[121.52279,25.28541],[121.52229,25.28519],[121.52194,25.28489],[121.52106,25.28368],[121.52078,25.28338]]}},{"type":"Feature","properties":{"n":"淡金公路","k":2},"geometry":{"type":"LineString","coordinates":[[121.6334,25.24124],[121.63398,25.24395],[121.63411,25.24476],[121.63471,25.25039],[121.6347,25.25109],[121.63425,25.25289]]}},{"type":"Feature","properties":{"n":"淡金公路","k":2},"geometry":{"type":"LineString","coordinates":[[121.63417,25.25289],[121.63454,25.25147],[121.63464,25.25079],[121.63463,25.2504],[121.63396,25.24437],[121.63332,25.24127]]}},{"type":"Feature","properties":{"n":"淡金公路","k":2},"geometry":{"type":"LineString","coordinates":[[121.62573,25.26958],[121.62635,25.26899],[121.62677,25.2685],[121.62963,25.26481],[121.63053,25.26358],[121.63156,25.26139],[121.6329,25.25915],[121.63319,25.25836],[121.6333,25.25743]]}},{"type":"Feature","properties":{"n":"淡金公路","k":2},"geometry":{"type":"LineString","coordinates":[[121.63339,25.25742],[121.63322,25.2586],[121.63298,25.25919],[121.63182,25.2611],[121.6306,25.26364],[121.62971,25.26487],[121.62682,25.2686],[121.62644,25.26903],[121.62578,25.26964]]}},{"type":"Feature","properties":{"n":"淡金公路","k":2},"geometry":{"type":"LineString","coordinates":[[121.63422,25.253],[121.6336,25.25541],[121.6335,25.25631]]}},{"type":"Feature","properties":{"n":"淡金公路","k":2},"geometry":{"type":"LineString","coordinates":[[121.6334,25.2563],[121.6335,25.2554],[121.63414,25.25299]]}},{"type":"Feature","properties":{"n":"淡金公路","k":2},"geometry":{"type":"LineString","coordinates":[[121.6333,25.25735],[121.63338,25.25644]]}},{"type":"Feature","properties":{"n":"淡金公路","k":2},"geometry":{"type":"LineString","coordinates":[[121.63349,25.25645],[121.63339,25.25734]]}},{"type":"Feature","properties":{"n":"淡金公路","k":2},"geometry":{"type":"LineString","coordinates":[[121.6064,25.28149],[121.60619,25.28171],[121.6059,25.28218],[121.60538,25.28326],[121.60486,25.28408],[121.60436,25.28465],[121.60374,25.28518],[121.60265,25.28595],[121.60002,25.28771],[121.59858,25.28847],[121.59304,25.29074],[121.59252,25.2909],[121.59145,25.29101]]}},{"type":"Feature","properties":{"n":"淡金公路","k":2},"geometry":{"type":"LineString","coordinates":[[121.59145,25.29093],[121.5925,25.29083],[121.59301,25.29067],[121.59483,25.28995],[121.59854,25.28841],[121.59998,25.28764],[121.60063,25.28723],[121.60369,25.28512],[121.60429,25.28459],[121.60481,25.28403],[121.60532,25.28322],[121.60584,25.28214],[121.60633,25.28143]]}},{"type":"Feature","properties":{"n":"淡金公路","k":2},"geometry":{"type":"LineString","coordinates":[[121.62571,25.2697],[121.62356,25.27153],[121.62013,25.27481],[121.61752,25.27718],[121.61692,25.27767],[121.61647,25.27796],[121.61464,25.27887],[121.61417,25.27902],[121.61378,25.2791],[121.61249,25.27919],[121.61196,25.2793],[121.61061,25.27976],[121.61021,25.27986],[121.60892,25.28005],[121.60828,25.28027]]}},{"type":"Feature","properties":{"n":"淡金公路","k":2},"geometry":{"type":"LineString","coordinates":[[121.60825,25.28021],[121.6089,25.27999],[121.61038,25.27977],[121.61225,25.27917],[121.61391,25.27901],[121.61417,25.27895],[121.6146,25.27883],[121.61629,25.27798],[121.61728,25.2773],[121.62003,25.27477],[121.62351,25.27146],[121.62566,25.26963]]}},{"type":"Feature","properties":{"n":"淡金公路","k":2},"geometry":{"type":"LineString","coordinates":[[121.60802,25.28038],[121.60714,25.28085],[121.60671,25.28116],[121.60651,25.28137]]}},{"type":"Feature","properties":{"n":"淡金公路","k":2},"geometry":{"type":"LineString","coordinates":[[121.60642,25.28132],[121.60701,25.28085],[121.60797,25.28034]]}},{"type":"Feature","properties":{"n":"淡金公路","k":2},"geometry":{"type":"LineString","coordinates":[[121.53993,25.28975],[121.54061,25.28966],[121.54219,25.28902]]}},{"type":"Feature","properties":{"n":"淡金公路","k":2},"geometry":{"type":"LineString","coordinates":[[121.5422,25.2891],[121.54075,25.28971],[121.54039,25.2898],[121.53991,25.28982]]}},{"type":"Feature","properties":{"n":"淡金公路","k":2},"geometry":{"type":"LineString","coordinates":[[121.52084,25.28331],[121.52202,25.28478],[121.52233,25.28507],[121.52293,25.28534],[121.52323,25.28538],[121.52361,25.28535],[121.52621,25.28495],[121.52665,25.28492],[121.52696,25.28496],[121.52854,25.28557],[121.52956,25.28591],[121.53,25.28621],[121.53152,25.28766],[121.53204,25.28803],[121.53249,25.28816],[121.53364,25.28828],[121.53396,25.28838],[121.53432,25.28861],[121.53503,25.28929],[121.53559,25.28958],[121.53578,25.28961],[121.53621,25.28957],[121.53732,25.28921],[121.5379,25.28918],[121.53833,25.28928],[121.53946,25.28968],[121.5397,25.28972]]}},{"type":"Feature","properties":{"n":"淡金公路","k":2},"geometry":{"type":"LineString","coordinates":[[121.54278,25.28875],[121.54417,25.28807],[121.54543,25.28753],[121.54615,25.28743],[121.54645,25.28749],[121.54688,25.28772],[121.54741,25.28818],[121.54786,25.28867]]}},{"type":"Feature","properties":{"n":"淡金公路","k":2},"geometry":{"type":"LineString","coordinates":[[121.54778,25.28871],[121.54674,25.28771],[121.54633,25.28756],[121.54594,25.28751],[121.54547,25.28761],[121.545,25.28779],[121.54277,25.28883]]}},{"type":"Feature","properties":{"n":"淡金公路","k":2},"geometry":{"type":"LineString","coordinates":[[121.54832,25.28904],[121.54879,25.28935],[121.55105,25.29023],[121.55236,25.2909],[121.55319,25.29139]]}},{"type":"Feature","properties":{"n":"淡金公路","k":2},"geometry":{"type":"LineString","coordinates":[[121.55315,25.29146],[121.55168,25.29064],[121.5505,25.2901],[121.54927,25.28968],[121.54822,25.28908]]}},{"type":"Feature","properties":{"n":"淡金公路","k":2},"geometry":{"type":"LineString","coordinates":[[121.55326,25.29143],[121.55393,25.29174],[121.55431,25.29182],[121.55492,25.29171],[121.5559,25.29127],[121.55648,25.29117],[121.55825,25.2911],[121.5596,25.29082],[121.56044,25.29073],[121.56081,25.29074],[121.56197,25.29095]]}},{"type":"Feature","properties":{"n":"淡金公路","k":2},"geometry":{"type":"LineString","coordinates":[[121.56195,25.29103],[121.561,25.29086],[121.56043,25.29083],[121.55962,25.29092],[121.55826,25.2912],[121.55625,25.29129],[121.55583,25.2914],[121.55484,25.29182],[121.55441,25.2919],[121.55398,25.29186],[121.55323,25.2915]]}},{"type":"Feature","properties":{"n":"淡金公路","k":2},"geometry":{"type":"LineString","coordinates":[[121.56813,25.2932],[121.5685,25.29464],[121.56866,25.29568],[121.5689,25.29605],[121.56918,25.29624],[121.57066,25.29687],[121.57083,25.2969],[121.57184,25.29685],[121.57458,25.29753],[121.57621,25.2977],[121.57677,25.29765]]}},{"type":"Feature","properties":{"n":"淡金公路","k":2},"geometry":{"type":"LineString","coordinates":[[121.57684,25.29773],[121.57633,25.29779],[121.575,25.29767],[121.57409,25.29753],[121.5718,25.29693],[121.57082,25.29697],[121.57065,25.29694],[121.56927,25.29636],[121.56886,25.2961],[121.56858,25.29574],[121.56838,25.29441],[121.56806,25.29322]]}},{"type":"Feature","properties":{"n":"淡金公路","k":2},"geometry":{"type":"LineString","coordinates":[[121.58372,25.29422],[121.57924,25.29702],[121.57843,25.29737],[121.57702,25.2977]]}},{"type":"Feature","properties":{"n":"淡金公路","k":2},"geometry":{"type":"LineString","coordinates":[[121.57698,25.29762],[121.5781,25.29739],[121.57908,25.29702],[121.58369,25.29418]]}},{"type":"Feature","properties":{"n":"淡金公路","k":2},"geometry":{"type":"LineString","coordinates":[[121.59121,25.29103],[121.58984,25.29115],[121.58868,25.29133]]}},{"type":"Feature","properties":{"n":"淡金公路","k":2},"geometry":{"type":"LineString","coordinates":[[121.58866,25.29125],[121.58986,25.29106],[121.59121,25.29095]]}},{"type":"Feature","properties":{"n":"大屯橋","k":2},"geometry":{"type":"LineString","coordinates":[[121.45615,25.23617],[121.45602,25.23589]]}},{"type":"Feature","properties":{"n":"大屯橋","k":2},"geometry":{"type":"LineString","coordinates":[[121.45611,25.23584],[121.45626,25.23615]]}},{"type":"Feature","properties":{"n":"北勢橋","k":2},"geometry":{"type":"LineString","coordinates":[[121.45954,25.24679],[121.45946,25.24668]]}},{"type":"Feature","properties":{"n":"北勢橋","k":2},"geometry":{"type":"LineString","coordinates":[[121.45952,25.24662],[121.4596,25.24673]]}},{"type":"Feature","properties":{"n":"智成橋","k":2},"geometry":{"type":"LineString","coordinates":[[121.47649,25.25756],[121.47638,25.2574]]}},{"type":"Feature","properties":{"n":"智成橋","k":2},"geometry":{"type":"LineString","coordinates":[[121.47646,25.25736],[121.47657,25.25754]]}},{"type":"Feature","properties":{"n":"芝蘭橋","k":2},"geometry":{"type":"LineString","coordinates":[[121.47504,25.25547],[121.47509,25.25554]]}},{"type":"Feature","properties":{"n":"芝蘭橋","k":2},"geometry":{"type":"LineString","coordinates":[[121.47502,25.25558],[121.47497,25.25551]]}},{"type":"Feature","properties":{"n":"北海路二段","k":2},"geometry":{"type":"LineString","coordinates":[[121.49753,25.25974],[121.49799,25.25982],[121.49822,25.25993],[121.49965,25.26104],[121.50004,25.26126],[121.50041,25.26139],[121.50086,25.26146],[121.50404,25.2614],[121.50471,25.26151]]}},{"type":"Feature","properties":{"n":"北海路二段","k":2},"geometry":{"type":"LineString","coordinates":[[121.50462,25.26163],[121.50387,25.26149],[121.50121,25.26158],[121.50076,25.26157],[121.50038,25.26148],[121.49994,25.26131],[121.49931,25.26093],[121.4981,25.26002],[121.49786,25.25991],[121.49755,25.25986]]}},{"type":"Feature","properties":{"n":"福成橋","k":2},"geometry":{"type":"LineString","coordinates":[[121.49401,25.26027],[121.4926,25.26019]]}},{"type":"Feature","properties":{"n":"福成橋","k":2},"geometry":{"type":"LineString","coordinates":[[121.4926,25.26009],[121.494,25.26015]]}},{"type":"Feature","properties":{"n":"大龍橋","k":2},"geometry":{"type":"LineString","coordinates":[[121.50794,25.26647],[121.50772,25.26604]]}},{"type":"Feature","properties":{"n":"大龍橋","k":2},"geometry":{"type":"LineString","coordinates":[[121.50778,25.26588],[121.50798,25.2663]]}},{"type":"Feature","properties":{"n":"新庄子橋","k":2},"geometry":{"type":"LineString","coordinates":[[121.50904,25.26942],[121.50892,25.2692]]}},{"type":"Feature","properties":{"n":"新庄子橋","k":2},"geometry":{"type":"LineString","coordinates":[[121.50897,25.26912],[121.50911,25.26935]]}},{"type":"Feature","properties":{"n":"三和橋","k":2},"geometry":{"type":"LineString","coordinates":[[121.50971,25.27003],[121.50989,25.27018]]}},{"type":"Feature","properties":{"n":"三和橋","k":2},"geometry":{"type":"LineString","coordinates":[[121.50984,25.27023],[121.50966,25.27008]]}},{"type":"Feature","properties":{"n":"白沙灣橋","k":2},"geometry":{"type":"LineString","coordinates":[[121.52071,25.28318],[121.52084,25.28331]]}},{"type":"Feature","properties":{"n":"白沙灣橋","k":2},"geometry":{"type":"LineString","coordinates":[[121.52078,25.28338],[121.52064,25.28323]]}},{"type":"Feature","properties":{"n":"二重橋","k":2},"geometry":{"type":"LineString","coordinates":[[121.59229,25.1901],[121.59239,25.19026]]}},{"type":"Feature","properties":{"n":"三重橋","k":2},"geometry":{"type":"LineString","coordinates":[[121.59519,25.19761],[121.59519,25.19773]]}},{"type":"Feature","properties":{"n":"環金路","k":2},"geometry":{"type":"LineString","coordinates":[[121.62999,25.22456],[121.63088,25.22353],[121.63126,25.22298],[121.63144,25.22258],[121.63173,25.22138],[121.63196,25.22083],[121.634,25.21777],[121.63444,25.21733],[121.63503,25.21712],[121.63554,25.2171],[121.63733,25.2174],[121.63768,25.21742],[121.63882,25.21726],[121.6392,25.21726],[121.64065,25.21764],[121.64146,25.2175]]}},{"type":"Feature","properties":{"n":"環金路","k":2},"geometry":{"type":"LineString","coordinates":[[121.64143,25.2177],[121.64134,25.21766],[121.64096,25.21774],[121.64036,25.21772],[121.6394,25.21741],[121.63913,25.21737],[121.6377,25.21754],[121.63731,25.21752],[121.63529,25.2172],[121.63505,25.21722],[121.6346,25.21738],[121.63435,25.21756],[121.63414,25.2178],[121.63238,25.22041],[121.63209,25.22088],[121.63186,25.22141],[121.63159,25.22247],[121.6314,25.223],[121.63098,25.22359],[121.63009,25.22462]]}},{"type":"Feature","properties":{"n":"環金路","k":2},"geometry":{"type":"LineString","coordinates":[[121.62993,25.22831],[121.63003,25.22891]]}},{"type":"Feature","properties":{"n":"環金路","k":2},"geometry":{"type":"LineString","coordinates":[[121.62991,25.22892],[121.62983,25.22834]]}},{"type":"Feature","properties":{"n":"清水路","k":2},"geometry":{"type":"LineString","coordinates":[[121.62934,25.23602],[121.62936,25.23538],[121.62989,25.22952]]}},{"type":"Feature","properties":{"n":"清水路","k":2},"geometry":{"type":"LineString","coordinates":[[121.6299,25.22939],[121.62991,25.22892]]}},{"type":"Feature","properties":{"n":"清水路","k":2},"geometry":{"type":"LineString","coordinates":[[121.63003,25.22891],[121.63,25.22942]]}},{"type":"Feature","properties":{"n":"清水路","k":2},"geometry":{"type":"LineString","coordinates":[[121.63,25.22953],[121.62944,25.23575],[121.62945,25.236]]}},{"type":"Feature","properties":{"n":"新磺溪橋","k":2},"geometry":{"type":"LineString","coordinates":[[121.63009,25.22462],[121.62956,25.22526],[121.62943,25.22548],[121.62931,25.22584],[121.6293,25.22606],[121.62934,25.22647],[121.62993,25.22831]]}},{"type":"Feature","properties":{"n":"新磺溪橋","k":2},"geometry":{"type":"LineString","coordinates":[[121.62983,25.22834],[121.62924,25.22659],[121.62917,25.22602],[121.62925,25.22556],[121.62935,25.22537],[121.62999,25.22456]]}},{"type":"Feature","properties":{"n":"清水橋","k":2},"geometry":{"type":"LineString","coordinates":[[121.63,25.22942],[121.63,25.22953]]}},{"type":"Feature","properties":{"n":"清水橋","k":2},"geometry":{"type":"LineString","coordinates":[[121.62989,25.22952],[121.6299,25.22939]]}},{"type":"Feature","properties":{"n":"第37號橋","k":2},"geometry":{"type":"LineString","coordinates":[[121.62945,25.236],[121.62947,25.23618]]}},{"type":"Feature","properties":{"n":"第37號橋","k":2},"geometry":{"type":"LineString","coordinates":[[121.62937,25.23619],[121.62934,25.23602]]}},{"type":"Feature","properties":{"n":"海興路","k":2},"geometry":{"type":"LineString","coordinates":[[121.63295,25.24037],[121.63256,25.23991],[121.63148,25.23914],[121.63098,25.2387],[121.63071,25.23838],[121.62966,25.23688],[121.62948,25.23653],[121.62937,25.23619]]}},{"type":"Feature","properties":{"n":"海興路","k":2},"geometry":{"type":"LineString","coordinates":[[121.62947,25.23618],[121.62974,25.23684],[121.63093,25.2385],[121.63116,25.23876],[121.63153,25.23907],[121.63263,25.23984],[121.63304,25.24033]]}},{"type":"Feature","properties":{"n":"海興路","k":2},"geometry":{"type":"LineString","coordinates":[[121.63306,25.24037],[121.63321,25.24062],[121.6334,25.24124]]}},{"type":"Feature","properties":{"n":"海興路","k":2},"geometry":{"type":"LineString","coordinates":[[121.63332,25.24127],[121.63323,25.24094],[121.63298,25.2404]]}},{"type":"Feature","properties":{"n":"第36號橋","k":2},"geometry":{"type":"LineString","coordinates":[[121.63304,25.24033],[121.63306,25.24037]]}},{"type":"Feature","properties":{"n":"第36號橋","k":2},"geometry":{"type":"LineString","coordinates":[[121.63298,25.2404],[121.63295,25.24037]]}},{"type":"Feature","properties":{"n":"第35號橋","k":2},"geometry":{"type":"LineString","coordinates":[[121.63425,25.25289],[121.63422,25.253]]}},{"type":"Feature","properties":{"n":"第35號橋","k":2},"geometry":{"type":"LineString","coordinates":[[121.63414,25.25299],[121.63417,25.25289]]}},{"type":"Feature","properties":{"n":"第34號橋","k":2},"geometry":{"type":"LineString","coordinates":[[121.6335,25.25631],[121.63349,25.25645]]}},{"type":"Feature","properties":{"n":"第34號橋","k":2},"geometry":{"type":"LineString","coordinates":[[121.63338,25.25644],[121.6334,25.2563]]}},{"type":"Feature","properties":{"n":"第33號橋","k":2},"geometry":{"type":"LineString","coordinates":[[121.6333,25.25743],[121.6333,25.25735]]}},{"type":"Feature","properties":{"n":"第33號橋","k":2},"geometry":{"type":"LineString","coordinates":[[121.63339,25.25734],[121.63339,25.25742]]}},{"type":"Feature","properties":{"n":"第31號橋","k":2},"geometry":{"type":"LineString","coordinates":[[121.60828,25.28027],[121.60802,25.28038]]}},{"type":"Feature","properties":{"n":"第31號橋","k":2},"geometry":{"type":"LineString","coordinates":[[121.60797,25.28034],[121.60825,25.28021]]}},{"type":"Feature","properties":{"n":"第30號橋","k":2},"geometry":{"type":"LineString","coordinates":[[121.60633,25.28143],[121.60642,25.28132]]}},{"type":"Feature","properties":{"n":"第30號橋","k":2},"geometry":{"type":"LineString","coordinates":[[121.60651,25.28137],[121.6064,25.28149]]}},{"type":"Feature","properties":{"n":"第32號橋","k":2},"geometry":{"type":"LineString","coordinates":[[121.62578,25.26964],[121.62571,25.2697]]}},{"type":"Feature","properties":{"n":"第32號橋","k":2},"geometry":{"type":"LineString","coordinates":[[121.62566,25.26963],[121.62573,25.26958]]}},{"type":"Feature","properties":{"n":"楓林橋","k":2},"geometry":{"type":"LineString","coordinates":[[121.54219,25.28902],[121.54278,25.28875]]}},{"type":"Feature","properties":{"n":"楓林橋","k":2},"geometry":{"type":"LineString","coordinates":[[121.54277,25.28883],[121.5422,25.2891]]}},{"type":"Feature","properties":{"n":"楓林橋","k":2},"geometry":{"type":"LineString","coordinates":[[121.76244,25.09858],[121.76223,25.09864]]}},{"type":"Feature","properties":{"n":"富貴橋","k":2},"geometry":{"type":"LineString","coordinates":[[121.5397,25.28972],[121.53993,25.28975]]}},{"type":"Feature","properties":{"n":"富貴橋","k":2},"geometry":{"type":"LineString","coordinates":[[121.53991,25.28982],[121.5397,25.2898]]}},{"type":"Feature","properties":{"n":"老梅橋","k":2},"geometry":{"type":"LineString","coordinates":[[121.54786,25.28867],[121.54832,25.28904]]}},{"type":"Feature","properties":{"n":"老梅橋","k":2},"geometry":{"type":"LineString","coordinates":[[121.54822,25.28908],[121.54778,25.28871]]}},{"type":"Feature","properties":{"n":"傍山橋","k":2},"geometry":{"type":"LineString","coordinates":[[121.55323,25.2915],[121.55315,25.29146]]}},{"type":"Feature","properties":{"n":"傍山橋","k":2},"geometry":{"type":"LineString","coordinates":[[121.55319,25.29139],[121.55326,25.29143]]}},{"type":"Feature","properties":{"n":"第25號橋","k":2},"geometry":{"type":"LineString","coordinates":[[121.5621,25.29105],[121.56195,25.29103]]}},{"type":"Feature","properties":{"n":"第25號橋","k":2},"geometry":{"type":"LineString","coordinates":[[121.56197,25.29095],[121.56214,25.29097]]}},{"type":"Feature","properties":{"n":"第26號橋","k":2},"geometry":{"type":"LineString","coordinates":[[121.56627,25.29152],[121.56597,25.29145]]}},{"type":"Feature","properties":{"n":"第26號橋","k":2},"geometry":{"type":"LineString","coordinates":[[121.56599,25.29136],[121.56628,25.29143]]}},{"type":"Feature","properties":{"n":"中央路","k":2},"geometry":{"type":"LineString","coordinates":[[121.56806,25.29322],[121.56775,25.2921],[121.56763,25.29193],[121.56726,25.29175],[121.56627,25.29152]]}},{"type":"Feature","properties":{"n":"中央路","k":2},"geometry":{"type":"LineString","coordinates":[[121.56628,25.29143],[121.5675,25.29176],[121.56768,25.29188],[121.56782,25.29208],[121.56813,25.2932]]}},{"type":"Feature","properties":{"n":"中央路","k":2},"geometry":{"type":"LineString","coordinates":[[121.56597,25.29145],[121.56363,25.2909],[121.56257,25.29109],[121.5621,25.29105]]}},{"type":"Feature","properties":{"n":"中央路","k":2},"geometry":{"type":"LineString","coordinates":[[121.56214,25.29097],[121.56251,25.29101],[121.56343,25.29082],[121.56362,25.29082],[121.56599,25.29136]]}},{"type":"Feature","properties":{"n":"二十七號橋","k":2},"geometry":{"type":"LineString","coordinates":[[121.57677,25.29765],[121.57698,25.29762]]}},{"type":"Feature","properties":{"n":"二十七號橋","k":2},"geometry":{"type":"LineString","coordinates":[[121.57702,25.2977],[121.57684,25.29773]]}},{"type":"Feature","properties":{"n":"第29號橋","k":2},"geometry":{"type":"LineString","coordinates":[[121.59145,25.29101],[121.59121,25.29103]]}},{"type":"Feature","properties":{"n":"第29號橋","k":2},"geometry":{"type":"LineString","coordinates":[[121.59121,25.29095],[121.59145,25.29093]]}},{"type":"Feature","properties":{"n":"王公橋","k":2},"geometry":{"type":"LineString","coordinates":[[121.58369,25.29418],[121.58729,25.29191],[121.58797,25.29151],[121.58866,25.29125]]}},{"type":"Feature","properties":{"n":"王公橋","k":2},"geometry":{"type":"LineString","coordinates":[[121.58868,25.29133],[121.58801,25.29157],[121.58372,25.29422]]}},{"type":"Feature","properties":{"n":"雪山隧道","k":0},"geometry":{"type":"LineString","coordinates":[[121.7915,24.84789],[121.79166,24.84916],[121.79169,24.85043],[121.79156,24.85208],[121.79123,24.85406],[121.7903,24.85688],[121.78898,24.85948],[121.78744,24.86169],[121.78549,24.86407],[121.78198,24.86747],[121.77609,24.87299],[121.77117,24.87769],[121.76875,24.8804],[121.76614,24.88387],[121.7602,24.89249],[121.75829,24.89516],[121.7559,24.89799],[121.75406,24.89992],[121.75227,24.90156],[121.7501,24.90337],[121.74075,24.91054],[121.73412,24.91571],[121.73249,24.9171],[121.7309,24.91866],[121.729,24.92064],[121.72732,24.92265],[121.72543,24.92527],[121.72272,24.92946],[121.7205,24.93279],[121.71967,24.93372],[121.71883,24.93452],[121.71665,24.93643],[121.71556,24.93757],[121.71502,24.93819],[121.71474,24.93862]]}},{"type":"Feature","properties":{"n":"雪山隧道","k":0},"geometry":{"type":"LineString","coordinates":[[121.71444,24.93833],[121.71519,24.93736],[121.71633,24.93615],[121.71852,24.93414],[121.71928,24.93338],[121.72101,24.93095],[121.72494,24.92495],[121.72686,24.92232],[121.72859,24.92028],[121.73054,24.9182],[121.7321,24.91671],[121.73374,24.91528],[121.74976,24.90295],[121.7519,24.90116],[121.75363,24.89957],[121.75556,24.89757],[121.75784,24.89481],[121.75972,24.89222],[121.76572,24.8835],[121.76838,24.87998],[121.77077,24.87734],[121.77572,24.87258],[121.78329,24.86545],[121.78425,24.86461],[121.78588,24.86295],[121.78714,24.86138],[121.78843,24.85965],[121.78988,24.85668],[121.7907,24.85416],[121.79123,24.85147],[121.79125,24.84921],[121.79118,24.84821],[121.79104,24.84776]]}},{"type":"Feature","properties":{"n":"北宜公路","k":2},"geometry":{"type":"LineString","coordinates":[[121.76624,24.87333],[121.76631,24.87323],[121.7663,24.87243],[121.76637,24.87231],[121.76698,24.87204],[121.76714,24.87188],[121.76728,24.87143],[121.76734,24.87092],[121.76753,24.87081],[121.76785,24.87074],[121.76799,24.87066],[121.76825,24.87037],[121.76845,24.87029],[121.76859,24.87032],[121.7687,24.87042],[121.76899,24.8712],[121.76902,24.87242],[121.76909,24.87253],[121.76926,24.87264],[121.76957,24.87266],[121.77159,24.87232],[121.77228,24.87249],[121.77266,24.87249],[121.77318,24.87238],[121.77354,24.87221],[121.77382,24.87192],[121.77396,24.87168],[121.774,24.87149],[121.77414,24.86923],[121.77388,24.86898],[121.77317,24.86886],[121.77282,24.86892],[121.77221,24.8692],[121.77201,24.86912],[121.77195,24.86903],[121.77197,24.86883],[121.77281,24.86793],[121.77355,24.86734],[121.77384,24.86659],[121.77439,24.86587],[121.77525,24.86519],[121.77537,24.86513],[121.77565,24.86512]]}},{"type":"Feature","properties":{"n":"北宜公路","k":2},"geometry":{"type":"LineString","coordinates":[[121.74477,24.89042],[121.74513,24.88945],[121.74512,24.88914],[121.745,24.88885],[121.74448,24.88845],[121.7435,24.8881],[121.7433,24.88794],[121.74327,24.88777],[121.7433,24.88768],[121.74402,24.88693],[121.7442,24.88663],[121.74437,24.88608],[121.74476,24.88568],[121.74474,24.88551],[121.74449,24.8852],[121.74416,24.88509],[121.74397,24.88497],[121.74395,24.88473],[121.74415,24.88435],[121.74414,24.88377],[121.74419,24.88366],[121.74436,24.8836],[121.74485,24.88374],[121.74497,24.88389],[121.74501,24.88437],[121.74507,24.88448],[121.74525,24.88461],[121.74577,24.88464],[121.74608,24.8846],[121.74641,24.88436],[121.74688,24.88418],[121.74701,24.88384],[121.74719,24.88376],[121.74777,24.88399],[121.74815,24.88423],[121.74833,24.88429],[121.74888,24.88423],[121.74933,24.8839],[121.74972,24.883],[121.75005,24.88272],[121.75008,24.88266],[121.74996,24.88234],[121.75002,24.88219],[121.75056,24.88187],[121.75091,24.88137],[121.75133,24.88093],[121.75158,24.88077],[121.75167,24.88061],[121.75163,24.8805],[121.75142,24.88027],[121.75118,24.87979],[121.75078,24.8793],[121.7501,24.87913],[121.74892,24.87845],[121.74832,24.87827],[121.74813,24.87815],[121.74809,24.87796],[121.74818,24.87749],[121.74844,24.87698],[121.74853,24.8769],[121.74881,24.87689],[121.7491,24.87697],[121.74953,24.8772],[121.7507,24.87726],[121.75115,24.87749],[121.75198,24.87761],[121.75258,24.87758],[121.75317,24.87773],[121.75395,24.87785],[121.75498,24.8779],[121.75516,24.87783],[121.75546,24.87737],[121.7555,24.87724],[121.75546,24.87663],[121.75573,24.87589],[121.75614,24.8753],[121.75632,24.87523],[121.75704,24.87546],[121.7574,24.87563],[121.75783,24.87605],[121.75812,24.87651],[121.75821,24.87659],[121.75875,24.87683],[121.75942,24.87694],[121.75963,24.87691],[121.76006,24.87667],[121.76019,24.87666],[121.76043,24.87677],[121.76073,24.87713],[121.76101,24.87715],[121.76156,24.87683],[121.76242,24.87605],[121.76244,24.87585],[121.76234,24.87542],[121.76244,24.87494],[121.76231,24.87425],[121.76246,24.87365],[121.76309,24.87264],[121.76353,24.8716],[121.76365,24.87101],[121.76383,24.87084],[121.76483,24.87085],[121.76606,24.87131],[121.76609,24.87143],[121.76605,24.87154],[121.7657,24.87183],[121.76563,24.87194],[121.76558,24.87266],[121.76564,24.87298],[121.76575,24.87318],[121.76596,24.87341],[121.76612,24.87341]]}},{"type":"Feature","properties":{"n":"北宜路八段","k":2},"geometry":{"type":"LineString","coordinates":[[121.71096,24.93393],[121.71087,24.93375],[121.71009,24.93337],[121.70991,24.93318],[121.70943,24.93242],[121.70932,24.93228],[121.70922,24.93223],[121.70894,24.93224],[121.70832,24.93243],[121.70816,24.93244],[121.70714,24.93242],[121.70695,24.93238],[121.70687,24.93228],[121.70685,24.93211],[121.7069,24.93184],[121.70727,24.93104],[121.7074,24.93085],[121.70753,24.93077],[121.70803,24.93068],[121.70818,24.93051],[121.70843,24.92989],[121.70847,24.92973],[121.70844,24.92961],[121.70821,24.92913],[121.70823,24.92884],[121.7084,24.92849],[121.70845,24.92826],[121.7082,24.92705],[121.70831,24.92676],[121.70869,24.92635],[121.70869,24.92618],[121.70795,24.92522],[121.70767,24.92448],[121.70753,24.92436],[121.70714,24.92427],[121.70699,24.92412],[121.70686,24.92353],[121.7068,24.92347],[121.70674,24.92344],[121.70652,24.92347],[121.70625,24.92375],[121.70604,24.92386],[121.70592,24.92388],[121.70568,24.92382],[121.70558,24.92364],[121.70538,24.9227],[121.70543,24.92242],[121.70558,24.92214],[121.70588,24.92194],[121.70648,24.9217],[121.70658,24.92159],[121.70661,24.92148],[121.70638,24.92106],[121.70635,24.9209],[121.70654,24.9201],[121.70688,24.9196],[121.70726,24.9193],[121.70759,24.91917],[121.70817,24.91916],[121.70833,24.91908],[121.70838,24.91896],[121.70836,24.91856],[121.70854,24.91832],[121.7088,24.91824],[121.70973,24.91811],[121.71002,24.91798],[121.71007,24.91791],[121.71007,24.91769],[121.70975,24.91741],[121.70973,24.91718],[121.7104,24.9166],[121.71054,24.9163],[121.71066,24.91563],[121.711,24.91511],[121.71134,24.91499],[121.7121,24.91499],[121.71322,24.9144],[121.71463,24.9126],[121.71497,24.91227],[121.71501,24.91209],[121.7147,24.9115],[121.71471,24.91136],[121.71492,24.91111],[121.71522,24.911],[121.71602,24.91112],[121.71622,24.9111],[121.71729,24.91081],[121.7177,24.91079],[121.71788,24.91072],[121.71799,24.91061],[121.71799,24.91051],[121.71796,24.9104],[121.71778,24.91019],[121.71777,24.91008],[121.71782,24.90992],[121.71801,24.90964],[121.71817,24.9095],[121.71842,24.90935],[121.7192,24.90917],[121.72031,24.90868],[121.72054,24.9087],[121.72129,24.90913],[121.72161,24.9091],[121.72186,24.90893],[121.72193,24.90882],[121.72192,24.90857],[121.72169,24.90826],[121.72108,24.9078],[121.72044,24.90722],[121.72024,24.90713],[121.71983,24.90709],[121.71959,24.90692],[121.71942,24.90639],[121.71909,24.90603],[121.71908,24.90579],[121.71926,24.90554],[121.71952,24.90535],[121.71968,24.90529],[121.72005,24.90536],[121.72068,24.90521],[121.72131,24.90519],[121.72146,24.90516],[121.72178,24.90499],[121.72262,24.90504],[121.72303,24.90482],[121.72318,24.90466],[121.72318,24.90449],[121.72311,24.9044],[121.72284,24.90426],[121.72146,24.90384],[121.72101,24.90341],[121.72036,24.90304]]}},{"type":"Feature","properties":{"n":"北宜路八段","k":2},"geometry":{"type":"LineString","coordinates":[[121.68905,24.93558],[121.69007,24.93624],[121.69057,24.93644],[121.69105,24.93681],[121.69274,24.93687],[121.69293,24.9368],[121.69335,24.93651],[121.6939,24.93603],[121.69504,24.93559],[121.69599,24.93492],[121.6962,24.9348],[121.69644,24.93477],[121.69664,24.93483],[121.69846,24.93574],[121.6991,24.93612],[121.69959,24.93635],[121.70029,24.93661],[121.70111,24.93669],[121.70203,24.9366],[121.70245,24.93651],[121.70638,24.93467],[121.70698,24.9345],[121.70743,24.93452],[121.71019,24.93524],[121.71036,24.93524],[121.71055,24.93517],[121.71071,24.93498]]}},{"type":"Feature","properties":{"n":"北宜路九段","k":2},"geometry":{"type":"LineString","coordinates":[[121.72036,24.90304],[121.7201,24.90288],[121.71996,24.90258],[121.71996,24.90246],[121.72019,24.90178],[121.72036,24.90164],[121.72049,24.90161],[121.72083,24.9016],[121.72118,24.90166],[121.72145,24.90163],[121.72171,24.90145],[121.72209,24.9008],[121.72288,24.89963],[121.72321,24.89898],[121.72331,24.89829],[121.7236,24.89821],[121.72414,24.89838],[121.72436,24.89835],[121.72443,24.89829],[121.72469,24.8972],[121.7248,24.89713],[121.72528,24.89715],[121.72539,24.89711],[121.72553,24.89698],[121.72575,24.89665],[121.72642,24.89616],[121.72681,24.89502],[121.72706,24.89479],[121.72737,24.89478],[121.72777,24.89486],[121.72795,24.89474],[121.72804,24.89442],[121.72813,24.89431],[121.72832,24.8942],[121.7291,24.89409],[121.72954,24.89396],[121.72981,24.894],[121.7303,24.8942],[121.73064,24.89452],[121.73096,24.89465],[121.73132,24.89472],[121.73143,24.89477],[121.73154,24.89491],[121.73155,24.89506],[121.73144,24.89528],[121.73136,24.89561],[121.73141,24.89607],[121.73155,24.89671],[121.73161,24.89679]]}},{"type":"Feature","properties":{"n":"北宜路九段","k":2},"geometry":{"type":"LineString","coordinates":[[121.73637,24.89601],[121.73631,24.8958],[121.73635,24.89561],[121.73693,24.89482],[121.73731,24.89468],[121.73737,24.8946],[121.73749,24.89408],[121.73771,24.89398],[121.73805,24.89394],[121.7382,24.89397],[121.73831,24.89406],[121.73831,24.89448],[121.73839,24.89477],[121.7385,24.89493],[121.73912,24.89543],[121.73989,24.89572],[121.74104,24.896],[121.74157,24.89595],[121.74171,24.89589],[121.74251,24.8953],[121.74269,24.89507],[121.74311,24.89422]]}},{"type":"Feature","properties":{"n":"北宜路九段","k":2},"geometry":{"type":"LineString","coordinates":[[121.73177,24.89684],[121.73191,24.89682],[121.73201,24.89674],[121.73228,24.89595],[121.73242,24.89586],[121.73298,24.89574],[121.73351,24.89533],[121.73364,24.89532],[121.73426,24.89554],[121.73553,24.89619],[121.73614,24.89624]]}},{"type":"Feature","properties":{"n":"北宜路九段","k":2},"geometry":{"type":"LineString","coordinates":[[121.74319,24.89369],[121.74328,24.89281],[121.74322,24.89265],[121.74291,24.89233],[121.74289,24.89217],[121.743,24.89203],[121.74315,24.89196],[121.74405,24.89178],[121.74423,24.8917],[121.74458,24.89138],[121.74479,24.89118],[121.74489,24.89095],[121.74478,24.89066],[121.74477,24.89042]]}},{"type":"Feature","properties":{"n":"石𥕢橋","k":2},"geometry":{"type":"LineString","coordinates":[[121.73161,24.89679],[121.73177,24.89684]]}},{"type":"Feature","properties":{"n":"青山橋","k":2},"geometry":{"type":"LineString","coordinates":[[121.73614,24.89624],[121.73629,24.89615],[121.73637,24.89601]]}},{"type":"Feature","properties":{"n":"彭山隧道","k":0},"geometry":{"type":"LineString","coordinates":[[121.701,24.94973],[121.69882,24.95011],[121.69722,24.95049],[121.69578,24.95097],[121.69402,24.95174],[121.69286,24.95243],[121.69171,24.95321],[121.69101,24.95377],[121.68964,24.95512],[121.68894,24.95593],[121.68839,24.95668],[121.68732,24.9585],[121.68708,24.95907],[121.68652,24.96068],[121.68627,24.96171],[121.68586,24.96403],[121.68562,24.96501],[121.68536,24.96577],[121.6847,24.9671],[121.68431,24.96774],[121.68333,24.96907],[121.68227,24.97012],[121.68,24.97197],[121.67944,24.97248],[121.6788,24.97325],[121.67828,24.9741]]}},{"type":"Feature","properties":{"n":"彭山隧道","k":0},"geometry":{"type":"LineString","coordinates":[[121.67795,24.97396],[121.67819,24.97347],[121.67922,24.97219],[121.67982,24.9716],[121.68073,24.97087],[121.68246,24.96934],[121.68344,24.96823],[121.68386,24.96758],[121.68489,24.9657],[121.68538,24.96396],[121.68577,24.96165],[121.68642,24.95941],[121.68671,24.95874],[121.68709,24.95788],[121.68757,24.95701],[121.68857,24.95563],[121.68963,24.9544],[121.69108,24.95308],[121.69266,24.95201],[121.69343,24.95156],[121.69433,24.95111],[121.6962,24.9504],[121.69756,24.95002],[121.69868,24.94979],[121.70105,24.9494]]}},{"type":"Feature","properties":{"n":"北宜路六段","k":2},"geometry":{"type":"LineString","coordinates":[[121.64622,24.95165],[121.64718,24.95093],[121.64899,24.94928],[121.649,24.94902],[121.64866,24.94846],[121.64862,24.94826],[121.64872,24.94801],[121.64906,24.94766],[121.64919,24.94743],[121.64898,24.94611],[121.64896,24.9448],[121.64908,24.9446],[121.64938,24.94446],[121.64967,24.94447],[121.65029,24.94492],[121.65032,24.94503],[121.65013,24.94555],[121.65006,24.94599],[121.65007,24.94635],[121.65011,24.94642],[121.65086,24.94668],[121.65121,24.94702],[121.65138,24.94708],[121.6519,24.9469],[121.65255,24.94704],[121.65282,24.94704],[121.65304,24.94689],[121.6536,24.94606],[121.65385,24.9456],[121.65395,24.94552],[121.65449,24.94554],[121.65471,24.9455],[121.65505,24.94535],[121.65602,24.94477],[121.6563,24.94474],[121.65642,24.94479],[121.65659,24.94502],[121.65674,24.94535],[121.65681,24.94542],[121.6569,24.94543],[121.65704,24.94541],[121.65782,24.94495],[121.65845,24.94475],[121.65862,24.94475],[121.65882,24.94489],[121.65883,24.94538],[121.65912,24.946],[121.6591,24.94625],[121.65895,24.94679],[121.65788,24.94799],[121.65774,24.94837],[121.65773,24.94846],[121.6578,24.94856],[121.65842,24.94896],[121.65857,24.94911],[121.65879,24.94922],[121.65908,24.94914],[121.65942,24.94896],[121.65977,24.9489],[121.66072,24.94906],[121.66169,24.94861],[121.66189,24.94856],[121.66219,24.94857],[121.66241,24.94873],[121.66271,24.94922],[121.66289,24.94962],[121.66361,24.95022],[121.66372,24.95026],[121.66388,24.95023],[121.66394,24.95017],[121.664,24.94995],[121.66401,24.94963],[121.66411,24.9493],[121.66456,24.9488],[121.66457,24.94818],[121.66477,24.94743],[121.66477,24.94692],[121.66515,24.94642],[121.66518,24.94623],[121.66512,24.94597],[121.66468,24.94553],[121.66463,24.94544],[121.66463,24.94526],[121.66476,24.94507],[121.66519,24.9449],[121.66534,24.94469],[121.66545,24.94439],[121.66584,24.94417],[121.66608,24.94393],[121.66622,24.94346],[121.66601,24.94274],[121.66601,24.94257],[121.66607,24.94241],[121.66619,24.9423],[121.66636,24.94226],[121.66672,24.94227]]}},{"type":"Feature","properties":{"n":"北宜路七段","k":2},"geometry":{"type":"LineString","coordinates":[[121.66672,24.94227],[121.66717,24.94237],[121.66732,24.94258],[121.66734,24.94301],[121.66719,24.94355],[121.66729,24.94371],[121.66752,24.94375],[121.66847,24.94357],[121.66862,24.94361],[121.66889,24.94384],[121.66889,24.9441],[121.66863,24.94451],[121.66861,24.94462],[121.66873,24.94481],[121.66917,24.94512],[121.66916,24.94549],[121.66905,24.94576],[121.66887,24.94595],[121.66846,24.94606],[121.66826,24.94621],[121.66824,24.94638],[121.6683,24.94647],[121.66873,24.94666],[121.6694,24.94682],[121.66949,24.94686],[121.6697,24.94716],[121.66992,24.94725],[121.67003,24.94723],[121.67012,24.94718],[121.6702,24.94703],[121.67021,24.94687],[121.6701,24.94634],[121.67038,24.94574],[121.67052,24.94496],[121.67067,24.94484],[121.67106,24.94489],[121.67115,24.94484],[121.67125,24.94469],[121.67119,24.94443],[121.67092,24.94415],[121.67084,24.944],[121.67092,24.94344],[121.67088,24.94313],[121.67069,24.94255],[121.67072,24.94236],[121.67087,24.94209],[121.67119,24.94165],[121.67151,24.94132],[121.67176,24.9412],[121.67213,24.94112],[121.67312,24.94125],[121.67344,24.94139],[121.67364,24.94166],[121.67382,24.94175],[121.67409,24.94169],[121.67445,24.94145],[121.67503,24.94153],[121.67534,24.94147],[121.67554,24.94125],[121.67571,24.94095],[121.6757,24.94044],[121.67574,24.94034],[121.67585,24.94024],[121.67614,24.94016],[121.67627,24.94004],[121.67629,24.93937],[121.67642,24.93915],[121.67759,24.93788],[121.67772,24.93778],[121.67802,24.93772],[121.67843,24.93787],[121.68004,24.93863],[121.68033,24.93889],[121.6811,24.93975],[121.68126,24.94074],[121.68137,24.94094],[121.68186,24.94137],[121.68212,24.94144],[121.68229,24.9414],[121.68245,24.94127],[121.68274,24.94087],[121.68298,24.94077],[121.68323,24.94079],[121.68414,24.94119],[121.6846,24.94131],[121.68468,24.94128],[121.68476,24.94114],[121.68478,24.94075],[121.68467,24.94055],[121.68433,24.9402],[121.68396,24.93955],[121.68372,24.939],[121.68361,24.93822],[121.6832,24.93731],[121.68329,24.93707],[121.68349,24.93688],[121.68416,24.93661],[121.68479,24.93601],[121.68525,24.93566],[121.6864,24.9352],[121.68678,24.9348],[121.68689,24.93476],[121.68812,24.93504],[121.68905,24.93558]]}},{"type":"Feature","properties":{"n":"坪林橋","k":2},"geometry":{"type":"LineString","coordinates":[[121.71071,24.93498],[121.71096,24.93408],[121.71096,24.93393]]}},{"type":"Feature","properties":{"n":"蔣渭水高速公路","k":0},"geometry":{"type":"LineString","coordinates":[[121.71474,24.93862],[121.71448,24.9389],[121.71391,24.93975],[121.71183,24.94291],[121.71152,24.9435],[121.7106,24.94489],[121.71,24.9454],[121.70899,24.94607],[121.70877,24.94617],[121.70832,24.94637],[121.70611,24.94716],[121.70313,24.94896],[121.70214,24.94939],[121.701,24.94973]]}},{"type":"Feature","properties":{"n":"蔣渭水高速公路","k":0},"geometry":{"type":"LineString","coordinates":[[121.70105,24.9494],[121.70249,24.94896],[121.70305,24.94869],[121.70583,24.9471],[121.70869,24.946],[121.70945,24.94554],[121.70994,24.94516],[121.7105,24.94463],[121.71085,24.94414],[121.71144,24.94316],[121.7118,24.94244],[121.71264,24.94119],[121.71395,24.93896],[121.71444,24.93833]]}},{"type":"Feature","properties":{"n":"蔣渭水高速公路","k":0},"geometry":{"type":"LineString","coordinates":[[121.66467,24.98208],[121.66401,24.98213],[121.66356,24.98222],[121.66311,24.98238],[121.6623,24.98287],[121.66174,24.9833],[121.66138,24.98373],[121.66094,24.98443],[121.65962,24.98702],[121.65873,24.98867],[121.65851,24.98899],[121.65805,24.98947],[121.65773,24.98973],[121.65683,24.99026],[121.65578,24.99074],[121.65493,24.99129],[121.654,24.99215],[121.65366,24.99253],[121.6532,24.99317],[121.65269,24.99414],[121.65238,24.99506],[121.65073,25.00411],[121.6506,25.00459],[121.6502,25.00555],[121.64994,25.00601],[121.64928,25.00681],[121.64493,25.01154],[121.64451,25.01209],[121.64425,25.01254]]}},{"type":"Feature","properties":{"n":"蔣渭水高速公路","k":0},"geometry":{"type":"LineString","coordinates":[[121.64389,25.01249],[121.64456,25.01154],[121.64525,25.01075],[121.64925,25.00669],[121.65,25.00569],[121.65047,25.00462],[121.65062,25.00413],[121.65226,24.99509],[121.65266,24.99391],[121.65326,24.99288],[121.65411,24.99187],[121.65465,24.9914],[121.65571,24.99067],[121.65722,24.98991],[121.65763,24.98965],[121.65834,24.98899],[121.65897,24.98796],[121.6611,24.98387],[121.66139,24.98347],[121.66197,24.98284],[121.6624,24.98252],[121.6629,24.98223],[121.66326,24.98208],[121.66408,24.98186],[121.66485,24.9818]]}},{"type":"Feature","properties":{"n":"蔣渭水高速公路","k":0},"geometry":{"type":"LineString","coordinates":[[121.67828,24.9741],[121.67682,24.97744],[121.67637,24.97821],[121.67603,24.97864],[121.67526,24.97943],[121.67399,24.98048],[121.67305,24.98104],[121.67174,24.98167],[121.67122,24.98186],[121.67024,24.98212],[121.66886,24.98229],[121.66796,24.98233],[121.66697,24.98223]]}},{"type":"Feature","properties":{"n":"蔣渭水高速公路","k":0},"geometry":{"type":"LineString","coordinates":[[121.66683,24.98192],[121.66799,24.98202],[121.66884,24.98203],[121.67015,24.98186],[121.67112,24.9816],[121.67247,24.98104],[121.6738,24.98025],[121.67534,24.979],[121.67608,24.9781],[121.6767,24.97701],[121.67717,24.97578],[121.67795,24.97396]]}},{"type":"Feature","properties":{"n":"碧湖橋","k":2},"geometry":{"type":"LineString","coordinates":[[121.74311,24.89422],[121.74319,24.89369]]}},{"type":"Feature","properties":{"n":"湖底橋","k":2},"geometry":{"type":"LineString","coordinates":[[121.76612,24.87341],[121.76624,24.87333]]}},{"type":"Feature","properties":{"n":"烏塗隧道","k":0},"geometry":{"type":"LineString","coordinates":[[121.66485,24.9818],[121.66683,24.98192]]}},{"type":"Feature","properties":{"n":"烏塗隧道","k":0},"geometry":{"type":"LineString","coordinates":[[121.66697,24.98223],[121.66467,24.98208]]}},{"type":"Feature","properties":{"n":"大同路二段","k":2},"geometry":{"type":"LineString","coordinates":[[121.64662,25.06272],[121.64743,25.06289],[121.64877,25.06297],[121.64919,25.06304],[121.64984,25.06324],[121.65037,25.06365],[121.65064,25.06379],[121.65083,25.06386],[121.65167,25.06397]]}},{"type":"Feature","properties":{"n":"大同路二段","k":2},"geometry":{"type":"LineString","coordinates":[[121.65167,25.0641],[121.65079,25.06393],[121.65048,25.06381],[121.64983,25.06333],[121.64951,25.0632],[121.6488,25.06306],[121.64755,25.06299],[121.64692,25.0629],[121.64656,25.0628]]}},{"type":"Feature","properties":{"n":"大同路二段","k":2},"geometry":{"type":"LineString","coordinates":[[121.66521,25.07317],[121.6651,25.07239],[121.66487,25.07176],[121.66463,25.07134],[121.66411,25.07071],[121.6634,25.07017],[121.66226,25.06952],[121.65964,25.06755],[121.65922,25.06737],[121.65877,25.06729],[121.65694,25.06723],[121.65625,25.0671],[121.6555,25.06681],[121.65497,25.06654],[121.65455,25.06623],[121.65268,25.06458],[121.65199,25.06421]]}},{"type":"Feature","properties":{"n":"大同路二段","k":2},"geometry":{"type":"LineString","coordinates":[[121.65204,25.06408],[121.65281,25.06453],[121.6538,25.06544],[121.65487,25.06633],[121.65557,25.06672],[121.65628,25.06699],[121.65701,25.06713],[121.65878,25.06718],[121.65922,25.06724],[121.6597,25.06745],[121.66234,25.06944],[121.66379,25.0703],[121.66431,25.07076],[121.66467,25.0712],[121.66502,25.07183],[121.66521,25.07236],[121.66532,25.07314]]}},{"type":"Feature","properties":{"n":"街後橋","k":2},"geometry":{"type":"LineString","coordinates":[[121.65167,25.06397],[121.65204,25.06408]]}},{"type":"Feature","properties":{"n":"街後橋","k":2},"geometry":{"type":"LineString","coordinates":[[121.65199,25.06421],[121.65167,25.0641]]}},{"type":"Feature","properties":{"n":"石橋","k":2},"geometry":{"type":"LineString","coordinates":[[121.65805,25.0642],[121.6576,25.064]]}},{"type":"Feature","properties":{"n":"石橋","k":2},"geometry":{"type":"LineString","coordinates":[[121.65763,25.06387],[121.65805,25.06407]]}},{"type":"Feature","properties":{"n":"新台五路二段","k":2},"geometry":{"type":"LineString","coordinates":[[121.68888,25.07176],[121.68844,25.07123],[121.68764,25.07049],[121.68658,25.06978],[121.68548,25.06928],[121.6848,25.06905],[121.68384,25.06885],[121.68245,25.06865],[121.68072,25.0685],[121.67962,25.06829],[121.67883,25.06805],[121.67794,25.06762],[121.67545,25.06599],[121.67508,25.06583],[121.67459,25.06571],[121.67369,25.0657],[121.67307,25.06585],[121.67077,25.06695],[121.66959,25.06733],[121.6688,25.06748],[121.66739,25.06751],[121.6664,25.06736],[121.66506,25.06703],[121.66384,25.06662],[121.66179,25.06584],[121.65978,25.06501]]}},{"type":"Feature","properties":{"n":"新台五路二段","k":2},"geometry":{"type":"LineString","coordinates":[[121.65979,25.06485],[121.66053,25.0652],[121.66385,25.06653],[121.66609,25.06721],[121.66721,25.06741],[121.66835,25.06743],[121.66907,25.06736],[121.66947,25.06727],[121.67071,25.06688],[121.67269,25.06593],[121.67328,25.0657],[121.67395,25.0656],[121.67485,25.06567],[121.67566,25.066],[121.678,25.06758],[121.67919,25.06807],[121.68022,25.06835],[121.68386,25.06874],[121.68462,25.0689],[121.68583,25.06932],[121.68662,25.0697],[121.68771,25.07041],[121.68862,25.07126],[121.68899,25.07172]]}},{"type":"Feature","properties":{"n":"大同路三段","k":2},"geometry":{"type":"LineString","coordinates":[[121.66532,25.07314],[121.66534,25.07335],[121.66526,25.07439],[121.66543,25.07486],[121.6673,25.07678],[121.66764,25.07704],[121.66836,25.0774],[121.66931,25.07754],[121.67017,25.07741],[121.6714,25.07702],[121.67162,25.077],[121.67255,25.07658],[121.67297,25.07628],[121.6736,25.0757],[121.67402,25.07518],[121.67503,25.07345],[121.67555,25.07268],[121.67616,25.07208],[121.67676,25.0717],[121.67718,25.0715],[121.67771,25.07132],[121.67828,25.07121],[121.67973,25.0711],[121.68029,25.07111],[121.68056,25.07115],[121.68093,25.07128],[121.6817,25.07164],[121.68234,25.07201]]}},{"type":"Feature","properties":{"n":"大同路三段","k":2},"geometry":{"type":"LineString","coordinates":[[121.68224,25.07206],[121.68167,25.07171],[121.6809,25.07134],[121.68029,25.07117],[121.67992,25.07116],[121.67829,25.07129],[121.67769,25.07141],[121.67721,25.07157],[121.67681,25.07176],[121.6762,25.07216],[121.67561,25.07275],[121.67506,25.07356],[121.67431,25.07488],[121.67385,25.07554],[121.67302,25.07633],[121.67212,25.07687],[121.67117,25.07727],[121.67026,25.07756],[121.6694,25.07769],[121.6688,25.07767],[121.66836,25.07757],[121.66781,25.07735],[121.66721,25.07694],[121.66676,25.07649],[121.66624,25.07591],[121.66617,25.07566],[121.66538,25.07487],[121.66521,25.07441],[121.66528,25.0736],[121.66528,25.07337],[121.66521,25.07317]]}},{"type":"Feature","properties":{"n":"大同路三段","k":2},"geometry":{"type":"LineString","coordinates":[[121.68364,25.07521],[121.68333,25.07485],[121.68329,25.07467],[121.68329,25.07436],[121.68347,25.07369],[121.68349,25.07335],[121.68333,25.07299],[121.6827,25.07244]]}},{"type":"Feature","properties":{"n":"大同路三段","k":2},"geometry":{"type":"LineString","coordinates":[[121.68276,25.07238],[121.68339,25.07294],[121.68359,25.07333],[121.68357,25.07371],[121.68337,25.07432],[121.68336,25.07466],[121.6835,25.07496],[121.6837,25.07515]]}},{"type":"Feature","properties":{"n":"保長坑橋","k":2},"geometry":{"type":"LineString","coordinates":[[121.68234,25.07201],[121.68276,25.07238]]}},{"type":"Feature","properties":{"n":"保長坑橋","k":2},"geometry":{"type":"LineString","coordinates":[[121.6827,25.07244],[121.68224,25.07206]]}},{"type":"Feature","properties":{"n":"平雙隧道","k":2},"geometry":{"type":"LineString","coordinates":[[121.79354,25.01931],[121.78192,25.02467]]}},{"type":"Feature","properties":{"n":"平湖八號橋","k":2},"geometry":{"type":"LineString","coordinates":[[121.78192,25.02467],[121.78119,25.02506]]}},{"type":"Feature","properties":{"n":"長源一號橋","k":2},"geometry":{"type":"LineString","coordinates":[[121.7979,25.01707],[121.79709,25.01736]]}},{"type":"Feature","properties":{"n":"基福公路","k":2},"geometry":{"type":"LineString","coordinates":[[121.79808,25.01702],[121.7979,25.01707]]}},{"type":"Feature","properties":{"n":"基福公路","k":2},"geometry":{"type":"LineString","coordinates":[[121.80223,25.01769],[121.8018,25.017],[121.80133,25.01662],[121.80112,25.01653],[121.80042,25.01639],[121.80014,25.01642],[121.79935,25.01663]]}},{"type":"Feature","properties":{"n":"基福公路","k":2},"geometry":{"type":"LineString","coordinates":[[121.79709,25.01736],[121.79693,25.01745],[121.79668,25.01771],[121.79637,25.01833],[121.79606,25.01879],[121.79571,25.01904],[121.79558,25.0191],[121.79521,25.01915],[121.7941,25.01913],[121.79354,25.01931]]}},{"type":"Feature","properties":{"n":"基福公路","k":2},"geometry":{"type":"LineString","coordinates":[[121.80665,25.01927],[121.80613,25.01883],[121.80592,25.01874],[121.80547,25.01868],[121.80509,25.01871]]}},{"type":"Feature","properties":{"n":"基福公路","k":2},"geometry":{"type":"LineString","coordinates":[[121.80358,25.01898],[121.80329,25.0189]]}},{"type":"Feature","properties":{"n":"基福公路","k":2},"geometry":{"type":"LineString","coordinates":[[121.81575,25.02299],[121.81544,25.02273],[121.8152,25.02242],[121.81468,25.02157],[121.81436,25.02126],[121.81419,25.02117],[121.81337,25.02097],[121.81045,25.021],[121.80939,25.02094],[121.8082,25.02053],[121.80761,25.02015]]}},{"type":"Feature","properties":{"n":"基福公路","k":2},"geometry":{"type":"LineString","coordinates":[[121.77879,25.03274],[121.77934,25.03434],[121.77939,25.03462],[121.7794,25.03545],[121.77918,25.03657],[121.77928,25.03725]]}},{"type":"Feature","properties":{"n":"基福公路","k":2},"geometry":{"type":"LineString","coordinates":[[121.77876,25.0313],[121.77864,25.03184],[121.77865,25.03214]]}},{"type":"Feature","properties":{"n":"基福公路","k":2},"geometry":{"type":"LineString","coordinates":[[121.78119,25.02506],[121.78096,25.0252]]}},{"type":"Feature","properties":{"n":"基福公路","k":2},"geometry":{"type":"LineString","coordinates":[[121.77934,25.03036],[121.77913,25.03066]]}},{"type":"Feature","properties":{"n":"基福公路","k":2},"geometry":{"type":"LineString","coordinates":[[121.78056,25.02613],[121.78057,25.02659]]}},{"type":"Feature","properties":{"n":"基福公路","k":2},"geometry":{"type":"LineString","coordinates":[[121.78062,25.02808],[121.78054,25.02845],[121.7804,25.0288],[121.77985,25.02962]]}},{"type":"Feature","properties":{"n":"基福公路","k":2},"geometry":{"type":"LineString","coordinates":[[121.77941,25.03754],[121.77952,25.03774],[121.77999,25.03822],[121.78008,25.0384],[121.78017,25.03888],[121.7801,25.03914]]}},{"type":"Feature","properties":{"n":"基福公路","k":2},"geometry":{"type":"LineString","coordinates":[[121.7772,25.04853],[121.77496,25.05067],[121.77341,25.05173]]}},{"type":"Feature","properties":{"n":"基福公路","k":2},"geometry":{"type":"LineString","coordinates":[[121.78007,25.03924],[121.77987,25.03994],[121.7798,25.04048],[121.77981,25.04094]]}},{"type":"Feature","properties":{"n":"基福公路","k":2},"geometry":{"type":"LineString","coordinates":[[121.77258,25.05258],[121.77242,25.05296],[121.77207,25.05459]]}},{"type":"Feature","properties":{"n":"基福公路","k":2},"geometry":{"type":"LineString","coordinates":[[121.83397,25.03032],[121.8203,25.02438],[121.81894,25.0239],[121.81626,25.02324]]}},{"type":"Feature","properties":{"n":"基福公路","k":2},"geometry":{"type":"LineString","coordinates":[[121.85685,25.03511],[121.85367,25.03596],[121.85321,25.03602],[121.85257,25.03603],[121.85166,25.0359],[121.85014,25.03535],[121.8495,25.03518],[121.84771,25.03509],[121.84685,25.03492],[121.84609,25.03483],[121.8455,25.03483],[121.84342,25.03498],[121.84275,25.03497],[121.84214,25.03485]]}},{"type":"Feature","properties":{"n":"基福公路","k":2},"geometry":{"type":"LineString","coordinates":[[121.83788,25.03261],[121.83662,25.03128],[121.8362,25.03095],[121.83573,25.03072],[121.83484,25.03053]]}},{"type":"Feature","properties":{"n":"基福公路","k":2},"geometry":{"type":"LineString","coordinates":[[121.84195,25.0348],[121.83918,25.03363]]}},{"type":"Feature","properties":{"n":"基福公路","k":2},"geometry":{"type":"LineString","coordinates":[[121.87642,25.02347],[121.87678,25.02341],[121.87822,25.02342]]}},{"type":"Feature","properties":{"n":"基福公路","k":2},"geometry":{"type":"LineString","coordinates":[[121.88174,25.02346],[121.88591,25.02353]]}},{"type":"Feature","properties":{"n":"基福公路","k":2},"geometry":{"type":"LineString","coordinates":[[121.87268,25.02626],[121.87374,25.0255],[121.87494,25.02426]]}},{"type":"Feature","properties":{"n":"基福公路","k":2},"geometry":{"type":"LineString","coordinates":[[121.8796,25.02344],[121.88026,25.02344]]}},{"type":"Feature","properties":{"n":"基福公路","k":2},"geometry":{"type":"LineString","coordinates":[[121.88741,25.02354],[121.88826,25.02353],[121.88881,25.02343],[121.88912,25.02332],[121.88972,25.02299]]}},{"type":"Feature","properties":{"n":"基福公路","k":2},"geometry":{"type":"LineString","coordinates":[[121.89075,25.0221],[121.891,25.02188]]}},{"type":"Feature","properties":{"n":"基福公路","k":2},"geometry":{"type":"LineString","coordinates":[[121.93317,25.01902],[121.93232,25.0181]]}},{"type":"Feature","properties":{"n":"基福公路","k":2},"geometry":{"type":"LineString","coordinates":[[121.86301,25.03412],[121.86224,25.03477],[121.8619,25.03493],[121.86131,25.03509],[121.8606,25.03511],[121.85915,25.03482]]}},{"type":"Feature","properties":{"n":"基福公路","k":2},"geometry":{"type":"LineString","coordinates":[[121.86506,25.03279],[121.86484,25.0329]]}},{"type":"Feature","properties":{"n":"長源三號橋","k":2},"geometry":{"type":"LineString","coordinates":[[121.80329,25.0189],[121.80294,25.0187],[121.80265,25.01842],[121.80223,25.01769]]}},{"type":"Feature","properties":{"n":"長源二號橋","k":2},"geometry":{"type":"LineString","coordinates":[[121.79935,25.01663],[121.79808,25.01702]]}},{"type":"Feature","properties":{"n":"外柑一號橋","k":2},"geometry":{"type":"LineString","coordinates":[[121.80509,25.01871],[121.80412,25.01899],[121.80358,25.01898]]}},{"type":"Feature","properties":{"n":"外柑二號橋","k":2},"geometry":{"type":"LineString","coordinates":[[121.80761,25.02015],[121.80665,25.01927]]}},{"type":"Feature","properties":{"n":"石壁橋","k":2},"geometry":{"type":"LineString","coordinates":[[121.81626,25.02324],[121.81575,25.02299]]}},{"type":"Feature","properties":{"n":"平湖四號橋","k":2},"geometry":{"type":"LineString","coordinates":[[121.77913,25.03066],[121.77891,25.03098],[121.77876,25.0313]]}},{"type":"Feature","properties":{"n":"平湖三號橋","k":2},"geometry":{"type":"LineString","coordinates":[[121.77865,25.03214],[121.77869,25.03247],[121.77879,25.03274]]}},{"type":"Feature","properties":{"n":"平湖七號橋","k":2},"geometry":{"type":"LineString","coordinates":[[121.78096,25.0252],[121.78064,25.02563],[121.78056,25.02613]]}},{"type":"Feature","properties":{"n":"平湖五號橋","k":2},"geometry":{"type":"LineString","coordinates":[[121.77985,25.02962],[121.77934,25.03036]]}},{"type":"Feature","properties":{"n":"平湖六號橋","k":2},"geometry":{"type":"LineString","coordinates":[[121.78057,25.02659],[121.78062,25.02808]]}},{"type":"Feature","properties":{"n":"平湖二號橋","k":2},"geometry":{"type":"LineString","coordinates":[[121.77928,25.03725],[121.77941,25.03754]]}},{"type":"Feature","properties":{"n":"基平橋","k":2},"geometry":{"type":"LineString","coordinates":[[121.77981,25.04094],[121.77993,25.04173],[121.7803,25.04277],[121.78043,25.04335],[121.7804,25.04421],[121.78026,25.04473],[121.78014,25.04502],[121.77976,25.04563],[121.7772,25.04853]]}},{"type":"Feature","properties":{"n":"平湖一號橋","k":2},"geometry":{"type":"LineString","coordinates":[[121.7801,25.03914],[121.78007,25.03924]]}},{"type":"Feature","properties":{"n":"基平隧道","k":2},"geometry":{"type":"LineString","coordinates":[[121.75823,25.07438],[121.77129,25.05618],[121.77169,25.05549],[121.77207,25.05459]]}},{"type":"Feature","properties":{"n":"頂寮橋","k":2},"geometry":{"type":"LineString","coordinates":[[121.77341,25.05173],[121.77286,25.05218],[121.77258,25.05258]]}},{"type":"Feature","properties":{"n":"上林橋","k":2},"geometry":{"type":"LineString","coordinates":[[121.83484,25.03053],[121.83397,25.03032]]}},{"type":"Feature","properties":{"n":"平林壹號橋","k":2},"geometry":{"type":"LineString","coordinates":[[121.83918,25.03363],[121.83862,25.03329],[121.83788,25.03261]]}},{"type":"Feature","properties":{"n":"平林二號橋","k":2},"geometry":{"type":"LineString","coordinates":[[121.84214,25.03485],[121.84195,25.0348]]}},{"type":"Feature","properties":{"n":"汐止隧道","k":0},"geometry":{"type":"LineString","coordinates":[[121.66013,25.09218],[121.65557,25.09092],[121.65411,25.09037]]}},{"type":"Feature","properties":{"n":"汐止隧道","k":0},"geometry":{"type":"LineString","coordinates":[[121.65431,25.09008],[121.65569,25.09065],[121.66009,25.09181]]}},{"type":"Feature","properties":{"n":"基金公路","k":2},"geometry":{"type":"LineString","coordinates":[[121.68443,25.19317],[121.68421,25.19234],[121.684,25.19193],[121.68328,25.19079],[121.68313,25.19034],[121.68309,25.19004],[121.68307,25.1886],[121.68317,25.18751],[121.68337,25.18633],[121.68345,25.18605],[121.6836,25.18576],[121.68386,25.18546],[121.68417,25.18525],[121.68444,25.18515],[121.68558,25.1849],[121.68606,25.18472],[121.6863,25.18457],[121.68693,25.18402],[121.68734,25.18356],[121.68793,25.18238],[121.68806,25.18235],[121.68848,25.18204],[121.68929,25.18131],[121.69016,25.18029],[121.69051,25.18006],[121.69069,25.18],[121.69099,25.17992],[121.69159,25.17986]]}},{"type":"Feature","properties":{"n":"基金公路","k":2},"geometry":{"type":"LineString","coordinates":[[121.70788,25.17467],[121.70767,25.17477],[121.70737,25.17483],[121.70711,25.17483],[121.70608,25.17467],[121.70579,25.17471],[121.70456,25.17549],[121.70293,25.17621],[121.70255,25.17651],[121.70227,25.17689],[121.70216,25.17722],[121.70212,25.17772],[121.70205,25.178],[121.70183,25.1784],[121.70152,25.17872],[121.70134,25.17883],[121.70027,25.17931],[121.69914,25.17966],[121.69819,25.17983],[121.69757,25.17986],[121.69712,25.17981],[121.69581,25.17936],[121.69534,25.17931],[121.6948,25.17935],[121.69391,25.17965]]}},{"type":"Feature","properties":{"n":"基金公路","k":2},"geometry":{"type":"LineString","coordinates":[[121.69378,25.17959],[121.69494,25.17925],[121.69534,25.17924],[121.69583,25.1793],[121.69705,25.17972],[121.69753,25.17979],[121.6979,25.17979],[121.69889,25.17965],[121.70012,25.1793],[121.70113,25.17887],[121.70162,25.17853],[121.70191,25.17816],[121.702,25.17789],[121.70213,25.17702],[121.70222,25.17681],[121.70262,25.17635],[121.7029,25.17615],[121.70428,25.17557],[121.70577,25.17465],[121.70609,25.17461],[121.70735,25.17477],[121.70783,25.17462]]}},{"type":"Feature","properties":{"n":"基金公路","k":2},"geometry":{"type":"LineString","coordinates":[[121.67848,25.20044],[121.67822,25.2005],[121.67678,25.20045],[121.67623,25.20048],[121.67577,25.20064],[121.67479,25.20117],[121.67438,25.20128],[121.67363,25.20129],[121.67245,25.20116],[121.67182,25.20117],[121.67163,25.20122],[121.67112,25.20151],[121.67027,25.2024],[121.66799,25.20367],[121.66599,25.2051],[121.66519,25.2054],[121.6606,25.20686],[121.66004,25.20713],[121.65935,25.20761],[121.65775,25.20945],[121.65761,25.20955],[121.65734,25.20963],[121.65695,25.20964],[121.65584,25.20948]]}},{"type":"Feature","properties":{"n":"基金公路","k":2},"geometry":{"type":"LineString","coordinates":[[121.69161,25.17994],[121.6907,25.18008],[121.6903,25.18029],[121.69013,25.18043],[121.68906,25.18163],[121.68802,25.18248],[121.68763,25.18325],[121.68728,25.1838],[121.68702,25.18409],[121.6863,25.18469],[121.68613,25.1848],[121.68559,25.18499],[121.68435,25.18526],[121.68403,25.18544],[121.68367,25.18586],[121.68341,25.18665],[121.68318,25.18845],[121.6832,25.19004],[121.68324,25.19034],[121.68337,25.19075],[121.68452,25.19253]]}},{"type":"Feature","properties":{"n":"基金公路","k":2},"geometry":{"type":"LineString","coordinates":[[121.65584,25.2094],[121.65693,25.20957],[121.65732,25.20957],[121.65755,25.2095],[121.65776,25.20935],[121.65907,25.20778],[121.65957,25.20735],[121.66018,25.20697],[121.66062,25.20678],[121.66517,25.20534],[121.66592,25.20504],[121.66782,25.20369],[121.67021,25.20235],[121.67043,25.20217],[121.6711,25.20142],[121.67153,25.20118],[121.672,25.20108],[121.6738,25.20123],[121.67435,25.20122],[121.67472,25.20112],[121.67568,25.20061],[121.67622,25.20041],[121.67774,25.2004],[121.6784,25.20021]]}},{"type":"Feature","properties":{"n":"萬里大橋","k":2},"geometry":{"type":"LineString","coordinates":[[121.69391,25.17965],[121.69337,25.17978],[121.69161,25.17994]]}},{"type":"Feature","properties":{"n":"萬里大橋","k":2},"geometry":{"type":"LineString","coordinates":[[121.69159,25.17986],[121.69335,25.1797],[121.69378,25.17959]]}},{"type":"Feature","properties":{"n":"楓仔瀨路","k":2},"geometry":{"type":"LineString","coordinates":[[121.76816,25.10204],[121.76807,25.10047],[121.76802,25.10024],[121.76782,25.09984],[121.76747,25.09934],[121.76727,25.09911],[121.76695,25.09888],[121.76631,25.09865],[121.76499,25.09841],[121.7632,25.09838],[121.76244,25.09858]]}},{"type":"Feature","properties":{"n":"楓仔瀨路","k":2},"geometry":{"type":"LineString","coordinates":[[121.76223,25.09864],[121.76197,25.09871]]}},{"type":"Feature","properties":{"n":"楓仔瀨路","k":2},"geometry":{"type":"LineString","coordinates":[[121.775,25.10351],[121.77464,25.10564],[121.77451,25.10602],[121.77422,25.10633],[121.77386,25.10652],[121.77263,25.10692],[121.77229,25.10697],[121.77194,25.10692],[121.77154,25.10674],[121.76976,25.10532],[121.7695,25.10494],[121.76898,25.10383]]}},{"type":"Feature","properties":{"n":"楓仔瀨路","k":2},"geometry":{"type":"LineString","coordinates":[[121.76816,25.10204],[121.7685,25.10287],[121.76898,25.10383]]}},{"type":"Feature","properties":{"n":"楓仔瀨路","k":2},"geometry":{"type":"LineString","coordinates":[[121.76898,25.10383],[121.76838,25.10284],[121.76823,25.10242],[121.76816,25.10204]]}},{"type":"Feature","properties":{"n":"楓仔瀨路","k":2},"geometry":{"type":"LineString","coordinates":[[121.77509,25.102],[121.77512,25.10283],[121.77505,25.10323]]}},{"type":"Feature","properties":{"n":"東西向快速公路 萬里瑞濱線","k":1},"geometry":{"type":"LineString","coordinates":[[121.75717,25.10356],[121.75928,25.10451],[121.75986,25.10491],[121.76005,25.10509],[121.76035,25.1055],[121.76098,25.10688],[121.76128,25.10723],[121.76148,25.10739],[121.76188,25.10764],[121.76213,25.10774],[121.76364,25.10822]]}},{"type":"Feature","properties":{"n":"東西向快速公路 萬里瑞濱線","k":1},"geometry":{"type":"LineString","coordinates":[[121.76298,25.10829],[121.76234,25.1081],[121.76186,25.10788],[121.76125,25.10742],[121.76104,25.10717],[121.76076,25.10671],[121.76025,25.10554],[121.75996,25.10515],[121.75955,25.10479],[121.75923,25.10458],[121.75704,25.1036]]}},{"type":"Feature","properties":{"n":"東西向快速公路 萬里瑞濱線","k":1},"geometry":{"type":"LineString","coordinates":[[121.78023,25.11069],[121.7747,25.11067],[121.77272,25.11061],[121.77123,25.11046],[121.76986,25.11022]]}},{"type":"Feature","properties":{"n":"東西向快速公路 萬里瑞濱線","k":1},"geometry":{"type":"LineString","coordinates":[[121.76975,25.10992],[121.77178,25.11021],[121.77393,25.11038],[121.78,25.11042]]}},{"type":"Feature","properties":{"n":"東西向快速公路 萬里瑞濱線","k":1},"geometry":{"type":"LineString","coordinates":[[121.78574,25.11042],[121.78655,25.11054],[121.78732,25.11087],[121.79019,25.11294]]}},{"type":"Feature","properties":{"n":"東西向快速公路 萬里瑞濱線","k":1},"geometry":{"type":"LineString","coordinates":[[121.79012,25.11303],[121.78747,25.1111],[121.78701,25.11089],[121.78664,25.11078],[121.78573,25.1107]]}},{"type":"Feature","properties":{"n":"東西向快速公路 萬里瑞濱線","k":1},"geometry":{"type":"LineString","coordinates":[[121.79676,25.11422],[121.79731,25.11434],[121.79811,25.11462],[121.80352,25.11726],[121.80492,25.1179],[121.80646,25.11848],[121.80774,25.11877]]}},{"type":"Feature","properties":{"n":"東西向快速公路 萬里瑞濱線","k":1},"geometry":{"type":"LineString","coordinates":[[121.80756,25.11892],[121.8068,25.11873],[121.80557,25.11831],[121.80396,25.11757],[121.79822,25.11477],[121.79752,25.1145],[121.79675,25.11431]]}},{"type":"Feature","properties":{"n":"東西向快速公路 萬里瑞濱線","k":1},"geometry":{"type":"LineString","coordinates":[[121.81823,25.12069],[121.81806,25.1204],[121.81783,25.12016]]}},{"type":"Feature","properties":{"n":"東西向快速公路 萬里瑞濱線","k":1},"geometry":{"type":"LineString","coordinates":[[121.81797,25.12007],[121.81813,25.12026],[121.81912,25.12199]]}},{"type":"Feature","properties":{"n":"粗坑口路","k":2},"geometry":{"type":"LineString","coordinates":[[121.75945,25.0995],[121.76197,25.09871]]}},{"type":"Feature","properties":{"n":"大寮路","k":2},"geometry":{"type":"LineString","coordinates":[[121.78117,25.09769],[121.78081,25.09764],[121.78042,25.09777],[121.78025,25.09786],[121.77907,25.09896],[121.77864,25.09919],[121.77675,25.09994],[121.77658,25.10005],[121.77633,25.10027],[121.7754,25.1013],[121.77518,25.10161],[121.77509,25.102]]}},{"type":"Feature","properties":{"n":"大寮路","k":2},"geometry":{"type":"LineString","coordinates":[[121.78559,25.10287],[121.78561,25.10102],[121.78549,25.10045],[121.7853,25.09999],[121.78467,25.09962],[121.78379,25.09929]]}},{"type":"Feature","properties":{"n":"大寮路","k":2},"geometry":{"type":"LineString","coordinates":[[121.78379,25.09929],[121.78494,25.09969],[121.78522,25.09984],[121.78534,25.09996],[121.78553,25.1004],[121.78567,25.101],[121.78568,25.10212],[121.78563,25.10279],[121.78559,25.10287]]}},{"type":"Feature","properties":{"n":"大寮路","k":2},"geometry":{"type":"LineString","coordinates":[[121.78379,25.09929],[121.78298,25.09902],[121.78252,25.09877],[121.7816,25.0979],[121.78138,25.09776]]}},{"type":"Feature","properties":{"n":"大寮路","k":2},"geometry":{"type":"LineString","coordinates":[[121.78559,25.10287],[121.78558,25.10302]]}},{"type":"Feature","properties":{"n":"瑞楓陸橋","k":2},"geometry":{"type":"LineString","coordinates":[[121.77505,25.10323],[121.775,25.10351]]}},{"type":"Feature","properties":{"n":"𫙮魚坑路","k":2},"geometry":{"type":"LineString","coordinates":[[121.78558,25.10302],[121.78559,25.1033],[121.78577,25.10378],[121.78755,25.10663],[121.7886,25.10841],[121.78918,25.109],[121.78964,25.10938],[121.79136,25.11018],[121.79206,25.11039],[121.79437,25.11053],[121.79524,25.11034]]}},{"type":"Feature","properties":{"n":"上天橋","k":2},"geometry":{"type":"LineString","coordinates":[[121.78138,25.09776],[121.78117,25.09769]]}},{"type":"Feature","properties":{"n":"四脚亭隧道","k":1},"geometry":{"type":"LineString","coordinates":[[121.76364,25.10822],[121.76785,25.10952],[121.76975,25.10992]]}},{"type":"Feature","properties":{"n":"四脚亭隧道","k":1},"geometry":{"type":"LineString","coordinates":[[121.76986,25.11022],[121.76776,25.10976],[121.76298,25.10829]]}},{"type":"Feature","properties":{"n":"三號隧道","k":1},"geometry":{"type":"LineString","coordinates":[[121.77562,25.11543],[121.77574,25.11573],[121.7761,25.11627],[121.77657,25.11671],[121.77709,25.11703],[121.77891,25.11791],[121.77975,25.11856],[121.78034,25.11929],[121.78063,25.1198],[121.78085,25.12047],[121.78093,25.12103],[121.78091,25.12165],[121.78082,25.12216],[121.78067,25.12266],[121.78034,25.12333],[121.77962,25.12435]]}},{"type":"Feature","properties":{"n":"三號隧道","k":1},"geometry":{"type":"LineString","coordinates":[[121.77949,25.12427],[121.78021,25.1232],[121.78052,25.12248],[121.78063,25.12202],[121.78067,25.12151],[121.78063,25.12074],[121.78036,25.11992],[121.78001,25.11934],[121.77968,25.11892],[121.779,25.11834],[121.7782,25.11788],[121.77694,25.11727],[121.77636,25.11684],[121.77585,25.11625],[121.77558,25.11576],[121.77546,25.11544]]}},{"type":"Feature","properties":{"n":"基隆港東岸聯外道路","k":1},"geometry":{"type":"LineString","coordinates":[[121.77546,25.11544],[121.77535,25.11474],[121.77541,25.11406],[121.77632,25.11097]]}},{"type":"Feature","properties":{"n":"基隆港東岸聯外道路","k":1},"geometry":{"type":"LineString","coordinates":[[121.77644,25.11098],[121.77611,25.11219],[121.77548,25.11419],[121.77549,25.11473],[121.77562,25.11543]]}},{"type":"Feature","properties":{"n":"𫙮魚隧道","k":1},"geometry":{"type":"LineString","coordinates":[[121.78573,25.1107],[121.78023,25.11069]]}},{"type":"Feature","properties":{"n":"𫙮魚隧道","k":1},"geometry":{"type":"LineString","coordinates":[[121.78,25.11042],[121.78574,25.11042]]}},{"type":"Feature","properties":{"n":"三爪子坑路","k":2},"geometry":{"type":"LineString","coordinates":[[121.80432,25.10619],[121.80529,25.10597],[121.80647,25.10527],[121.80677,25.1052],[121.80811,25.10514],[121.80862,25.10537],[121.80882,25.10555],[121.80906,25.106],[121.80909,25.10618]]}},{"type":"Feature","properties":{"n":"三爪子坑路","k":2},"geometry":{"type":"LineString","coordinates":[[121.80934,25.10727],[121.80937,25.10743]]}},{"type":"Feature","properties":{"n":"𫙮魚坑橋","k":2},"geometry":{"type":"LineString","coordinates":[[121.79524,25.11034],[121.79552,25.11027]]}},{"type":"Feature","properties":{"n":"瑞芳橋","k":2},"geometry":{"type":"LineString","coordinates":[[121.80909,25.10618],[121.80934,25.10727]]}},{"type":"Feature","properties":{"n":"子平橋","k":2},"geometry":{"type":"LineString","coordinates":[[121.80937,25.10743],[121.80967,25.1087]]}},{"type":"Feature","properties":{"n":"瑞濱路","k":2},"geometry":{"type":"LineString","coordinates":[[121.80967,25.1087],[121.80979,25.10924]]}},{"type":"Feature","properties":{"n":"瑞濱路","k":2},"geometry":{"type":"LineString","coordinates":[[121.81016,25.1109],[121.81025,25.11109],[121.81044,25.11127],[121.81078,25.11138],[121.81258,25.11153]]}},{"type":"Feature","properties":{"n":"瑞濱路","k":2},"geometry":{"type":"LineString","coordinates":[[121.8157,25.11333],[121.81635,25.11361],[121.81822,25.11369],[121.8188,25.11377],[121.81922,25.11392],[121.81992,25.11431],[121.82049,25.11479],[121.82068,25.11501],[121.82078,25.11517],[121.82089,25.1156],[121.82085,25.11609],[121.82015,25.11729],[121.82009,25.1175],[121.82001,25.11831],[121.82019,25.11878],[121.82041,25.11906],[121.82143,25.11958],[121.82175,25.11985],[121.82194,25.12013],[121.82201,25.12041],[121.82204,25.12086]]}},{"type":"Feature","properties":{"n":"瑞濱路","k":2},"geometry":{"type":"LineString","coordinates":[[121.82204,25.12099],[121.82141,25.12107],[121.8209,25.12132]]}},{"type":"Feature","properties":{"n":"瑞濱路","k":2},"geometry":{"type":"LineString","coordinates":[[121.82204,25.12086],[121.82204,25.12099]]}},{"type":"Feature","properties":{"n":"瑞濱路","k":2},"geometry":{"type":"LineString","coordinates":[[121.82083,25.12125],[121.82125,25.121],[121.82168,25.12089],[121.82204,25.12086]]}},{"type":"Feature","properties":{"n":"瑞濱路","k":2},"geometry":{"type":"LineString","coordinates":[[121.82574,25.12105],[121.82614,25.12143],[121.82652,25.12165],[121.82708,25.12169],[121.82774,25.12159],[121.82834,25.12164]]}},{"type":"Feature","properties":{"n":"瑞濱路","k":2},"geometry":{"type":"LineString","coordinates":[[121.82542,25.12094],[121.82553,25.12097]]}},{"type":"Feature","properties":{"n":"瑞濱路","k":2},"geometry":{"type":"LineString","coordinates":[[121.82204,25.12086],[121.82462,25.12079],[121.82542,25.12094]]}},{"type":"Feature","properties":{"n":"瑞濱路","k":2},"geometry":{"type":"LineString","coordinates":[[121.82542,25.12094],[121.82437,25.12089],[121.82204,25.12099]]}},{"type":"Feature","properties":{"n":"瑞芳隧道","k":2},"geometry":{"type":"LineString","coordinates":[[121.80979,25.10924],[121.81016,25.1109]]}},{"type":"Feature","properties":{"n":"瑞濱隧道","k":2},"geometry":{"type":"LineString","coordinates":[[121.81258,25.11153],[121.81299,25.11163],[121.81346,25.11183],[121.8157,25.11333]]}},{"type":"Feature","properties":{"n":"建基路二段","k":2},"geometry":{"type":"LineString","coordinates":[[121.803,25.13538],[121.80422,25.13492],[121.80462,25.13471],[121.80555,25.13409],[121.80665,25.13365],[121.80692,25.13347],[121.80742,25.13294],[121.80782,25.13272],[121.80929,25.13239],[121.80957,25.13237],[121.81145,25.13258],[121.81176,25.13259],[121.81205,25.13249],[121.81231,25.1323],[121.81244,25.13211],[121.81278,25.13108],[121.81311,25.13081],[121.81372,25.13058],[121.81425,25.13021],[121.81449,25.12978],[121.81468,25.12912],[121.81479,25.12893],[121.81493,25.12878],[121.81588,25.12819]]}},{"type":"Feature","properties":{"n":"龍潭堵隧道","k":1},"geometry":{"type":"LineString","coordinates":[[121.80774,25.11877],[121.80886,25.11892],[121.81027,25.11899],[121.81586,25.11897],[121.81639,25.11906],[121.81686,25.11922],[121.81722,25.11941],[121.81758,25.11968],[121.81797,25.12007]]}},{"type":"Feature","properties":{"n":"龍潭堵隧道","k":1},"geometry":{"type":"LineString","coordinates":[[121.81783,25.12016],[121.81745,25.11979],[121.81675,25.1194],[121.81592,25.11921],[121.81027,25.11924],[121.80883,25.11914],[121.80756,25.11892]]}},{"type":"Feature","properties":{"n":"建基路一段","k":2},"geometry":{"type":"LineString","coordinates":[[121.81588,25.12819],[121.81659,25.12782],[121.81818,25.12686],[121.81855,25.12644],[121.81868,25.1262],[121.81885,25.12568]]}},{"type":"Feature","properties":{"n":"建基路一段","k":2},"geometry":{"type":"LineString","coordinates":[[121.8209,25.12132],[121.81993,25.12226],[121.81957,25.12286],[121.81926,25.12426],[121.81885,25.12568]]}},{"type":"Feature","properties":{"n":"建基路一段","k":2},"geometry":{"type":"LineString","coordinates":[[121.81885,25.12568],[121.81885,25.12551],[121.81916,25.12434],[121.81926,25.12369],[121.81949,25.12279],[121.81984,25.12224],[121.82083,25.12125]]}},{"type":"Feature","properties":{"n":"明德二號橋","k":2},"geometry":{"type":"LineString","coordinates":[[121.82553,25.12097],[121.82574,25.12105]]}},{"type":"Feature","properties":{"n":"海濱隧道","k":2},"geometry":{"type":"LineString","coordinates":[[121.83127,25.12482],[121.83188,25.1259]]}},{"type":"Feature","properties":{"n":"海濱路","k":2},"geometry":{"type":"LineString","coordinates":[[121.82834,25.12164],[121.83013,25.12214],[121.83052,25.12251],[121.83074,25.12278],[121.83098,25.12325],[121.83103,25.1236],[121.83095,25.12414],[121.83127,25.12482]]}},{"type":"Feature","properties":{"n":"海濱路","k":2},"geometry":{"type":"LineString","coordinates":[[121.83188,25.1259],[121.83217,25.12606],[121.8338,25.12638],[121.83405,25.1265],[121.83466,25.12703],[121.83508,25.12717],[121.83624,25.12721],[121.83771,25.12748],[121.84017,25.12771],[121.84083,25.12766],[121.84155,25.12751],[121.84183,25.1274],[121.84262,25.12688],[121.84311,25.12672],[121.84398,25.12681],[121.84607,25.12638],[121.84635,25.12641],[121.84733,25.12678],[121.84786,25.12682],[121.84835,25.1267],[121.84928,25.12626]]}},{"type":"Feature","properties":{"n":"坤溪橋","k":2},"geometry":{"type":"LineString","coordinates":[[121.87494,25.02426],[121.87567,25.02373],[121.87642,25.02347]]}},{"type":"Feature","properties":{"n":"公館橋","k":2},"geometry":{"type":"LineString","coordinates":[[121.88026,25.02344],[121.88174,25.02346]]}},{"type":"Feature","properties":{"n":"丁蘭橋","k":2},"geometry":{"type":"LineString","coordinates":[[121.87822,25.02342],[121.8796,25.02344]]}},{"type":"Feature","properties":{"n":"長泰路","k":2},"geometry":{"type":"LineString","coordinates":[[121.891,25.02188],[121.89159,25.02136],[121.89197,25.02112],[121.89258,25.02091],[121.89378,25.02063],[121.89545,25.02062],[121.8967,25.0208],[121.89783,25.0206],[121.89935,25.02042],[121.8996,25.02056],[121.89971,25.02072],[121.89995,25.0213],[121.90006,25.02142],[121.90018,25.02151],[121.90062,25.02155],[121.90115,25.02147],[121.90203,25.02089],[121.90259,25.02065],[121.9032,25.02063],[121.90432,25.02088],[121.90463,25.02091],[121.90605,25.02077],[121.90703,25.02053],[121.90744,25.02034],[121.90753,25.02017],[121.90754,25.02003],[121.90747,25.01932],[121.90755,25.01879]]}},{"type":"Feature","properties":{"n":"長潭橋","k":2},"geometry":{"type":"LineString","coordinates":[[121.88972,25.02299],[121.89075,25.0221]]}},{"type":"Feature","properties":{"n":"八股橋","k":2},"geometry":{"type":"LineString","coordinates":[[121.88591,25.02353],[121.88741,25.02354]]}},{"type":"Feature","properties":{"n":"下雙溪街","k":2},"geometry":{"type":"LineString","coordinates":[[121.92477,25.0116],[121.92464,25.01143],[121.92435,25.01074],[121.92405,25.0103],[121.9239,25.0101],[121.92359,25.00994],[121.92163,25.0099],[121.9211,25.00996],[121.92079,25.01003],[121.91975,25.01047],[121.91838,25.01063],[121.91812,25.01075],[121.91673,25.01176],[121.91655,25.01186],[121.9158,25.01211],[121.91542,25.01234],[121.91528,25.01267],[121.91501,25.01451],[121.91485,25.01493],[121.91416,25.01575],[121.91382,25.01599],[121.91264,25.01641],[121.91136,25.01726],[121.91092,25.01737],[121.91059,25.01734],[121.90997,25.01688],[121.90893,25.01646],[121.9087,25.01643],[121.9085,25.01649],[121.90819,25.01672]]}},{"type":"Feature","properties":{"n":"泮宮路","k":2},"geometry":{"type":"LineString","coordinates":[[121.90819,25.01672],[121.90765,25.01843]]}},{"type":"Feature","properties":{"n":"貢寮橋","k":2},"geometry":{"type":"LineString","coordinates":[[121.90765,25.01843],[121.90755,25.01879]]}},{"type":"Feature","properties":{"n":"田寮洋街","k":2},"geometry":{"type":"LineString","coordinates":[[121.93193,25.01769],[121.93174,25.01761],[121.93077,25.0176],[121.92837,25.0172],[121.92743,25.01725],[121.92715,25.01718],[121.92698,25.01696],[121.92696,25.01678],[121.92711,25.01582],[121.92711,25.01523],[121.92707,25.01505],[121.9261,25.01295],[121.92598,25.01278],[121.925,25.01182]]}},{"type":"Feature","properties":{"n":"新社橋","k":2},"geometry":{"type":"LineString","coordinates":[[121.925,25.01182],[121.92477,25.0116]]}},{"type":"Feature","properties":{"n":"挖子陸橋","k":2},"geometry":{"type":"LineString","coordinates":[[121.93232,25.0181],[121.93193,25.01769]]}},{"type":"Feature","properties":{"n":"興隆街","k":2},"geometry":{"type":"LineString","coordinates":[[121.93056,25.0206],[121.93034,25.02082],[121.92884,25.0219],[121.92859,25.02231],[121.92849,25.02281],[121.92833,25.02315],[121.92804,25.02348],[121.92776,25.0237],[121.92691,25.02413],[121.92661,25.02439],[121.92642,25.02466],[121.92633,25.02517]]}},{"type":"Feature","properties":{"n":"興隆街","k":2},"geometry":{"type":"LineString","coordinates":[[121.92626,25.02518],[121.92628,25.02481],[121.92637,25.02455],[121.92663,25.02422],[121.92683,25.02405],[121.92778,25.02355],[121.92817,25.02318],[121.92831,25.02297],[121.92852,25.0222],[121.92874,25.02188],[121.93019,25.02082],[121.93056,25.0206]]}},{"type":"Feature","properties":{"n":"興隆街","k":2},"geometry":{"type":"LineString","coordinates":[[121.93056,25.0206],[121.93193,25.01963],[121.93231,25.01942],[121.93395,25.01863],[121.93451,25.01843],[121.9358,25.01823],[121.93642,25.01823],[121.93846,25.01841],[121.93946,25.01835],[121.94026,25.01801],[121.94181,25.01692],[121.94261,25.01659],[121.94299,25.01651],[121.94391,25.01657],[121.94561,25.01684]]}},{"type":"Feature","properties":{"n":"隆隆橋","k":2},"geometry":{"type":"LineString","coordinates":[[121.94561,25.01684],[121.94587,25.01688]]}},{"type":"Feature","properties":{"n":"東興街","k":2},"geometry":{"type":"LineString","coordinates":[[121.94587,25.01688],[121.94693,25.01703],[121.94877,25.01786],[121.95023,25.01824],[121.95038,25.01833],[121.95066,25.01862],[121.95146,25.01997],[121.95161,25.02015],[121.95181,25.02032],[121.95228,25.02056]]}},{"type":"Feature","properties":{"n":"平林三號橋","k":2},"geometry":{"type":"LineString","coordinates":[[121.85915,25.03482],[121.85863,25.03477],[121.85806,25.03481],[121.85685,25.03511]]}},{"type":"Feature","properties":{"n":"過港隧道","k":2},"geometry":{"type":"LineString","coordinates":[[121.86484,25.0329],[121.86433,25.03312],[121.86363,25.03358]]}},{"type":"Feature","properties":{"n":"平林四號橋","k":2},"geometry":{"type":"LineString","coordinates":[[121.86363,25.03358],[121.86301,25.03412]]}},{"type":"Feature","properties":{"n":"仁和路","k":2},"geometry":{"type":"LineString","coordinates":[[121.92279,25.04928],[121.92294,25.04876],[121.92335,25.04823]]}},{"type":"Feature","properties":{"n":"仁和路","k":2},"geometry":{"type":"LineString","coordinates":[[121.92342,25.04831],[121.92302,25.0488],[121.92279,25.04928]]}},{"type":"Feature","properties":{"n":"仁和路","k":2},"geometry":{"type":"LineString","coordinates":[[121.92279,25.04928],[121.92277,25.05003],[121.92303,25.05132],[121.92421,25.05445]]}},{"type":"Feature","properties":{"n":"龍門橋","k":2},"geometry":{"type":"LineString","coordinates":[[121.92677,25.02713],[121.92626,25.02518]]}},{"type":"Feature","properties":{"n":"龍門橋","k":2},"geometry":{"type":"LineString","coordinates":[[121.92633,25.02517],[121.92684,25.02711]]}},{"type":"Feature","properties":{"n":"復興街","k":2},"geometry":{"type":"LineString","coordinates":[[121.92684,25.02711],[121.92866,25.02988],[121.92949,25.03251],[121.92957,25.03344],[121.92948,25.0341],[121.92928,25.03462],[121.92871,25.03568]]}},{"type":"Feature","properties":{"n":"復興街","k":2},"geometry":{"type":"LineString","coordinates":[[121.92859,25.03562],[121.92904,25.03478],[121.92936,25.03401],[121.92943,25.03356],[121.92935,25.03253],[121.92852,25.02987],[121.92677,25.02713]]}},{"type":"Feature","properties":{"n":"研海街","k":2},"geometry":{"type":"LineString","coordinates":[[121.9236,25.04801],[121.92444,25.04722],[121.92475,25.04682],[121.92505,25.04636],[121.92533,25.04575],[121.92548,25.04533],[121.92558,25.04479],[121.92571,25.04256],[121.92604,25.04135],[121.92745,25.03781],[121.92859,25.03562]]}},{"type":"Feature","properties":{"n":"研海街","k":2},"geometry":{"type":"LineString","coordinates":[[121.92871,25.03568],[121.92758,25.03782],[121.92599,25.04187],[121.92578,25.04295],[121.92565,25.04499],[121.92544,25.04579],[121.92518,25.04639],[121.92461,25.04723],[121.924,25.04785],[121.92367,25.0481]]}},{"type":"Feature","properties":{"n":"澳底二號橋","k":2},"geometry":{"type":"LineString","coordinates":[[121.92335,25.04823],[121.9236,25.04801]]}},{"type":"Feature","properties":{"n":"澳底二號橋","k":2},"geometry":{"type":"LineString","coordinates":[[121.92367,25.0481],[121.92342,25.04831]]}},{"type":"Feature","properties":{"n":"美艷山街","k":2},"geometry":{"type":"LineString","coordinates":[[121.92597,25.05953],[121.9264,25.05964],[121.92706,25.05972],[121.92742,25.05988],[121.92885,25.06115],[121.9296,25.06189],[121.92973,25.06222],[121.92971,25.0624],[121.9296,25.06264],[121.92859,25.06327],[121.92679,25.06499],[121.92586,25.0658],[121.92483,25.06614],[121.92464,25.06623],[121.92438,25.06644],[121.92427,25.06662],[121.92411,25.06763],[121.92355,25.06838],[121.92337,25.06883],[121.92316,25.0696],[121.92267,25.07034],[121.92243,25.07087],[121.92211,25.0712],[121.9211,25.07192],[121.91949,25.07247],[121.91927,25.07265],[121.91829,25.07396],[121.91803,25.07416],[121.9176,25.07432],[121.91637,25.07435],[121.91602,25.07449]]}},{"type":"Feature","properties":{"n":"美艷山街","k":2},"geometry":{"type":"LineString","coordinates":[[121.91595,25.07454],[121.91535,25.07496]]}},{"type":"Feature","properties":{"n":"和美街","k":2},"geometry":{"type":"LineString","coordinates":[[121.91506,25.07517],[121.91481,25.07544],[121.91475,25.07562],[121.91474,25.07612],[121.9149,25.07699],[121.91491,25.07761],[121.91416,25.08105],[121.91409,25.08174]]}},{"type":"Feature","properties":{"n":"和美街","k":2},"geometry":{"type":"LineString","coordinates":[[121.91218,25.08853],[121.9122,25.08905],[121.9125,25.08978],[121.91273,25.09021],[121.91333,25.09085],[121.91454,25.09152],[121.91482,25.09231],[121.91484,25.09278],[121.91495,25.09317],[121.91606,25.09484],[121.91666,25.09552],[121.91674,25.09571],[121.91672,25.09586],[121.91666,25.09621],[121.91636,25.09719],[121.91636,25.09758],[121.91646,25.09787],[121.91698,25.09874],[121.91708,25.09921],[121.91712,25.09985],[121.91744,25.10062],[121.91758,25.1012],[121.91846,25.10331],[121.91866,25.10358],[121.91951,25.10416],[121.91967,25.10432],[121.91977,25.10449],[121.91989,25.10498]]}},{"type":"Feature","properties":{"n":"和美街","k":2},"geometry":{"type":"LineString","coordinates":[[121.91409,25.08193],[121.91404,25.08267],[121.91363,25.08391],[121.91344,25.08418],[121.91252,25.08504],[121.91231,25.0853],[121.91225,25.08575],[121.91235,25.08684],[121.9122,25.08838]]}},{"type":"Feature","properties":{"n":"和美三號橋","k":2},"geometry":{"type":"LineString","coordinates":[[121.91535,25.07496],[121.91506,25.07517]]}},{"type":"Feature","properties":{"n":"和美四號橋","k":2},"geometry":{"type":"LineString","coordinates":[[121.91602,25.07449],[121.91595,25.07454]]}},{"type":"Feature","properties":{"n":"延平街","k":2},"geometry":{"type":"LineString","coordinates":[[121.92421,25.05445],[121.92472,25.05559],[121.92445,25.05651],[121.92515,25.05798],[121.92517,25.05862],[121.92541,25.05905],[121.92568,25.05934]]}},{"type":"Feature","properties":{"n":"澳底橋","k":2},"geometry":{"type":"LineString","coordinates":[[121.92568,25.05934],[121.92597,25.05953]]}},{"type":"Feature","properties":{"n":"蓬萊街","k":2},"geometry":{"type":"LineString","coordinates":[[122.00326,25.0078],[122.00278,25.00626],[122.00246,25.00483],[122.0024,25.00468],[122.00204,25.00431],[122.00178,25.00416],[122.00146,25.0041],[122.0001,25.00428],[121.99914,25.00407],[121.99682,25.00396],[121.99644,25.00387],[121.99609,25.00371],[121.9955,25.00336],[121.99469,25.00278],[121.99443,25.00244],[121.99413,25.0016],[121.99393,25.00127],[121.99363,25.00092],[121.99343,25.00077],[121.99154,24.99985],[121.98972,24.99903],[121.98875,24.9985],[121.98713,24.99746],[121.98596,24.9968],[121.98499,24.99593],[121.98464,24.99543],[121.98405,24.99439],[121.98339,24.99355],[121.98242,24.993],[121.98202,24.99286],[121.97971,24.99278],[121.97834,24.99283],[121.97789,24.99272],[121.97674,24.99224],[121.97649,24.99209],[121.97624,24.99183],[121.97583,24.99117],[121.9751,24.99036],[121.9743,24.98915],[121.97393,24.98879],[121.97281,24.98798],[121.9724,24.98746]]}},{"type":"Feature","properties":{"n":"蓬萊街","k":2},"geometry":{"type":"LineString","coordinates":[[121.97015,24.98677],[121.96806,24.98614],[121.9673,24.98569],[121.96695,24.98543],[121.96639,24.98479],[121.96603,24.98449],[121.96563,24.98428],[121.96522,24.98415]]}},{"type":"Feature","properties":{"n":"蓬萊街","k":2},"geometry":{"type":"LineString","coordinates":[[121.97015,24.98677],[121.97061,24.98688],[121.97156,24.98691],[121.97192,24.987],[121.97214,24.98714],[121.9724,24.98746]]}},{"type":"Feature","properties":{"n":"蓬萊街","k":2},"geometry":{"type":"LineString","coordinates":[[121.9724,24.98746],[121.97206,24.98716],[121.97176,24.98702],[121.97148,24.98696],[121.97062,24.98693],[121.97015,24.98677]]}},{"type":"Feature","properties":{"n":"濱海路七段","k":2},"geometry":{"type":"LineString","coordinates":[[121.96522,24.98415],[121.96316,24.98366],[121.96272,24.98365]]}},{"type":"Feature","properties":{"n":"桂安街","k":2},"geometry":{"type":"LineString","coordinates":[[121.95228,25.02056],[121.95334,25.02102],[121.95377,25.02108],[121.95412,25.02099],[121.9567,25.01977],[121.95716,25.01958],[121.95732,25.01956],[121.95755,25.01958],[121.95852,25.01988],[121.95968,25.02045],[121.96002,25.02057],[121.96041,25.02057],[121.96156,25.02042],[121.96176,25.02044],[121.96194,25.02048],[121.96332,25.02115],[121.96485,25.02146],[121.96521,25.02159],[121.9666,25.02282],[121.96693,25.02306],[121.96739,25.02328],[121.9695,25.02367],[121.96979,25.02376],[121.9714,25.02448],[121.97182,25.02461]]}},{"type":"Feature","properties":{"n":"香蘭街","k":2},"geometry":{"type":"LineString","coordinates":[[121.97182,25.02461],[121.97521,25.02425],[121.97687,25.0238],[121.97796,25.02379],[121.97822,25.02375],[121.98003,25.02294],[121.98052,25.02274],[121.98156,25.02242],[121.98341,25.02161],[121.98468,25.02127],[121.98546,25.02084],[121.98647,25.01997],[121.98737,25.01963],[121.98765,25.01945],[121.98796,25.01914],[121.98825,25.01778],[121.98829,25.01717]]}},{"type":"Feature","properties":{"n":"福連街","k":2},"geometry":{"type":"LineString","coordinates":[[121.98829,25.01717],[121.98829,25.01607],[121.988,25.0136],[121.98813,25.01266],[121.9885,25.01095],[121.98863,25.01067],[121.98882,25.01048],[121.98938,25.01018],[121.98978,25.01014],[121.99,25.01018],[121.9904,25.01033],[121.99074,25.01055],[121.98994,25.01025],[121.98978,25.01023],[121.98941,25.01028],[121.98888,25.01054],[121.9887,25.01074],[121.98858,25.011],[121.98815,25.01295],[121.98808,25.01309]]}},{"type":"Feature","properties":{"n":"福連街","k":2},"geometry":{"type":"LineString","coordinates":[[121.99089,25.01062],[121.99144,25.01095],[121.99325,25.01269],[121.99566,25.01579]]}},{"type":"Feature","properties":{"n":"馬崗街","k":2},"geometry":{"type":"LineString","coordinates":[[122.00326,25.0078],[122.00346,25.00843],[122.0035,25.00889],[122.00344,25.00934],[122.00325,25.01005],[122.00305,25.01049],[122.00257,25.01112],[122.00236,25.0113],[122.00062,25.01218],[122.00034,25.01238],[122.0001,25.01265],[121.99906,25.01407],[121.99819,25.01545],[121.99799,25.01641],[121.99782,25.01675],[121.99759,25.01693],[121.99732,25.01701],[121.99699,25.01703],[121.9966,25.01692],[121.99627,25.01664],[121.99566,25.01579],[121.9964,25.01668],[121.99661,25.01684],[121.99688,25.01694],[121.99716,25.01696],[121.99736,25.01694],[121.99763,25.01683],[121.9978,25.01667],[121.99792,25.01642],[121.99813,25.01543],[121.99843,25.01492],[121.99906,25.01407]]}},{"type":"Feature","properties":{"n":"卯沃北橋","k":2},"geometry":{"type":"LineString","coordinates":[[121.99074,25.01055],[121.99089,25.01062]]}},{"type":"Feature","properties":{"n":"北部濱海公路","k":2},"geometry":{"type":"LineString","coordinates":[[121.84928,25.12626],[121.84981,25.12605],[121.85165,25.12547],[121.85286,25.12531],[121.85395,25.12475],[121.8582,25.12376],[121.85991,25.12359],[121.86011,25.12361],[121.86045,25.12373],[121.8606,25.12385],[121.86123,25.12462],[121.86158,25.12475],[121.86194,25.12473],[121.86229,25.12448],[121.86249,25.12367],[121.86268,25.12328],[121.86303,25.1229],[121.86323,25.12276],[121.86358,25.12261]]}},{"type":"Feature","properties":{"n":"北部濱海公路","k":2},"geometry":{"type":"LineString","coordinates":[[121.86378,25.12253],[121.86452,25.12227],[121.86502,25.12216],[121.86581,25.12199],[121.8666,25.12191],[121.86801,25.12212],[121.86839,25.12222],[121.8687,25.12241],[121.86926,25.12308],[121.86956,25.12324],[121.87009,25.12329],[121.87065,25.1232]]}},{"type":"Feature","properties":{"n":"北部濱海公路","k":2},"geometry":{"type":"LineString","coordinates":[[121.87956,25.1223],[121.87977,25.12233],[121.88019,25.12251]]}},{"type":"Feature","properties":{"n":"北部濱海公路","k":2},"geometry":{"type":"LineString","coordinates":[[121.87908,25.12232],[121.87846,25.1225],[121.87815,25.12264],[121.87685,25.12273],[121.87642,25.12282],[121.87602,25.12301],[121.87419,25.12421],[121.87399,25.12428],[121.87328,25.12426],[121.87303,25.12417],[121.87175,25.12335],[121.87146,25.12322],[121.87104,25.12314],[121.87082,25.12316]]}},{"type":"Feature","properties":{"n":"北部濱海公路","k":2},"geometry":{"type":"LineString","coordinates":[[121.89277,25.11941],[121.89416,25.11953],[121.89528,25.11995],[121.89552,25.11994],[121.89637,25.11953],[121.8974,25.11918],[121.89771,25.11912],[121.8981,25.11912],[121.89897,25.11928]]}},{"type":"Feature","properties":{"n":"北部濱海公路","k":2},"geometry":{"type":"LineString","coordinates":[[121.89917,25.11933],[121.90119,25.12037],[121.90227,25.12147],[121.90354,25.12217],[121.90371,25.12221],[121.90408,25.12215],[121.90515,25.12138],[121.9057,25.12114],[121.90727,25.12119],[121.90775,25.12139],[121.9082,25.12176],[121.90845,25.12183],[121.90966,25.12191],[121.90996,25.12203],[121.91027,25.12228],[121.91057,25.1227],[121.9108,25.12289],[121.9111,25.123],[121.91159,25.12305],[121.91186,25.12314],[121.91224,25.12339],[121.91245,25.12365]]}},{"type":"Feature","properties":{"n":"安和橋","k":2},"geometry":{"type":"LineString","coordinates":[[121.86358,25.12261],[121.86378,25.12253]]}},{"type":"Feature","properties":{"n":"樂利橋","k":2},"geometry":{"type":"LineString","coordinates":[[121.87082,25.12316],[121.87065,25.1232]]}},{"type":"Feature","properties":{"n":"瑞能橋","k":2},"geometry":{"type":"LineString","coordinates":[[121.87956,25.1223],[121.87908,25.12232]]}},{"type":"Feature","properties":{"n":"明隧道","k":2},"geometry":{"type":"LineString","coordinates":[[121.88019,25.12251],[121.8808,25.1227],[121.88348,25.12312],[121.8843,25.12309]]}},{"type":"Feature","properties":{"n":"水南橋","k":2},"geometry":{"type":"LineString","coordinates":[[121.88774,25.12078],[121.88785,25.12076]]}},{"type":"Feature","properties":{"n":"南雅路","k":2},"geometry":{"type":"LineString","coordinates":[[121.8843,25.12309],[121.88474,25.12301],[121.88506,25.12287],[121.88638,25.12183],[121.88739,25.12094],[121.88774,25.12078]]}},{"type":"Feature","properties":{"n":"南雅路","k":2},"geometry":{"type":"LineString","coordinates":[[121.88785,25.12076],[121.8883,25.12067],[121.88855,25.12055],[121.88955,25.11966],[121.88966,25.11962],[121.8898,25.11958],[121.89063,25.11958],[121.89171,25.11924],[121.89252,25.11936]]}},{"type":"Feature","properties":{"n":"仁愛橋","k":2},"geometry":{"type":"LineString","coordinates":[[121.89252,25.11936],[121.89277,25.11941]]}},{"type":"Feature","properties":{"n":"和美二號橋","k":2},"geometry":{"type":"LineString","coordinates":[[121.91409,25.08174],[121.91409,25.08193]]}},{"type":"Feature","properties":{"n":"和美一號橋","k":2},"geometry":{"type":"LineString","coordinates":[[121.9122,25.08838],[121.91218,25.08853]]}},{"type":"Feature","properties":{"n":"龍洞三號橋","k":2},"geometry":{"type":"LineString","coordinates":[[121.91589,25.10901],[121.91603,25.10876]]}},{"type":"Feature","properties":{"n":"龍洞隧道","k":2},"geometry":{"type":"LineString","coordinates":[[121.91959,25.10739],[121.91988,25.10549]]}},{"type":"Feature","properties":{"n":"龍洞街","k":2},"geometry":{"type":"LineString","coordinates":[[121.91603,25.10876],[121.91621,25.10863],[121.91642,25.10859],[121.91664,25.10863],[121.91706,25.10888],[121.91763,25.10945],[121.9178,25.10956],[121.91799,25.1096],[121.91863,25.10947],[121.91891,25.10955],[121.91905,25.10968],[121.91911,25.10986],[121.91913,25.11027],[121.91924,25.11056],[121.91955,25.11074],[121.91984,25.1107],[121.92005,25.11056],[121.92013,25.11033],[121.9201,25.11016],[121.9195,25.10871],[121.91959,25.10739]]}},{"type":"Feature","properties":{"n":"龍洞街","k":2},"geometry":{"type":"LineString","coordinates":[[121.91989,25.10498],[121.91988,25.10549]]}},{"type":"Feature","properties":{"n":"龍洞街","k":2},"geometry":{"type":"LineString","coordinates":[[121.91796,25.11913],[121.91791,25.11897],[121.91769,25.11872],[121.91668,25.11781],[121.91505,25.11688],[121.9141,25.11601],[121.91388,25.11574]]}},{"type":"Feature","properties":{"n":"龍洞街","k":2},"geometry":{"type":"LineString","coordinates":[[121.91362,25.11546],[121.91294,25.11466],[121.91197,25.11367],[121.91188,25.11352],[121.91187,25.11329],[121.91219,25.11251],[121.91236,25.11223],[121.91253,25.11209],[121.91446,25.11135],[121.9152,25.11101],[121.91543,25.11097],[121.91618,25.11097],[121.91653,25.11084],[121.91661,25.11073],[121.91667,25.1105],[121.91659,25.10996],[121.91634,25.10964],[121.91609,25.10944],[121.91597,25.10926],[121.91589,25.10901]]}},{"type":"Feature","properties":{"n":"龍洞一號橋","k":2},"geometry":{"type":"LineString","coordinates":[[121.91388,25.11574],[121.91362,25.11546]]}},{"type":"Feature","properties":{"n":"信義橋","k":2},"geometry":{"type":"LineString","coordinates":[[121.89897,25.11928],[121.89917,25.11933]]}},{"type":"Feature","properties":{"n":"和平橋","k":2},"geometry":{"type":"LineString","coordinates":[[121.91602,25.12251],[121.91614,25.12237]]}},{"type":"Feature","properties":{"n":"鼻頭隧道","k":2},"geometry":{"type":"LineString","coordinates":[[121.91762,25.12051],[121.91792,25.12011],[121.91803,25.11982],[121.91796,25.11913]]}},{"type":"Feature","properties":{"n":"鼻頭路","k":2},"geometry":{"type":"LineString","coordinates":[[121.91614,25.12237],[121.91687,25.12157],[121.91762,25.12051]]}},{"type":"Feature","properties":{"n":"鼻頭路","k":2},"geometry":{"type":"LineString","coordinates":[[121.91245,25.12365],[121.91297,25.12393],[121.91411,25.12409],[121.91456,25.12405],[121.91486,25.12392],[121.91544,25.12347],[121.91602,25.12251]]}},{"type":"Feature","properties":{"n":"萬里隧道","k":2},"geometry":{"type":"LineString","coordinates":[[121.6784,25.20021],[121.67893,25.19985],[121.68348,25.19529],[121.68401,25.19462],[121.68429,25.19412],[121.68441,25.1937],[121.68443,25.19317]]}},{"type":"Feature","properties":{"n":"萬里隧道","k":2},"geometry":{"type":"LineString","coordinates":[[121.68452,25.19253],[121.68484,25.19305],[121.68496,25.19335],[121.685,25.19378],[121.68494,25.19412],[121.68459,25.1947],[121.67959,25.19969],[121.67893,25.20025],[121.67848,25.20044]]}},{"type":"Feature","properties":{"n":"加投路","k":2},"geometry":{"type":"LineString","coordinates":[[121.64239,25.21657],[121.64673,25.21209],[121.65042,25.20928]]}},{"type":"Feature","properties":{"n":"加投路","k":2},"geometry":{"type":"LineString","coordinates":[[121.65046,25.20934],[121.64678,25.21215],[121.64246,25.21661]]}},{"type":"Feature","properties":{"n":"四十四號橋","k":2},"geometry":{"type":"LineString","coordinates":[[121.65095,25.20899],[121.65046,25.20934]]}},{"type":"Feature","properties":{"n":"四十四號橋","k":2},"geometry":{"type":"LineString","coordinates":[[121.65042,25.20928],[121.65092,25.20893]]}},{"type":"Feature","properties":{"n":"萬里加投","k":2},"geometry":{"type":"LineString","coordinates":[[121.65092,25.20893],[121.65126,25.20876],[121.65152,25.20872],[121.65438,25.20888],[121.65584,25.2094]]}},{"type":"Feature","properties":{"n":"萬里加投","k":2},"geometry":{"type":"LineString","coordinates":[[121.65584,25.20948],[121.65463,25.20903],[121.65389,25.20892],[121.65153,25.20879],[121.6512,25.20886],[121.65095,25.20899]]}},{"type":"Feature","properties":{"n":"復興路十段","k":2},"geometry":{"type":"LineString","coordinates":[[121.40841,24.65402],[121.40862,24.65391],[121.40887,24.65354],[121.40926,24.65334],[121.40984,24.65323],[121.40993,24.65313],[121.40995,24.65305],[121.40987,24.65268],[121.40972,24.65228],[121.40952,24.65206],[121.40946,24.6519],[121.40952,24.65158],[121.40963,24.65135],[121.40961,24.6506],[121.40971,24.6504],[121.4099,24.65025],[121.41054,24.65005],[121.41065,24.64987],[121.41072,24.64939],[121.41086,24.64914],[121.41101,24.64903],[121.41182,24.64896],[121.41226,24.64874],[121.41294,24.64829],[121.41395,24.64812],[121.41418,24.64778],[121.41464,24.64747],[121.4151,24.64705],[121.41517,24.64682],[121.41516,24.64638],[121.41533,24.64617],[121.41638,24.64582],[121.41654,24.64563],[121.41661,24.64528],[121.41718,24.64506],[121.41745,24.6448],[121.41801,24.64446],[121.41818,24.64425],[121.41833,24.6439],[121.41829,24.6429],[121.41834,24.64256],[121.41828,24.64207],[121.41839,24.6419],[121.41862,24.64177],[121.41884,24.64178],[121.41898,24.6419],[121.41904,24.64202],[121.41904,24.64224],[121.41895,24.64266],[121.41898,24.64289],[121.41913,24.64316],[121.41924,24.64363],[121.41937,24.64386],[121.41951,24.64433],[121.41978,24.64497],[121.41956,24.6457],[121.41975,24.64634],[121.41996,24.64667],[121.42004,24.64695],[121.42019,24.64706],[121.42051,24.64715],[121.42078,24.64738],[121.4208,24.6476],[121.42072,24.64814],[121.42075,24.64827],[121.42078,24.64835],[121.42139,24.64881],[121.42139,24.64935],[121.42145,24.64942],[121.42159,24.64944],[121.42185,24.64924],[121.42212,24.64914],[121.42279,24.64921],[121.42347,24.64984],[121.42339,24.65055],[121.4235,24.65087],[121.42358,24.65089],[121.42374,24.65069],[121.42379,24.65047],[121.42411,24.65003],[121.42417,24.64988],[121.42421,24.64917],[121.42436,24.64901],[121.42454,24.64893],[121.42504,24.64902],[121.42513,24.64913],[121.42515,24.64991],[121.42547,24.65074],[121.42561,24.65083],[121.42595,24.65083],[121.42604,24.65087],[121.42613,24.65129],[121.42634,24.65129],[121.42687,24.65087],[121.42733,24.6509],[121.42772,24.65083],[121.42791,24.65092],[121.42807,24.65136],[121.42818,24.65154],[121.42832,24.65165],[121.42845,24.65161],[121.4285,24.65125],[121.42874,24.65102],[121.42885,24.65078],[121.42883,24.65036],[121.42855,24.64994],[121.42847,24.64986],[121.4283,24.6498],[121.42823,24.64965],[121.42825,24.64959],[121.42869,24.64934],[121.42912,24.64917],[121.42968,24.64907],[121.43021,24.64916],[121.4303,24.6491],[121.43027,24.64874],[121.42982,24.64835],[121.42978,24.64813],[121.42968,24.64796],[121.42921,24.6474],[121.42918,24.6473],[121.42926,24.64714],[121.42946,24.64708],[121.42967,24.6472],[121.43016,24.64714],[121.431,24.64748],[121.43136,24.64746],[121.43162,24.64738],[121.43171,24.64746],[121.43172,24.64777],[121.43176,24.64784],[121.43228,24.64803],[121.43247,24.64834],[121.43263,24.64847],[121.43285,24.64846],[121.43328,24.64789],[121.4336,24.64779],[121.43375,24.64741],[121.43394,24.64709],[121.43409,24.64693],[121.4343,24.6468],[121.43441,24.64644],[121.43443,24.64608],[121.43464,24.64565],[121.43509,24.6453],[121.43539,24.64524],[121.43555,24.6453],[121.43571,24.64547],[121.4358,24.64575],[121.43624,24.64619],[121.43647,24.64616],[121.43672,24.64597],[121.43703,24.64585],[121.43722,24.64583],[121.43734,24.64602],[121.43737,24.64618],[121.43727,24.64646],[121.43741,24.64665],[121.4377,24.64732],[121.43759,24.64782],[121.43759,24.64811],[121.43773,24.64843],[121.43786,24.64854],[121.43801,24.64853],[121.43807,24.64848],[121.43813,24.64828],[121.43812,24.64793],[121.43852,24.64767],[121.43855,24.64756],[121.43851,24.64741],[121.43864,24.64711],[121.43855,24.64685],[121.43863,24.64674],[121.43918,24.64666],[121.43942,24.64675],[121.43957,24.64675],[121.43991,24.64628],[121.43999,24.64625],[121.44019,24.6463],[121.4403,24.64626],[121.4406,24.64597],[121.44061,24.64583],[121.44056,24.64573],[121.4406,24.64561],[121.44097,24.64554],[121.44123,24.64524],[121.44147,24.64527],[121.44168,24.64521],[121.44199,24.64493],[121.44217,24.64467],[121.44244,24.64453],[121.44255,24.64455],[121.44257,24.64464],[121.44249,24.645],[121.44273,24.64553],[121.44355,24.64635],[121.44366,24.6465],[121.44379,24.6469],[121.44402,24.64731],[121.44406,24.64736],[121.4442,24.64736],[121.44448,24.64656],[121.44452,24.64618],[121.44436,24.64588],[121.44434,24.64568],[121.44442,24.64554],[121.44424,24.64517],[121.44415,24.64484],[121.44432,24.64459],[121.44432,24.64432],[121.44437,24.64419],[121.44455,24.6441],[121.44465,24.64399],[121.44471,24.64354],[121.44466,24.64313],[121.44483,24.64275],[121.44494,24.64263]]}},{"type":"Feature","properties":{"n":"復興路九段","k":2},"geometry":{"type":"LineString","coordinates":[[121.40762,24.67109],[121.40756,24.67069],[121.40735,24.67021],[121.4074,24.66991],[121.40747,24.66986],[121.40788,24.6698],[121.40839,24.66965],[121.40845,24.66949],[121.40808,24.66897],[121.40734,24.66839],[121.4073,24.66827],[121.40739,24.66811],[121.40737,24.66796],[121.40705,24.66762],[121.40708,24.66734],[121.40701,24.66687],[121.40727,24.66632],[121.40733,24.66582],[121.40718,24.66536],[121.40704,24.66516],[121.40714,24.66501],[121.40746,24.66477],[121.40751,24.66467],[121.40735,24.66416],[121.40695,24.66389],[121.40687,24.66379],[121.4068,24.66365],[121.40676,24.66339],[121.40687,24.6631],[121.40717,24.66264],[121.40732,24.66228],[121.40728,24.66209],[121.40699,24.66175],[121.40665,24.66097],[121.40673,24.66075],[121.40674,24.66046],[121.40709,24.65955],[121.4071,24.65932],[121.4066,24.65883],[121.4064,24.65855],[121.40619,24.65845],[121.40615,24.65834],[121.40614,24.65795],[121.40599,24.65764],[121.40602,24.65735],[121.40616,24.65687],[121.40614,24.65601],[121.40628,24.65569],[121.40632,24.65539],[121.40628,24.6553],[121.40598,24.65504],[121.40596,24.65492],[121.40601,24.65472],[121.40614,24.65458],[121.40644,24.65439],[121.40647,24.65432],[121.40641,24.65399],[121.4065,24.65389],[121.40671,24.65392],[121.40756,24.65431],[121.40802,24.65439],[121.40824,24.65412],[121.40841,24.65402]]}},{"type":"Feature","properties":{"n":"復興路九段","k":2},"geometry":{"type":"LineString","coordinates":[[121.37948,24.68049],[121.37962,24.68035],[121.37981,24.68025],[121.38103,24.68017],[121.38191,24.67995],[121.38242,24.67959],[121.3825,24.67948],[121.38254,24.67929],[121.38321,24.67841],[121.38342,24.67829],[121.38387,24.67816],[121.3845,24.67809],[121.38537,24.67845],[121.38614,24.67849],[121.38673,24.67867],[121.38738,24.67867],[121.38794,24.67878],[121.38821,24.67859],[121.38839,24.67839],[121.38885,24.67824],[121.38902,24.67801],[121.38937,24.67779],[121.38962,24.67778],[121.38991,24.67788],[121.38998,24.67786],[121.39008,24.67775],[121.38993,24.67717],[121.38993,24.67708],[121.39002,24.67698],[121.39071,24.67688],[121.39113,24.67703],[121.3913,24.677],[121.39134,24.67694],[121.39135,24.67668],[121.39154,24.67648],[121.39187,24.67589],[121.39211,24.67562],[121.39226,24.67454],[121.39237,24.67445],[121.39255,24.67454],[121.39283,24.67483],[121.39313,24.675],[121.39334,24.67523],[121.39393,24.67533],[121.39469,24.67523],[121.39481,24.67518],[121.39505,24.67492],[121.39541,24.67476],[121.39548,24.67452],[121.39556,24.67441],[121.39584,24.67421],[121.39616,24.67374],[121.39643,24.67361],[121.39667,24.67363],[121.39721,24.67388],[121.39794,24.67392],[121.39815,24.67388],[121.39885,24.67357],[121.39924,24.67346],[121.39968,24.67354],[121.39988,24.67344],[121.40022,24.67313],[121.40043,24.67309],[121.40057,24.67348],[121.40142,24.67376],[121.40188,24.67367],[121.40224,24.67376],[121.4026,24.67372],[121.40299,24.67386],[121.40351,24.67369],[121.40418,24.67382],[121.40433,24.67391],[121.40441,24.67403],[121.40447,24.67458]]}},{"type":"Feature","properties":{"n":"復興路九段","k":2},"geometry":{"type":"LineString","coordinates":[[121.40483,24.67514],[121.40491,24.67525],[121.40509,24.67533],[121.40566,24.67518],[121.40579,24.67499],[121.40611,24.67475],[121.40638,24.67436],[121.40668,24.67409],[121.40671,24.67401],[121.40668,24.67386],[121.40646,24.67354],[121.40631,24.67289],[121.40666,24.67268],[121.40675,24.67246],[121.40744,24.67186],[121.40764,24.67155]]}},{"type":"Feature","properties":{"n":"復興路八段","k":2},"geometry":{"type":"LineString","coordinates":[[121.36029,24.69978],[121.36031,24.69968],[121.36041,24.69959],[121.36066,24.69941],[121.36094,24.69929],[121.36118,24.69909],[121.3614,24.699],[121.36161,24.69882],[121.36187,24.69875],[121.36219,24.69876],[121.36295,24.69852],[121.36308,24.69853],[121.36337,24.69885],[121.3639,24.69901],[121.36469,24.69933],[121.36481,24.69933],[121.36509,24.69893],[121.36543,24.69886],[121.36552,24.69878],[121.36582,24.69819],[121.36597,24.69813],[121.36627,24.69813],[121.36652,24.69793],[121.36681,24.69782],[121.36708,24.69782],[121.36741,24.69793],[121.36767,24.69787],[121.36777,24.69791],[121.36791,24.69807],[121.36808,24.69813],[121.36905,24.69817],[121.36916,24.6982],[121.36946,24.69846],[121.36972,24.69849],[121.37008,24.69871],[121.37082,24.69877],[121.37109,24.69892],[121.37133,24.69896],[121.37209,24.69902],[121.37254,24.69894],[121.37317,24.69894],[121.3735,24.69887],[121.37398,24.69891],[121.37454,24.69886],[121.37494,24.69873],[121.37518,24.69816],[121.3757,24.69767],[121.37618,24.69742],[121.37622,24.69716],[121.37602,24.69686],[121.37523,24.69627],[121.37513,24.69578],[121.37445,24.69517],[121.37401,24.69426],[121.37428,24.69398],[121.37434,24.69383],[121.37432,24.69366],[121.37389,24.69306],[121.37385,24.69292],[121.37393,24.69281],[121.37438,24.69257],[121.3753,24.69174],[121.37566,24.69148],[121.37599,24.69108],[121.37636,24.69091],[121.37782,24.69047],[121.3781,24.69028],[121.37845,24.69018],[121.37868,24.68993],[121.37872,24.68982],[121.37869,24.68965],[121.37852,24.68935],[121.37826,24.68909],[121.37805,24.68832],[121.37813,24.68821],[121.37846,24.68797],[121.37861,24.6876],[121.37888,24.68731],[121.37902,24.68669],[121.37923,24.68641],[121.37939,24.68579],[121.37933,24.68541],[121.37961,24.68502],[121.38002,24.68461],[121.38038,24.68445],[121.38114,24.68439],[121.38141,24.68426],[121.38139,24.68407],[121.38083,24.68322],[121.38046,24.68298],[121.37981,24.68282],[121.37959,24.68265],[121.37957,24.68256]]}},{"type":"Feature","properties":{"n":"復興路八段","k":2},"geometry":{"type":"LineString","coordinates":[[121.36107,24.70123],[121.3612,24.70134],[121.36137,24.70137],[121.36191,24.70131],[121.3627,24.70161],[121.36312,24.70185],[121.36348,24.70216],[121.36401,24.70244],[121.36407,24.70259],[121.36397,24.70305],[121.36421,24.70353],[121.36423,24.70366],[121.36413,24.70383],[121.36386,24.70405],[121.36317,24.70438],[121.36225,24.70512],[121.36204,24.70578],[121.36202,24.7063],[121.36168,24.7066],[121.36149,24.70728],[121.36146,24.70767],[121.36163,24.70786],[121.36243,24.70821],[121.36253,24.70828],[121.36257,24.70838],[121.36225,24.7086],[121.3622,24.70869],[121.36214,24.70911],[121.36205,24.70933],[121.3616,24.70961],[121.36117,24.70976],[121.36077,24.71019],[121.36076,24.71027],[121.36097,24.71068],[121.36162,24.71183],[121.36157,24.71206],[121.36131,24.71227],[121.36124,24.7124],[121.36119,24.71332],[121.36107,24.71363],[121.36088,24.71377],[121.36018,24.71383],[121.35905,24.71439],[121.35885,24.71438],[121.35835,24.71417],[121.35772,24.71405],[121.35753,24.71413],[121.35737,24.71439],[121.35721,24.7145],[121.35638,24.71435],[121.35629,24.71441],[121.35612,24.71478],[121.35571,24.71493],[121.35526,24.71501],[121.35474,24.71495],[121.35445,24.71485],[121.35322,24.71381],[121.35312,24.71375],[121.35296,24.71374],[121.35282,24.71383],[121.35273,24.71404],[121.35276,24.71422],[121.35305,24.71484],[121.35303,24.71501],[121.35291,24.71509],[121.35244,24.71524],[121.35239,24.71541],[121.35246,24.71581],[121.35209,24.71607],[121.35137,24.71688],[121.35122,24.71693],[121.35073,24.71688],[121.3487,24.71647],[121.34833,24.71647],[121.34784,24.71679],[121.3469,24.71701]]}},{"type":"Feature","properties":{"n":"蘇樂橋","k":2},"geometry":{"type":"LineString","coordinates":[[121.36107,24.70123],[121.36029,24.69978]]}},{"type":"Feature","properties":{"n":"巴陵大橋","k":2},"geometry":{"type":"LineString","coordinates":[[121.37957,24.68256],[121.3794,24.68085],[121.3794,24.68069],[121.37948,24.68049]]}},{"type":"Feature","properties":{"n":"大漢橋","k":2},"geometry":{"type":"LineString","coordinates":[[121.40447,24.67458],[121.40483,24.67514]]}},{"type":"Feature","properties":{"n":"復興路七段","k":2},"geometry":{"type":"LineString","coordinates":[[121.34679,24.71718],[121.34685,24.71736],[121.34704,24.71747],[121.34774,24.71768],[121.34869,24.71786],[121.34907,24.71803],[121.3499,24.71893],[121.34997,24.71903],[121.35013,24.71969],[121.3503,24.72003],[121.35098,24.72106],[121.35096,24.72131],[121.35076,24.72155],[121.35072,24.72183],[121.35078,24.72211],[121.351,24.72237],[121.35112,24.72265],[121.351,24.72328],[121.35111,24.72339],[121.35139,24.72341],[121.35151,24.72349],[121.35172,24.72425],[121.35209,24.72469],[121.35237,24.72487],[121.35303,24.7251],[121.35362,24.72518],[121.3543,24.72502],[121.3546,24.72505],[121.35516,24.72523],[121.35593,24.72532],[121.35607,24.72539],[121.35627,24.72559],[121.35661,24.72617],[121.35683,24.72708],[121.3568,24.7272],[121.35657,24.72746],[121.35638,24.72782],[121.35644,24.72823],[121.35674,24.72846],[121.35719,24.72847],[121.35766,24.72868],[121.3578,24.72879],[121.35786,24.72892],[121.35773,24.72928],[121.35775,24.72941],[121.35792,24.72965],[121.35823,24.72972],[121.35838,24.72985],[121.35841,24.73031],[121.35814,24.73068],[121.35787,24.73117],[121.35689,24.7321],[121.35625,24.73242],[121.35592,24.7325],[121.3538,24.73246],[121.35342,24.73275],[121.35323,24.73284],[121.35258,24.73273],[121.35191,24.73276],[121.35178,24.73283],[121.35125,24.73381],[121.35077,24.73434],[121.35043,24.7349],[121.35032,24.7355],[121.35035,24.73643],[121.35022,24.73707],[121.35011,24.73816],[121.34998,24.73831],[121.34985,24.73834],[121.34939,24.73807],[121.34925,24.73805],[121.34844,24.7384],[121.34843,24.73854],[121.34856,24.73885],[121.34867,24.73937],[121.34851,24.74006],[121.34832,24.74011],[121.34791,24.74003],[121.34734,24.74046],[121.34724,24.74048],[121.34661,24.74016],[121.34602,24.73962],[121.34578,24.73963],[121.34546,24.73987],[121.34528,24.7399],[121.34499,24.73977],[121.34424,24.73961],[121.34409,24.73971],[121.34385,24.74001],[121.34376,24.7402],[121.34373,24.74053],[121.34366,24.74065],[121.34352,24.7407],[121.34311,24.74069],[121.34241,24.74106],[121.34243,24.74143],[121.34223,24.74194]]}},{"type":"Feature","properties":{"n":"復興路七段","k":2},"geometry":{"type":"LineString","coordinates":[[121.34251,24.74228],[121.34268,24.74234],[121.34285,24.74232],[121.34334,24.74204],[121.34409,24.74214],[121.34464,24.74196],[121.34582,24.74226],[121.34637,24.74302],[121.34642,24.74318],[121.34641,24.74343],[121.34652,24.74369],[121.34675,24.74386],[121.34757,24.74414],[121.34777,24.74427],[121.34794,24.74453],[121.34809,24.74518],[121.34825,24.7454],[121.34912,24.74582],[121.34964,24.74594]]}},{"type":"Feature","properties":{"n":"復興路七段","k":2},"geometry":{"type":"LineString","coordinates":[[121.35659,24.75047],[121.35595,24.7499],[121.35514,24.7493],[121.35485,24.74901],[121.35466,24.7485],[121.35424,24.74831],[121.3544,24.74741],[121.35427,24.74732],[121.35319,24.747]]}},{"type":"Feature","properties":{"n":"高義橋","k":2},"geometry":{"type":"LineString","coordinates":[[121.3469,24.71701],[121.34679,24.71718]]}},{"type":"Feature","properties":{"n":"榮華橋","k":2},"geometry":{"type":"LineString","coordinates":[[121.34223,24.74194],[121.34238,24.74218],[121.34251,24.74228]]}},{"type":"Feature","properties":{"n":"復興路六段","k":2},"geometry":{"type":"LineString","coordinates":[[121.34368,24.76064],[121.34368,24.76051],[121.34382,24.76032],[121.34514,24.75933],[121.34534,24.75933],[121.34574,24.75914],[121.3461,24.75908],[121.34666,24.75906],[121.34703,24.75912],[121.3475,24.75903],[121.3484,24.75907],[121.34859,24.75901],[121.34867,24.75892],[121.34876,24.75815],[121.34872,24.75776],[121.34865,24.75761],[121.34842,24.75741],[121.34824,24.75708],[121.34815,24.75677],[121.34805,24.75665],[121.34822,24.75589],[121.34811,24.75547],[121.34819,24.75525],[121.34837,24.75511],[121.34841,24.75502],[121.34841,24.75484],[121.34851,24.75453],[121.34847,24.75433],[121.34852,24.75425],[121.34881,24.75408],[121.34892,24.75393],[121.34893,24.7537],[121.34902,24.75351],[121.34977,24.753],[121.35017,24.75303],[121.35051,24.75269],[121.35062,24.75248],[121.35065,24.75218],[121.35075,24.75207],[121.35106,24.75203],[121.35115,24.75206],[121.35136,24.75229],[121.35145,24.75233],[121.35205,24.75215],[121.35204,24.75149],[121.35232,24.75081],[121.35238,24.75076],[121.35251,24.75074],[121.35295,24.75099],[121.35341,24.75086],[121.35382,24.75099],[121.35431,24.75094],[121.35489,24.75117],[121.3553,24.75103],[121.35558,24.75106],[121.35605,24.75121],[121.3565,24.75102]]}},{"type":"Feature","properties":{"n":"復興路六段","k":2},"geometry":{"type":"LineString","coordinates":[[121.34916,24.76558],[121.34936,24.76538],[121.34966,24.76528],[121.34977,24.76519],[121.34986,24.76476],[121.35001,24.76451],[121.35002,24.76437],[121.34973,24.76387],[121.34932,24.76354],[121.34924,24.76342],[121.34907,24.76298],[121.34855,24.76233],[121.34841,24.76191],[121.34819,24.76153],[121.34807,24.76142],[121.34715,24.76096],[121.34566,24.7605],[121.34516,24.76052],[121.34477,24.76048],[121.34438,24.76053],[121.34421,24.76056],[121.34398,24.76072],[121.34382,24.76075]]}},{"type":"Feature","properties":{"n":"復興路六段","k":2},"geometry":{"type":"LineString","coordinates":[[121.35956,24.77849],[121.35968,24.77832],[121.35957,24.77718],[121.35974,24.7769],[121.35982,24.77618],[121.36004,24.77584],[121.36005,24.77566],[121.36004,24.77543],[121.35995,24.77516],[121.35984,24.77497],[121.35949,24.77463],[121.35947,24.77452],[121.35955,24.77419],[121.35948,24.7732],[121.35949,24.77269],[121.35952,24.7725],[121.36019,24.77183],[121.36019,24.77169],[121.35957,24.77091],[121.35957,24.77072],[121.35951,24.7706],[121.35903,24.77031],[121.35867,24.76995],[121.35839,24.76988],[121.3582,24.76975],[121.35805,24.76945],[121.35747,24.76901],[121.35725,24.76891],[121.35712,24.76874],[121.35661,24.76848],[121.35611,24.76843],[121.35564,24.76815],[121.35503,24.76834],[121.35476,24.76864],[121.35443,24.76863],[121.35352,24.76893],[121.35339,24.76892],[121.35283,24.7687],[121.3525,24.7685],[121.35225,24.76808],[121.35214,24.76799],[121.35107,24.76743],[121.35026,24.76683],[121.34964,24.76649],[121.34916,24.76596]]}},{"type":"Feature","properties":{"n":"復興路六段","k":2},"geometry":{"type":"LineString","coordinates":[[121.35828,24.78203],[121.35832,24.78193],[121.35867,24.78155],[121.35879,24.78102],[121.35938,24.78094],[121.36009,24.78117],[121.36028,24.78116],[121.36037,24.78109],[121.36042,24.78084],[121.36038,24.78003],[121.36032,24.7797],[121.3598,24.7792],[121.35953,24.77856]]}},{"type":"Feature","properties":{"n":"過水橋","k":2},"geometry":{"type":"LineString","coordinates":[[121.34382,24.76075],[121.34368,24.76064]]}},{"type":"Feature","properties":{"n":"雪霧隧道","k":2},"geometry":{"type":"LineString","coordinates":[[121.35319,24.747],[121.34964,24.74594]]}},{"type":"Feature","properties":{"n":"榮華隧道","k":2},"geometry":{"type":"LineString","coordinates":[[121.3565,24.75102],[121.35656,24.75096],[121.35662,24.75073],[121.35659,24.75047]]}},{"type":"Feature","properties":{"n":"西部濱海快速公路","k":1},"geometry":{"type":"LineString","coordinates":[[121.27289,25.11636],[121.27159,25.1164],[121.27045,25.11658],[121.26724,25.11754],[121.26357,25.11874],[121.2628,25.1189],[121.26172,25.11903],[121.26041,25.11902],[121.25923,25.11883],[121.2561,25.11819],[121.25399,25.1177],[121.2527,25.11725],[121.2513,25.11663],[121.25073,25.11633],[121.24931,25.11546],[121.24683,25.11384],[121.24509,25.11303],[121.24378,25.11264],[121.23982,25.11182],[121.23795,25.11137],[121.2346,25.11035],[121.23193,25.10943],[121.23079,25.10909],[121.22847,25.10858],[121.224,25.10798],[121.22225,25.10757],[121.22113,25.10718],[121.2196,25.10655],[121.21578,25.1049],[121.20937,25.10223],[121.20733,25.10118],[121.20627,25.10053],[121.20539,25.09989],[121.20199,25.09708],[121.19895,25.09449],[121.1986,25.09427],[121.19765,25.09388],[121.19432,25.09302],[121.19371,25.09277],[121.19333,25.09255],[121.19016,25.09023],[121.18647,25.0878],[121.18176,25.08428],[121.18085,25.08367],[121.1792,25.08285],[121.17711,25.08224],[121.17382,25.08148],[121.15912,25.07644],[121.15738,25.07594],[121.15549,25.07569],[121.14956,25.0752],[121.1486,25.07508],[121.14807,25.07495],[121.14753,25.07478],[121.14649,25.07431],[121.14604,25.07404],[121.14395,25.07298],[121.14046,25.07089],[121.13935,25.07055],[121.13787,25.07038],[121.13093,25.06994],[121.12303,25.06973],[121.12244,25.06968],[121.12153,25.06946],[121.12089,25.06921],[121.11822,25.06795],[121.11581,25.06689],[121.11237,25.06568],[121.11154,25.06523],[121.11087,25.06474],[121.10931,25.06348],[121.10565,25.06078],[121.10335,25.05891],[121.10235,25.05827],[121.10164,25.0579],[121.09441,25.05456],[121.09032,25.05247],[121.08861,25.05144],[121.08674,25.05048],[121.08387,25.04919],[121.08325,25.04883],[121.08234,25.04828],[121.0809,25.04726],[121.08012,25.04658],[121.07845,25.04495],[121.07679,25.04342],[121.07565,25.04246],[121.07403,25.04131],[121.07312,25.04081],[121.07141,25.04],[121.06451,25.03735],[121.06328,25.03677],[121.0597,25.03477],[121.05755,25.0332],[121.05531,25.03131],[121.03717,25.01455],[121.03587,25.01333],[121.0331,25.01059],[121.03118,25.00839],[121.03017,25.00704],[121.02888,25.00519],[121.02814,25.00399],[121.02642,25.00081],[121.02206,24.9918],[121.02101,24.98906],[121.02043,24.98729],[121.01979,24.9848],[121.01937,24.98283],[121.01888,24.97946],[121.01858,24.97781],[121.01813,24.97599],[121.01764,24.97431],[121.01709,24.97279],[121.0163,24.9709],[121.01583,24.96995],[121.01267,24.96391],[121.01157,24.96207],[121.01058,24.96065],[121.00936,24.9591],[121.008,24.95768],[121.00633,24.95615],[121.00467,24.95486],[121.003,24.9537],[121.00079,24.95245],[120.99783,24.95068],[120.99668,24.94987],[120.9954,24.94886],[120.99374,24.94735],[120.99286,24.94645],[120.99113,24.94437],[120.98999,24.94284],[120.98693,24.93797],[120.98566,24.93626]]}},{"type":"Feature","properties":{"n":"西部濱海快速公路","k":1},"geometry":{"type":"LineString","coordinates":[[120.98571,24.93621],[120.987,24.9379],[120.99006,24.94278],[120.99124,24.94436],[120.99317,24.94663],[120.99528,24.94862],[120.99678,24.94981],[120.99794,24.95061],[121.00084,24.95238],[121.0031,24.95364],[121.0048,24.9548],[121.0064,24.95609],[121.00807,24.95761],[121.00941,24.95904],[121.01067,24.96063],[121.01176,24.96217],[121.01276,24.96387],[121.01592,24.96991],[121.01641,24.97088],[121.01719,24.97276],[121.01823,24.97594],[121.01868,24.97781],[121.01897,24.97929],[121.01948,24.98282],[121.01989,24.9848],[121.02054,24.98728],[121.02112,24.98904],[121.02222,24.99176],[121.02477,24.99721],[121.0265,25.00077],[121.02831,25.00408],[121.02896,25.00513],[121.03127,25.00836],[121.03315,25.0105],[121.03415,25.01153],[121.03725,25.01452],[121.05638,25.03212],[121.0577,25.03319],[121.05976,25.03468],[121.0613,25.03563],[121.06332,25.03669],[121.0646,25.03726],[121.07148,25.03991],[121.07319,25.04072],[121.0741,25.04125],[121.07578,25.04239],[121.07689,25.04335],[121.08027,25.04654],[121.08103,25.04718],[121.08247,25.04823],[121.08331,25.04874],[121.08392,25.04909],[121.08771,25.05086],[121.09147,25.05298],[121.09452,25.0545],[121.10168,25.05782],[121.10241,25.05821],[121.10343,25.05886],[121.1057,25.06071],[121.10928,25.06331],[121.11159,25.06514],[121.11241,25.06557],[121.11585,25.06681],[121.11682,25.06721],[121.12092,25.06913],[121.12159,25.06939],[121.12213,25.06953],[121.12302,25.06964],[121.13094,25.06986],[121.13787,25.0703],[121.13938,25.07046],[121.14003,25.07063],[121.14087,25.071],[121.14242,25.07199],[121.14402,25.07292],[121.14608,25.07399],[121.14764,25.07472],[121.14857,25.07497],[121.14958,25.07512],[121.15554,25.07562],[121.15741,25.07586],[121.1586,25.07617],[121.16393,25.07798],[121.16831,25.07954],[121.17402,25.08146],[121.1755,25.08181],[121.17725,25.08213],[121.17924,25.08276],[121.18072,25.08348],[121.18184,25.0842],[121.18683,25.08793],[121.19027,25.09017],[121.19342,25.09251],[121.19387,25.09275],[121.19437,25.09294],[121.19777,25.0938],[121.19865,25.09418],[121.19905,25.09446],[121.20411,25.09872],[121.20633,25.10045],[121.20778,25.10133],[121.20949,25.10216],[121.22049,25.10682],[121.22131,25.10715],[121.22243,25.10752],[121.22293,25.10767],[121.22416,25.1079],[121.22845,25.10848],[121.23032,25.10887],[121.23124,25.10912],[121.23667,25.11091],[121.23817,25.11134],[121.24309,25.11239],[121.24414,25.11264],[121.24513,25.11296],[121.24574,25.1132],[121.24692,25.1138],[121.24996,25.11577],[121.25125,25.11651],[121.25261,25.11712],[121.25382,25.11755],[121.25536,25.11794],[121.25952,25.11879],[121.26078,25.11894],[121.26221,25.11891],[121.26285,25.11882],[121.26361,25.11864],[121.26712,25.11748],[121.26984,25.11664],[121.27158,25.11631]]}},{"type":"Feature","properties":{"n":"西部濱海公路","k":2},"geometry":{"type":"LineString","coordinates":[[121.01496,24.96846],[121.01315,24.96498],[121.01158,24.96224],[121.01044,24.96063],[121.00964,24.95958],[121.00923,24.95913],[121.00787,24.95767],[121.00704,24.95689],[121.00621,24.95615],[121.00448,24.95482],[121.00283,24.9537],[120.99942,24.95177],[120.99766,24.95067],[120.99533,24.9489],[120.99382,24.94754],[120.99289,24.94661],[120.99137,24.94486],[120.98989,24.94288],[120.98683,24.93801],[120.98621,24.93711],[120.98553,24.93629]]}},{"type":"Feature","properties":{"n":"西部濱海公路","k":2},"geometry":{"type":"LineString","coordinates":[[120.9858,24.93615],[120.98712,24.93786],[120.99014,24.94272],[120.9913,24.94429],[120.99161,24.9447],[120.99326,24.94657],[120.9945,24.94777],[120.99591,24.94901],[120.99683,24.94973],[120.99791,24.95049],[120.99967,24.95159],[121.0016,24.95264],[121.00312,24.95353],[121.00485,24.95472],[121.00718,24.95663],[121.00809,24.95751],[121.00924,24.95873],[121.01067,24.96047],[121.01181,24.96207],[121.0134,24.96485],[121.01508,24.96805]]}},{"type":"Feature","properties":{"n":"西部濱海公路","k":2},"geometry":{"type":"LineString","coordinates":[[121.02053,24.98798],[121.01998,24.98626],[121.01946,24.98404],[121.0186,24.97844]]}},{"type":"Feature","properties":{"n":"西部濱海公路","k":2},"geometry":{"type":"LineString","coordinates":[[121.01891,24.97838],[121.0196,24.98266],[121.02033,24.9858],[121.02088,24.98794]]}},{"type":"Feature","properties":{"n":"西部濱海公路","k":2},"geometry":{"type":"LineString","coordinates":[[121.05675,25.03274],[121.05627,25.03239],[121.05483,25.03113],[121.05357,25.0303],[121.05302,25.02982],[121.05235,25.02915],[121.05168,25.02818],[121.05138,25.02788],[121.04404,25.02101],[121.03707,25.01461]]}},{"type":"Feature","properties":{"n":"西部濱海公路","k":2},"geometry":{"type":"LineString","coordinates":[[121.03732,25.01446],[121.0497,25.02582],[121.05059,25.02655],[121.05203,25.02788],[121.05264,25.02824],[121.05302,25.02839],[121.05367,25.02875],[121.05419,25.02919],[121.05447,25.02956],[121.05513,25.03062],[121.05541,25.03097],[121.05764,25.03301],[121.059,25.03404],[121.05971,25.03446]]}},{"type":"Feature","properties":{"n":"西部濱海公路","k":2},"geometry":{"type":"LineString","coordinates":[[121.06,25.03465],[121.06022,25.03484],[121.06151,25.03564],[121.06365,25.03673],[121.06611,25.03766]]}},{"type":"Feature","properties":{"n":"西部濱海公路","k":2},"geometry":{"type":"LineString","coordinates":[[121.06639,25.03776],[121.06647,25.03787],[121.0693,25.03889]]}},{"type":"Feature","properties":{"n":"西部濱海公路","k":2},"geometry":{"type":"LineString","coordinates":[[121.0695,25.03937],[121.06941,25.03929],[121.06724,25.03846],[121.06643,25.0382]]}},{"type":"Feature","properties":{"n":"西部濱海公路","k":2},"geometry":{"type":"LineString","coordinates":[[121.10264,25.05856],[121.10192,25.05816],[121.0998,25.05712],[121.09397,25.05451],[121.09046,25.0527],[121.08848,25.05152],[121.08821,25.05144],[121.08772,25.05118],[121.08762,25.05108],[121.08403,25.04935],[121.08337,25.04908],[121.08183,25.04802],[121.08004,25.04661],[121.07753,25.04419],[121.07631,25.04308],[121.07525,25.04223],[121.07385,25.04133],[121.0725,25.04062],[121.07034,25.03965],[121.07008,25.03962]]}},{"type":"Feature","properties":{"n":"西部濱海公路","k":2},"geometry":{"type":"LineString","coordinates":[[121.13181,25.07012],[121.12839,25.06998],[121.12534,25.06995],[121.12355,25.06988],[121.12249,25.06982],[121.12167,25.06964],[121.12106,25.06943],[121.11818,25.06804],[121.11571,25.06695],[121.11241,25.06584],[121.11145,25.06532],[121.11079,25.06486],[121.10883,25.06321]]}},{"type":"Feature","properties":{"n":"西部濱海公路","k":2},"geometry":{"type":"LineString","coordinates":[[121.06975,25.03905],[121.06982,25.03914],[121.07195,25.04001],[121.07267,25.04036],[121.07416,25.04119],[121.07559,25.04216],[121.07717,25.04348],[121.08007,25.04621],[121.08128,25.04722],[121.08265,25.04819],[121.08395,25.04899],[121.08792,25.05082],[121.09027,25.05216],[121.09445,25.05433],[121.09809,25.05606],[121.09999,25.0569],[121.10287,25.05832]]}},{"type":"Feature","properties":{"n":"西部濱海公路","k":2},"geometry":{"type":"LineString","coordinates":[[121.10921,25.06311],[121.1112,25.06476],[121.11164,25.06507],[121.11242,25.0655],[121.11585,25.06669],[121.12075,25.06893],[121.12199,25.06941],[121.1228,25.06954],[121.12546,25.06954],[121.1318,25.06983]]}},{"type":"Feature","properties":{"n":"西部濱海公路","k":2},"geometry":{"type":"LineString","coordinates":[[121.26657,25.11784],[121.26461,25.11852],[121.26323,25.11887],[121.26229,25.11904],[121.26162,25.11908],[121.2603,25.11905],[121.25978,25.11899],[121.25523,25.11809],[121.2542,25.11785],[121.25317,25.11753],[121.2514,25.1168],[121.24995,25.11597],[121.24723,25.1142],[121.24643,25.11374],[121.24532,25.11322],[121.24342,25.11265],[121.23996,25.11195]]}},{"type":"Feature","properties":{"n":"西部濱海公路","k":2},"geometry":{"type":"LineString","coordinates":[[121.23915,25.11149],[121.24348,25.11239],[121.24457,25.11268],[121.24562,25.11305],[121.24656,25.11349],[121.24731,25.11392],[121.25064,25.11608],[121.25196,25.11676],[121.25293,25.11716],[121.25414,25.11755],[121.25504,25.11778],[121.25944,25.11872],[121.26082,25.11889],[121.26215,25.11885],[121.2628,25.11876],[121.26379,25.11852],[121.26605,25.11775],[121.26693,25.1174]]}},{"type":"Feature","properties":{"n":"深坑橋","k":2},"geometry":{"type":"LineString","coordinates":[[121.00253,24.94079],[121.00252,24.93944]]}},{"type":"Feature","properties":{"n":"深坑橋","k":2},"geometry":{"type":"LineString","coordinates":[[121.00261,24.93944],[121.00262,24.94077]]}},{"type":"Feature","properties":{"n":"文化路一段","k":2},"geometry":{"type":"LineString","coordinates":[[121.00262,24.94077],[121.00268,24.94193],[121.00279,24.94228],[121.00299,24.94268],[121.00324,24.94301],[121.00477,24.9446],[121.00543,24.94524],[121.00692,24.94648],[121.00809,24.94771],[121.0094,24.94966],[121.00972,24.95022],[121.01032,24.95146],[121.01066,24.95192],[121.01117,24.95246],[121.01145,24.95283],[121.01172,24.95336],[121.01197,24.95473],[121.01231,24.95586],[121.01258,24.95657]]}},{"type":"Feature","properties":{"n":"文化路一段","k":2},"geometry":{"type":"LineString","coordinates":[[121.01246,24.95663],[121.01204,24.95538],[121.01163,24.95339],[121.01137,24.95289],[121.01044,24.95184],[121.01023,24.95152],[121.00927,24.94964],[121.00879,24.94888],[121.00794,24.94775],[121.00683,24.94655],[121.00533,24.94529],[121.00469,24.94466],[121.00314,24.94304],[121.00286,24.94267],[121.00259,24.94194],[121.00253,24.94079]]}},{"type":"Feature","properties":{"n":"福爾摩沙高速公路","k":0},"geometry":{"type":"LineString","coordinates":[[121.27716,24.90615],[121.27562,24.90538],[121.27352,24.90407],[121.27146,24.90238],[121.27058,24.90156],[121.26861,24.8994],[121.26803,24.89867],[121.26741,24.89778],[121.26638,24.89617],[121.26499,24.89338],[121.26316,24.88934],[121.26204,24.88732],[121.26111,24.88599],[121.26008,24.88474],[121.25967,24.8843],[121.25878,24.88349],[121.25756,24.88251],[121.25638,24.88169],[121.25518,24.88098],[121.25394,24.88034],[121.2488,24.87793],[121.24725,24.87712],[121.24596,24.87631],[121.2446,24.87531],[121.24382,24.87458],[121.24213,24.87291],[121.23975,24.87026],[121.23744,24.868],[121.23662,24.86732],[121.23512,24.86619],[121.23349,24.86523],[121.23257,24.86473],[121.23095,24.864],[121.22882,24.86328],[121.22588,24.86245],[121.22278,24.86169],[121.21905,24.86085],[121.21623,24.86002],[121.21372,24.85915],[121.2099,24.85746],[121.20823,24.85649],[121.20655,24.85544],[121.2054,24.85452],[121.20427,24.85351],[121.20317,24.85225],[121.20248,24.85138],[121.20177,24.85038],[121.20078,24.84867],[121.20027,24.84752],[121.1999,24.84656],[121.1995,24.84523],[121.19913,24.84344],[121.19901,24.84231],[121.19897,24.84025],[121.19907,24.83729],[121.20036,24.81505]]}},{"type":"Feature","properties":{"n":"福爾摩沙高速公路","k":0},"geometry":{"type":"LineString","coordinates":[[121.20049,24.81506],[121.19972,24.82931],[121.19956,24.83142],[121.19915,24.83943],[121.1991,24.8415],[121.19915,24.8424],[121.19921,24.84301],[121.19966,24.84525],[121.20012,24.84673],[121.20057,24.84784],[121.2011,24.849],[121.20168,24.85001],[121.20272,24.8515],[121.2033,24.8522],[121.20435,24.85342],[121.2055,24.85443],[121.20665,24.85534],[121.20808,24.85626],[121.20996,24.85729],[121.21199,24.85825],[121.21382,24.85903],[121.21623,24.85988],[121.21903,24.8607],[121.2215,24.8613],[121.2228,24.86154],[121.22774,24.8628],[121.22884,24.86313],[121.23165,24.86412],[121.23354,24.86508],[121.23525,24.86612],[121.23671,24.8672],[121.23766,24.86799],[121.2398,24.87011],[121.24226,24.87283],[121.24391,24.8745],[121.24554,24.87586],[121.24661,24.87655],[121.24796,24.87732],[121.25056,24.87862],[121.255,24.88072],[121.25652,24.88157],[121.25769,24.88239],[121.25969,24.88411],[121.2607,24.88523],[121.26196,24.88686],[121.26291,24.88846],[121.26368,24.89],[121.26461,24.89214],[121.26626,24.89561],[121.26739,24.89748],[121.26896,24.89958],[121.27071,24.90139],[121.27208,24.90269],[121.27308,24.90348],[121.27365,24.90391],[121.27569,24.90525],[121.27702,24.90589]]}},{"type":"Feature","properties":{"n":"福爾摩沙高速公路","k":0},"geometry":{"type":"LineString","coordinates":[[121.3176,24.93588],[121.31613,24.93452],[121.31222,24.9301],[121.31141,24.92924],[121.30957,24.9276],[121.30814,24.92659],[121.30618,24.92548],[121.30264,24.92378],[121.30098,24.92292],[121.29933,24.92179],[121.29786,24.92054],[121.29697,24.91958],[121.29628,24.91866],[121.29476,24.91603],[121.29366,24.91383],[121.29255,24.91216],[121.29139,24.91095],[121.29065,24.91033],[121.28933,24.90944],[121.28789,24.90873]]}},{"type":"Feature","properties":{"n":"福爾摩沙高速公路","k":0},"geometry":{"type":"LineString","coordinates":[[121.28013,24.90691],[121.28157,24.90721],[121.28263,24.90735]]}},{"type":"Feature","properties":{"n":"福爾摩沙高速公路","k":0},"geometry":{"type":"LineString","coordinates":[[121.28284,24.90757],[121.28033,24.90716]]}},{"type":"Feature","properties":{"n":"福爾摩沙高速公路","k":0},"geometry":{"type":"LineString","coordinates":[[121.28798,24.90857],[121.28941,24.90929],[121.29064,24.91011],[121.29151,24.91083],[121.29232,24.91166],[121.29267,24.91207],[121.29343,24.91312],[121.29425,24.91454],[121.29492,24.91598],[121.29559,24.91724],[121.29642,24.91856],[121.29745,24.91987],[121.29867,24.92106],[121.3001,24.92217],[121.30107,24.92278],[121.30272,24.92363],[121.30628,24.92533],[121.30825,24.92643],[121.3097,24.92748],[121.31153,24.92914],[121.31236,24.92999],[121.3157,24.93386],[121.31694,24.9351],[121.31767,24.93571]]}},{"type":"Feature","properties":{"n":"中豐公路","k":2},"geometry":{"type":"LineString","coordinates":[[121.20188,24.81809],[121.2014,24.81577],[121.20106,24.81469],[121.2002,24.81349],[121.1993,24.81202],[121.19883,24.81149],[121.19799,24.81082],[121.19771,24.81052]]}},{"type":"Feature","properties":{"n":"中豐公路","k":2},"geometry":{"type":"LineString","coordinates":[[121.20181,24.81739],[121.20196,24.8181]]}},{"type":"Feature","properties":{"n":"中豐路高平段","k":2},"geometry":{"type":"LineString","coordinates":[[121.21139,24.84151],[121.2112,24.84112],[121.21093,24.84074],[121.21021,24.83989],[121.20689,24.83521],[121.20677,24.83491],[121.20659,24.83413],[121.20606,24.83117],[121.20609,24.83077],[121.20637,24.82999],[121.20641,24.82958],[121.20635,24.82932],[121.20573,24.82792],[121.20508,24.827],[121.20451,24.82645],[121.20294,24.82568],[121.20253,24.82538],[121.20227,24.82499],[121.2015,24.82324],[121.20143,24.82276],[121.20147,24.8225],[121.20178,24.82191],[121.20228,24.82123],[121.2024,24.82092],[121.20242,24.82069],[121.2023,24.81987],[121.20188,24.81809]]}},{"type":"Feature","properties":{"n":"中豐路高平段","k":2},"geometry":{"type":"LineString","coordinates":[[121.20196,24.8181],[121.20247,24.82042],[121.20248,24.82083],[121.20238,24.82121],[121.20163,24.82229],[121.20151,24.82273],[121.20154,24.82314],[121.2016,24.82332],[121.20221,24.8247],[121.20244,24.82515],[121.20259,24.82534],[121.20297,24.82561],[121.20436,24.82627],[121.20459,24.82642],[121.20512,24.82695],[121.2056,24.82756],[121.20581,24.82791],[121.20605,24.82838],[121.20648,24.82954],[121.20645,24.83002],[121.20618,24.83073],[121.20614,24.83107],[121.20667,24.83412],[121.20686,24.83494],[121.20699,24.83528],[121.21029,24.83986],[121.21101,24.84071],[121.21127,24.84109],[121.21145,24.84146]]}},{"type":"Feature","properties":{"n":"龍源路","k":2},"geometry":{"type":"LineString","coordinates":[[121.22333,24.81759],[121.22297,24.81762],[121.22212,24.81803],[121.22088,24.81845],[121.22047,24.8185],[121.21941,24.81844],[121.21904,24.81858],[121.21865,24.81886],[121.21847,24.81906],[121.21812,24.82002],[121.21752,24.82076],[121.21732,24.82092],[121.21686,24.82106],[121.21552,24.82094],[121.21507,24.82096],[121.21405,24.82139],[121.21371,24.82168],[121.21337,24.82223],[121.21317,24.8224],[121.21138,24.82357],[121.21091,24.82381],[121.2088,24.82457],[121.20848,24.82474],[121.2065,24.82642],[121.2056,24.82756],[121.2055,24.82758]]}},{"type":"Feature","properties":{"n":"龍源路","k":2},"geometry":{"type":"LineString","coordinates":[[121.2334,24.82484],[121.23298,24.82473],[121.23194,24.82403],[121.23172,24.82376],[121.23163,24.82339],[121.23147,24.82312],[121.23115,24.82287],[121.22999,24.82222],[121.22965,24.82213],[121.22905,24.82206],[121.22862,24.82184],[121.22831,24.82148],[121.22629,24.81874],[121.22602,24.81852],[121.22482,24.81777]]}},{"type":"Feature","properties":{"n":"龍源路","k":2},"geometry":{"type":"LineString","coordinates":[[121.22484,24.81768],[121.22568,24.81819],[121.2263,24.81865],[121.22654,24.81892],[121.22838,24.82143],[121.22867,24.82176],[121.22899,24.82194],[121.22926,24.82202],[121.22971,24.82205],[121.23007,24.82216],[121.23116,24.82276],[121.23136,24.82289],[121.23164,24.8232],[121.2318,24.82372],[121.23203,24.82401],[121.23284,24.82455],[121.23339,24.82477]]}},{"type":"Feature","properties":{"n":"中豐路上林段","k":2},"geometry":{"type":"LineString","coordinates":[[121.21145,24.84146],[121.21156,24.84186],[121.21159,24.84249],[121.21147,24.84299],[121.21109,24.84403],[121.20984,24.8456],[121.20795,24.84767],[121.20689,24.84909],[121.20568,24.85023],[121.20493,24.85131],[121.20466,24.85193],[121.20439,24.85279],[121.20402,24.85361],[121.20231,24.85704],[121.20212,24.85753],[121.20215,24.85805],[121.20225,24.85831],[121.20239,24.85849],[121.20359,24.85956],[121.2088,24.8634]]}},{"type":"Feature","properties":{"n":"中豐路上林段","k":2},"geometry":{"type":"LineString","coordinates":[[121.20872,24.86347],[121.20812,24.86298],[121.20387,24.85986],[121.20263,24.85885],[121.20221,24.85843],[121.20207,24.85806],[121.20204,24.85757],[121.20216,24.85717],[121.20435,24.85264],[121.20473,24.85153],[121.20499,24.85105],[121.20559,24.8502],[121.20683,24.84902],[121.2077,24.84785],[121.20981,24.84553],[121.211,24.84401],[121.21135,24.84312],[121.2115,24.84251],[121.21152,24.84211],[121.21139,24.84151]]}},{"type":"Feature","properties":{"n":"中豐路中山段","k":2},"geometry":{"type":"LineString","coordinates":[[121.21389,24.86958],[121.21121,24.86762],[121.21083,24.86725],[121.20931,24.86427],[121.20895,24.86371],[121.20872,24.86347]]}},{"type":"Feature","properties":{"n":"中豐路中山段","k":2},"geometry":{"type":"LineString","coordinates":[[121.2088,24.8634],[121.20936,24.86419],[121.2109,24.8672],[121.21122,24.86752],[121.21399,24.86955]]}},{"type":"Feature","properties":{"n":"中山高速公路","k":0},"geometry":{"type":"LineString","coordinates":[[121.3566,25.06512],[121.35459,25.06527],[121.3506,25.06567],[121.34725,25.06571],[121.34482,25.06556],[121.34355,25.06539],[121.3421,25.06512],[121.34111,25.06488],[121.33887,25.06414],[121.33722,25.06343],[121.33633,25.06295],[121.33471,25.06194],[121.33336,25.06101],[121.33161,25.0596],[121.33077,25.05883],[121.32999,25.05806],[121.3284,25.05622],[121.32478,25.05146],[121.32371,25.05043],[121.32258,25.04951],[121.32191,25.04905],[121.32109,25.04857],[121.31921,25.04767],[121.31339,25.04557],[121.31128,25.04473],[121.30704,25.04288],[121.3048,25.04181],[121.30098,25.03983],[121.29772,25.03794],[121.29532,25.03647],[121.29369,25.0354],[121.29159,25.03398],[121.28695,25.03059],[121.28584,25.02969],[121.27619,25.0212],[121.27377,25.01915],[121.26817,25.01469],[121.26746,25.01419],[121.24912,24.99992],[121.24688,24.99795],[121.24442,24.9956],[121.24,24.99118],[121.2362,24.9873],[121.23373,24.98487],[121.2296,24.98131],[121.22462,24.97713],[121.21398,24.96797],[121.21208,24.96654],[121.20387,24.96108],[121.20273,24.9602],[121.20091,24.95849],[121.19943,24.95676],[121.19847,24.95548],[121.1979,24.95463],[121.19745,24.95389],[121.19633,24.95162],[121.19576,24.95004],[121.19519,24.94819],[121.19354,24.94221],[121.19305,24.94099],[121.19226,24.93937],[121.19111,24.93765],[121.19026,24.93661],[121.18934,24.93573],[121.18821,24.93474],[121.1869,24.93379],[121.18517,24.93279],[121.18412,24.93229],[121.17886,24.9304],[121.17676,24.92954],[121.17502,24.92853],[121.17337,24.92731],[121.17149,24.92554],[121.17059,24.92445],[121.16938,24.92273],[121.16886,24.92173],[121.16851,24.92088],[121.16553,24.9124],[121.16452,24.90939],[121.16395,24.90791],[121.16348,24.90697],[121.163,24.90621],[121.1622,24.90527],[121.16119,24.90437],[121.15984,24.9034],[121.15843,24.90264],[121.1574,24.90219],[121.15617,24.90177],[121.12924,24.89449],[121.12614,24.89376],[121.1237,24.89334],[121.12141,24.89311],[121.12002,24.89304],[121.11714,24.89314],[121.11247,24.89349],[121.11163,24.89352],[121.10952,24.89348],[121.10839,24.89341],[121.1073,24.89327],[121.10465,24.89275],[121.10337,24.89242],[121.10213,24.89201],[121.10051,24.89135],[121.09833,24.89027],[121.09736,24.88971],[121.09464,24.888],[121.09297,24.88702],[121.09209,24.88657],[121.09045,24.88588],[121.08913,24.88546],[121.08811,24.8852]]}},{"type":"Feature","properties":{"n":"中山高速公路","k":0},"geometry":{"type":"LineString","coordinates":[[121.08814,24.8851],[121.08916,24.88532],[121.08993,24.88555],[121.0905,24.88574],[121.09218,24.88644],[121.0947,24.88785],[121.09743,24.88958],[121.09843,24.89015],[121.10007,24.89099],[121.10218,24.89186],[121.10329,24.89224],[121.10528,24.89274],[121.10663,24.89299],[121.10728,24.8931],[121.10939,24.89332],[121.11171,24.89336],[121.11674,24.893],[121.11952,24.89291],[121.12197,24.893],[121.12354,24.89316],[121.12576,24.89351],[121.12819,24.89406],[121.1425,24.89796],[121.14919,24.89969],[121.15634,24.90172],[121.15763,24.90218],[121.15927,24.90297],[121.16131,24.90431],[121.16301,24.90596],[121.16372,24.90705],[121.16453,24.90902],[121.16859,24.92058],[121.16903,24.92167],[121.16965,24.92287],[121.17085,24.92454],[121.17225,24.92612],[121.17348,24.9272],[121.1751,24.92836],[121.17682,24.92935],[121.17886,24.93028],[121.18153,24.93117],[121.18417,24.93216],[121.1857,24.9329],[121.18645,24.93331],[121.18832,24.93462],[121.19008,24.93625],[121.19103,24.93733],[121.19182,24.93839],[121.19249,24.93948],[121.19338,24.94128],[121.19425,24.94399],[121.19537,24.94815],[121.19589,24.94991],[121.19651,24.95163],[121.19701,24.95273],[121.19756,24.95376],[121.1983,24.95493],[121.19957,24.95674],[121.20096,24.95829],[121.20234,24.95966],[121.203,24.96023],[121.20397,24.96097],[121.20676,24.96287],[121.21083,24.96552],[121.21216,24.96644],[121.21421,24.968],[121.22544,24.97754],[121.23384,24.98476],[121.24601,24.99694],[121.24781,24.99858],[121.24977,25.00024],[121.27394,25.019],[121.28508,25.02873],[121.28851,25.0315],[121.29046,25.03295],[121.2937,25.03519],[121.29745,25.03756],[121.30012,25.0391],[121.30563,25.042],[121.30994,25.04394],[121.31199,25.04481],[121.31401,25.04559],[121.31906,25.04742],[121.31991,25.04777],[121.32148,25.04853],[121.32276,25.04931],[121.32404,25.0503],[121.32527,25.05155],[121.32657,25.05316],[121.32829,25.05555],[121.32996,25.05753],[121.33077,25.05837],[121.33128,25.05887],[121.33278,25.06017],[121.33609,25.06257],[121.33726,25.06318],[121.33944,25.06406],[121.3408,25.06452],[121.34191,25.06482],[121.34369,25.06517],[121.34504,25.06536],[121.34703,25.06552],[121.34871,25.06554],[121.35034,25.06547],[121.35632,25.06495],[121.35851,25.06481],[121.36158,25.06475],[121.36808,25.06505],[121.37418,25.06578],[121.37533,25.06589],[121.37655,25.06592],[121.37767,25.06579],[121.37861,25.06553],[121.38129,25.06464],[121.3823,25.06445],[121.38342,25.06444],[121.38626,25.06486],[121.38674,25.06489],[121.38761,25.06493],[121.38884,25.06485],[121.39006,25.06464],[121.39126,25.06424],[121.39234,25.06364],[121.39306,25.06309],[121.39374,25.06251],[121.39561,25.06054],[121.39774,25.05785],[121.39885,25.05682]]}},{"type":"Feature","properties":{"n":"高鐵聯外公路","k":2},"geometry":{"type":"LineString","coordinates":[[121.0746,24.88953],[121.07614,24.89163],[121.07656,24.89245],[121.077,24.89316],[121.08044,24.89843]]}},{"type":"Feature","properties":{"n":"高鐵聯外公路","k":2},"geometry":{"type":"LineString","coordinates":[[121.08026,24.89851],[121.07986,24.89799],[121.07674,24.89329],[121.07582,24.89215],[121.07418,24.88962]]}},{"type":"Feature","properties":{"n":"高鐵南路十段","k":2},"geometry":{"type":"LineString","coordinates":[[121.0891,24.91242],[121.08485,24.90544],[121.08026,24.89851]]}},{"type":"Feature","properties":{"n":"高鐵南路十段","k":2},"geometry":{"type":"LineString","coordinates":[[121.08044,24.89843],[121.08308,24.90232],[121.08393,24.90372],[121.08468,24.9047],[121.08526,24.90528],[121.08557,24.90572],[121.08587,24.9063],[121.08608,24.90703],[121.08928,24.91243]]}},{"type":"Feature","properties":{"n":"中山南路","k":2},"geometry":{"type":"LineString","coordinates":[[121.14001,24.90658],[121.13783,24.90744],[121.13728,24.90756],[121.13681,24.90758],[121.13641,24.90754],[121.1361,24.90744],[121.13461,24.9068],[121.1334,24.90642],[121.13062,24.90534],[121.12942,24.9048],[121.12874,24.90444],[121.12732,24.90385],[121.12426,24.9022],[121.1221,24.90124],[121.12146,24.90084],[121.11619,24.89811],[121.1142,24.89733],[121.11366,24.89718],[121.11111,24.89613],[121.10966,24.89559]]}},{"type":"Feature","properties":{"n":"中山南路","k":2},"geometry":{"type":"LineString","coordinates":[[121.10973,24.89548],[121.11118,24.89594],[121.11331,24.89684],[121.11437,24.89719],[121.11623,24.89792],[121.12061,24.90023],[121.12231,24.90121],[121.12431,24.9021],[121.12778,24.90394],[121.13103,24.90534],[121.13379,24.9064],[121.13467,24.90667],[121.13593,24.90723],[121.13645,24.90738],[121.13679,24.90742],[121.13801,24.90728],[121.13997,24.90647]]}},{"type":"Feature","properties":{"n":"高鐵南路九段","k":2},"geometry":{"type":"LineString","coordinates":[[121.09756,24.92561],[121.09559,24.92302],[121.09447,24.92143],[121.09327,24.91958],[121.08953,24.91326],[121.0891,24.91242]]}},{"type":"Feature","properties":{"n":"高鐵南路九段","k":2},"geometry":{"type":"LineString","coordinates":[[121.08928,24.91243],[121.09095,24.9153],[121.09159,24.91631],[121.09202,24.91712],[121.09344,24.91945],[121.09453,24.9211],[121.0968,24.92418],[121.09744,24.92477],[121.0987,24.92627]]}},{"type":"Feature","properties":{"n":"文化路二段","k":2},"geometry":{"type":"LineString","coordinates":[[121.01258,24.95657],[121.01347,24.9584],[121.01366,24.95895],[121.01398,24.9606],[121.01424,24.96159],[121.01486,24.96359],[121.01511,24.96424],[121.01579,24.96514],[121.01644,24.96583]]}},{"type":"Feature","properties":{"n":"文化路二段","k":2},"geometry":{"type":"LineString","coordinates":[[121.01638,24.96587],[121.01572,24.96518],[121.01532,24.9647],[121.01502,24.96425],[121.01414,24.9616],[121.0139,24.96066],[121.01357,24.95896],[121.01338,24.95846],[121.01246,24.95663]]}},{"type":"Feature","properties":{"n":"文化路二段","k":2},"geometry":{"type":"LineString","coordinates":[[121.02683,24.98308],[121.02677,24.98237],[121.02682,24.9799],[121.02676,24.97797],[121.02683,24.97697],[121.02699,24.9758],[121.02698,24.97526],[121.02691,24.97466],[121.02663,24.97358],[121.02626,24.9727],[121.02596,24.97239],[121.02564,24.97216],[121.02307,24.97064],[121.02035,24.9688],[121.02001,24.96861],[121.01854,24.96801],[121.01815,24.96775],[121.01762,24.96726],[121.01662,24.96614]]}},{"type":"Feature","properties":{"n":"文化路二段","k":2},"geometry":{"type":"LineString","coordinates":[[121.02709,24.98393],[121.02768,24.98658],[121.02785,24.98698],[121.02815,24.98743],[121.02891,24.98794],[121.03022,24.98854],[121.03089,24.98892]]}},{"type":"Feature","properties":{"n":"文化路二段","k":2},"geometry":{"type":"LineString","coordinates":[[121.03072,24.98895],[121.03016,24.98862],[121.02861,24.9879],[121.02837,24.98775],[121.02795,24.98732],[121.02759,24.98661],[121.027,24.98396]]}},{"type":"Feature","properties":{"n":"文化路二段","k":2},"geometry":{"type":"LineString","coordinates":[[121.01669,24.9661],[121.01772,24.96721],[121.01823,24.96769],[121.01858,24.96793],[121.02,24.9685],[121.0204,24.96872],[121.02228,24.97003],[121.02569,24.97209],[121.02602,24.97233],[121.02633,24.97265],[121.02672,24.97356],[121.027,24.97464],[121.02706,24.97508],[121.02708,24.9758],[121.02688,24.9774],[121.02686,24.97797],[121.02693,24.98032],[121.02686,24.98247],[121.02692,24.98305]]}},{"type":"Feature","properties":{"n":"濱海路笨港段","k":2},"geometry":{"type":"LineString","coordinates":[[121.0186,24.97844],[121.01795,24.97572],[121.01715,24.97323],[121.01612,24.97073],[121.01496,24.96846]]}},{"type":"Feature","properties":{"n":"濱海路笨港段","k":2},"geometry":{"type":"LineString","coordinates":[[121.01508,24.96805],[121.0164,24.97064],[121.01747,24.97323],[121.01783,24.97423],[121.01833,24.97596],[121.01891,24.97838]]}},{"type":"Feature","properties":{"n":"高鐵南路八段","k":2},"geometry":{"type":"LineString","coordinates":[[121.10486,24.9327],[121.10677,24.93438],[121.1079,24.93519],[121.10911,24.93598]]}},{"type":"Feature","properties":{"n":"高鐵南路八段","k":2},"geometry":{"type":"LineString","coordinates":[[121.10875,24.93615],[121.1049,24.93301]]}},{"type":"Feature","properties":{"n":"高鐵南路八段","k":2},"geometry":{"type":"LineString","coordinates":[[121.1146,24.94046],[121.11415,24.9403],[121.1137,24.94001],[121.11187,24.93825],[121.10897,24.93631]]}},{"type":"Feature","properties":{"n":"高鐵南路八段","k":2},"geometry":{"type":"LineString","coordinates":[[121.10936,24.93616],[121.11014,24.93683],[121.11316,24.93874],[121.11404,24.93913],[121.1157,24.93968]]}},{"type":"Feature","properties":{"n":"五股楊梅高架道路","k":0},"geometry":{"type":"LineString","coordinates":[[121.21661,24.97025],[121.21559,24.96948],[121.21391,24.96809],[121.21231,24.96692],[121.20425,24.96153],[121.20273,24.96043],[121.20176,24.95959],[121.20104,24.95889],[121.19954,24.95725],[121.19792,24.95511],[121.19706,24.95365],[121.19619,24.95171],[121.19543,24.94951],[121.19334,24.94221],[121.19222,24.93996],[121.1912,24.93836],[121.18952,24.93644],[121.18893,24.93586],[121.18766,24.93477],[121.18627,24.93374],[121.18454,24.93274],[121.18322,24.93214],[121.17769,24.93018],[121.17628,24.92944],[121.17453,24.92844],[121.17272,24.927],[121.17204,24.92639],[121.17052,24.92473],[121.16898,24.92241],[121.16821,24.9206],[121.16433,24.90974],[121.16341,24.90741],[121.16261,24.90614],[121.16179,24.90519],[121.16117,24.9046],[121.16046,24.90411],[121.15883,24.9031],[121.1583,24.90284],[121.15637,24.90199],[121.15496,24.90154],[121.15262,24.90092],[121.15137,24.9005]]}},{"type":"Feature","properties":{"n":"五股楊梅高架道路","k":0},"geometry":{"type":"LineString","coordinates":[[121.15123,24.90025],[121.15417,24.90099],[121.15626,24.90158],[121.15777,24.90203],[121.1585,24.90231],[121.15977,24.90294],[121.1608,24.90362],[121.16163,24.90422],[121.16227,24.90485],[121.16313,24.90583],[121.1636,24.90649],[121.16399,24.90717],[121.16458,24.90851],[121.16804,24.91851],[121.16859,24.92003],[121.16909,24.92121],[121.1696,24.92216],[121.17008,24.92292],[121.17059,24.92365],[121.17157,24.9249],[121.17245,24.92587],[121.17489,24.92798],[121.17656,24.92903],[121.17807,24.9297],[121.17964,24.93033],[121.18343,24.93168],[121.18576,24.93261],[121.18671,24.93309],[121.18778,24.93378],[121.1887,24.93448],[121.19031,24.93593],[121.19116,24.93687],[121.19184,24.93774],[121.19273,24.93929],[121.1932,24.94027],[121.19353,24.94108],[121.19427,24.94348],[121.19595,24.94932],[121.19637,24.95062],[121.19702,24.95221],[121.19762,24.95338],[121.19855,24.95489],[121.20011,24.95704],[121.20087,24.9579],[121.2022,24.95927],[121.20373,24.96059],[121.20573,24.962],[121.21247,24.96647],[121.21358,24.96731],[121.2151,24.96856],[121.21706,24.9704]]}},{"type":"Feature","properties":{"n":"五股楊梅高架道路","k":0},"geometry":{"type":"LineString","coordinates":[[121.37507,25.06643],[121.37145,25.06613],[121.36733,25.06558],[121.36312,25.06534],[121.36002,25.06533],[121.35688,25.06541],[121.34971,25.0659],[121.34769,25.06593],[121.34573,25.06584],[121.34382,25.06565],[121.34184,25.06529],[121.34041,25.0649],[121.33906,25.06446],[121.33733,25.06373],[121.33605,25.06308],[121.33455,25.06214],[121.33267,25.06074],[121.33087,25.05929],[121.32939,25.05776],[121.32836,25.05656],[121.326,25.05339],[121.32498,25.05214],[121.32375,25.05091],[121.3224,25.04984],[121.32102,25.04888],[121.32016,25.04839],[121.31775,25.04732],[121.31371,25.04588],[121.30966,25.04431],[121.30576,25.04257],[121.302,25.04073],[121.30023,25.03979],[121.29643,25.03756],[121.29397,25.03599],[121.28957,25.03283],[121.28739,25.03117],[121.28179,25.02649],[121.27939,25.02428],[121.27618,25.0216],[121.27279,25.01892],[121.26888,25.01558],[121.24798,24.99923],[121.24641,24.99783],[121.24483,24.99629],[121.24367,24.99507],[121.23438,24.98581],[121.23272,24.98427],[121.2256,24.97796]]}},{"type":"Feature","properties":{"n":"五股楊梅高架道路","k":0},"geometry":{"type":"LineString","coordinates":[[121.22544,24.97754],[121.22864,24.98009],[121.23083,24.98199],[121.23207,24.98296],[121.23346,24.98413],[121.23773,24.98847],[121.24245,24.99313],[121.2438,24.99452],[121.24589,24.99656],[121.24802,24.99852],[121.24977,25.0],[121.25157,25.00144],[121.25777,25.00626],[121.26917,25.01507],[121.27442,25.01899],[121.27632,25.02066],[121.27982,25.02391],[121.2813,25.02522],[121.28678,25.02995],[121.28907,25.03174],[121.2933,25.03466],[121.2964,25.03661],[121.29964,25.03849],[121.30352,25.04057],[121.30708,25.04234],[121.31111,25.04417],[121.31407,25.04541],[121.31934,25.04735],[121.32073,25.04794],[121.32159,25.04837],[121.32297,25.0492],[121.32418,25.05012],[121.32507,25.05098],[121.32575,25.05175],[121.32841,25.05527],[121.32949,25.0566],[121.3308,25.05805],[121.33176,25.05899],[121.33301,25.06006],[121.33474,25.06133],[121.33634,25.06232],[121.33805,25.0632],[121.33956,25.06388],[121.3424,25.06472],[121.34416,25.06504],[121.34657,25.06529],[121.34969,25.06529],[121.35597,25.06465],[121.35876,25.06449],[121.36216,25.06446],[121.3642,25.06451],[121.36994,25.06496],[121.37374,25.0652],[121.37482,25.06544],[121.37685,25.06605],[121.37778,25.0661],[121.37877,25.06595],[121.38095,25.06516],[121.38236,25.0649],[121.38378,25.0649],[121.38613,25.06531],[121.387,25.06539],[121.38787,25.06539],[121.3897,25.0652],[121.39019,25.0651],[121.39111,25.06482],[121.39187,25.0645],[121.39241,25.06421],[121.39289,25.06388],[121.39385,25.06307],[121.39559,25.06126],[121.39725,25.05918]]}},{"type":"Feature","properties":{"n":"中山路","k":2},"geometry":{"type":"LineString","coordinates":[[121.14891,24.90738],[121.14692,24.90736],[121.14638,24.90724],[121.14554,24.90696],[121.14435,24.90672],[121.14354,24.90642],[121.14205,24.90628]]}},{"type":"Feature","properties":{"n":"中山路","k":2},"geometry":{"type":"LineString","coordinates":[[121.14204,24.90617],[121.14361,24.90632],[121.14453,24.90664],[121.14573,24.90688],[121.14664,24.90718],[121.14713,24.90724],[121.14893,24.90726]]}},{"type":"Feature","properties":{"n":"中山路","k":2},"geometry":{"type":"LineString","coordinates":[[121.14025,24.90637],[121.14052,24.90625],[121.14117,24.90609],[121.14185,24.90616]]}},{"type":"Feature","properties":{"n":"中山路","k":2},"geometry":{"type":"LineString","coordinates":[[121.14182,24.90626],[121.14125,24.90621],[121.14096,24.90623],[121.14028,24.90648]]}},{"type":"Feature","properties":{"n":"中山路","k":2},"geometry":{"type":"LineString","coordinates":[[121.26445,24.97473],[121.26687,24.97572],[121.26754,24.97606],[121.26995,24.97745]]}},{"type":"Feature","properties":{"n":"中山路","k":2},"geometry":{"type":"LineString","coordinates":[[121.26988,24.97756],[121.26672,24.97574],[121.26439,24.97482]]}},{"type":"Feature","properties":{"n":"中山路","k":2},"geometry":{"type":"LineString","coordinates":[[121.29494,24.991],[121.2948,24.99107],[121.29366,24.99122],[121.2927,24.99128],[121.2905,24.99081],[121.29009,24.99067],[121.28284,24.98718]]}},{"type":"Feature","properties":{"n":"中山路","k":2},"geometry":{"type":"LineString","coordinates":[[121.28287,24.98709],[121.29019,24.9906],[121.29091,24.9908],[121.2927,24.99117],[121.29311,24.99117],[121.29479,24.99098],[121.29494,24.991]]}},{"type":"Feature","properties":{"n":"中山路","k":2},"geometry":{"type":"LineString","coordinates":[[121.29494,24.991],[121.29574,24.9909],[121.29619,24.99093],[121.29907,24.99175],[121.3002,24.99184],[121.3027,24.9919],[121.30334,24.99196],[121.30605,24.99253]]}},{"type":"Feature","properties":{"n":"昇平橋","k":2},"geometry":{"type":"LineString","coordinates":[[121.13997,24.90647],[121.14025,24.90637]]}},{"type":"Feature","properties":{"n":"昇平橋","k":2},"geometry":{"type":"LineString","coordinates":[[121.14028,24.90648],[121.14001,24.90658]]}},{"type":"Feature","properties":{"n":"楊梅橋","k":2},"geometry":{"type":"LineString","coordinates":[[121.14205,24.90628],[121.14182,24.90626]]}},{"type":"Feature","properties":{"n":"楊梅橋","k":2},"geometry":{"type":"LineString","coordinates":[[121.14185,24.90616],[121.14204,24.90617]]}},{"type":"Feature","properties":{"n":"老坑溪橋","k":2},"geometry":{"type":"LineString","coordinates":[[121.14919,24.90739],[121.14891,24.90738]]}},{"type":"Feature","properties":{"n":"老坑溪橋","k":2},"geometry":{"type":"LineString","coordinates":[[121.14893,24.90726],[121.14922,24.90727]]}},{"type":"Feature","properties":{"n":"中山北路一段","k":2},"geometry":{"type":"LineString","coordinates":[[121.14922,24.90727],[121.15407,24.90792],[121.158,24.90856]]}},{"type":"Feature","properties":{"n":"中山北路一段","k":2},"geometry":{"type":"LineString","coordinates":[[121.15798,24.90867],[121.15508,24.9082],[121.14919,24.90739]]}},{"type":"Feature","properties":{"n":"中山北路一段","k":2},"geometry":{"type":"LineString","coordinates":[[121.15818,24.90859],[121.1601,24.90892],[121.16322,24.90918],[121.16394,24.90919],[121.16587,24.90896]]}},{"type":"Feature","properties":{"n":"中山北路一段","k":2},"geometry":{"type":"LineString","coordinates":[[121.16589,24.90909],[121.16397,24.90928],[121.16186,24.90922],[121.15984,24.90898],[121.15815,24.9087]]}},{"type":"Feature","properties":{"n":"大金山橋","k":2},"geometry":{"type":"LineString","coordinates":[[121.15815,24.9087],[121.15798,24.90867]]}},{"type":"Feature","properties":{"n":"大金山橋","k":2},"geometry":{"type":"LineString","coordinates":[[121.158,24.90856],[121.15818,24.90859]]}},{"type":"Feature","properties":{"n":"大昌路一段","k":2},"geometry":{"type":"LineString","coordinates":[[121.22075,24.86942],[121.22005,24.87037],[121.21962,24.87065],[121.21909,24.87081],[121.2172,24.87121],[121.21684,24.87123],[121.21647,24.87117],[121.21617,24.87105],[121.21389,24.86958]]}},{"type":"Feature","properties":{"n":"大昌路一段","k":2},"geometry":{"type":"LineString","coordinates":[[121.21399,24.86955],[121.21619,24.87096],[121.21667,24.87112],[121.21704,24.87113],[121.21906,24.87072],[121.21959,24.87057],[121.22,24.87029],[121.22067,24.86938]]}},{"type":"Feature","properties":{"n":"中山北路二段","k":2},"geometry":{"type":"LineString","coordinates":[[121.17692,24.91318],[121.17513,24.91204],[121.17449,24.91156],[121.17252,24.90967],[121.17219,24.90941],[121.17162,24.90908],[121.17052,24.90861]]}},{"type":"Feature","properties":{"n":"中山北路二段","k":2},"geometry":{"type":"LineString","coordinates":[[121.17054,24.90851],[121.17161,24.90896],[121.17224,24.90932],[121.17308,24.91006],[121.17449,24.91143],[121.17536,24.91208],[121.17698,24.91308]]}},{"type":"Feature","properties":{"n":"中山北路二段","k":2},"geometry":{"type":"LineString","coordinates":[[121.16587,24.90896],[121.16688,24.90878],[121.16895,24.90831],[121.16972,24.90831],[121.17044,24.90848]]}},{"type":"Feature","properties":{"n":"中山北路二段","k":2},"geometry":{"type":"LineString","coordinates":[[121.17039,24.90856],[121.16977,24.9084],[121.16936,24.90839],[121.16851,24.90847],[121.16589,24.90909]]}},{"type":"Feature","properties":{"n":"頭重溪橋","k":2},"geometry":{"type":"LineString","coordinates":[[121.17044,24.90848],[121.17054,24.90851]]}},{"type":"Feature","properties":{"n":"頭重溪橋","k":2},"geometry":{"type":"LineString","coordinates":[[121.17052,24.90861],[121.17039,24.90856]]}},{"type":"Feature","properties":{"n":"永美路","k":2},"geometry":{"type":"LineString","coordinates":[[121.18719,24.92278],[121.18661,24.92208],[121.18393,24.91928],[121.17996,24.91542],[121.17692,24.91318]]}},{"type":"Feature","properties":{"n":"永美路","k":2},"geometry":{"type":"LineString","coordinates":[[121.17698,24.91308],[121.1778,24.91363],[121.18009,24.9154],[121.18386,24.9191],[121.18671,24.92202],[121.18729,24.92271]]}},{"type":"Feature","properties":{"n":"永美路","k":2},"geometry":{"type":"LineString","coordinates":[[121.18345,24.9188],[121.1835,24.91875]]}},{"type":"Feature","properties":{"n":"快速路五段","k":2},"geometry":{"type":"LineString","coordinates":[[121.18299,24.93916],[121.17917,24.94079],[121.17213,24.9441],[121.17188,24.94418],[121.1692,24.9456],[121.16617,24.94738],[121.1644,24.94852],[121.16206,24.95015],[121.16021,24.95156],[121.15861,24.95258],[121.1571,24.95347],[121.15494,24.95452]]}},{"type":"Feature","properties":{"n":"快速路五段","k":2},"geometry":{"type":"LineString","coordinates":[[121.15471,24.95434],[121.15585,24.95385],[121.15813,24.95256],[121.161,24.95068],[121.16215,24.94979],[121.16428,24.9483],[121.16903,24.94533],[121.17172,24.94393],[121.17736,24.94132],[121.18296,24.93883]]}},{"type":"Feature","properties":{"n":"高鐵南路五段","k":2},"geometry":{"type":"LineString","coordinates":[[121.17657,24.97466],[121.17247,24.97036],[121.17031,24.96827],[121.16726,24.96563],[121.16593,24.9646],[121.16338,24.96274],[121.16169,24.96166]]}},{"type":"Feature","properties":{"n":"高鐵南路五段","k":2},"geometry":{"type":"LineString","coordinates":[[121.17662,24.9746],[121.17244,24.97023],[121.16984,24.96774],[121.16701,24.96533],[121.16412,24.96318],[121.16178,24.96163]]}},{"type":"Feature","properties":{"n":"高鐵南路五段","k":2},"geometry":{"type":"LineString","coordinates":[[121.16196,24.96152],[121.16363,24.96263],[121.16591,24.96426],[121.1693,24.96703],[121.17128,24.96886],[121.17672,24.97438]]}},{"type":"Feature","properties":{"n":"高鐵南路五段","k":2},"geometry":{"type":"LineString","coordinates":[[121.1621,24.96151],[121.16519,24.96362],[121.16728,24.96524],[121.16918,24.9668],[121.17165,24.9691],[121.17675,24.97432]]}},{"type":"Feature","properties":{"n":"高鐵南路七段","k":2},"geometry":{"type":"LineString","coordinates":[[121.11651,24.94019],[121.11816,24.94137],[121.11887,24.94177],[121.12369,24.94394],[121.1267,24.94524],[121.12777,24.94565]]}},{"type":"Feature","properties":{"n":"高鐵南路七段","k":2},"geometry":{"type":"LineString","coordinates":[[121.12771,24.94592],[121.12357,24.94407],[121.11924,24.94222],[121.11735,24.94133],[121.11647,24.94097],[121.11571,24.94076]]}},{"type":"Feature","properties":{"n":"高鐵南路七段","k":2},"geometry":{"type":"LineString","coordinates":[[121.13772,24.95024],[121.12788,24.94599]]}},{"type":"Feature","properties":{"n":"高鐵南路七段","k":2},"geometry":{"type":"LineString","coordinates":[[121.12796,24.94573],[121.1297,24.94658],[121.13783,24.95009]]}},{"type":"Feature","properties":{"n":"快速路六段","k":2},"geometry":{"type":"LineString","coordinates":[[121.13355,24.97081],[121.13342,24.97061],[121.13339,24.97046],[121.13373,24.96912],[121.1338,24.96863],[121.13395,24.96591],[121.13406,24.96525],[121.13445,24.96391],[121.13501,24.96273],[121.13565,24.9618],[121.13661,24.96065],[121.13761,24.9598],[121.13842,24.95924],[121.13903,24.95892],[121.14021,24.9584],[121.14238,24.95782],[121.14562,24.95725],[121.14865,24.95656],[121.15006,24.95617],[121.1526,24.9553],[121.15357,24.9549],[121.15471,24.95434]]}},{"type":"Feature","properties":{"n":"快速路六段","k":2},"geometry":{"type":"LineString","coordinates":[[121.15494,24.95452],[121.15408,24.95497],[121.15194,24.95582],[121.14951,24.95658],[121.1472,24.9572],[121.14544,24.95756],[121.14306,24.95796],[121.14178,24.95825],[121.14012,24.95872],[121.13838,24.95959],[121.1378,24.96002],[121.13675,24.96092],[121.13584,24.96194],[121.1352,24.96297],[121.13465,24.96416],[121.13431,24.96552],[121.13419,24.96669],[121.13424,24.96851],[121.13466,24.97029],[121.13473,24.97039]]}},{"type":"Feature","properties":{"n":"東西向快速公路 觀音大溪線","k":1},"geometry":{"type":"LineString","coordinates":[[121.07642,25.01715],[121.07922,25.01589],[121.08042,25.01523],[121.08097,25.01486],[121.08219,25.01381],[121.08608,25.00989],[121.08738,25.00882],[121.09229,25.00557],[121.09452,25.00423],[121.09593,25.00332],[121.09921,25.00103],[121.10099,24.99993],[121.10957,24.99411]]}},{"type":"Feature","properties":{"n":"東西向快速公路 觀音大溪線","k":1},"geometry":{"type":"LineString","coordinates":[[121.10931,24.99438],[121.10148,24.99968],[121.09925,25.00111],[121.09448,25.00434],[121.09236,25.00564],[121.0874,25.00892],[121.08616,25.00993],[121.08228,25.01386],[121.08143,25.01463],[121.08063,25.01522],[121.0793,25.01596],[121.07624,25.01734]]}},{"type":"Feature","properties":{"n":"東西向快速公路 觀音大溪線","k":1},"geometry":{"type":"LineString","coordinates":[[121.25684,24.89852],[121.2535,24.89868],[121.25206,24.89887],[121.2469,24.89919],[121.24482,24.89938],[121.24287,24.89963],[121.24017,24.9003],[121.23874,24.90084],[121.237,24.90161],[121.23492,24.90285],[121.23413,24.90343],[121.23289,24.90446],[121.23157,24.9057],[121.23104,24.90629],[121.22998,24.90772],[121.22907,24.90912],[121.22817,24.91064],[121.22667,24.91345],[121.22235,24.92185],[121.22149,24.9233],[121.22063,24.92423],[121.21978,24.92493],[121.21893,24.92545],[121.21702,24.92648],[121.21403,24.92783],[121.21276,24.92825],[121.21176,24.92844],[121.21102,24.92852],[121.2077,24.92849],[121.20685,24.92853],[121.20555,24.92877],[121.20409,24.92934],[121.19551,24.9333],[121.18633,24.93745],[121.18341,24.93885],[121.17863,24.94096],[121.17182,24.9441],[121.17055,24.94474],[121.16915,24.94552],[121.1657,24.94761],[121.16358,24.949],[121.16016,24.95148],[121.15826,24.95271],[121.15758,24.9531],[121.155,24.95441],[121.15263,24.95546],[121.14874,24.95675],[121.14662,24.95724],[121.14316,24.95785],[121.14133,24.95825],[121.14011,24.95863],[121.13909,24.9591],[121.1382,24.9596],[121.13758,24.96007],[121.13669,24.96084],[121.13571,24.96197],[121.1351,24.963],[121.13443,24.96459],[121.13412,24.96608],[121.13409,24.96671],[121.13421,24.97386],[121.13408,24.97583],[121.13392,24.97675],[121.13352,24.97822],[121.13314,24.97916],[121.13204,24.98102],[121.1305,24.98283],[121.1297,24.98353],[121.12888,24.98416],[121.12763,24.98499],[121.12475,24.98672]]}},{"type":"Feature","properties":{"n":"東西向快速公路 觀音大溪線","k":1},"geometry":{"type":"LineString","coordinates":[[121.12444,24.9868],[121.12758,24.98491],[121.12883,24.98409],[121.12964,24.98347],[121.13046,24.98273],[121.13191,24.98109],[121.13303,24.97915],[121.13341,24.97821],[121.13369,24.97723],[121.13398,24.97581],[121.13408,24.97463],[121.1341,24.97373],[121.134,24.96658],[121.13415,24.96531],[121.13434,24.96455],[121.13483,24.96332],[121.13564,24.96192],[121.1367,24.96073],[121.138,24.95963],[121.13856,24.95928],[121.13953,24.95879],[121.14026,24.9585],[121.14128,24.95818],[121.14312,24.95777],[121.14661,24.95716],[121.14872,24.95666],[121.15066,24.95605],[121.15259,24.95537],[121.15494,24.95433],[121.15754,24.95302],[121.15908,24.9521],[121.1606,24.95106],[121.16195,24.95004],[121.16352,24.94894],[121.16565,24.94754],[121.16848,24.94578],[121.17174,24.94402],[121.17864,24.94085],[121.1844,24.93828],[121.18629,24.93737],[121.20436,24.92913],[121.2053,24.92877],[121.20591,24.92859],[121.20673,24.92844],[121.20805,24.92841],[121.21095,24.92845],[121.21188,24.92836],[121.21269,24.9282],[121.21342,24.92798],[121.21431,24.92763],[121.21697,24.92645],[121.21893,24.9254],[121.21976,24.92483],[121.2206,24.92413],[121.22151,24.92308],[121.22225,24.92187],[121.22345,24.91947],[121.22808,24.9106],[121.22911,24.90889],[121.23085,24.90639],[121.23225,24.90492],[121.2344,24.9031],[121.23619,24.90196],[121.23688,24.90157],[121.238,24.90105],[121.24014,24.90023],[121.24222,24.89969],[121.24352,24.89946],[121.2469,24.89911],[121.25207,24.89878],[121.2535,24.8986],[121.25679,24.89845]]}},{"type":"Feature","properties":{"n":"快速路七段","k":2},"geometry":{"type":"LineString","coordinates":[[121.11548,24.99118],[121.12008,24.98915],[121.12158,24.98838],[121.1239,24.98699],[121.125,24.98639],[121.12818,24.98444],[121.12944,24.98355],[121.13047,24.98257],[121.13112,24.98186],[121.13177,24.98103],[121.13279,24.97935],[121.13331,24.97818],[121.13374,24.9766],[121.13388,24.97579],[121.134,24.97467],[121.13399,24.97382],[121.1339,24.97218],[121.13375,24.97141],[121.13355,24.97081]]}},{"type":"Feature","properties":{"n":"快速路七段","k":2},"geometry":{"type":"LineString","coordinates":[[121.13473,24.97039],[121.13485,24.97056],[121.13488,24.9708],[121.13439,24.97287],[121.1343,24.97465],[121.13416,24.976],[121.13394,24.97713],[121.13376,24.97773],[121.13305,24.97954],[121.13269,24.98018],[121.13174,24.98158],[121.13055,24.9829],[121.12975,24.98362],[121.12885,24.98434],[121.12594,24.98614],[121.12165,24.98864],[121.11932,24.98979],[121.11566,24.99138]]}},{"type":"Feature","properties":{"n":"高鐵南路六段","k":2},"geometry":{"type":"LineString","coordinates":[[121.15345,24.95714],[121.15296,24.95694],[121.15245,24.95684],[121.15199,24.95685],[121.15103,24.95709],[121.15067,24.95712],[121.15017,24.95703],[121.14981,24.95688],[121.14948,24.95654],[121.14861,24.95518],[121.14811,24.95479],[121.14344,24.95282],[121.13913,24.95092],[121.13772,24.95024]]}},{"type":"Feature","properties":{"n":"高鐵南路六段","k":2},"geometry":{"type":"LineString","coordinates":[[121.13783,24.95009],[121.13915,24.95062],[121.14051,24.95129],[121.1435,24.95256],[121.14532,24.95341],[121.14701,24.95404],[121.14769,24.95422],[121.14797,24.95434],[121.14822,24.9545],[121.14844,24.95472],[121.14965,24.95654],[121.15022,24.95693],[121.15066,24.95699],[121.15106,24.95695]]}},{"type":"Feature","properties":{"n":"高鐵南路六段","k":2},"geometry":{"type":"LineString","coordinates":[[121.15106,24.95695],[121.1519,24.95661],[121.15214,24.95657],[121.15245,24.95654],[121.1531,24.9567],[121.15545,24.95777],[121.15798,24.95907],[121.15909,24.95968],[121.1621,24.96151]]}},{"type":"Feature","properties":{"n":"高鐵南路六段","k":2},"geometry":{"type":"LineString","coordinates":[[121.16169,24.96166],[121.1605,24.96089],[121.1573,24.9591],[121.15345,24.95714]]}},{"type":"Feature","properties":{"n":"高鐵南路六段","k":2},"geometry":{"type":"LineString","coordinates":[[121.15106,24.95695],[121.15213,24.95667],[121.15253,24.95667],[121.15317,24.95682],[121.15549,24.95788],[121.15795,24.95915],[121.15908,24.95977],[121.16196,24.96152]]}},{"type":"Feature","properties":{"n":"高鐵南路六段","k":2},"geometry":{"type":"LineString","coordinates":[[121.16178,24.96163],[121.16051,24.96081],[121.15725,24.95899],[121.15514,24.95792],[121.15345,24.95714]]}},{"type":"Feature","properties":{"n":"陸橋南路","k":2},"geometry":{"type":"LineString","coordinates":[[121.18729,24.92271],[121.18753,24.92304],[121.18782,24.92361],[121.1882,24.92418],[121.18875,24.92479],[121.18906,24.92503],[121.19058,24.92583]]}},{"type":"Feature","properties":{"n":"陸橋南路","k":2},"geometry":{"type":"LineString","coordinates":[[121.19052,24.92592],[121.189,24.92513],[121.18866,24.92487],[121.18814,24.9243],[121.1877,24.92367],[121.18743,24.92312],[121.18719,24.92278]]}},{"type":"Feature","properties":{"n":"延平路三段","k":2},"geometry":{"type":"LineString","coordinates":[[121.19442,24.92902],[121.19603,24.93035],[121.19919,24.93314],[121.20007,24.93425],[121.2006,24.93503],[121.20119,24.93679],[121.20154,24.93734],[121.20208,24.93782],[121.20342,24.93926],[121.20439,24.9402],[121.20528,24.94115]]}},{"type":"Feature","properties":{"n":"延平路三段","k":2},"geometry":{"type":"LineString","coordinates":[[121.20518,24.94122],[121.20333,24.93935],[121.20199,24.9379],[121.20145,24.93743],[121.20107,24.93683],[121.20048,24.93508],[121.19997,24.93433],[121.1991,24.93323],[121.19519,24.92977],[121.19434,24.92912]]}},{"type":"Feature","properties":{"n":"快速路三段","k":2},"geometry":{"type":"LineString","coordinates":[[121.20529,24.92894],[121.20314,24.92984],[121.20015,24.93125],[121.19301,24.93449]]}},{"type":"Feature","properties":{"n":"快速路三段","k":2},"geometry":{"type":"LineString","coordinates":[[121.193,24.93426],[121.1979,24.93197],[121.19912,24.93145],[121.20009,24.93094],[121.20517,24.92869]]}},{"type":"Feature","properties":{"n":"快速路三段","k":2},"geometry":{"type":"LineString","coordinates":[[121.20544,24.9286],[121.20617,24.92842],[121.20676,24.92833],[121.20786,24.9283]]}},{"type":"Feature","properties":{"n":"快速路三段","k":2},"geometry":{"type":"LineString","coordinates":[[121.20756,24.92856],[121.20625,24.92869],[121.2056,24.92883]]}},{"type":"Feature","properties":{"n":"快速路三段","k":2},"geometry":{"type":"LineString","coordinates":[[121.20869,24.92832],[121.20911,24.92828],[121.21136,24.92826],[121.21236,24.92814],[121.21243,24.92817],[121.21314,24.92795],[121.21404,24.92762],[121.2142,24.92747],[121.21738,24.92607],[121.21854,24.92551],[121.2194,24.925]]}},{"type":"Feature","properties":{"n":"快速路三段","k":2},"geometry":{"type":"LineString","coordinates":[[121.21928,24.92538],[121.21712,24.92658],[121.21485,24.92764],[121.21252,24.92839],[121.21242,24.92846],[121.21122,24.92865],[121.21016,24.9287],[121.20962,24.9287],[121.2082,24.92859]]}},{"type":"Feature","properties":{"n":"埔心陸橋","k":2},"geometry":{"type":"LineString","coordinates":[[121.19058,24.92583],[121.19155,24.92639],[121.19191,24.92667],[121.19219,24.92693],[121.19282,24.92779],[121.1932,24.92818],[121.19442,24.92902]]}},{"type":"Feature","properties":{"n":"埔心陸橋","k":2},"geometry":{"type":"LineString","coordinates":[[121.19434,24.92912],[121.19313,24.92825],[121.19275,24.9279],[121.19235,24.92731],[121.19181,24.92672],[121.19145,24.92646],[121.19052,24.92592]]}},{"type":"Feature","properties":{"n":"龍南幹線排水橋","k":2},"geometry":{"type":"LineString","coordinates":[[121.20786,24.9283],[121.20869,24.92832]]}},{"type":"Feature","properties":{"n":"龍南幹線排水橋","k":2},"geometry":{"type":"LineString","coordinates":[[121.2082,24.92859],[121.20756,24.92856]]}},{"type":"Feature","properties":{"n":"大坑崁溪排水橋","k":2},"geometry":{"type":"LineString","coordinates":[[121.20517,24.92869],[121.20544,24.9286]]}},{"type":"Feature","properties":{"n":"大坑崁溪排水橋","k":2},"geometry":{"type":"LineString","coordinates":[[121.2056,24.92883],[121.20529,24.92894]]}},{"type":"Feature","properties":{"n":"環南路","k":2},"geometry":{"type":"LineString","coordinates":[[121.20689,24.95735],[121.20658,24.95133],[121.20648,24.94827],[121.20663,24.94785],[121.20764,24.94582],[121.20791,24.94538],[121.20845,24.94484]]}},{"type":"Feature","properties":{"n":"環南路","k":2},"geometry":{"type":"LineString","coordinates":[[121.20851,24.9449],[121.208,24.94542],[121.20774,24.94585],[121.20677,24.94785],[121.20665,24.94813],[121.20659,24.94842],[121.20703,24.95741]]}},{"type":"Feature","properties":{"n":"延平路二段","k":2},"geometry":{"type":"LineString","coordinates":[[121.20528,24.94115],[121.20851,24.9449]]}},{"type":"Feature","properties":{"n":"延平路二段","k":2},"geometry":{"type":"LineString","coordinates":[[121.20841,24.94498],[121.20603,24.94216],[121.20518,24.94122]]}},{"type":"Feature","properties":{"n":"環西路","k":2},"geometry":{"type":"LineString","coordinates":[[121.20703,24.95741],[121.2072,24.95991],[121.20731,24.96029],[121.20754,24.96076]]}},{"type":"Feature","properties":{"n":"環西路","k":2},"geometry":{"type":"LineString","coordinates":[[121.2074,24.96074],[121.20713,24.96016],[121.20703,24.95977],[121.20689,24.95735]]}},{"type":"Feature","properties":{"n":"環西路二段","k":2},"geometry":{"type":"LineString","coordinates":[[121.20754,24.96076],[121.20947,24.96382],[121.20975,24.9641],[121.21005,24.96421],[121.2167,24.96566]]}},{"type":"Feature","properties":{"n":"環西路二段","k":2},"geometry":{"type":"LineString","coordinates":[[121.21666,24.96576],[121.2116,24.96464],[121.20987,24.96424],[121.20965,24.96414],[121.2094,24.96393],[121.20756,24.96107],[121.2074,24.96074]]}},{"type":"Feature","properties":{"n":"快速路九段","k":2},"geometry":{"type":"LineString","coordinates":[[121.05291,25.0297],[121.05309,25.02956],[121.05616,25.02798],[121.06215,25.0251],[121.06357,25.02431],[121.0655,25.02313],[121.0693,25.02066],[121.07182,25.01914],[121.07338,25.01838],[121.07458,25.01788],[121.07557,25.01739],[121.07682,25.01689],[121.07866,25.01603],[121.08003,25.01537],[121.08055,25.01505],[121.08132,25.01448],[121.08165,25.01418],[121.08237,25.0135],[121.08452,25.01126],[121.08606,25.00975],[121.08708,25.00893],[121.08974,25.00713],[121.09549,25.00343]]}},{"type":"Feature","properties":{"n":"快速路九段","k":2},"geometry":{"type":"LineString","coordinates":[[121.09576,25.00368],[121.09162,25.00625],[121.08723,25.00913],[121.08614,25.01005],[121.08181,25.01444],[121.08118,25.01496],[121.08027,25.01555],[121.07921,25.0161],[121.07612,25.01751],[121.0735,25.01862],[121.07233,25.0192],[121.07063,25.02015],[121.06569,25.02334],[121.06383,25.02449],[121.06104,25.02595],[121.05702,25.0279],[121.05504,25.02876],[121.05365,25.02944],[121.05302,25.02982]]}},{"type":"Feature","properties":{"n":"笨子港橋","k":2},"geometry":{"type":"LineString","coordinates":[[121.027,24.98396],[121.02683,24.98308]]}},{"type":"Feature","properties":{"n":"笨子港橋","k":2},"geometry":{"type":"LineString","coordinates":[[121.02692,24.98305],[121.02709,24.98393]]}},{"type":"Feature","properties":{"n":"濱海路永興段","k":2},"geometry":{"type":"LineString","coordinates":[[121.03707,25.01461],[121.03412,25.01181],[121.0313,25.00875],[121.03043,25.00758],[121.02878,25.00518],[121.02781,25.00359],[121.02634,25.00083],[121.02522,24.99858]]}},{"type":"Feature","properties":{"n":"濱海路永興段","k":2},"geometry":{"type":"LineString","coordinates":[[121.02552,24.9985],[121.0268,25.00109],[121.02814,25.00364],[121.02897,25.00498],[121.03158,25.00858],[121.03342,25.01068],[121.03556,25.01281],[121.03732,25.01446]]}},{"type":"Feature","properties":{"n":"濱海路永安段","k":2},"geometry":{"type":"LineString","coordinates":[[121.02088,24.98794],[121.02155,24.98972],[121.02308,24.99343],[121.02552,24.9985]]}},{"type":"Feature","properties":{"n":"濱海路永安段","k":2},"geometry":{"type":"LineString","coordinates":[[121.02522,24.99858],[121.02193,24.99183],[121.02117,24.98996],[121.02053,24.98798]]}},{"type":"Feature","properties":{"n":"文化路三段","k":2},"geometry":{"type":"LineString","coordinates":[[121.03089,24.98892],[121.03153,24.98941],[121.03281,24.99064],[121.03341,24.9914],[121.03365,24.99182],[121.03458,24.99366],[121.03479,24.99424],[121.03492,24.99485],[121.03503,24.99691]]}},{"type":"Feature","properties":{"n":"文化路三段","k":2},"geometry":{"type":"LineString","coordinates":[[121.03495,24.99693],[121.03482,24.99487],[121.03475,24.99444],[121.0345,24.99371],[121.03358,24.99187],[121.03307,24.9911],[121.03255,24.9905],[121.03144,24.98945],[121.03072,24.98895]]}},{"type":"Feature","properties":{"n":"文化路三段","k":2},"geometry":{"type":"LineString","coordinates":[[121.03507,24.99753],[121.03525,24.99819],[121.03696,25.00057],[121.03777,25.0015],[121.03964,25.00327],[121.04062,25.00464],[121.04113,25.00509],[121.04342,25.00688],[121.04424,25.00766],[121.04514,25.00863],[121.04552,25.00893],[121.04679,25.00962],[121.0471,25.00986],[121.05046,25.01366]]}},{"type":"Feature","properties":{"n":"文化路三段","k":2},"geometry":{"type":"LineString","coordinates":[[121.05033,25.01366],[121.04739,25.01028],[121.04705,25.00995],[121.04665,25.00966],[121.04596,25.00934],[121.04513,25.00878],[121.04384,25.00739],[121.04205,25.0059],[121.04085,25.00499],[121.04054,25.00468],[121.03965,25.00342],[121.03771,25.00155],[121.03699,25.00075],[121.03517,24.99824],[121.03498,24.99753]]}},{"type":"Feature","properties":{"n":"文化路三段","k":2},"geometry":{"type":"LineString","coordinates":[[121.05117,25.0156],[121.05085,25.01444],[121.0506,25.014],[121.05038,25.01372]]}},{"type":"Feature","properties":{"n":"文化路三段","k":2},"geometry":{"type":"LineString","coordinates":[[121.05049,25.0137],[121.05091,25.01433],[121.05112,25.01493],[121.05128,25.0156]]}},{"type":"Feature","properties":{"n":"新興橋","k":2},"geometry":{"type":"LineString","coordinates":[[121.03503,24.99691],[121.03507,24.99753]]}},{"type":"Feature","properties":{"n":"新興橋","k":2},"geometry":{"type":"LineString","coordinates":[[121.03498,24.99753],[121.03495,24.99693]]}},{"type":"Feature","properties":{"n":"過溪橋","k":2},"geometry":{"type":"LineString","coordinates":[[121.05126,25.01586],[121.05117,25.0156]]}},{"type":"Feature","properties":{"n":"過溪橋","k":2},"geometry":{"type":"LineString","coordinates":[[121.05128,25.0156],[121.05136,25.01585]]}},{"type":"Feature","properties":{"n":"埔頂橋","k":2},"geometry":{"type":"LineString","coordinates":[[121.05046,25.01366],[121.05049,25.0137]]}},{"type":"Feature","properties":{"n":"埔頂橋","k":2},"geometry":{"type":"LineString","coordinates":[[121.05038,25.01372],[121.05033,25.01366]]}},{"type":"Feature","properties":{"n":"埔頂橋","k":2},"geometry":{"type":"LineString","coordinates":[[121.23615,24.96419],[121.23625,24.96422]]}},{"type":"Feature","properties":{"n":"埔頂橋","k":2},"geometry":{"type":"LineString","coordinates":[[121.23621,24.96432],[121.23612,24.96428]]}},{"type":"Feature","properties":{"n":"濱海路保生段","k":2},"geometry":{"type":"LineString","coordinates":[[121.05765,25.0213],[121.05683,25.02062],[121.05369,25.01859],[121.05316,25.01815],[121.05165,25.01654],[121.05126,25.01586]]}},{"type":"Feature","properties":{"n":"濱海路保生段","k":2},"geometry":{"type":"LineString","coordinates":[[121.05136,25.01585],[121.05173,25.01652],[121.05323,25.01809],[121.05398,25.01869],[121.05682,25.0205],[121.05772,25.02124]]}},{"type":"Feature","properties":{"n":"濱海路大潭段","k":2},"geometry":{"type":"LineString","coordinates":[[121.07,25.03067],[121.06297,25.02575],[121.06048,25.02415],[121.05947,25.02322],[121.05765,25.0213]]}},{"type":"Feature","properties":{"n":"濱海路大潭段","k":2},"geometry":{"type":"LineString","coordinates":[[121.05772,25.02124],[121.05954,25.02316],[121.06023,25.02383],[121.06056,25.02408],[121.06312,25.0257],[121.06565,25.02752],[121.07045,25.03086]]}},{"type":"Feature","properties":{"n":"快速路八段","k":2},"geometry":{"type":"LineString","coordinates":[[121.09549,25.00343],[121.09852,25.00132],[121.10018,25.00033],[121.10735,24.99544],[121.10959,24.99398],[121.11163,24.99292],[121.11548,24.99118]]}},{"type":"Feature","properties":{"n":"快速路八段","k":2},"geometry":{"type":"LineString","coordinates":[[121.11566,24.99138],[121.11179,24.9931],[121.11045,24.99381],[121.10918,24.99458],[121.10453,24.99771],[121.1027,24.99902],[121.09996,25.00087],[121.09892,25.00152],[121.09754,25.00251],[121.09576,25.00368]]}},{"type":"Feature","properties":{"n":"濱海路武威段","k":2},"geometry":{"type":"LineString","coordinates":[[121.07045,25.03086],[121.07189,25.03187],[121.07258,25.03218],[121.073,25.03227],[121.07351,25.03231],[121.0745,25.03214],[121.07492,25.03192],[121.07533,25.03163],[121.07564,25.03134],[121.08168,25.02408],[121.08219,25.02363],[121.08301,25.02331],[121.08353,25.02325],[121.084,25.02328],[121.08436,25.02337],[121.0848,25.02356],[121.0859,25.02436]]}},{"type":"Feature","properties":{"n":"濱海路武威段","k":2},"geometry":{"type":"LineString","coordinates":[[121.08521,25.02395],[121.08462,25.02358],[121.08384,25.02335],[121.08338,25.02335],[121.08295,25.02342],[121.08238,25.02364],[121.08212,25.02381],[121.08156,25.02437],[121.07572,25.03139],[121.07535,25.03179],[121.07457,25.03221],[121.07389,25.03237],[121.07312,25.03239],[121.07238,25.0322],[121.07181,25.03192],[121.07,25.03067]]}},{"type":"Feature","properties":{"n":"濱海路廣興段","k":2},"geometry":{"type":"LineString","coordinates":[[121.0859,25.02436],[121.09153,25.02872],[121.09287,25.02981],[121.09323,25.03033],[121.09337,25.03065],[121.09356,25.03193],[121.09368,25.03241],[121.09382,25.03274],[121.09406,25.0331],[121.09437,25.03338],[121.09487,25.03373],[121.09506,25.03384],[121.09564,25.03397],[121.10164,25.03458]]}},{"type":"Feature","properties":{"n":"濱海路廣興段","k":2},"geometry":{"type":"LineString","coordinates":[[121.10153,25.03465],[121.09572,25.03407],[121.09523,25.03397],[121.09476,25.03378],[121.09421,25.03337],[121.09397,25.03311],[121.09372,25.03273],[121.0935,25.03211],[121.09331,25.03078],[121.09316,25.03039],[121.09276,25.02982],[121.08521,25.02395]]}},{"type":"Feature","properties":{"n":"大潭南路","k":2},"geometry":{"type":"LineString","coordinates":[[121.05971,25.03446],[121.06,25.03465]]}},{"type":"Feature","properties":{"n":"大潭南路","k":2},"geometry":{"type":"LineString","coordinates":[[121.06611,25.03766],[121.06639,25.03776]]}},{"type":"Feature","properties":{"n":"大潭南路","k":2},"geometry":{"type":"LineString","coordinates":[[121.0693,25.03889],[121.06975,25.03905]]}},{"type":"Feature","properties":{"n":"大潭北路","k":2},"geometry":{"type":"LineString","coordinates":[[121.06643,25.0382],[121.06616,25.03807]]}},{"type":"Feature","properties":{"n":"大潭北路","k":2},"geometry":{"type":"LineString","coordinates":[[121.07008,25.03962],[121.0695,25.03937]]}},{"type":"Feature","properties":{"n":"大觀路四段","k":2},"geometry":{"type":"LineString","coordinates":[[121.11445,25.03594],[121.10153,25.03465]]}},{"type":"Feature","properties":{"n":"大觀路四段","k":2},"geometry":{"type":"LineString","coordinates":[[121.10164,25.03458],[121.11449,25.03586]]}},{"type":"Feature","properties":{"n":"玉林路二段","k":2},"geometry":{"type":"LineString","coordinates":[[121.10287,25.05832],[121.10632,25.06103],[121.10921,25.06311]]}},{"type":"Feature","properties":{"n":"玉林路二段","k":2},"geometry":{"type":"LineString","coordinates":[[121.10883,25.06321],[121.1053,25.06064],[121.1032,25.05891],[121.10264,25.05856]]}},{"type":"Feature","properties":{"n":"高鐵南路三段","k":2},"geometry":{"type":"LineString","coordinates":[[121.20133,24.99972],[121.19592,24.99435],[121.19402,24.99238],[121.18661,24.98499]]}},{"type":"Feature","properties":{"n":"高鐵南路三段","k":2},"geometry":{"type":"LineString","coordinates":[[121.20133,24.99972],[121.19968,24.99824],[121.19204,24.99051],[121.18654,24.98504]]}},{"type":"Feature","properties":{"n":"高鐵南路三段","k":2},"geometry":{"type":"LineString","coordinates":[[121.18685,24.98485],[121.19415,24.99215],[121.19599,24.99389],[121.20059,24.99845],[121.20136,24.99928],[121.20185,24.9999],[121.20046,24.99845],[121.1959,24.99393],[121.19406,24.99218],[121.18798,24.98614],[121.18678,24.98489]]}},{"type":"Feature","properties":{"n":"高鐵南路三段","k":2},"geometry":{"type":"LineString","coordinates":[[121.20182,25.00017],[121.20133,24.99972]]}},{"type":"Feature","properties":{"n":"高鐵南路四段","k":2},"geometry":{"type":"LineString","coordinates":[[121.18437,24.98289],[121.1822,24.98053],[121.17657,24.97466]]}},{"type":"Feature","properties":{"n":"高鐵南路四段","k":2},"geometry":{"type":"LineString","coordinates":[[121.18451,24.98293],[121.18219,24.9804],[121.17662,24.9746]]}},{"type":"Feature","properties":{"n":"高鐵南路四段","k":2},"geometry":{"type":"LineString","coordinates":[[121.17675,24.97432],[121.18112,24.97894],[121.18519,24.98307]]}},{"type":"Feature","properties":{"n":"高鐵南路四段","k":2},"geometry":{"type":"LineString","coordinates":[[121.17672,24.97438],[121.18161,24.97957],[121.18504,24.98303]]}},{"type":"Feature","properties":{"n":"高鐵南路四段","k":2},"geometry":{"type":"LineString","coordinates":[[121.18661,24.98499],[121.18468,24.98311]]}},{"type":"Feature","properties":{"n":"高鐵南路四段","k":2},"geometry":{"type":"LineString","coordinates":[[121.18654,24.98504],[121.18454,24.98307]]}},{"type":"Feature","properties":{"n":"高鐵南路四段","k":2},"geometry":{"type":"LineString","coordinates":[[121.1852,24.9832],[121.18678,24.98489]]}},{"type":"Feature","properties":{"n":"高鐵南路四段","k":2},"geometry":{"type":"LineString","coordinates":[[121.18533,24.98323],[121.18685,24.98485]]}},{"type":"Feature","properties":{"n":"桃園大圳橋","k":2},"geometry":{"type":"LineString","coordinates":[[121.18454,24.98307],[121.18437,24.98289]]}},{"type":"Feature","properties":{"n":"桃園大圳橋","k":2},"geometry":{"type":"LineString","coordinates":[[121.18468,24.98311],[121.18451,24.98293]]}},{"type":"Feature","properties":{"n":"桃園大圳橋","k":2},"geometry":{"type":"LineString","coordinates":[[121.18504,24.98303],[121.1852,24.9832]]}},{"type":"Feature","properties":{"n":"桃園大圳橋","k":2},"geometry":{"type":"LineString","coordinates":[[121.18519,24.98307],[121.18533,24.98323]]}},{"type":"Feature","properties":{"n":"高鐵南路二段","k":2},"geometry":{"type":"LineString","coordinates":[[121.20185,24.9999],[121.20269,25.00072]]}},{"type":"Feature","properties":{"n":"高鐵南路二段","k":2},"geometry":{"type":"LineString","coordinates":[[121.20261,25.00092],[121.20182,25.00017]]}},{"type":"Feature","properties":{"n":"領航南路一段","k":2},"geometry":{"type":"LineString","coordinates":[[121.20302,25.00072],[121.20928,25.00071],[121.20994,25.0008],[121.21043,25.00097],[121.21073,25.00113]]}},{"type":"Feature","properties":{"n":"領航南路一段","k":2},"geometry":{"type":"LineString","coordinates":[[121.21069,25.00121],[121.20992,25.00087],[121.20926,25.00078],[121.20298,25.00083],[121.20261,25.00092]]}},{"type":"Feature","properties":{"n":"領航南路二段","k":2},"geometry":{"type":"LineString","coordinates":[[121.21651,25.00694],[121.21137,25.00184]]}},{"type":"Feature","properties":{"n":"領航南路二段","k":2},"geometry":{"type":"LineString","coordinates":[[121.21142,25.00176],[121.21664,25.00696]]}},{"type":"Feature","properties":{"n":"領航南橋","k":2},"geometry":{"type":"LineString","coordinates":[[121.21137,25.00184],[121.21069,25.00121]]}},{"type":"Feature","properties":{"n":"領航南橋","k":2},"geometry":{"type":"LineString","coordinates":[[121.21073,25.00113],[121.21142,25.00176]]}},{"type":"Feature","properties":{"n":"大觀路三段","k":2},"geometry":{"type":"LineString","coordinates":[[121.1149,25.0359],[121.12501,25.03691]]}},{"type":"Feature","properties":{"n":"大觀路三段","k":2},"geometry":{"type":"LineString","coordinates":[[121.12499,25.03699],[121.11488,25.03598]]}},{"type":"Feature","properties":{"n":"大觀路三段","k":2},"geometry":{"type":"LineString","coordinates":[[121.12543,25.03695],[121.12696,25.03711],[121.12793,25.03744],[121.13328,25.04066]]}},{"type":"Feature","properties":{"n":"大觀路三段","k":2},"geometry":{"type":"LineString","coordinates":[[121.1332,25.04071],[121.12778,25.03746],[121.12688,25.03717],[121.12563,25.03704]]}},{"type":"Feature","properties":{"n":"大觀路三段","k":2},"geometry":{"type":"LineString","coordinates":[[121.13458,25.04156],[121.13345,25.04086]]}},{"type":"Feature","properties":{"n":"大觀路三段","k":2},"geometry":{"type":"LineString","coordinates":[[121.13351,25.0408],[121.13462,25.04147]]}},{"type":"Feature","properties":{"n":"富林橋","k":2},"geometry":{"type":"LineString","coordinates":[[121.11449,25.03586],[121.1149,25.0359]]}},{"type":"Feature","properties":{"n":"富林橋","k":2},"geometry":{"type":"LineString","coordinates":[[121.11488,25.03598],[121.11445,25.03594]]}},{"type":"Feature","properties":{"n":"大觀路","k":2},"geometry":{"type":"LineString","coordinates":[[121.15792,25.05456],[121.17754,25.06285]]}},{"type":"Feature","properties":{"n":"大觀路","k":2},"geometry":{"type":"LineString","coordinates":[[121.17751,25.06294],[121.15787,25.05464]]}},{"type":"Feature","properties":{"n":"大觀路","k":2},"geometry":{"type":"LineString","coordinates":[[121.17795,25.063],[121.18129,25.06445],[121.18323,25.06522]]}},{"type":"Feature","properties":{"n":"大觀路","k":2},"geometry":{"type":"LineString","coordinates":[[121.18315,25.06531],[121.17791,25.06309]]}},{"type":"Feature","properties":{"n":"大觀路","k":2},"geometry":{"type":"LineString","coordinates":[[121.18453,25.06593],[121.18359,25.0655]]}},{"type":"Feature","properties":{"n":"大觀路","k":2},"geometry":{"type":"LineString","coordinates":[[121.18368,25.06542],[121.18464,25.06584]]}},{"type":"Feature","properties":{"n":"樂利橋","k":2},"geometry":{"type":"LineString","coordinates":[[121.12563,25.03704],[121.12499,25.03699]]}},{"type":"Feature","properties":{"n":"樂利橋","k":2},"geometry":{"type":"LineString","coordinates":[[121.12501,25.03691],[121.12543,25.03695]]}},{"type":"Feature","properties":{"n":"安和橋","k":2},"geometry":{"type":"LineString","coordinates":[[121.13328,25.04066],[121.13351,25.0408]]}},{"type":"Feature","properties":{"n":"安和橋","k":2},"geometry":{"type":"LineString","coordinates":[[121.13345,25.04086],[121.1332,25.04071]]}},{"type":"Feature","properties":{"n":"大觀路二段","k":2},"geometry":{"type":"LineString","coordinates":[[121.144,25.04841],[121.13882,25.04411],[121.13458,25.04156]]}},{"type":"Feature","properties":{"n":"大觀路二段","k":2},"geometry":{"type":"LineString","coordinates":[[121.13462,25.04147],[121.13892,25.04408],[121.14405,25.04838]]}},{"type":"Feature","properties":{"n":"大觀路二段","k":2},"geometry":{"type":"LineString","coordinates":[[121.14885,25.05097],[121.14871,25.05091]]}},{"type":"Feature","properties":{"n":"大觀路一段","k":2},"geometry":{"type":"LineString","coordinates":[[121.15787,25.05464],[121.15185,25.05211],[121.14885,25.05097]]}},{"type":"Feature","properties":{"n":"大觀路一段","k":2},"geometry":{"type":"LineString","coordinates":[[121.14405,25.04838],[121.14567,25.04966],[121.15127,25.05179],[121.15792,25.05456]]}},{"type":"Feature","properties":{"n":"大觀路一段","k":2},"geometry":{"type":"LineString","coordinates":[[121.14871,25.05091],[121.14564,25.04971],[121.144,25.04841]]}},{"type":"Feature","properties":{"n":"西濱路四段","k":2},"geometry":{"type":"LineString","coordinates":[[121.15215,25.07551],[121.14951,25.07528],[121.14832,25.0751],[121.1477,25.07492],[121.14663,25.07449],[121.146,25.07413],[121.14442,25.07335],[121.14089,25.07124],[121.14027,25.07092],[121.13973,25.07076],[121.13848,25.07054],[121.13682,25.07048],[121.13397,25.07029],[121.13348,25.0702],[121.13272,25.07014],[121.13181,25.07012]]}},{"type":"Feature","properties":{"n":"西濱路四段","k":2},"geometry":{"type":"LineString","coordinates":[[121.1318,25.06983],[121.13349,25.06992],[121.13439,25.06992],[121.13787,25.07014],[121.13867,25.07022],[121.13958,25.0704],[121.13998,25.07051],[121.14088,25.0709],[121.14384,25.07271],[121.14609,25.07389],[121.14743,25.07452],[121.14838,25.07483],[121.14912,25.07495],[121.15215,25.07522]]}},{"type":"Feature","properties":{"n":"西濱路三段","k":2},"geometry":{"type":"LineString","coordinates":[[121.15215,25.07522],[121.15543,25.07547],[121.15675,25.07562],[121.15779,25.07581],[121.16298,25.07757],[121.16356,25.0777],[121.17315,25.08112],[121.17402,25.08139],[121.17493,25.0816],[121.17757,25.08205],[121.17832,25.08226],[121.17975,25.08284],[121.18105,25.08353]]}},{"type":"Feature","properties":{"n":"西濱路三段","k":2},"geometry":{"type":"LineString","coordinates":[[121.18101,25.08394],[121.17981,25.08324],[121.17829,25.08268],[121.1774,25.08241],[121.17484,25.08185],[121.17386,25.08159],[121.16877,25.07986],[121.16825,25.07972],[121.15867,25.07639],[121.15764,25.0761],[121.15669,25.07593],[121.15573,25.07581],[121.15215,25.07551]]}},{"type":"Feature","properties":{"n":"機場支線","k":0},"geometry":{"type":"LineString","coordinates":[[121.21767,25.06588],[121.21518,25.06394],[121.21446,25.06325],[121.21413,25.06285],[121.21352,25.06173],[121.21314,25.06033],[121.21314,25.05944],[121.21326,25.05852],[121.21361,25.05747],[121.21414,25.05612],[121.2187,25.04631],[121.21951,25.04442],[121.22013,25.04321],[121.22077,25.04218],[121.22125,25.04155],[121.22231,25.04041],[121.22287,25.03994],[121.2239,25.03921],[121.22567,25.03829],[121.22648,25.03799],[121.23153,25.03656],[121.23391,25.03596],[121.23676,25.03517],[121.2385,25.03465],[121.24019,25.034],[121.24157,25.03335],[121.24782,25.03002],[121.25047,25.02866],[121.25148,25.02823],[121.25242,25.02792],[121.25378,25.02758],[121.25489,25.02743],[121.25759,25.02739],[121.26159,25.02751],[121.26359,25.02739],[121.26495,25.02712],[121.26594,25.02678],[121.26665,25.02647],[121.26773,25.02584],[121.26858,25.0252],[121.26937,25.02444],[121.2698,25.02392],[121.27374,25.01838]]}},{"type":"Feature","properties":{"n":"機場支線","k":0},"geometry":{"type":"LineString","coordinates":[[121.27387,25.01846],[121.27018,25.02367],[121.26939,25.02464],[121.2687,25.02531],[121.26784,25.02597],[121.26703,25.02646],[121.26636,25.02677],[121.26487,25.02729],[121.26379,25.0275],[121.26291,25.0276],[121.26101,25.02766],[121.25653,25.02754],[121.25446,25.02766],[121.25274,25.02801],[121.25154,25.02839],[121.25057,25.02881],[121.24789,25.03019],[121.24352,25.03256],[121.24298,25.03279],[121.24167,25.0335],[121.23947,25.0345],[121.23684,25.03534],[121.22804,25.03773],[121.22646,25.03822],[121.22526,25.03873],[121.22403,25.03937],[121.22298,25.04011],[121.22249,25.04052],[121.222,25.04098],[121.2211,25.04208],[121.22038,25.04318],[121.21987,25.04416],[121.21754,25.04909],[121.21408,25.05659],[121.21364,25.05766],[121.21338,25.05865],[121.21326,25.05959],[121.21325,25.06019],[121.21331,25.06058],[121.2135,25.06138],[121.21371,25.0619],[121.21407,25.06256],[121.21462,25.06327],[121.21497,25.06361],[121.21776,25.06578]]}},{"type":"Feature","properties":{"n":"雙溪二號橋","k":2},"geometry":{"type":"LineString","coordinates":[[121.17754,25.06285],[121.17795,25.063]]}},{"type":"Feature","properties":{"n":"雙溪二號橋","k":2},"geometry":{"type":"LineString","coordinates":[[121.17791,25.06309],[121.17751,25.06294]]}},{"type":"Feature","properties":{"n":"洽溪橋","k":2},"geometry":{"type":"LineString","coordinates":[[121.18323,25.06522],[121.18368,25.06542]]}},{"type":"Feature","properties":{"n":"洽溪橋","k":2},"geometry":{"type":"LineString","coordinates":[[121.18359,25.0655],[121.18315,25.06531]]}},{"type":"Feature","properties":{"n":"國際路一段","k":2},"geometry":{"type":"LineString","coordinates":[[121.19259,25.06865],[121.18988,25.068],[121.18862,25.06763],[121.18756,25.06725],[121.18453,25.06593]]}},{"type":"Feature","properties":{"n":"國際路一段","k":2},"geometry":{"type":"LineString","coordinates":[[121.18464,25.06584],[121.1876,25.06715],[121.18919,25.06772],[121.1926,25.06856]]}},{"type":"Feature","properties":{"n":"國際路一段","k":2},"geometry":{"type":"LineString","coordinates":[[121.19389,25.06887],[121.19449,25.06904],[121.19558,25.06957],[121.19786,25.0716],[121.19878,25.07236]]}},{"type":"Feature","properties":{"n":"國際路一段","k":2},"geometry":{"type":"LineString","coordinates":[[121.19873,25.07247],[121.19856,25.07236],[121.19625,25.07027],[121.19537,25.06956],[121.19444,25.06914],[121.19389,25.06897]]}},{"type":"Feature","properties":{"n":"國際路一段","k":2},"geometry":{"type":"LineString","coordinates":[[121.20415,25.07606],[121.19938,25.07292]]}},{"type":"Feature","properties":{"n":"國際路一段","k":2},"geometry":{"type":"LineString","coordinates":[[121.19947,25.07285],[121.20419,25.07598]]}},{"type":"Feature","properties":{"n":"老街溪橋","k":2},"geometry":{"type":"LineString","coordinates":[[121.1926,25.06856],[121.19389,25.06887]]}},{"type":"Feature","properties":{"n":"老街溪橋","k":2},"geometry":{"type":"LineString","coordinates":[[121.19389,25.06897],[121.19259,25.06865]]}},{"type":"Feature","properties":{"n":"新街溪橋","k":2},"geometry":{"type":"LineString","coordinates":[[121.19938,25.07292],[121.19873,25.07247]]}},{"type":"Feature","properties":{"n":"新街溪橋","k":2},"geometry":{"type":"LineString","coordinates":[[121.19878,25.07236],[121.19947,25.07285]]}},{"type":"Feature","properties":{"n":"大園支線","k":0},"geometry":{"type":"LineString","coordinates":[[121.20578,25.06876],[121.20674,25.06794],[121.20761,25.06705],[121.2083,25.06625],[121.20929,25.06497]]}},{"type":"Feature","properties":{"n":"大園支線","k":0},"geometry":{"type":"LineString","coordinates":[[121.2099,25.0644],[121.2081,25.06668],[121.20749,25.06737],[121.20645,25.06842]]}},{"type":"Feature","properties":{"n":"西濱路二段","k":2},"geometry":{"type":"LineString","coordinates":[[121.20635,25.10067],[121.20513,25.0998],[121.19946,25.09507],[121.1994,25.09497],[121.19904,25.09467],[121.19855,25.09432],[121.19713,25.09381],[121.19472,25.09324],[121.19368,25.09285],[121.19273,25.09228],[121.19125,25.09113],[121.18959,25.08997],[121.18705,25.08835],[121.1828,25.08527],[121.18162,25.08433],[121.18101,25.08394]]}},{"type":"Feature","properties":{"n":"西濱路二段","k":2},"geometry":{"type":"LineString","coordinates":[[121.18105,25.08353],[121.18374,25.0854],[121.18804,25.08866],[121.1898,25.08975],[121.19144,25.0909],[121.19307,25.09218],[121.19349,25.09246],[121.19397,25.0927],[121.19495,25.09304],[121.19745,25.09363],[121.19834,25.09393],[121.1987,25.09412],[121.1997,25.09483],[121.205,25.09934],[121.20663,25.10053]]}},{"type":"Feature","properties":{"n":"西濱路一段","k":2},"geometry":{"type":"LineString","coordinates":[[121.20663,25.10053],[121.20842,25.10154],[121.21007,25.10232],[121.21332,25.10367],[121.21511,25.10434],[121.21679,25.10505],[121.21741,25.10537],[121.21862,25.10584]]}},{"type":"Feature","properties":{"n":"西濱路一段","k":2},"geometry":{"type":"LineString","coordinates":[[121.23996,25.11195],[121.238,25.11149],[121.23024,25.10907],[121.22885,25.10875],[121.22787,25.10858],[121.22364,25.10802],[121.22214,25.10764],[121.22048,25.10705],[121.20981,25.10254],[121.20859,25.10199],[121.20731,25.10131],[121.20635,25.10067]]}},{"type":"Feature","properties":{"n":"西濱路一段","k":2},"geometry":{"type":"LineString","coordinates":[[121.21862,25.10584],[121.2215,25.10697],[121.22325,25.10777],[121.22364,25.10785]]}},{"type":"Feature","properties":{"n":"西濱路一段","k":2},"geometry":{"type":"LineString","coordinates":[[121.21862,25.10584],[121.2203,25.10657],[121.22266,25.10742],[121.2241,25.10777],[121.22855,25.10842],[121.2308,25.10891],[121.2318,25.1092],[121.23695,25.11089],[121.23915,25.11149]]}},{"type":"Feature","properties":{"n":"石園路","k":2},"geometry":{"type":"LineString","coordinates":[[121.2657,24.88224],[121.26426,24.87841],[121.26401,24.87789],[121.26329,24.87685],[121.26309,24.87643],[121.2629,24.87509],[121.26307,24.87354],[121.26296,24.87319],[121.26271,24.8728],[121.262,24.87184],[121.26151,24.87127],[121.26108,24.87087],[121.26068,24.87059],[121.25791,24.86918],[121.25584,24.86781],[121.25422,24.86658],[121.25235,24.86534],[121.25171,24.8643],[121.25089,24.86211],[121.2506,24.86016],[121.25057,24.8597]]}},{"type":"Feature","properties":{"n":"龍源路大平段","k":2},"geometry":{"type":"LineString","coordinates":[[121.24215,24.82723],[121.24107,24.82754],[121.24067,24.82752],[121.24039,24.82737],[121.23919,24.82622],[121.23892,24.82607],[121.23867,24.82601]]}},{"type":"Feature","properties":{"n":"龍源路大平段","k":2},"geometry":{"type":"LineString","coordinates":[[121.23867,24.82601],[121.23861,24.82604],[121.23813,24.82594],[121.2334,24.82484]]}},{"type":"Feature","properties":{"n":"龍源路大平段","k":2},"geometry":{"type":"LineString","coordinates":[[121.23339,24.82477],[121.23575,24.82528],[121.23867,24.82601]]}},{"type":"Feature","properties":{"n":"龍源路大平段","k":2},"geometry":{"type":"LineString","coordinates":[[121.24346,24.82667],[121.24423,24.82603],[121.24445,24.8259],[121.2472,24.82534],[121.24799,24.82528],[121.24909,24.82534],[121.24961,24.82549],[121.25066,24.82602],[121.25089,24.82604],[121.25113,24.82601],[121.2514,24.82589],[121.2521,24.82542]]}},{"type":"Feature","properties":{"n":"龍源路大平段","k":2},"geometry":{"type":"LineString","coordinates":[[121.24307,24.8271],[121.24215,24.82723]]}},{"type":"Feature","properties":{"n":"龍源路大平段","k":2},"geometry":{"type":"LineString","coordinates":[[121.24284,24.82703],[121.24307,24.8271]]}},{"type":"Feature","properties":{"n":"龍源路大平段","k":2},"geometry":{"type":"LineString","coordinates":[[121.24215,24.82723],[121.24284,24.82703]]}},{"type":"Feature","properties":{"n":"龍源路大平段","k":2},"geometry":{"type":"LineString","coordinates":[[121.24284,24.82703],[121.24313,24.82692]]}},{"type":"Feature","properties":{"n":"龍源路大平段","k":2},"geometry":{"type":"LineString","coordinates":[[121.24307,24.8271],[121.24313,24.82692]]}},{"type":"Feature","properties":{"n":"龍源路大平段","k":2},"geometry":{"type":"LineString","coordinates":[[121.24346,24.82667],[121.24326,24.82696],[121.24307,24.8271]]}},{"type":"Feature","properties":{"n":"龍源路大平段","k":2},"geometry":{"type":"LineString","coordinates":[[121.24313,24.82692],[121.24346,24.82667]]}},{"type":"Feature","properties":{"n":"溪洲大橋","k":2},"geometry":{"type":"LineString","coordinates":[[121.2521,24.82542],[121.25385,24.82427],[121.25663,24.82262]]}},{"type":"Feature","properties":{"n":"中正路三坑段","k":2},"geometry":{"type":"LineString","coordinates":[[121.24331,24.83046],[121.2433,24.83033],[121.24355,24.82929],[121.2436,24.82881],[121.24329,24.82777]]}},{"type":"Feature","properties":{"n":"中正路三坑段","k":2},"geometry":{"type":"LineString","coordinates":[[121.2432,24.82761],[121.24306,24.82719],[121.24307,24.8271],[121.2432,24.8273]]}},{"type":"Feature","properties":{"n":"中正路三坑段","k":2},"geometry":{"type":"LineString","coordinates":[[121.24329,24.82777],[121.2432,24.82761]]}},{"type":"Feature","properties":{"n":"中正路三坑段","k":2},"geometry":{"type":"LineString","coordinates":[[121.24318,24.82714],[121.2432,24.8273]]}},{"type":"Feature","properties":{"n":"中正路三坑段","k":2},"geometry":{"type":"LineString","coordinates":[[121.2432,24.8273],[121.24329,24.82777]]}},{"type":"Feature","properties":{"n":"中正路三坑段","k":2},"geometry":{"type":"LineString","coordinates":[[121.2432,24.82761],[121.243,24.82738],[121.24286,24.8273],[121.2424,24.82719]]}},{"type":"Feature","properties":{"n":"中正路三坑段","k":2},"geometry":{"type":"LineString","coordinates":[[121.24399,24.8316],[121.24347,24.83094]]}},{"type":"Feature","properties":{"n":"中正路三坑段","k":2},"geometry":{"type":"LineString","coordinates":[[121.24399,24.8316],[121.24422,24.83183],[121.24531,24.83324],[121.24557,24.83358],[121.24568,24.83381],[121.24603,24.83551],[121.24617,24.83752],[121.24618,24.83833],[121.2461,24.83875],[121.24577,24.83988],[121.24556,24.8403],[121.24452,24.84144],[121.24424,24.84184],[121.24404,24.84227],[121.24383,24.84354],[121.24381,24.84378],[121.24386,24.84413],[121.24424,24.84525],[121.24463,24.84572],[121.2459,24.84703],[121.24606,24.84738],[121.24608,24.84764],[121.2459,24.84792],[121.24461,24.84869]]}},{"type":"Feature","properties":{"n":"中正路三坑段","k":2},"geometry":{"type":"LineString","coordinates":[[121.24457,24.84861],[121.24585,24.84789],[121.246,24.84767],[121.24597,24.84735],[121.24583,24.84707],[121.24411,24.84523],[121.24375,24.84392],[121.24381,24.84304],[121.24399,24.84221],[121.24424,24.8417],[121.24535,24.84045],[121.24569,24.83988],[121.24606,24.83861],[121.2461,24.83827],[121.24608,24.83746],[121.24596,24.83551],[121.24571,24.83408],[121.24559,24.83372],[121.24411,24.83182],[121.24399,24.8316]]}},{"type":"Feature","properties":{"n":"石門路","k":2},"geometry":{"type":"LineString","coordinates":[[121.24323,24.82699],[121.24318,24.82714]]}},{"type":"Feature","properties":{"n":"康莊路五段","k":2},"geometry":{"type":"LineString","coordinates":[[121.27226,24.83795],[121.27201,24.83677],[121.27157,24.83542],[121.27157,24.83406],[121.27148,24.83272],[121.2712,24.83175],[121.27088,24.83114],[121.26922,24.82958],[121.26844,24.82896],[121.26764,24.82817],[121.26668,24.82744],[121.26626,24.82697],[121.26581,24.82659],[121.26514,24.82612],[121.26443,24.82565],[121.26233,24.82443],[121.26098,24.82351],[121.26056,24.82329],[121.25967,24.82294],[121.25856,24.82259],[121.25795,24.82218],[121.2586,24.82253],[121.25971,24.82288],[121.26102,24.82344],[121.26224,24.82429],[121.26445,24.82558],[121.26502,24.82596],[121.26585,24.82655],[121.2663,24.82693],[121.26691,24.82755],[121.26765,24.82807],[121.2684,24.82882],[121.26947,24.82969],[121.27093,24.83107],[121.27124,24.8316],[121.27149,24.83243],[121.27162,24.83376],[121.27168,24.83559],[121.27207,24.83672],[121.27229,24.83756],[121.27234,24.83794]]}},{"type":"Feature","properties":{"n":"石門二號橋","k":2},"geometry":{"type":"LineString","coordinates":[[121.24347,24.83094],[121.24331,24.83046]]}},{"type":"Feature","properties":{"n":"文化路","k":2},"geometry":{"type":"LineString","coordinates":[[121.25057,24.8597],[121.25118,24.85789],[121.2512,24.85755],[121.25095,24.85356],[121.25087,24.8531],[121.25066,24.85263],[121.25032,24.85223],[121.24895,24.85109],[121.24589,24.85025],[121.24559,24.85013],[121.24538,24.8499],[121.24457,24.84861]]}},{"type":"Feature","properties":{"n":"康莊路三段","k":2},"geometry":{"type":"LineString","coordinates":[[121.27234,24.83794],[121.27224,24.83921],[121.27237,24.84053],[121.27229,24.84184],[121.27229,24.84264],[121.2726,24.84569],[121.27268,24.84598],[121.27314,24.84665],[121.27505,24.84908],[121.27574,24.85019],[121.27608,24.8506],[121.27759,24.85218],[121.27812,24.85253],[121.27876,24.8528],[121.28135,24.85376],[121.28196,24.85416],[121.28226,24.8545],[121.28253,24.85492],[121.28278,24.85563],[121.28311,24.85788],[121.28299,24.85882],[121.28228,24.86098]]}},{"type":"Feature","properties":{"n":"康莊路三段","k":2},"geometry":{"type":"LineString","coordinates":[[121.28223,24.86093],[121.28292,24.8588],[121.28304,24.85788],[121.28272,24.85565],[121.28259,24.85524],[121.28237,24.85479],[121.28192,24.85422],[121.28134,24.85382],[121.2783,24.85268],[121.27788,24.85245],[121.27749,24.85216],[121.27579,24.8504],[121.27475,24.8488],[121.27264,24.84614],[121.27252,24.84566],[121.27221,24.84229],[121.2723,24.84034],[121.27217,24.83937],[121.27226,24.83795]]}},{"type":"Feature","properties":{"n":"復興路一段","k":2},"geometry":{"type":"LineString","coordinates":[[121.29448,24.87352],[121.29443,24.87325],[121.29422,24.87276],[121.2936,24.87231],[121.29344,24.87209],[121.29335,24.87189],[121.29333,24.87133],[121.29352,24.87103],[121.29359,24.87082],[121.29342,24.86976],[121.29342,24.86945],[121.29392,24.86853],[121.29393,24.86844],[121.29377,24.86789],[121.29373,24.86749],[121.29374,24.86721],[121.29387,24.86665],[121.29399,24.86481],[121.2952,24.86144],[121.29498,24.85818],[121.29443,24.85753],[121.2937,24.85686],[121.2923,24.85579],[121.29094,24.85436],[121.29052,24.85379],[121.29002,24.85294],[121.28795,24.84994],[121.28683,24.84904],[121.28629,24.84879],[121.28566,24.8488],[121.28538,24.84861],[121.2852,24.8484],[121.28499,24.84811],[121.28496,24.84779],[121.28535,24.84566],[121.28587,24.84481],[121.28649,24.84346],[121.28663,24.84328],[121.28798,24.84206],[121.28859,24.84157],[121.29129,24.84056],[121.29236,24.84003],[121.29262,24.83997],[121.2941,24.83992],[121.29544,24.84024],[121.29591,24.84026],[121.29617,24.84017],[121.29747,24.83951],[121.29853,24.83931],[121.29883,24.83919],[121.29934,24.83895],[121.29951,24.83882],[121.29973,24.83852],[121.29996,24.83798],[121.30011,24.83786],[121.30041,24.83779],[121.30116,24.83777],[121.302,24.83741],[121.30222,24.83723],[121.30252,24.83643],[121.30252,24.83628],[121.30231,24.83577],[121.30242,24.83546]]}},{"type":"Feature","properties":{"n":"復興路二段","k":2},"geometry":{"type":"LineString","coordinates":[[121.3052,24.82847],[121.30467,24.82822],[121.30456,24.82806],[121.30456,24.8279],[121.30462,24.82773],[121.30563,24.82665]]}},{"type":"Feature","properties":{"n":"復興路二段","k":2},"geometry":{"type":"LineString","coordinates":[[121.30682,24.8254],[121.30737,24.82511]]}},{"type":"Feature","properties":{"n":"復興路二段","k":2},"geometry":{"type":"LineString","coordinates":[[121.30575,24.82648],[121.30589,24.82625]]}},{"type":"Feature","properties":{"n":"復興路二段","k":2},"geometry":{"type":"LineString","coordinates":[[121.30601,24.82606],[121.30619,24.82579],[121.30662,24.8255]]}},{"type":"Feature","properties":{"n":"復興路二段","k":2},"geometry":{"type":"LineString","coordinates":[[121.30754,24.82506],[121.3098,24.82486],[121.3101,24.82498],[121.31119,24.82563],[121.3113,24.82581],[121.31129,24.82679],[121.31136,24.82696],[121.31211,24.82751],[121.31271,24.82826],[121.31286,24.82837],[121.3131,24.82839],[121.31376,24.82784],[121.31403,24.82768],[121.31423,24.82763],[121.31492,24.82784]]}},{"type":"Feature","properties":{"n":"復興路二段","k":2},"geometry":{"type":"LineString","coordinates":[[121.31501,24.82787],[121.31567,24.82811],[121.31599,24.82836],[121.31659,24.82908],[121.31677,24.82922],[121.31714,24.82941],[121.31772,24.8296],[121.31896,24.83048]]}},{"type":"Feature","properties":{"n":"復興路二段","k":2},"geometry":{"type":"LineString","coordinates":[[121.30526,24.83253],[121.30585,24.83103]]}},{"type":"Feature","properties":{"n":"復興路二段","k":2},"geometry":{"type":"LineString","coordinates":[[121.30588,24.83034],[121.30583,24.82908],[121.30568,24.82877],[121.3054,24.82855]]}},{"type":"Feature","properties":{"n":"復興路二段","k":2},"geometry":{"type":"LineString","coordinates":[[121.31907,24.83056],[121.3192,24.83069],[121.31932,24.83131],[121.31942,24.83157],[121.31951,24.8317],[121.3197,24.83182],[121.32037,24.83208],[121.32097,24.83241],[121.32224,24.83253],[121.32316,24.83271],[121.32451,24.83243],[121.32479,24.83232],[121.32518,24.83206],[121.32557,24.83158],[121.32581,24.83142],[121.32657,24.8314],[121.32738,24.83173],[121.329,24.83207],[121.32959,24.83201],[121.33058,24.83212],[121.33082,24.8321],[121.33103,24.83195],[121.33138,24.83137]]}},{"type":"Feature","properties":{"n":"湳仔溝三號橋","k":2},"geometry":{"type":"LineString","coordinates":[[121.30563,24.82665],[121.30575,24.82648]]}},{"type":"Feature","properties":{"n":"湳仔溝四號橋","k":2},"geometry":{"type":"LineString","coordinates":[[121.30589,24.82625],[121.30601,24.82606]]}},{"type":"Feature","properties":{"n":"百吉一號橋","k":2},"geometry":{"type":"LineString","coordinates":[[121.30662,24.8255],[121.30682,24.8254]]}},{"type":"Feature","properties":{"n":"百吉二號橋","k":2},"geometry":{"type":"LineString","coordinates":[[121.30737,24.82511],[121.30754,24.82506]]}},{"type":"Feature","properties":{"n":"百吉三號橋","k":2},"geometry":{"type":"LineString","coordinates":[[121.31492,24.82784],[121.31501,24.82787]]}},{"type":"Feature","properties":{"n":"湳仔溝一號橋","k":2},"geometry":{"type":"LineString","coordinates":[[121.30585,24.83103],[121.3059,24.83072],[121.30588,24.83034]]}},{"type":"Feature","properties":{"n":"湳仔溝二號橋","k":2},"geometry":{"type":"LineString","coordinates":[[121.3054,24.82855],[121.3052,24.82847]]}},{"type":"Feature","properties":{"n":"百吉隧道","k":2},"geometry":{"type":"LineString","coordinates":[[121.30242,24.83546],[121.30467,24.83321],[121.30526,24.83253]]}},{"type":"Feature","properties":{"n":"百吉四號橋","k":2},"geometry":{"type":"LineString","coordinates":[[121.31896,24.83048],[121.31907,24.83056]]}},{"type":"Feature","properties":{"n":"慈康路","k":2},"geometry":{"type":"LineString","coordinates":[[121.28511,24.84939],[121.28499,24.84811]]}},{"type":"Feature","properties":{"n":"瑞安路二段","k":2},"geometry":{"type":"LineString","coordinates":[[121.28214,24.86146],[121.28128,24.86408],[121.28114,24.86461],[121.2811,24.86506],[121.28114,24.8656],[121.28201,24.86852],[121.28201,24.86936],[121.28182,24.87023],[121.28171,24.87108],[121.2817,24.87227],[121.28155,24.87273]]}},{"type":"Feature","properties":{"n":"瑞安路二段","k":2},"geometry":{"type":"LineString","coordinates":[[121.28149,24.87268],[121.28162,24.87227],[121.28166,24.87068],[121.28188,24.86966],[121.28195,24.86874],[121.28193,24.86846],[121.28106,24.86547],[121.28104,24.86478],[121.28123,24.86401],[121.28223,24.86093]]}},{"type":"Feature","properties":{"n":"北橫公路","k":2},"geometry":{"type":"LineString","coordinates":[[121.34916,24.76558],[121.34907,24.76571],[121.34909,24.76587],[121.34916,24.76596]]}},{"type":"Feature","properties":{"n":"拉號橋","k":2},"geometry":{"type":"LineString","coordinates":[[121.3583,24.78211],[121.35828,24.78203]]}},{"type":"Feature","properties":{"n":"半面橋","k":2},"geometry":{"type":"LineString","coordinates":[[121.35953,24.77856],[121.35956,24.77849]]}},{"type":"Feature","properties":{"n":"復興路五段","k":2},"geometry":{"type":"LineString","coordinates":[[121.36514,24.79069],[121.36458,24.79052],[121.3644,24.79037],[121.36431,24.78951],[121.3642,24.78922],[121.36365,24.78863],[121.36335,24.78844],[121.3633,24.78831],[121.36332,24.78783],[121.36301,24.78764],[121.363,24.78755],[121.3632,24.78731],[121.36321,24.78719],[121.36307,24.78689],[121.36286,24.78662],[121.36299,24.78617],[121.36297,24.78608],[121.36274,24.78543],[121.36266,24.78532],[121.36262,24.78505],[121.36232,24.78458],[121.36221,24.78427],[121.36206,24.78411],[121.36196,24.78381],[121.36185,24.7837],[121.36174,24.78367],[121.3613,24.78374],[121.36123,24.78371],[121.36115,24.78362],[121.36119,24.78345],[121.36115,24.7833],[121.36078,24.78302],[121.36069,24.78299],[121.36042,24.78303],[121.36032,24.78293],[121.36028,24.78276],[121.35951,24.7821],[121.35919,24.78203],[121.35861,24.78216],[121.3584,24.78217],[121.3583,24.78211]]}},{"type":"Feature","properties":{"n":"復興路五段","k":2},"geometry":{"type":"LineString","coordinates":[[121.36514,24.79069],[121.36533,24.79074],[121.36613,24.79154],[121.36618,24.7916],[121.36618,24.7918],[121.36516,24.79327],[121.36414,24.79414],[121.36352,24.79483],[121.3632,24.7955],[121.36245,24.79666],[121.36236,24.79698],[121.3624,24.79715],[121.36253,24.79732],[121.36374,24.79816],[121.36453,24.79913],[121.36582,24.7991],[121.36601,24.79921],[121.36614,24.79939]]}},{"type":"Feature","properties":{"n":"復興路五段","k":2},"geometry":{"type":"LineString","coordinates":[[121.36614,24.79939],[121.3658,24.79919],[121.36459,24.79923],[121.36442,24.79917],[121.36367,24.79822],[121.36238,24.7973],[121.36228,24.797],[121.36236,24.79662],[121.36318,24.79537],[121.3635,24.7947],[121.36407,24.79409],[121.36519,24.7931],[121.36611,24.79179],[121.36609,24.7916],[121.36514,24.79069]]}},{"type":"Feature","properties":{"n":"復興路五段","k":2},"geometry":{"type":"LineString","coordinates":[[121.3689,24.80503],[121.36873,24.80487],[121.3678,24.80463],[121.36766,24.80444],[121.36773,24.80299],[121.36754,24.8021],[121.36782,24.80142],[121.36781,24.80128],[121.3677,24.8011]]}},{"type":"Feature","properties":{"n":"復興路五段","k":2},"geometry":{"type":"LineString","coordinates":[[121.36624,24.79949],[121.36614,24.79939]]}},{"type":"Feature","properties":{"n":"復興路五段","k":2},"geometry":{"type":"LineString","coordinates":[[121.35957,24.80773],[121.35971,24.80753],[121.36,24.80741],[121.36034,24.80744],[121.36082,24.80769],[121.36142,24.8078],[121.36181,24.80771],[121.36222,24.8078],[121.36276,24.80777],[121.36326,24.80763],[121.36342,24.80752],[121.36357,24.80681],[121.36365,24.80664],[121.36419,24.80624],[121.36482,24.80528],[121.36498,24.80515],[121.36571,24.80511],[121.36641,24.80556],[121.36664,24.80566],[121.36753,24.80569],[121.36801,24.80608],[121.36815,24.80609],[121.36831,24.80602],[121.36893,24.80557],[121.36893,24.8055]]}},{"type":"Feature","properties":{"n":"羅浮橋","k":2},"geometry":{"type":"LineString","coordinates":[[121.3677,24.8011],[121.36624,24.79949]]}},{"type":"Feature","properties":{"n":"復興路四段","k":2},"geometry":{"type":"LineString","coordinates":[[121.353,24.81455],[121.35332,24.81418],[121.35362,24.81372],[121.3538,24.8128],[121.35379,24.81255],[121.35372,24.81232],[121.35354,24.81213],[121.35303,24.81188],[121.35279,24.81154],[121.35273,24.81126],[121.35281,24.81086],[121.35276,24.81061],[121.35228,24.81016],[121.35218,24.81012],[121.35179,24.81015],[121.3517,24.81012],[121.35158,24.80998],[121.3516,24.8098],[121.35205,24.80939],[121.35192,24.80893],[121.352,24.80873],[121.35236,24.80859],[121.35359,24.8083],[121.35453,24.80764],[121.35469,24.8076],[121.35552,24.80758],[121.35707,24.80793],[121.35809,24.80794],[121.35902,24.80771],[121.35923,24.8077],[121.35945,24.80778],[121.35957,24.80773]]}},{"type":"Feature","properties":{"n":"復興路四段","k":2},"geometry":{"type":"LineString","coordinates":[[121.35431,24.82532],[121.35439,24.8253],[121.35458,24.82511],[121.35482,24.82463],[121.35484,24.82434],[121.35464,24.8238],[121.35433,24.82318],[121.35435,24.82259],[121.3537,24.8216],[121.35378,24.82089],[121.35329,24.81974],[121.35328,24.81954],[121.35333,24.81935],[121.35376,24.81889],[121.35387,24.81817],[121.35379,24.81793],[121.35363,24.81771],[121.35331,24.81754],[121.35267,24.81739],[121.35249,24.81724],[121.35243,24.81706],[121.35246,24.81686],[121.35294,24.81588],[121.35293,24.81573],[121.35267,24.81533],[121.35272,24.81495],[121.35291,24.81465]]}},{"type":"Feature","properties":{"n":"澤仁橋","k":2},"geometry":{"type":"LineString","coordinates":[[121.35291,24.81465],[121.353,24.81455]]}},{"type":"Feature","properties":{"n":"霞雲橋","k":2},"geometry":{"type":"LineString","coordinates":[[121.36893,24.8055],[121.3689,24.80503]]}},{"type":"Feature","properties":{"n":"復興路三段","k":2},"geometry":{"type":"LineString","coordinates":[[121.3315,24.83115],[121.33154,24.83091],[121.33152,24.83035],[121.33135,24.82994],[121.33132,24.82969],[121.33144,24.82924],[121.3316,24.82912],[121.33183,24.82913],[121.33203,24.82924],[121.33217,24.82938],[121.33233,24.82967],[121.33251,24.8298],[121.33287,24.82991],[121.3332,24.82983],[121.33338,24.82986],[121.33382,24.83028],[121.33408,24.83034],[121.33417,24.83032],[121.3343,24.8302],[121.33443,24.82975],[121.33449,24.82965],[121.33465,24.82955],[121.33552,24.82958],[121.33628,24.82938],[121.33634,24.8291],[121.33606,24.8287],[121.33604,24.82845],[121.3363,24.82796],[121.33645,24.82782],[121.33686,24.82759],[121.33695,24.82738],[121.33698,24.82699],[121.33706,24.82682],[121.33716,24.82666],[121.33743,24.82641],[121.3377,24.82639],[121.33834,24.82689],[121.33847,24.82693],[121.33942,24.82688],[121.34009,24.827],[121.34122,24.82671]]}},{"type":"Feature","properties":{"n":"復興路三段","k":2},"geometry":{"type":"LineString","coordinates":[[121.34135,24.82666],[121.34188,24.82637],[121.34192,24.82631],[121.34187,24.82615],[121.34122,24.82613],[121.34078,24.82601],[121.34064,24.82586],[121.34065,24.82564],[121.34142,24.8248],[121.34192,24.82434],[121.34261,24.82347],[121.34271,24.82339],[121.34336,24.82319],[121.34356,24.82308],[121.34423,24.82223],[121.34466,24.82178],[121.34474,24.8215],[121.34475,24.82127],[121.34451,24.82025],[121.34459,24.82004],[121.34476,24.8199],[121.34494,24.81983],[121.34537,24.81984],[121.34559,24.81991],[121.34597,24.82024],[121.34638,24.82075],[121.34677,24.82136],[121.34679,24.82161],[121.3465,24.82215],[121.3465,24.82241],[121.34657,24.82249],[121.34676,24.82247],[121.34711,24.82211],[121.34732,24.82196],[121.34756,24.82186],[121.34766,24.82187],[121.34818,24.82245],[121.34832,24.82294],[121.34845,24.82311],[121.34863,24.82315],[121.34921,24.82305],[121.34956,24.8231],[121.34992,24.82331],[121.3502,24.82369],[121.35045,24.8239],[121.35128,24.82393],[121.35317,24.82441],[121.35377,24.82511],[121.35405,24.8253],[121.35419,24.82533]]}},{"type":"Feature","properties":{"n":"員山一號橋","k":2},"geometry":{"type":"LineString","coordinates":[[121.34122,24.82671],[121.34135,24.82666]]}},{"type":"Feature","properties":{"n":"東安橋","k":2},"geometry":{"type":"LineString","coordinates":[[121.33138,24.83137],[121.3315,24.83115]]}},{"type":"Feature","properties":{"n":"三民路一段","k":2},"geometry":{"type":"LineString","coordinates":[[121.34363,24.8536],[121.34378,24.85308],[121.3437,24.85276],[121.34352,24.85251],[121.34351,24.85226],[121.3438,24.85185],[121.34393,24.85179],[121.3444,24.85173],[121.34466,24.85157],[121.34475,24.8513],[121.34472,24.85117],[121.34458,24.85107],[121.34441,24.85102],[121.34362,24.85098],[121.34348,24.85103],[121.34332,24.85118],[121.34326,24.85155],[121.34315,24.85167],[121.3421,24.85216],[121.34182,24.85215],[121.34102,24.85183],[121.34069,24.85164],[121.34059,24.85148],[121.34048,24.85114],[121.34027,24.85098],[121.33993,24.851],[121.33982,24.85108],[121.33959,24.85146],[121.33951,24.85151],[121.33934,24.85151],[121.33893,24.85117],[121.33858,24.85098],[121.33794,24.85087],[121.33756,24.85064],[121.33674,24.85045],[121.33658,24.85033],[121.33642,24.85007],[121.33632,24.84999],[121.33574,24.84981],[121.33547,24.84966],[121.33536,24.84938],[121.33519,24.84915],[121.33462,24.84903],[121.33448,24.84897],[121.33438,24.84885],[121.33435,24.84864],[121.33449,24.84762],[121.33451,24.84694],[121.3343,24.84669],[121.3338,24.84647],[121.33364,24.84634],[121.33348,24.84617],[121.33334,24.84591],[121.33314,24.84525],[121.3332,24.84434],[121.33298,24.84375],[121.33294,24.84341],[121.33302,24.84315],[121.33329,24.84273],[121.33335,24.84256],[121.33354,24.84139],[121.33361,24.84122],[121.33427,24.84031],[121.33434,24.84015],[121.33433,24.83975],[121.33415,24.83916],[121.33417,24.83899],[121.33448,24.83852],[121.33449,24.8382],[121.33445,24.83806],[121.33431,24.83792],[121.33385,24.83753],[121.33336,24.83722],[121.33222,24.83688],[121.33208,24.83675],[121.33195,24.83651],[121.33177,24.83589],[121.33163,24.83562],[121.33141,24.83543],[121.33086,24.83519]]}},{"type":"Feature","properties":{"n":"三民路一段","k":2},"geometry":{"type":"LineString","coordinates":[[121.33066,24.83509],[121.33029,24.83437],[121.33024,24.83417],[121.33042,24.83287],[121.3306,24.83234]]}},{"type":"Feature","properties":{"n":"三民路一段","k":2},"geometry":{"type":"LineString","coordinates":[[121.31707,25.00122],[121.31745,25.0012],[121.31871,25.00093],[121.31918,25.00074],[121.31961,25.00045],[121.32006,24.99992],[121.32116,24.99786],[121.3216,24.99738],[121.32313,24.99614]]}},{"type":"Feature","properties":{"n":"三民路一段","k":2},"geometry":{"type":"LineString","coordinates":[[121.32327,24.99617],[121.32173,24.99745],[121.32125,24.99792],[121.32104,24.99825],[121.32017,24.99998],[121.31994,25.00027],[121.31948,25.00069],[121.31897,25.00097],[121.31861,25.00109],[121.3175,25.0013],[121.3171,25.00131]]}},{"type":"Feature","properties":{"n":"三民路一段","k":2},"geometry":{"type":"LineString","coordinates":[[121.24947,25.09785],[121.2498,25.09518],[121.25007,25.09413],[121.2504,25.09318],[121.25102,25.09192],[121.25182,25.09061],[121.25297,25.08888]]}},{"type":"Feature","properties":{"n":"三民路一段","k":2},"geometry":{"type":"LineString","coordinates":[[121.25299,25.08904],[121.2511,25.09197],[121.2506,25.09295],[121.25039,25.09348],[121.25007,25.09446],[121.24991,25.09518],[121.24976,25.09607],[121.24956,25.098]]}},{"type":"Feature","properties":{"n":"更生橋","k":2},"geometry":{"type":"LineString","coordinates":[[121.33086,24.83519],[121.33066,24.83509]]}},{"type":"Feature","properties":{"n":"水源橋","k":2},"geometry":{"type":"LineString","coordinates":[[121.35419,24.82533],[121.35431,24.82532]]}},{"type":"Feature","properties":{"n":"三民路二段","k":2},"geometry":{"type":"LineString","coordinates":[[121.3468,24.85137],[121.34641,24.85141],[121.34628,24.8516],[121.34629,24.85186],[121.34646,24.85237],[121.34646,24.8525],[121.34639,24.85262],[121.3461,24.85285],[121.3457,24.85299],[121.34484,24.85294],[121.34473,24.85298],[121.3446,24.85313],[121.34459,24.85355],[121.34423,24.85395],[121.34409,24.85404],[121.34395,24.85406],[121.34372,24.85399],[121.34364,24.85387]]}},{"type":"Feature","properties":{"n":"三民路二段","k":2},"geometry":{"type":"LineString","coordinates":[[121.35711,24.85423],[121.35706,24.85395],[121.35693,24.85382],[121.35608,24.85372],[121.35546,24.85379],[121.35406,24.85341],[121.3539,24.85328],[121.35386,24.85318],[121.35382,24.85251],[121.35378,24.85244],[121.35363,24.85237],[121.35308,24.85229],[121.35275,24.85219],[121.35171,24.85164],[121.35148,24.85143]]}},{"type":"Feature","properties":{"n":"三民路二段","k":2},"geometry":{"type":"LineString","coordinates":[[121.30847,24.99876],[121.3106,24.99988],[121.3123,25.00032]]}},{"type":"Feature","properties":{"n":"三民路二段","k":2},"geometry":{"type":"LineString","coordinates":[[121.31247,25.00036],[121.31531,25.00108],[121.31591,25.00118],[121.31707,25.00122]]}},{"type":"Feature","properties":{"n":"三民路二段","k":2},"geometry":{"type":"LineString","coordinates":[[121.3123,25.00045],[121.31056,24.99998],[121.30841,24.99885]]}},{"type":"Feature","properties":{"n":"三民路二段","k":2},"geometry":{"type":"LineString","coordinates":[[121.3171,25.00131],[121.31592,25.00129],[121.31534,25.00121],[121.31248,25.00049]]}},{"type":"Feature","properties":{"n":"三民路二段","k":2},"geometry":{"type":"LineString","coordinates":[[121.25297,25.08888],[121.25474,25.08613],[121.25862,25.07959],[121.2595,25.07802],[121.25989,25.07719],[121.26018,25.07629],[121.26032,25.07532],[121.26035,25.07459],[121.26025,25.07241],[121.26072,25.0707],[121.26218,25.06621]]}},{"type":"Feature","properties":{"n":"三民路二段","k":2},"geometry":{"type":"LineString","coordinates":[[121.26228,25.06635],[121.26084,25.07073],[121.26044,25.07218],[121.26039,25.07278],[121.26047,25.07506],[121.26028,25.07637],[121.26,25.07722],[121.25945,25.07835],[121.25657,25.0833],[121.25459,25.08657],[121.25299,25.08904]]}},{"type":"Feature","properties":{"n":"自力橋","k":2},"geometry":{"type":"LineString","coordinates":[[121.34364,24.85387],[121.34363,24.8536]]}},{"type":"Feature","properties":{"n":"大埔公路","k":2},"geometry":{"type":"LineString","coordinates":[[121.35148,24.85143],[121.35139,24.85121],[121.35131,24.8507],[121.35129,24.85008],[121.35118,24.84993],[121.35077,24.84986],[121.3498,24.8499],[121.34929,24.84978],[121.34902,24.84982],[121.34879,24.85001],[121.34874,24.85033],[121.34881,24.85068],[121.34879,24.85085],[121.34858,24.85118],[121.34792,24.85179],[121.34758,24.85179],[121.3468,24.85137]]}},{"type":"Feature","properties":{"n":"尚義橋","k":2},"geometry":{"type":"LineString","coordinates":[[121.35715,24.85451],[121.35711,24.85423]]}},{"type":"Feature","properties":{"n":"中興路","k":2},"geometry":{"type":"LineString","coordinates":[[121.24297,24.87728],[121.23635,24.8748],[121.23379,24.87399],[121.22578,24.87159],[121.22061,24.86946]]}},{"type":"Feature","properties":{"n":"中興路","k":2},"geometry":{"type":"LineString","coordinates":[[121.22067,24.86938],[121.22537,24.87138],[121.23211,24.87341],[121.23634,24.87474],[121.23882,24.87562],[121.24297,24.87718]]}},{"type":"Feature","properties":{"n":"中興路九龍段","k":2},"geometry":{"type":"LineString","coordinates":[[121.24602,24.87839],[121.24655,24.87857],[121.24739,24.87898],[121.2477,24.87921],[121.24902,24.88043],[121.24944,24.88049],[121.24978,24.88041],[121.25001,24.88006],[121.2501,24.87964]]}},{"type":"Feature","properties":{"n":"中興路九龍段","k":2},"geometry":{"type":"LineString","coordinates":[[121.25018,24.87963],[121.25014,24.88002],[121.24992,24.88037],[121.24959,24.88054],[121.24911,24.88053],[121.24883,24.88038],[121.24776,24.87934],[121.24721,24.87894],[121.24697,24.8788],[121.24598,24.87844]]}},{"type":"Feature","properties":{"n":"中興路九龍段","k":2},"geometry":{"type":"LineString","coordinates":[[121.24581,24.87837],[121.24297,24.87728]]}},{"type":"Feature","properties":{"n":"中興路九龍段","k":2},"geometry":{"type":"LineString","coordinates":[[121.24297,24.87718],[121.24586,24.87833]]}},{"type":"Feature","properties":{"n":"員林路三段","k":2},"geometry":{"type":"LineString","coordinates":[[121.2501,24.87964],[121.25005,24.87805],[121.24986,24.87672],[121.24991,24.87649],[121.25008,24.87623],[121.25035,24.87597],[121.25089,24.87572],[121.25191,24.87567],[121.25228,24.87573],[121.25244,24.87578],[121.25291,24.87607],[121.25361,24.87668]]}},{"type":"Feature","properties":{"n":"員林路三段","k":2},"geometry":{"type":"LineString","coordinates":[[121.25361,24.87668],[121.25341,24.87657],[121.25269,24.876],[121.25211,24.87578],[121.25093,24.87579],[121.2506,24.87591],[121.25031,24.8761],[121.25014,24.87626],[121.24994,24.87666],[121.25012,24.87807],[121.25018,24.87963]]}},{"type":"Feature","properties":{"n":"員林路三段","k":2},"geometry":{"type":"LineString","coordinates":[[121.25361,24.87668],[121.25475,24.87754],[121.25535,24.87788],[121.26396,24.88094],[121.26443,24.88121],[121.2657,24.88224]]}},{"type":"Feature","properties":{"n":"九座寮橋","k":2},"geometry":{"type":"LineString","coordinates":[[121.24586,24.87833],[121.24602,24.87839]]}},{"type":"Feature","properties":{"n":"九座寮橋","k":2},"geometry":{"type":"LineString","coordinates":[[121.24598,24.87844],[121.24581,24.87837]]}},{"type":"Feature","properties":{"n":"員林路二段","k":2},"geometry":{"type":"LineString","coordinates":[[121.2657,24.88224],[121.26747,24.88373],[121.26953,24.88515],[121.26976,24.88536],[121.26991,24.88573],[121.27018,24.88686],[121.27023,24.88724],[121.27016,24.88787]]}},{"type":"Feature","properties":{"n":"員林路二段","k":2},"geometry":{"type":"LineString","coordinates":[[121.27013,24.88924],[121.27001,24.88865],[121.27016,24.88787]]}},{"type":"Feature","properties":{"n":"員林路二段","k":2},"geometry":{"type":"LineString","coordinates":[[121.27016,24.88787],[121.27017,24.88887],[121.27034,24.88931]]}},{"type":"Feature","properties":{"n":"快速路二段","k":2},"geometry":{"type":"LineString","coordinates":[[121.2194,24.925],[121.22021,24.92435],[121.2207,24.92389],[121.22144,24.92304],[121.22172,24.92262],[121.22272,24.92075],[121.22562,24.91502],[121.22771,24.91106],[121.23018,24.90712],[121.23074,24.90638]]}},{"type":"Feature","properties":{"n":"快速路二段","k":2},"geometry":{"type":"LineString","coordinates":[[121.2308,24.9067],[121.23046,24.90719],[121.23028,24.90737],[121.22901,24.90929],[121.22848,24.91021],[121.22206,24.92257],[121.22173,24.9231],[121.22123,24.92376],[121.2204,24.92455],[121.21928,24.92538]]}},{"type":"Feature","properties":{"n":"快速路一段","k":2},"geometry":{"type":"LineString","coordinates":[[121.2474,24.89927],[121.24459,24.89951],[121.24316,24.8997],[121.24173,24.89999],[121.2402,24.90039],[121.23894,24.90084],[121.23811,24.9012],[121.23611,24.90219],[121.23495,24.90288],[121.23375,24.90377]]}},{"type":"Feature","properties":{"n":"快速路一段","k":2},"geometry":{"type":"LineString","coordinates":[[121.23366,24.90385],[121.23168,24.90567],[121.23123,24.90615],[121.2308,24.9067]]}},{"type":"Feature","properties":{"n":"快速路一段","k":2},"geometry":{"type":"LineString","coordinates":[[121.23074,24.90638],[121.23114,24.90604],[121.2324,24.9047],[121.23348,24.90381]]}},{"type":"Feature","properties":{"n":"快速路一段","k":2},"geometry":{"type":"LineString","coordinates":[[121.23359,24.90373],[121.23435,24.9031],[121.23604,24.90196],[121.23711,24.90135],[121.23856,24.90072],[121.2401,24.90016],[121.24136,24.89981],[121.24363,24.89935],[121.24742,24.89899]]}},{"type":"Feature","properties":{"n":"快速路一段","k":2},"geometry":{"type":"LineString","coordinates":[[121.24757,24.89898],[121.25202,24.8987],[121.25275,24.89861]]}},{"type":"Feature","properties":{"n":"快速路一段","k":2},"geometry":{"type":"LineString","coordinates":[[121.25277,24.89888],[121.25174,24.899],[121.24756,24.89926]]}},{"type":"Feature","properties":{"n":"石門大圳橋","k":2},"geometry":{"type":"LineString","coordinates":[[121.23375,24.90377],[121.23366,24.90385]]}},{"type":"Feature","properties":{"n":"石門大圳橋","k":2},"geometry":{"type":"LineString","coordinates":[[121.23348,24.90381],[121.23359,24.90373]]}},{"type":"Feature","properties":{"n":"洪圳二號橋","k":2},"geometry":{"type":"LineString","coordinates":[[121.24756,24.89926],[121.2474,24.89927]]}},{"type":"Feature","properties":{"n":"洪圳二號橋","k":2},"geometry":{"type":"LineString","coordinates":[[121.24742,24.89899],[121.24757,24.89898]]}},{"type":"Feature","properties":{"n":"快速路","k":2},"geometry":{"type":"LineString","coordinates":[[121.25275,24.89861],[121.25354,24.89851],[121.26183,24.89812]]}},{"type":"Feature","properties":{"n":"快速路","k":2},"geometry":{"type":"LineString","coordinates":[[121.26163,24.89823],[121.2585,24.89849],[121.25816,24.89853],[121.2578,24.89865],[121.2567,24.89864],[121.25351,24.89878],[121.25277,24.89888]]}},{"type":"Feature","properties":{"n":"瑞安路一段","k":2},"geometry":{"type":"LineString","coordinates":[[121.27837,24.892],[121.27814,24.89076],[121.27816,24.89046],[121.27828,24.89003],[121.27893,24.88885],[121.27909,24.88833],[121.2791,24.88706],[121.27915,24.88671],[121.27935,24.88636],[121.28013,24.88557],[121.28023,24.88525],[121.28026,24.88468],[121.28017,24.88402],[121.28002,24.88362],[121.27982,24.88328],[121.27962,24.88304],[121.27887,24.88239],[121.27827,24.88167],[121.27745,24.88016],[121.2772,24.87985],[121.27619,24.87897],[121.27574,24.87844],[121.27559,24.87813],[121.2755,24.8778],[121.27552,24.87723]]}},{"type":"Feature","properties":{"n":"瑞安路一段","k":2},"geometry":{"type":"LineString","coordinates":[[121.27561,24.87725],[121.27557,24.87778],[121.27568,24.87819],[121.27579,24.87839],[121.27615,24.87883],[121.27698,24.87955],[121.27747,24.88006],[121.27765,24.88031],[121.27809,24.88123],[121.27836,24.88166],[121.27904,24.88245],[121.27968,24.88298],[121.2799,24.88324],[121.28015,24.88372],[121.28025,24.88404],[121.28034,24.88469],[121.28027,24.88541],[121.28008,24.88577],[121.27944,24.88636],[121.27924,24.88669],[121.27918,24.88729],[121.2792,24.88801],[121.27911,24.88859],[121.27888,24.88912],[121.27837,24.89003],[121.27825,24.89039],[121.27822,24.89073],[121.27828,24.89106],[121.27849,24.89139],[121.27892,24.89181]]}},{"type":"Feature","properties":{"n":"崁津大橋","k":2},"geometry":{"type":"LineString","coordinates":[[121.27552,24.87723],[121.27583,24.87671],[121.27613,24.87644],[121.28101,24.87318],[121.28149,24.87268]]}},{"type":"Feature","properties":{"n":"崁津大橋","k":2},"geometry":{"type":"LineString","coordinates":[[121.28155,24.87273],[121.28128,24.87305],[121.28104,24.87325],[121.27885,24.87479],[121.27631,24.87639],[121.276,24.87664],[121.27579,24.8769],[121.27561,24.87725]]}},{"type":"Feature","properties":{"n":"復興路","k":2},"geometry":{"type":"LineString","coordinates":[[121.28873,24.88091],[121.29022,24.87989],[121.29191,24.87883],[121.29278,24.87821],[121.29528,24.87659],[121.29542,24.87641],[121.29542,24.87604],[121.29516,24.87571],[121.29493,24.87504],[121.29466,24.87446],[121.29448,24.87361]]}},{"type":"Feature","properties":{"n":"復興路","k":2},"geometry":{"type":"LineString","coordinates":[[121.301,24.99185],[121.30103,24.99174],[121.30119,24.99163],[121.30529,24.98929],[121.3056,24.98922],[121.30688,24.98911],[121.30818,24.98906],[121.3089,24.98918],[121.31473,24.99106],[121.31835,24.99086],[121.31921,24.99087]]}},{"type":"Feature","properties":{"n":"介壽路","k":2},"geometry":{"type":"LineString","coordinates":[[121.27892,24.89181],[121.27867,24.89219],[121.27855,24.89252],[121.27855,24.89274],[121.27867,24.89327],[121.27879,24.8935],[121.27899,24.89374],[121.27955,24.89426],[121.28106,24.89498],[121.28125,24.89503],[121.28218,24.89512],[121.28301,24.89533],[121.28411,24.89545],[121.28432,24.89555],[121.28484,24.89603],[121.28525,24.89694],[121.28525,24.89735],[121.28466,24.89846],[121.28453,24.89856]]}},{"type":"Feature","properties":{"n":"介壽路","k":2},"geometry":{"type":"LineString","coordinates":[[121.28453,24.89856],[121.28506,24.8976],[121.28518,24.89722],[121.28517,24.897],[121.28507,24.89668],[121.28478,24.89606],[121.28463,24.8959],[121.28429,24.89563],[121.28397,24.89548],[121.28286,24.89538],[121.28224,24.8952],[121.28102,24.89504],[121.27954,24.89431],[121.27895,24.89378],[121.27867,24.89342],[121.2785,24.8929],[121.27837,24.892]]}},{"type":"Feature","properties":{"n":"介壽路","k":2},"geometry":{"type":"LineString","coordinates":[[121.2838,24.9012],[121.28382,24.90056],[121.28391,24.89999],[121.28405,24.89948],[121.28453,24.89856]]}},{"type":"Feature","properties":{"n":"介壽路","k":2},"geometry":{"type":"LineString","coordinates":[[121.2838,24.9012],[121.28386,24.90125],[121.2844,24.90345],[121.28571,24.90669],[121.28694,24.90827],[121.2882,24.91047],[121.28969,24.91325],[121.28983,24.91361],[121.28992,24.91402],[121.29001,24.91523],[121.29017,24.91589],[121.29031,24.91623],[121.29173,24.91874],[121.29203,24.91915],[121.29506,24.92251],[121.29547,24.9231],[121.29548,24.92323]]}},{"type":"Feature","properties":{"n":"介壽路","k":2},"geometry":{"type":"LineString","coordinates":[[121.29548,24.92323],[121.29496,24.92253],[121.29235,24.91963],[121.29167,24.91881],[121.29111,24.91787],[121.2902,24.91617],[121.28996,24.91536],[121.28985,24.91409],[121.28975,24.91361],[121.28955,24.91314],[121.28694,24.90844],[121.28656,24.90788],[121.28599,24.90722],[121.28567,24.90677],[121.28543,24.9063],[121.28433,24.90347],[121.28378,24.90127],[121.2838,24.9012]]}},{"type":"Feature","properties":{"n":"介壽路","k":2},"geometry":{"type":"LineString","coordinates":[[121.29548,24.92323],[121.29568,24.92362]]}},{"type":"Feature","properties":{"n":"介壽路","k":2},"geometry":{"type":"LineString","coordinates":[[121.30378,24.97822],[121.30452,24.97934],[121.30539,24.98011],[121.30768,24.98195]]}},{"type":"Feature","properties":{"n":"員林路一段","k":2},"geometry":{"type":"LineString","coordinates":[[121.27113,24.89014],[121.27097,24.89009],[121.27036,24.88964],[121.27016,24.88936],[121.27013,24.88924]]}},{"type":"Feature","properties":{"n":"員林路一段","k":2},"geometry":{"type":"LineString","coordinates":[[121.27034,24.88931],[121.27056,24.88963],[121.27113,24.89014]]}},{"type":"Feature","properties":{"n":"員林路一段","k":2},"geometry":{"type":"LineString","coordinates":[[121.27113,24.89014],[121.27365,24.89203],[121.27405,24.89243],[121.27571,24.89387],[121.27845,24.89652],[121.27918,24.89733],[121.27967,24.89805],[121.27995,24.89828],[121.28026,24.89844],[121.28142,24.89868],[121.28453,24.89856]]}},{"type":"Feature","properties":{"n":"武嶺橋","k":2},"geometry":{"type":"LineString","coordinates":[[121.28612,24.88766],[121.27957,24.89144]]}},{"type":"Feature","properties":{"n":"武嶺橋","k":2},"geometry":{"type":"LineString","coordinates":[[121.27951,24.89135],[121.28604,24.88758]]}},{"type":"Feature","properties":{"n":"信義路","k":2},"geometry":{"type":"LineString","coordinates":[[121.27837,24.892],[121.27951,24.89135]]}},{"type":"Feature","properties":{"n":"信義路","k":2},"geometry":{"type":"LineString","coordinates":[[121.27957,24.89144],[121.27892,24.89181]]}},{"type":"Feature","properties":{"n":"信義路","k":2},"geometry":{"type":"LineString","coordinates":[[121.28604,24.88758],[121.28681,24.88723],[121.2875,24.88657],[121.2883,24.88601],[121.28889,24.8853],[121.28917,24.88462],[121.28927,24.88453],[121.2895,24.88443],[121.29003,24.88438],[121.2902,24.8844],[121.29282,24.8853],[121.29462,24.88597],[121.29523,24.88635],[121.29659,24.8874],[121.29766,24.88834],[121.29794,24.88842],[121.29862,24.88847]]}},{"type":"Feature","properties":{"n":"信義路","k":2},"geometry":{"type":"LineString","coordinates":[[121.29862,24.88858],[121.29792,24.88852],[121.29754,24.88839],[121.29693,24.88778],[121.29518,24.88641],[121.29461,24.88605],[121.2916,24.88494],[121.29018,24.88446],[121.29001,24.88444],[121.28977,24.88444],[121.28937,24.88453],[121.28926,24.88463],[121.28893,24.88532],[121.28836,24.88602],[121.28733,24.8868],[121.28672,24.8874],[121.28612,24.88766]]}},{"type":"Feature","properties":{"n":"信義路","k":2},"geometry":{"type":"LineString","coordinates":[[121.33309,24.89596],[121.333,24.89625],[121.33285,24.89639],[121.33264,24.89643],[121.33236,24.89635],[121.33174,24.89588],[121.33033,24.8946],[121.32958,24.89384],[121.32857,24.89264],[121.32802,24.89235],[121.32692,24.89199],[121.32659,24.89195],[121.32545,24.89233],[121.32515,24.89249],[121.32498,24.89267],[121.32462,24.89343],[121.32442,24.89371],[121.32384,24.89424],[121.32359,24.89453],[121.32313,24.89544],[121.32301,24.89559],[121.32271,24.89577],[121.32221,24.89588],[121.32157,24.89591],[121.32105,24.89583],[121.32066,24.89566],[121.31951,24.89502],[121.31919,24.89493],[121.31824,24.89505],[121.31784,24.89501],[121.31747,24.89484],[121.31676,24.89437],[121.31645,24.89428],[121.31623,24.89428],[121.31599,24.89437],[121.31574,24.89452],[121.3153,24.8949],[121.31475,24.89515],[121.31335,24.89555],[121.31283,24.89557],[121.31167,24.89524],[121.3102,24.89448],[121.30969,24.89429],[121.30769,24.89375],[121.30741,24.89373],[121.30569,24.8939],[121.30419,24.89431],[121.30393,24.89442],[121.30365,24.89458],[121.30344,24.89478],[121.30335,24.89489],[121.30305,24.89558],[121.30284,24.89577],[121.30264,24.89586]]}},{"type":"Feature","properties":{"n":"信義路","k":2},"geometry":{"type":"LineString","coordinates":[[121.29893,24.88853],[121.29938,24.88859],[121.29964,24.88871],[121.2998,24.88904],[121.30037,24.89261],[121.30103,24.89563],[121.3012,24.89588],[121.30146,24.89603],[121.30196,24.89601],[121.30233,24.89589]]}},{"type":"Feature","properties":{"n":"信義路","k":2},"geometry":{"type":"LineString","coordinates":[[121.30237,24.89595],[121.30177,24.89611],[121.30155,24.89611],[121.30135,24.89606],[121.30113,24.89593],[121.30096,24.89567],[121.30032,24.89265],[121.29972,24.88896],[121.29963,24.88879],[121.29951,24.8887],[121.29894,24.8886]]}},{"type":"Feature","properties":{"n":"信義路","k":2},"geometry":{"type":"LineString","coordinates":[[121.30259,24.89581],[121.30288,24.89566],[121.30299,24.89553],[121.30325,24.89496],[121.30348,24.89463],[121.30391,24.89435],[121.3055,24.89388],[121.30741,24.89367],[121.30805,24.89375],[121.30972,24.89423],[121.31022,24.89442],[121.31152,24.89511],[121.31203,24.8953],[121.31284,24.89552],[121.31333,24.8955],[121.31473,24.89509],[121.31534,24.8948],[121.31595,24.89431],[121.31628,24.89421],[121.31658,24.89423],[121.31681,24.89432],[121.31765,24.89487],[121.3179,24.89496],[121.31824,24.89499],[121.31892,24.89487],[121.31925,24.89487],[121.31963,24.89501],[121.32104,24.89576],[121.32156,24.89585],[121.32236,24.89579],[121.32278,24.89567],[121.32307,24.89541],[121.32354,24.89448],[121.32447,24.89354],[121.32485,24.89277],[121.32511,24.89243],[121.32535,24.89229],[121.32624,24.89198],[121.3266,24.8919],[121.32695,24.89194],[121.32729,24.89204],[121.32811,24.89232],[121.32847,24.89249],[121.32884,24.89283],[121.3294,24.89355],[121.33025,24.89442],[121.33156,24.89563],[121.33225,24.8962],[121.33249,24.89633],[121.33281,24.89632],[121.33297,24.89617],[121.33301,24.8959]]}},{"type":"Feature","properties":{"n":"慈湖路","k":2},"geometry":{"type":"LineString","coordinates":[[121.28873,24.88091],[121.28895,24.88196],[121.28937,24.88453]]}},{"type":"Feature","properties":{"n":"水口橋","k":2},"geometry":{"type":"LineString","coordinates":[[121.29448,24.87352],[121.29448,24.87361]]}},{"type":"Feature","properties":{"n":"第一預力橋","k":2},"geometry":{"type":"LineString","coordinates":[[121.29862,24.88847],[121.29893,24.88853]]}},{"type":"Feature","properties":{"n":"第一預力橋","k":2},"geometry":{"type":"LineString","coordinates":[[121.29894,24.8886],[121.29862,24.88858]]}},{"type":"Feature","properties":{"n":"埔頂2號隧道","k":0},"geometry":{"type":"LineString","coordinates":[[121.28033,24.90716],[121.2787,24.90676],[121.27716,24.90615]]}},{"type":"Feature","properties":{"n":"埔頂2號隧道","k":0},"geometry":{"type":"LineString","coordinates":[[121.27702,24.90589],[121.2779,24.90632],[121.27949,24.90681],[121.28013,24.90691]]}},{"type":"Feature","properties":{"n":"埔頂1號隧道","k":0},"geometry":{"type":"LineString","coordinates":[[121.28789,24.90873],[121.28703,24.90837],[121.28658,24.90826],[121.28284,24.90757]]}},{"type":"Feature","properties":{"n":"埔頂1號隧道","k":0},"geometry":{"type":"LineString","coordinates":[[121.28263,24.90735],[121.28503,24.90777],[121.28661,24.9081],[121.28709,24.90822],[121.28798,24.90857]]}},{"type":"Feature","properties":{"n":"旭橋","k":2},"geometry":{"type":"LineString","coordinates":[[121.30233,24.89589],[121.30259,24.89581]]}},{"type":"Feature","properties":{"n":"旭橋","k":2},"geometry":{"type":"LineString","coordinates":[[121.30264,24.89586],[121.30237,24.89595]]}},{"type":"Feature","properties":{"n":"環北路","k":2},"geometry":{"type":"LineString","coordinates":[[121.2167,24.96566],[121.21946,24.96626]]}},{"type":"Feature","properties":{"n":"環北路","k":2},"geometry":{"type":"LineString","coordinates":[[121.21943,24.96636],[121.21666,24.96576]]}},{"type":"Feature","properties":{"n":"環北路","k":2},"geometry":{"type":"LineString","coordinates":[[121.2202,24.96641],[121.22038,24.96642],[121.2282,24.9654],[121.22841,24.96521],[121.22982,24.96318]]}},{"type":"Feature","properties":{"n":"環北路","k":2},"geometry":{"type":"LineString","coordinates":[[121.2299,24.9632],[121.22989,24.96327],[121.2285,24.96524],[121.22827,24.96547],[121.22653,24.96574],[121.22092,24.96647],[121.22018,24.96651]]}},{"type":"Feature","properties":{"n":"環北橋","k":2},"geometry":{"type":"LineString","coordinates":[[121.22018,24.96651],[121.21943,24.96636]]}},{"type":"Feature","properties":{"n":"環北橋","k":2},"geometry":{"type":"LineString","coordinates":[[121.21946,24.96626],[121.2202,24.96641]]}},{"type":"Feature","properties":{"n":"延平路","k":2},"geometry":{"type":"LineString","coordinates":[[121.2311,24.96353],[121.22978,24.96323]]}},{"type":"Feature","properties":{"n":"延平路","k":2},"geometry":{"type":"LineString","coordinates":[[121.22982,24.96318],[121.23112,24.96345]]}},{"type":"Feature","properties":{"n":"延平路","k":2},"geometry":{"type":"LineString","coordinates":[[121.23191,24.9635],[121.23357,24.96348]]}},{"type":"Feature","properties":{"n":"延平路","k":2},"geometry":{"type":"LineString","coordinates":[[121.23357,24.96358],[121.23197,24.96359]]}},{"type":"Feature","properties":{"n":"新街橋","k":2},"geometry":{"type":"LineString","coordinates":[[121.23197,24.96359],[121.2311,24.96353]]}},{"type":"Feature","properties":{"n":"新街橋","k":2},"geometry":{"type":"LineString","coordinates":[[121.23112,24.96345],[121.23191,24.9635]]}},{"type":"Feature","properties":{"n":"中華路二段","k":2},"geometry":{"type":"LineString","coordinates":[[121.23357,24.96348],[121.2343,24.9636],[121.23615,24.96419]]}},{"type":"Feature","properties":{"n":"中華路二段","k":2},"geometry":{"type":"LineString","coordinates":[[121.24438,24.96714],[121.23621,24.96432]]}},{"type":"Feature","properties":{"n":"中華路二段","k":2},"geometry":{"type":"LineString","coordinates":[[121.23625,24.96422],[121.23909,24.96517],[121.24438,24.96704]]}},{"type":"Feature","properties":{"n":"中華路二段","k":2},"geometry":{"type":"LineString","coordinates":[[121.23612,24.96428],[121.23441,24.96372],[121.23357,24.96358]]}},{"type":"Feature","properties":{"n":"中華路一段","k":2},"geometry":{"type":"LineString","coordinates":[[121.2642,24.97474],[121.26377,24.97458],[121.25833,24.97307],[121.25509,24.9717],[121.25253,24.97023],[121.25165,24.9698],[121.24438,24.96714]]}},{"type":"Feature","properties":{"n":"中華路一段","k":2},"geometry":{"type":"LineString","coordinates":[[121.24438,24.96704],[121.25071,24.96932],[121.25175,24.96974],[121.25275,24.97024],[121.25525,24.97166],[121.25809,24.97287],[121.25919,24.97322],[121.26376,24.97447],[121.26429,24.97466]]}},{"type":"Feature","properties":{"n":"中華路一段","k":2},"geometry":{"type":"LineString","coordinates":[[121.26439,24.97482],[121.26436,24.97481]]}},{"type":"Feature","properties":{"n":"中華路一段","k":2},"geometry":{"type":"LineString","coordinates":[[121.26444,24.97472],[121.26445,24.97473]]}},{"type":"Feature","properties":{"n":"桃園環線","k":0},"geometry":{"type":"LineString","coordinates":[[121.27374,25.01838],[121.2766,25.01456],[121.27933,25.0113],[121.28001,25.01037],[121.28104,25.00871],[121.28178,25.00723],[121.28238,25.00573],[121.28281,25.00425],[121.28315,25.00266],[121.28336,25.00117],[121.28341,24.99957],[121.28337,24.99862],[121.28327,24.9976],[121.28306,24.9962],[121.28248,24.99384],[121.28183,24.99087],[121.28162,24.98935],[121.2816,24.98768],[121.28173,24.98648],[121.2821,24.98503],[121.28275,24.9833],[121.28339,24.98211],[121.28409,24.98113],[121.28486,24.9802],[121.28618,24.97895],[121.2876,24.97792],[121.28877,24.97728],[121.29025,24.97663],[121.29148,24.97622],[121.29287,24.97587],[121.29545,24.97543],[121.30595,24.97382],[121.3085,24.97333],[121.31057,24.9728],[121.31162,24.97246],[121.3133,24.97183],[121.31424,24.97145],[121.31605,24.9706],[121.31782,24.96958],[121.31898,24.96884],[121.32036,24.9678],[121.32102,24.96723],[121.32206,24.96613],[121.32239,24.96571],[121.32278,24.96516],[121.32333,24.96421],[121.32388,24.96293],[121.32445,24.96126],[121.32474,24.95999],[121.32488,24.95907],[121.32497,24.95801],[121.32494,24.95754],[121.32499,24.95654],[121.32498,24.95555],[121.32489,24.95414],[121.32415,24.94684],[121.3239,24.94391],[121.32371,24.94254]]}},{"type":"Feature","properties":{"n":"桃園環線","k":0},"geometry":{"type":"LineString","coordinates":[[121.32453,24.9422],[121.32426,24.94277],[121.32413,24.94316],[121.32404,24.94389],[121.3242,24.94599],[121.32485,24.95221],[121.32513,24.95554],[121.32511,24.95775],[121.32499,24.95904],[121.32485,24.96003],[121.32457,24.96131],[121.32399,24.96303],[121.32346,24.96421],[121.32286,24.96519],[121.3225,24.96577],[121.32171,24.96673],[121.32044,24.96789],[121.31906,24.96893],[121.31666,24.9704],[121.31548,24.97101],[121.31428,24.97155],[121.31167,24.97259],[121.30998,24.9731],[121.30762,24.97364],[121.30436,24.9742],[121.29473,24.97567],[121.29294,24.976],[121.29202,24.9762],[121.29007,24.97683],[121.28835,24.97763],[121.28732,24.97827],[121.28629,24.97905],[121.28579,24.97947],[121.28499,24.98027],[121.2839,24.98163],[121.28315,24.98284],[121.2826,24.984],[121.28236,24.98463],[121.28185,24.98653],[121.28172,24.98771],[121.28171,24.98863],[121.28176,24.98935],[121.28202,24.99127],[121.283,24.99531],[121.28328,24.99677],[121.28345,24.99804],[121.28353,24.99959],[121.28349,25.00083],[121.28325,25.00292],[121.28299,25.00426],[121.28234,25.00629],[121.28188,25.00739],[121.28138,25.00841],[121.28023,25.01031],[121.27933,25.01152],[121.27674,25.01465],[121.2756,25.0161],[121.27387,25.01846]]}},{"type":"Feature","properties":{"n":"介壽路二段","k":2},"geometry":{"type":"LineString","coordinates":[[121.29568,24.92362],[121.29607,24.92453],[121.29655,24.92601],[121.29733,24.9313],[121.2975,24.93273],[121.29752,24.93356],[121.29735,24.93559],[121.2975,24.93941],[121.29741,24.94647],[121.2978,24.94922],[121.29921,24.95762]]}},{"type":"Feature","properties":{"n":"介壽路一段","k":2},"geometry":{"type":"LineString","coordinates":[[121.29921,24.95762],[121.30008,24.96264],[121.30154,24.96962],[121.30165,24.97109],[121.30242,24.9736],[121.30241,24.97528],[121.30255,24.97599],[121.30378,24.97822]]}},{"type":"Feature","properties":{"n":"中正路三段","k":2},"geometry":{"type":"LineString","coordinates":[[121.33301,24.8959],[121.33277,24.89446],[121.33281,24.89371],[121.33296,24.89358],[121.33361,24.89343],[121.3338,24.8933],[121.33399,24.893],[121.3341,24.89238],[121.33425,24.89221],[121.33462,24.8921],[121.33492,24.89223],[121.33507,24.89244],[121.33509,24.89255],[121.33502,24.89313],[121.33528,24.89431],[121.33543,24.89457],[121.33612,24.89515],[121.33687,24.89614],[121.33696,24.8964],[121.33694,24.89713],[121.337,24.89729],[121.33719,24.89748],[121.33776,24.89788],[121.33839,24.89853],[121.33879,24.8988],[121.33965,24.89918],[121.34028,24.89953],[121.34059,24.89976],[121.34075,24.89994],[121.34087,24.9002],[121.34094,24.90141],[121.34102,24.9016],[121.34131,24.90188],[121.34245,24.90277],[121.3434,24.90306],[121.34405,24.90362],[121.34457,24.90385]]}},{"type":"Feature","properties":{"n":"中正路三段","k":2},"geometry":{"type":"LineString","coordinates":[[121.33862,24.8988],[121.33835,24.89859],[121.33772,24.89795],[121.33712,24.89756],[121.33692,24.89734],[121.33685,24.89712],[121.33687,24.89643],[121.33681,24.8962],[121.33618,24.89534],[121.33545,24.8947],[121.33522,24.89433],[121.33494,24.89315],[121.335,24.89255],[121.33494,24.89236],[121.33479,24.89223],[121.33449,24.89219],[121.33421,24.89234],[121.33412,24.89253],[121.33408,24.89302],[121.33387,24.89335],[121.33354,24.89354],[121.33307,24.89362],[121.3329,24.89373],[121.33286,24.89446],[121.33309,24.89596]]}},{"type":"Feature","properties":{"n":"桃圳橋","k":2},"geometry":{"type":"LineString","coordinates":[[121.26436,24.97481],[121.2642,24.97474]]}},{"type":"Feature","properties":{"n":"桃圳橋","k":2},"geometry":{"type":"LineString","coordinates":[[121.26429,24.97466],[121.26444,24.97472]]}},{"type":"Feature","properties":{"n":"領航南路三段","k":2},"geometry":{"type":"LineString","coordinates":[[121.22165,25.01447],[121.22128,25.0122],[121.22096,25.01142],[121.21827,25.00866],[121.21658,25.00702]]}},{"type":"Feature","properties":{"n":"領航南路三段","k":2},"geometry":{"type":"LineString","coordinates":[[121.21664,25.00696],[121.21839,25.00867],[121.22104,25.01138],[121.2213,25.01188],[121.22137,25.01217],[121.22174,25.01446]]}},{"type":"Feature","properties":{"n":"領航南路四段","k":2},"geometry":{"type":"LineString","coordinates":[[121.22366,25.0214],[121.22435,25.0208],[121.22465,25.02036],[121.22482,25.01977],[121.22478,25.01928],[121.22467,25.01889],[121.2242,25.01827],[121.22206,25.01615],[121.22186,25.01577],[121.22165,25.01447]]}},{"type":"Feature","properties":{"n":"領航南路四段","k":2},"geometry":{"type":"LineString","coordinates":[[121.22174,25.01446],[121.22194,25.0157],[121.22214,25.01611],[121.22447,25.01842],[121.22477,25.01886],[121.2249,25.01931],[121.22489,25.01996],[121.22469,25.02053],[121.22443,25.02089],[121.22373,25.02148]]}},{"type":"Feature","properties":{"n":"高鐵北路三段","k":2},"geometry":{"type":"LineString","coordinates":[[121.23221,25.03035],[121.23016,25.0284],[121.22787,25.02606],[121.22414,25.02247],[121.22343,25.0219],[121.22327,25.02172]]}},{"type":"Feature","properties":{"n":"高鐵北路三段","k":2},"geometry":{"type":"LineString","coordinates":[[121.22379,25.02153],[121.22751,25.02537],[121.23057,25.02835]]}},{"type":"Feature","properties":{"n":"高鐵北路三段","k":2},"geometry":{"type":"LineString","coordinates":[[121.22366,25.0214],[121.22379,25.02153]]}},{"type":"Feature","properties":{"n":"高鐵北路三段","k":2},"geometry":{"type":"LineString","coordinates":[[121.23053,25.02887],[121.22939,25.02769],[121.22413,25.02254],[121.22317,25.02179]]}},{"type":"Feature","properties":{"n":"高鐵北路三段","k":2},"geometry":{"type":"LineString","coordinates":[[121.22379,25.02153],[121.22418,25.02206],[121.22618,25.02413],[121.23008,25.02804],[121.23301,25.03083]]}},{"type":"Feature","properties":{"n":"領航北路四段","k":2},"geometry":{"type":"LineString","coordinates":[[121.22317,25.02179],[121.22366,25.0214]]}},{"type":"Feature","properties":{"n":"領航北路四段","k":2},"geometry":{"type":"LineString","coordinates":[[121.22373,25.02148],[121.22325,25.02186]]}},{"type":"Feature","properties":{"n":"中華路","k":2},"geometry":{"type":"LineString","coordinates":[[121.28241,24.98697],[121.28176,24.98667],[121.2813,24.98631],[121.276,24.98156],[121.27212,24.97885],[121.26988,24.97756]]}},{"type":"Feature","properties":{"n":"中華路","k":2},"geometry":{"type":"LineString","coordinates":[[121.26995,24.97745],[121.27219,24.97874],[121.27555,24.98107],[121.27631,24.98166],[121.28163,24.98644],[121.28245,24.98688]]}},{"type":"Feature","properties":{"n":"永安橋","k":2},"geometry":{"type":"LineString","coordinates":[[121.28284,24.98718],[121.28241,24.98697]]}},{"type":"Feature","properties":{"n":"永安橋","k":2},"geometry":{"type":"LineString","coordinates":[[121.28245,24.98688],[121.28287,24.98709]]}},{"type":"Feature","properties":{"n":"三民路三段","k":2},"geometry":{"type":"LineString","coordinates":[[121.30768,24.98195],[121.30729,24.98569]]}},{"type":"Feature","properties":{"n":"三民路三段","k":2},"geometry":{"type":"LineString","coordinates":[[121.30703,24.98912],[121.30696,24.98966],[121.30638,24.99124],[121.30602,24.99239]]}},{"type":"Feature","properties":{"n":"三民路三段","k":2},"geometry":{"type":"LineString","coordinates":[[121.30602,24.99239],[121.30604,24.99325],[121.30589,24.99577],[121.30594,24.99612],[121.30609,24.99648],[121.30706,24.99798],[121.30847,24.99876]]}},{"type":"Feature","properties":{"n":"三民路三段","k":2},"geometry":{"type":"LineString","coordinates":[[121.30841,24.99885],[121.30742,24.99833],[121.30701,24.99805],[121.3063,24.99702],[121.30586,24.99617],[121.30579,24.99593],[121.30581,24.99522],[121.30594,24.9925],[121.30602,24.99239]]}},{"type":"Feature","properties":{"n":"三民陸橋","k":2},"geometry":{"type":"LineString","coordinates":[[121.30729,24.98569],[121.30703,24.98912]]}},{"type":"Feature","properties":{"n":"萬壽路三段","k":2},"geometry":{"type":"LineString","coordinates":[[121.31921,24.99087],[121.32262,24.99196]]}},{"type":"Feature","properties":{"n":"三民橋","k":2},"geometry":{"type":"LineString","coordinates":[[121.31248,25.00049],[121.3123,25.00045]]}},{"type":"Feature","properties":{"n":"三民橋","k":2},"geometry":{"type":"LineString","coordinates":[[121.3123,25.00032],[121.31247,25.00036]]}},{"type":"Feature","properties":{"n":"春日路","k":2},"geometry":{"type":"LineString","coordinates":[[121.31163,25.0075],[121.31401,25.00089]]}},{"type":"Feature","properties":{"n":"春日路","k":2},"geometry":{"type":"LineString","coordinates":[[121.30753,25.02211],[121.30815,25.02062],[121.30835,25.01994],[121.30849,25.01928],[121.30879,25.0171],[121.3092,25.01463],[121.30939,25.01361],[121.30964,25.01268],[121.31082,25.00977],[121.3115,25.00785]]}},{"type":"Feature","properties":{"n":"春日路","k":2},"geometry":{"type":"LineString","coordinates":[[121.31163,25.00789],[121.31121,25.00907],[121.30972,25.01264],[121.30937,25.01408],[121.30848,25.01978],[121.30822,25.02066],[121.30763,25.02211]]}},{"type":"Feature","properties":{"n":"春日路","k":2},"geometry":{"type":"LineString","coordinates":[[121.31413,25.00079],[121.31414,25.00092],[121.31176,25.00754]]}},{"type":"Feature","properties":{"n":"春日路","k":2},"geometry":{"type":"LineString","coordinates":[[121.30412,25.03044],[121.30747,25.02225]]}},{"type":"Feature","properties":{"n":"春日路","k":2},"geometry":{"type":"LineString","coordinates":[[121.30757,25.02227],[121.30421,25.03045]]}},{"type":"Feature","properties":{"n":"新檜溪橋","k":2},"geometry":{"type":"LineString","coordinates":[[121.31176,25.00754],[121.31163,25.00789]]}},{"type":"Feature","properties":{"n":"新檜溪橋","k":2},"geometry":{"type":"LineString","coordinates":[[121.3115,25.00785],[121.31163,25.0075]]}},{"type":"Feature","properties":{"n":"林投橋","k":2},"geometry":{"type":"LineString","coordinates":[[121.30763,25.02211],[121.30757,25.02227]]}},{"type":"Feature","properties":{"n":"林投橋","k":2},"geometry":{"type":"LineString","coordinates":[[121.30747,25.02225],[121.30753,25.02211]]}},{"type":"Feature","properties":{"n":"南青路","k":2},"geometry":{"type":"LineString","coordinates":[[121.23301,25.03083],[121.24083,25.03797],[121.24225,25.03937],[121.24883,25.04533],[121.25192,25.0478],[121.25483,25.04982],[121.2578,25.05162],[121.2608,25.05321],[121.2638,25.05457],[121.26582,25.05538],[121.26724,25.05591],[121.27065,25.057],[121.27376,25.0578],[121.27626,25.05833]]}},{"type":"Feature","properties":{"n":"南青路","k":2},"geometry":{"type":"LineString","coordinates":[[121.24784,25.04467],[121.24452,25.04164],[121.23669,25.03467],[121.23343,25.03163],[121.23221,25.03035]]}},{"type":"Feature","properties":{"n":"南青路","k":2},"geometry":{"type":"LineString","coordinates":[[121.24698,25.04359],[121.24745,25.0441]]}},{"type":"Feature","properties":{"n":"南青路","k":2},"geometry":{"type":"LineString","coordinates":[[121.24359,25.04059],[121.24422,25.04107]]}},{"type":"Feature","properties":{"n":"南青路","k":2},"geometry":{"type":"LineString","coordinates":[[121.24392,25.04119],[121.24349,25.04072]]}},{"type":"Feature","properties":{"n":"南青路","k":2},"geometry":{"type":"LineString","coordinates":[[121.24784,25.04467],[121.24726,25.04426]]}},{"type":"Feature","properties":{"n":"南青路","k":2},"geometry":{"type":"LineString","coordinates":[[121.27606,25.05844],[121.27258,25.05768],[121.27061,25.05715],[121.26719,25.05607],[121.26369,25.0547],[121.26074,25.05336],[121.25728,25.05151],[121.25397,25.04946],[121.25172,25.04786],[121.25059,25.047],[121.24921,25.04589],[121.24784,25.04467]]}},{"type":"Feature","properties":{"n":"南青路","k":2},"geometry":{"type":"LineString","coordinates":[[121.25372,25.04896],[121.25397,25.04923]]}},{"type":"Feature","properties":{"n":"南青路","k":2},"geometry":{"type":"LineString","coordinates":[[121.25397,25.04946],[121.25368,25.04931]]}},{"type":"Feature","properties":{"n":"南青路","k":2},"geometry":{"type":"LineString","coordinates":[[121.25071,25.04685],[121.25131,25.04726]]}},{"type":"Feature","properties":{"n":"南青路","k":2},"geometry":{"type":"LineString","coordinates":[[121.25111,25.04751],[121.25059,25.047]]}},{"type":"Feature","properties":{"n":"南青路","k":2},"geometry":{"type":"LineString","coordinates":[[121.2599,25.05267],[121.26013,25.05286]]}},{"type":"Feature","properties":{"n":"南青路","k":2},"geometry":{"type":"LineString","coordinates":[[121.25999,25.05307],[121.25975,25.05286]]}},{"type":"Feature","properties":{"n":"南青路","k":2},"geometry":{"type":"LineString","coordinates":[[121.25843,25.05196],[121.25876,25.05205]]}},{"type":"Feature","properties":{"n":"南青路","k":2},"geometry":{"type":"LineString","coordinates":[[121.26609,25.05548],[121.26638,25.05552]]}},{"type":"Feature","properties":{"n":"南青路","k":2},"geometry":{"type":"LineString","coordinates":[[121.26648,25.05582],[121.26612,25.05574]]}},{"type":"Feature","properties":{"n":"南青路","k":2},"geometry":{"type":"LineString","coordinates":[[121.26188,25.05387],[121.26127,25.05368]]}},{"type":"Feature","properties":{"n":"南青路","k":2},"geometry":{"type":"LineString","coordinates":[[121.2693,25.05683],[121.269,25.05666]]}},{"type":"Feature","properties":{"n":"南青路","k":2},"geometry":{"type":"LineString","coordinates":[[121.27034,25.0569],[121.27068,25.05693]]}},{"type":"Feature","properties":{"n":"南青路","k":2},"geometry":{"type":"LineString","coordinates":[[121.27225,25.05734],[121.27245,25.05747]]}},{"type":"Feature","properties":{"n":"南青路","k":2},"geometry":{"type":"LineString","coordinates":[[121.27258,25.05768],[121.27223,25.05766]]}},{"type":"Feature","properties":{"n":"南崁路二段","k":2},"geometry":{"type":"LineString","coordinates":[[121.28077,25.05611],[121.27972,25.05676],[121.26391,25.06396],[121.26337,25.0643],[121.26291,25.06477],[121.26263,25.06528],[121.26228,25.06635]]}},{"type":"Feature","properties":{"n":"南崁路二段","k":2},"geometry":{"type":"LineString","coordinates":[[121.26218,25.06621],[121.26253,25.06515],[121.26272,25.06482],[121.26296,25.06449],[121.26349,25.06402],[121.27956,25.05674],[121.28073,25.05602]]}},{"type":"Feature","properties":{"n":"中正路","k":2},"geometry":{"type":"LineString","coordinates":[[121.29572,25.04121],[121.29524,25.04195],[121.2937,25.04473],[121.29255,25.04666],[121.29089,25.04968],[121.29035,25.05053]]}},{"type":"Feature","properties":{"n":"中正路","k":2},"geometry":{"type":"LineString","coordinates":[[121.29026,25.05044],[121.29065,25.04986],[121.29205,25.04729],[121.29556,25.04114]]}},{"type":"Feature","properties":{"n":"中正路","k":2},"geometry":{"type":"LineString","coordinates":[[121.40987,25.02045],[121.41016,25.0208],[121.41055,25.02109],[121.41422,25.0231]]}},{"type":"Feature","properties":{"n":"中正路","k":2},"geometry":{"type":"LineString","coordinates":[[121.41146,25.02166],[121.4102,25.02105],[121.40972,25.02054]]}},{"type":"Feature","properties":{"n":"南崁路一段","k":2},"geometry":{"type":"LineString","coordinates":[[121.29035,25.05053],[121.29027,25.05061],[121.28726,25.05221],[121.28368,25.0542],[121.28137,25.05572]]}},{"type":"Feature","properties":{"n":"南崁路一段","k":2},"geometry":{"type":"LineString","coordinates":[[121.28133,25.0556],[121.28364,25.0541],[121.29026,25.05044]]}},{"type":"Feature","properties":{"n":"民生北路一段","k":2},"geometry":{"type":"LineString","coordinates":[[121.30421,25.03045],[121.30351,25.03207]]}},{"type":"Feature","properties":{"n":"民生北路一段","k":2},"geometry":{"type":"LineString","coordinates":[[121.30276,25.03274],[121.30319,25.03234],[121.30345,25.032],[121.30412,25.03044]]}},{"type":"Feature","properties":{"n":"民生北路一段","k":2},"geometry":{"type":"LineString","coordinates":[[121.30324,25.03246],[121.30264,25.03301]]}},{"type":"Feature","properties":{"n":"新南路一段","k":2},"geometry":{"type":"LineString","coordinates":[[121.29556,25.04114],[121.29667,25.03895],[121.29746,25.03771]]}},{"type":"Feature","properties":{"n":"新南路一段","k":2},"geometry":{"type":"LineString","coordinates":[[121.29556,25.04114],[121.29584,25.04075],[121.29682,25.03879],[121.29753,25.03774]]}},{"type":"Feature","properties":{"n":"新南路一段","k":2},"geometry":{"type":"LineString","coordinates":[[121.29766,25.03778],[121.29697,25.03882],[121.29572,25.04121]]}},{"type":"Feature","properties":{"n":"新南路一段","k":2},"geometry":{"type":"LineString","coordinates":[[121.29556,25.04114],[121.29554,25.04102],[121.29583,25.04048]]}},{"type":"Feature","properties":{"n":"國門陸橋","k":2},"geometry":{"type":"LineString","coordinates":[[121.2984,25.03667],[121.29913,25.03585],[121.29965,25.03535],[121.3026,25.03294]]}},{"type":"Feature","properties":{"n":"國門陸橋","k":2},"geometry":{"type":"LineString","coordinates":[[121.30264,25.03301],[121.30037,25.03483],[121.29909,25.03603],[121.29847,25.03673]]}},{"type":"Feature","properties":{"n":"新南路高架道路","k":2},"geometry":{"type":"LineString","coordinates":[[121.29814,25.03693],[121.2984,25.03667]]}},{"type":"Feature","properties":{"n":"新南路高架道路","k":2},"geometry":{"type":"LineString","coordinates":[[121.29847,25.03673],[121.2983,25.03693]]}},{"type":"Feature","properties":{"n":"新南路高架道路","k":2},"geometry":{"type":"LineString","coordinates":[[121.30351,25.03207],[121.30324,25.03246]]}},{"type":"Feature","properties":{"n":"新南路高架道路","k":2},"geometry":{"type":"LineString","coordinates":[[121.3026,25.03294],[121.30276,25.03274]]}},{"type":"Feature","properties":{"n":"新南路二段","k":2},"geometry":{"type":"LineString","coordinates":[[121.29753,25.03774],[121.29814,25.03693]]}},{"type":"Feature","properties":{"n":"新南路二段","k":2},"geometry":{"type":"LineString","coordinates":[[121.2983,25.03693],[121.29766,25.03778]]}},{"type":"Feature","properties":{"n":"新南路二段","k":2},"geometry":{"type":"LineString","coordinates":[[121.29746,25.03771],[121.29807,25.03687],[121.29826,25.0368]]}},{"type":"Feature","properties":{"n":"南崁橋","k":2},"geometry":{"type":"LineString","coordinates":[[121.28137,25.05572],[121.28077,25.05611]]}},{"type":"Feature","properties":{"n":"南崁橋","k":2},"geometry":{"type":"LineString","coordinates":[[121.28073,25.05602],[121.28133,25.0556]]}},{"type":"Feature","properties":{"n":"萬壽路一段","k":2},"geometry":{"type":"LineString","coordinates":[[121.39232,25.01581],[121.39219,25.01562],[121.39174,25.01463],[121.3915,25.01431],[121.39126,25.01421],[121.39091,25.01416],[121.38937,25.01414],[121.38904,25.01396],[121.38881,25.01371],[121.38835,25.0129],[121.38813,25.01266],[121.38674,25.01207],[121.38615,25.01198],[121.38562,25.01199],[121.38387,25.01216],[121.3835,25.01215],[121.38157,25.01178],[121.38084,25.01155],[121.38045,25.01148],[121.3785,25.01167],[121.37719,25.01197],[121.37658,25.01198],[121.37611,25.01191],[121.37453,25.01135],[121.37336,25.01127],[121.37253,25.01102],[121.37228,25.01085],[121.37191,25.01044],[121.37159,25.01018],[121.37027,25.00952],[121.36983,25.00909],[121.36965,25.00875],[121.3695,25.00796],[121.36948,25.00755],[121.36954,25.00682],[121.36949,25.00658],[121.36937,25.00623],[121.36922,25.00602],[121.36875,25.00568],[121.36848,25.00537],[121.36838,25.00506],[121.36835,25.00428],[121.36831,25.0041],[121.36818,25.0039],[121.36685,25.00293],[121.36628,25.00263],[121.36559,25.00235],[121.36458,25.00207],[121.36212,25.00178]]}},{"type":"Feature","properties":{"n":"萬壽路一段","k":2},"geometry":{"type":"LineString","coordinates":[[121.362,25.00168],[121.36458,25.002],[121.36561,25.00227],[121.36631,25.00256],[121.36688,25.00286],[121.36822,25.00385],[121.36842,25.00419],[121.36845,25.00491],[121.36855,25.00533],[121.36876,25.0056],[121.36928,25.00598],[121.36953,25.00641],[121.36962,25.00693],[121.36956,25.00776],[121.36964,25.00837],[121.36972,25.00873],[121.36989,25.00904],[121.37041,25.00954],[121.37152,25.01005],[121.37184,25.01028],[121.3725,25.01093],[121.37354,25.01124],[121.37449,25.01127],[121.37614,25.01186],[121.37639,25.01191],[121.37722,25.01191],[121.3789,25.01154],[121.38046,25.01141],[121.3818,25.01176],[121.38353,25.01208],[121.3842,25.01206],[121.38565,25.01191],[121.38616,25.0119],[121.38665,25.01197],[121.38758,25.01232],[121.38811,25.01256],[121.38827,25.01268],[121.38852,25.01303],[121.38888,25.01368],[121.38923,25.014],[121.3895,25.01411],[121.39105,25.0141],[121.39153,25.01426],[121.39166,25.01436],[121.39178,25.01454],[121.39238,25.01579]]}},{"type":"Feature","properties":{"n":"萬壽路一段","k":2},"geometry":{"type":"LineString","coordinates":[[121.39245,25.01586],[121.39292,25.01621],[121.39318,25.01633],[121.39382,25.01655],[121.39479,25.01669],[121.39512,25.01667],[121.39614,25.01641],[121.39663,25.01636],[121.39871,25.01625],[121.39955,25.01635],[121.40821,25.01866],[121.40865,25.01884],[121.40917,25.0193],[121.40987,25.02045]]}},{"type":"Feature","properties":{"n":"萬壽路一段","k":2},"geometry":{"type":"LineString","coordinates":[[121.40972,25.02054],[121.40901,25.01944],[121.40856,25.01902],[121.40818,25.0188],[121.40772,25.01864],[121.40412,25.01772],[121.39977,25.01651],[121.39904,25.01634],[121.3987,25.01631],[121.39615,25.01648],[121.39513,25.01674],[121.39461,25.01674],[121.39391,25.01664],[121.39339,25.01647],[121.39293,25.01628],[121.3924,25.0159]]}},{"type":"Feature","properties":{"n":"成功陸橋","k":2},"geometry":{"type":"LineString","coordinates":[[121.3269,24.99674],[121.32428,24.99635]]}},{"type":"Feature","properties":{"n":"成功陸橋","k":2},"geometry":{"type":"LineString","coordinates":[[121.32428,24.99623],[121.32692,24.99662]]}},{"type":"Feature","properties":{"n":"萬壽路二段","k":2},"geometry":{"type":"LineString","coordinates":[[121.35015,25.00183],[121.34913,25.00155],[121.34866,25.00128],[121.34388,24.99772],[121.3428,24.99711],[121.34176,24.99661],[121.33989,24.99589],[121.33362,24.99379],[121.33291,24.99359],[121.32956,24.99315],[121.32871,24.99309],[121.3285,24.99313],[121.32764,24.99311],[121.32655,24.99301],[121.32534,24.99282],[121.32451,24.99261],[121.32282,24.99205],[121.32262,24.99196],[121.32288,24.99194],[121.3248,24.99257],[121.32564,24.99275],[121.32739,24.99297],[121.3285,24.99301],[121.32871,24.99309]]}},{"type":"Feature","properties":{"n":"萬壽路二段","k":2},"geometry":{"type":"LineString","coordinates":[[121.36212,25.00178],[121.35553,25.00146],[121.35441,25.00146],[121.35153,25.00194],[121.35071,25.00196],[121.35035,25.00193],[121.35015,25.00183]]}},{"type":"Feature","properties":{"n":"萬壽路二段","k":2},"geometry":{"type":"LineString","coordinates":[[121.35015,25.00183],[121.35133,25.00185],[121.35188,25.00179],[121.35415,25.00137],[121.35525,25.00133],[121.362,25.00168]]}},{"type":"Feature","properties":{"n":"長壽路","k":2},"geometry":{"type":"LineString","coordinates":[[121.32428,24.99635],[121.32327,24.99617]]}},{"type":"Feature","properties":{"n":"長壽路","k":2},"geometry":{"type":"LineString","coordinates":[[121.32335,24.99611],[121.32428,24.99623]]}},{"type":"Feature","properties":{"n":"長壽路","k":2},"geometry":{"type":"LineString","coordinates":[[121.32692,24.99662],[121.32821,24.99676]]}},{"type":"Feature","properties":{"n":"長壽路","k":2},"geometry":{"type":"LineString","coordinates":[[121.3282,24.99686],[121.3269,24.99674]]}},{"type":"Feature","properties":{"n":"長壽路","k":2},"geometry":{"type":"LineString","coordinates":[[121.34321,25.00173],[121.34262,25.00153],[121.34139,25.00094],[121.34081,25.00059],[121.33767,24.99846],[121.33739,24.9983],[121.33654,24.99795],[121.33554,24.9977],[121.33363,24.99741],[121.32896,24.99694]]}},{"type":"Feature","properties":{"n":"長壽路","k":2},"geometry":{"type":"LineString","coordinates":[[121.32905,24.99684],[121.33264,24.99719],[121.33408,24.99738],[121.33595,24.99769],[121.33678,24.99793],[121.33757,24.99829],[121.34146,25.00089],[121.34276,25.0015],[121.34323,25.00163]]}},{"type":"Feature","properties":{"n":"長壽路","k":2},"geometry":{"type":"LineString","coordinates":[[121.34693,25.00184],[121.34365,25.00179]]}},{"type":"Feature","properties":{"n":"長壽路","k":2},"geometry":{"type":"LineString","coordinates":[[121.34366,25.00167],[121.34625,25.00169],[121.34697,25.00174]]}},{"type":"Feature","properties":{"n":"長壽路","k":2},"geometry":{"type":"LineString","coordinates":[[121.34823,25.00189],[121.35015,25.00183]]}},{"type":"Feature","properties":{"n":"長壽路","k":2},"geometry":{"type":"LineString","coordinates":[[121.35035,25.00193],[121.34822,25.002]]}},{"type":"Feature","properties":{"n":"三民路","k":2},"geometry":{"type":"LineString","coordinates":[[121.32313,24.99614],[121.32319,24.99608]]}},{"type":"Feature","properties":{"n":"成功路二段","k":2},"geometry":{"type":"LineString","coordinates":[[121.32319,24.99608],[121.32335,24.99611]]}},{"type":"Feature","properties":{"n":"南崁溪三號橋","k":2},"geometry":{"type":"LineString","coordinates":[[121.32896,24.99694],[121.3282,24.99686]]}},{"type":"Feature","properties":{"n":"南崁溪三號橋","k":2},"geometry":{"type":"LineString","coordinates":[[121.32821,24.99676],[121.32905,24.99684]]}},{"type":"Feature","properties":{"n":"南崁溪二號橋","k":2},"geometry":{"type":"LineString","coordinates":[[121.34365,25.00179],[121.34321,25.00173]]}},{"type":"Feature","properties":{"n":"南崁溪二號橋","k":2},"geometry":{"type":"LineString","coordinates":[[121.34323,25.00163],[121.34366,25.00167]]}},{"type":"Feature","properties":{"n":"迴轉道","k":2},"geometry":{"type":"LineString","coordinates":[[121.34062,25.00046],[121.34068,25.00039]]}},{"type":"Feature","properties":{"n":"南崁溪一號橋","k":2},"geometry":{"type":"LineString","coordinates":[[121.34697,25.00174],[121.34823,25.00189]]}},{"type":"Feature","properties":{"n":"南崁溪一號橋","k":2},"geometry":{"type":"LineString","coordinates":[[121.34822,25.002],[121.34693,25.00184]]}},{"type":"Feature","properties":{"n":"東萬壽路","k":2},"geometry":{"type":"LineString","coordinates":[[121.36191,25.00175],[121.362,25.00168],[121.36273,25.00154],[121.36494,25.00071],[121.36544,25.00068],[121.36574,25.00075],[121.36991,25.00223],[121.37045,25.00253]]}},{"type":"Feature","properties":{"n":"東萬壽路","k":2},"geometry":{"type":"LineString","coordinates":[[121.37114,25.00332],[121.37131,25.0037],[121.37157,25.00493],[121.372,25.00609],[121.37305,25.00775],[121.37345,25.00815],[121.37381,25.00843],[121.3758,25.0093],[121.37652,25.00952],[121.37699,25.00961],[121.37821,25.00975],[121.38087,25.00967]]}},{"type":"Feature","properties":{"n":"東萬壽路","k":2},"geometry":{"type":"LineString","coordinates":[[121.38087,25.00973],[121.37821,25.00983],[121.37698,25.00967],[121.37614,25.00947],[121.37522,25.00915],[121.37427,25.00874],[121.37369,25.00842],[121.37334,25.00815],[121.37297,25.00777],[121.37197,25.00619],[121.37158,25.00523],[121.37121,25.00366],[121.37109,25.00338]]}},{"type":"Feature","properties":{"n":"東萬壽路","k":2},"geometry":{"type":"LineString","coordinates":[[121.37064,25.00277],[121.37033,25.00253],[121.36994,25.00233],[121.36569,25.00081],[121.36545,25.00076],[121.36494,25.00078],[121.36269,25.00162],[121.36222,25.00172],[121.36212,25.00178]]}},{"type":"Feature","properties":{"n":"東萬壽路","k":2},"geometry":{"type":"LineString","coordinates":[[121.38118,25.00965],[121.3828,25.00956],[121.38761,25.00887],[121.38813,25.0089],[121.38846,25.00898],[121.38877,25.00917],[121.38907,25.00943],[121.38931,25.00981],[121.38985,25.01191],[121.39007,25.01245],[121.39046,25.01287],[121.39123,25.01341]]}},{"type":"Feature","properties":{"n":"東萬壽路","k":2},"geometry":{"type":"LineString","coordinates":[[121.39115,25.01344],[121.39059,25.01305],[121.39009,25.01263],[121.38984,25.01216],[121.3893,25.01004],[121.38918,25.00976],[121.3889,25.00938],[121.38842,25.00904],[121.38815,25.00897],[121.38755,25.00895],[121.38554,25.00927],[121.38309,25.00959],[121.38116,25.00972]]}},{"type":"Feature","properties":{"n":"東萬壽路","k":2},"geometry":{"type":"LineString","coordinates":[[121.39162,25.01368],[121.39246,25.01427]]}},{"type":"Feature","properties":{"n":"東萬壽路","k":2},"geometry":{"type":"LineString","coordinates":[[121.39245,25.01436],[121.39147,25.01367]]}},{"type":"Feature","properties":{"n":"嶺頂橋","k":2},"geometry":{"type":"LineString","coordinates":[[121.37109,25.00338],[121.37081,25.00294],[121.37064,25.00277]]}},{"type":"Feature","properties":{"n":"嶺頂橋","k":2},"geometry":{"type":"LineString","coordinates":[[121.37045,25.00253],[121.37078,25.00282],[121.37114,25.00332]]}},{"type":"Feature","properties":{"n":"龍壽橋","k":2},"geometry":{"type":"LineString","coordinates":[[121.38116,25.00972],[121.38087,25.00973]]}},{"type":"Feature","properties":{"n":"龍壽橋","k":2},"geometry":{"type":"LineString","coordinates":[[121.38087,25.00967],[121.38118,25.00965]]}},{"type":"Feature","properties":{"n":"全真橋","k":2},"geometry":{"type":"LineString","coordinates":[[121.39123,25.01341],[121.39162,25.01368]]}},{"type":"Feature","properties":{"n":"全真橋","k":2},"geometry":{"type":"LineString","coordinates":[[121.39147,25.01367],[121.39115,25.01344]]}},{"type":"Feature","properties":{"n":"光華橋","k":2},"geometry":{"type":"LineString","coordinates":[[121.39847,25.0159],[121.39885,25.01609]]}},{"type":"Feature","properties":{"n":"光華橋","k":2},"geometry":{"type":"LineString","coordinates":[[121.39876,25.01613],[121.39841,25.01596]]}},{"type":"Feature","properties":{"n":"福慧橋","k":2},"geometry":{"type":"LineString","coordinates":[[121.39246,25.01427],[121.39273,25.01444]]}},{"type":"Feature","properties":{"n":"福慧橋","k":2},"geometry":{"type":"LineString","coordinates":[[121.39268,25.0145],[121.39245,25.01436]]}},{"type":"Feature","properties":{"n":"大坑溪橋","k":2},"geometry":{"type":"LineString","coordinates":[[121.39238,25.01579],[121.39245,25.01586]]}},{"type":"Feature","properties":{"n":"大坑溪橋","k":2},"geometry":{"type":"LineString","coordinates":[[121.3924,25.0159],[121.39232,25.01581]]}},{"type":"Feature","properties":{"n":"環東橋","k":2},"geometry":{"type":"LineString","coordinates":[[121.24946,25.098],[121.24947,25.09785]]}},{"type":"Feature","properties":{"n":"海港路","k":2},"geometry":{"type":"LineString","coordinates":[[121.23647,25.10718],[121.23429,25.10748],[121.2319,25.10773],[121.22847,25.10787],[121.22629,25.10802],[121.22364,25.10802]]}},{"type":"Feature","properties":{"n":"海港路","k":2},"geometry":{"type":"LineString","coordinates":[[121.22364,25.10785],[121.22381,25.10789],[121.22549,25.10791],[121.23202,25.10759],[121.23406,25.10738],[121.23644,25.10706]]}},{"type":"Feature","properties":{"n":"竹圍大橋","k":2},"geometry":{"type":"LineString","coordinates":[[121.24807,25.10845],[121.2471,25.10781]]}},{"type":"Feature","properties":{"n":"建國路","k":2},"geometry":{"type":"LineString","coordinates":[[121.2471,25.10781],[121.24652,25.10744]]}},{"type":"Feature","properties":{"n":"建國路","k":2},"geometry":{"type":"LineString","coordinates":[[121.24653,25.10732],[121.24718,25.10777]]}},{"type":"Feature","properties":{"n":"建國路","k":2},"geometry":{"type":"LineString","coordinates":[[121.25274,25.11123],[121.25192,25.11093],[121.2512,25.11056],[121.24807,25.10845]]}},{"type":"Feature","properties":{"n":"建國路","k":2},"geometry":{"type":"LineString","coordinates":[[121.24815,25.10841],[121.25124,25.11048],[121.25197,25.11086],[121.25277,25.11114]]}},{"type":"Feature","properties":{"n":"濱海路一段","k":2},"geometry":{"type":"LineString","coordinates":[[121.28419,25.11695],[121.28294,25.11705],[121.28198,25.11707],[121.28129,25.117],[121.28,25.11672],[121.27878,25.11658],[121.27237,25.11644],[121.27147,25.1165],[121.27048,25.11667],[121.26934,25.11697],[121.26657,25.11784],[121.26605,25.11775],[121.26454,25.11735],[121.26285,25.11682],[121.26206,25.1165],[121.2585,25.1143],[121.25416,25.11183],[121.25351,25.1115],[121.25308,25.11134]]}},{"type":"Feature","properties":{"n":"濱海路一段","k":2},"geometry":{"type":"LineString","coordinates":[[121.25277,25.11114],[121.25282,25.11115]]}},{"type":"Feature","properties":{"n":"濱海路一段","k":2},"geometry":{"type":"LineString","coordinates":[[121.25279,25.11125],[121.25274,25.11123]]}},{"type":"Feature","properties":{"n":"濱海路一段","k":2},"geometry":{"type":"LineString","coordinates":[[121.25312,25.11125],[121.25406,25.11168],[121.25892,25.11442],[121.26207,25.11641],[121.26255,25.11663],[121.26529,25.11747],[121.26572,25.11756],[121.26601,25.11761],[121.26624,25.11759],[121.27081,25.11632],[121.27238,25.11614],[121.27903,25.11628],[121.27976,25.11638],[121.28137,25.11672],[121.28215,25.11678],[121.28415,25.11666]]}},{"type":"Feature","properties":{"n":"海湖一號橋","k":2},"geometry":{"type":"LineString","coordinates":[[121.25282,25.11115],[121.25312,25.11125]]}},{"type":"Feature","properties":{"n":"海湖一號橋","k":2},"geometry":{"type":"LineString","coordinates":[[121.25308,25.11134],[121.25279,25.11125]]}},{"type":"Feature","properties":{"n":"明德三路","k":2},"geometry":{"type":"LineString","coordinates":[[121.6837,25.07515],[121.6841,25.0753],[121.68684,25.07565],[121.68718,25.07576],[121.68743,25.07589],[121.68794,25.07632],[121.6889,25.07737],[121.68938,25.07767],[121.69005,25.07794],[121.69101,25.07809],[121.69245,25.07789],[121.6931,25.07798]]}},{"type":"Feature","properties":{"n":"明德三路","k":2},"geometry":{"type":"LineString","coordinates":[[121.6931,25.07798],[121.69245,25.07796],[121.69101,25.07816],[121.69056,25.07812],[121.69002,25.078],[121.68933,25.07774],[121.68884,25.07743],[121.68771,25.07621],[121.68715,25.07584],[121.68682,25.07573],[121.68408,25.07538],[121.68364,25.07521]]}},{"type":"Feature","properties":{"n":"明德三路","k":2},"geometry":{"type":"LineString","coordinates":[[121.6931,25.07798],[121.69395,25.07811],[121.69585,25.07869],[121.697,25.07899],[121.69902,25.07945],[121.69975,25.07957],[121.70028,25.07972],[121.70085,25.07995],[121.70132,25.0802],[121.70152,25.0807]]}},{"type":"Feature","properties":{"n":"新台五路二段","k":2},"geometry":{"type":"LineString","coordinates":[[121.68386,25.06874],[121.68462,25.0689],[121.68536,25.06913],[121.68662,25.0697],[121.68735,25.07015],[121.68803,25.07067],[121.68862,25.07126],[121.68899,25.07172]]}},{"type":"Feature","properties":{"n":"新台五路二段","k":2},"geometry":{"type":"LineString","coordinates":[[121.68888,25.07176],[121.68844,25.07123],[121.68797,25.07077],[121.68739,25.07031],[121.68658,25.06978],[121.68548,25.06928],[121.6848,25.06905],[121.68384,25.06885]]}},{"type":"Feature","properties":{"n":"大同路三段","k":2},"geometry":{"type":"LineString","coordinates":[[121.68364,25.07521],[121.68333,25.07485],[121.68329,25.07467],[121.68329,25.07436],[121.68347,25.07369],[121.68349,25.07335],[121.68333,25.07299],[121.6827,25.07244]]}},{"type":"Feature","properties":{"n":"大同路三段","k":2},"geometry":{"type":"LineString","coordinates":[[121.6836,25.07341],[121.68357,25.07371],[121.68337,25.07432],[121.68336,25.07466],[121.6835,25.07496],[121.6837,25.07515]]}},{"type":"Feature","properties":{"n":"明德二路","k":2},"geometry":{"type":"LineString","coordinates":[[121.68899,25.07172],[121.68947,25.0724],[121.69089,25.07476],[121.69342,25.07833],[121.69424,25.079],[121.69455,25.07917],[121.69555,25.07951],[121.69979,25.08081],[121.70035,25.08086],[121.70149,25.08062],[121.70177,25.0806],[121.70206,25.08067],[121.70236,25.08089],[121.70476,25.08383],[121.705,25.08417],[121.70518,25.08463],[121.70529,25.0851],[121.70531,25.08547],[121.70522,25.08868],[121.70525,25.08901],[121.70536,25.08931],[121.70573,25.08973],[121.7061,25.09004],[121.7063,25.09012],[121.70658,25.09014],[121.70754,25.09054]]}},{"type":"Feature","properties":{"n":"明德二路","k":2},"geometry":{"type":"LineString","coordinates":[[121.70745,25.09062],[121.70644,25.09022],[121.70608,25.09014],[121.70537,25.08952],[121.7052,25.08925],[121.7051,25.08888],[121.70523,25.08551],[121.70519,25.085],[121.70505,25.08451],[121.70495,25.08427],[121.7047,25.08389],[121.70229,25.08094],[121.70207,25.08077],[121.70179,25.08069],[121.70152,25.0807],[121.70038,25.08094],[121.69978,25.0809],[121.69552,25.07959],[121.6945,25.07924],[121.69419,25.07908],[121.69335,25.07838],[121.69228,25.07682],[121.69081,25.07483],[121.68938,25.07243],[121.68888,25.07176]]}},{"type":"Feature","properties":{"n":"基平隧道","k":2},"geometry":{"type":"LineString","coordinates":[[121.75823,25.07438],[121.77129,25.05618],[121.77169,25.05549],[121.77207,25.05459]]}},{"type":"Feature","properties":{"n":"東勢街","k":2},"geometry":{"type":"LineString","coordinates":[[121.75555,25.07689],[121.75494,25.07701],[121.75479,25.077],[121.75418,25.07726],[121.754,25.07739],[121.75389,25.07768],[121.7539,25.078],[121.75399,25.07847],[121.75391,25.07875],[121.7537,25.07895],[121.75316,25.07927],[121.75254,25.07943],[121.7523,25.07965],[121.75194,25.07973],[121.75188,25.07978],[121.75162,25.08027],[121.75121,25.08079],[121.75106,25.08127],[121.75103,25.08152],[121.75093,25.08181],[121.75086,25.08189],[121.75019,25.08199],[121.74954,25.08307],[121.74911,25.08336],[121.74832,25.08356],[121.74811,25.08379],[121.74791,25.08417],[121.7484,25.08502],[121.74858,25.08569],[121.74857,25.08584],[121.74824,25.08629],[121.74777,25.08639],[121.74681,25.08641],[121.74622,25.08618],[121.74609,25.0861],[121.74587,25.08583],[121.74571,25.08576],[121.74548,25.08577],[121.7451,25.08593],[121.74457,25.08645],[121.74376,25.08696],[121.74346,25.08729],[121.74302,25.08819],[121.74131,25.08984],[121.7408,25.09081],[121.73969,25.09182],[121.73945,25.09228],[121.73904,25.09287],[121.73887,25.09323],[121.73905,25.09408],[121.73891,25.09649],[121.7388,25.09759],[121.7385,25.09827],[121.73836,25.09841],[121.7375,25.09891],[121.7364,25.09979],[121.73618,25.10002],[121.73601,25.10055],[121.73598,25.10079]]}},{"type":"Feature","properties":{"n":"基福公路","k":2},"geometry":{"type":"LineString","coordinates":[[121.75606,25.07652],[121.75596,25.0767],[121.75581,25.07681],[121.75555,25.07689]]}},{"type":"Feature","properties":{"n":"基福公路","k":2},"geometry":{"type":"LineString","coordinates":[[121.75823,25.07438],[121.75792,25.07488],[121.75784,25.07526]]}},{"type":"Feature","properties":{"n":"基福公路","k":2},"geometry":{"type":"LineString","coordinates":[[121.75815,25.07606],[121.75812,25.07629],[121.75787,25.07651],[121.75753,25.07653],[121.75738,25.07647],[121.75725,25.07633]]}},{"type":"Feature","properties":{"n":"基福公路","k":2},"geometry":{"type":"LineString","coordinates":[[121.757,25.07572],[121.7568,25.07555],[121.75668,25.07551],[121.75656,25.0755],[121.75628,25.07559]]}},{"type":"Feature","properties":{"n":"東安一號橋","k":2},"geometry":{"type":"LineString","coordinates":[[121.75628,25.07559],[121.75614,25.07575],[121.75611,25.07586],[121.75606,25.07652]]}},{"type":"Feature","properties":{"n":"東安三號橋","k":2},"geometry":{"type":"LineString","coordinates":[[121.75784,25.07526],[121.75792,25.07557],[121.75813,25.07594],[121.75815,25.07606]]}},{"type":"Feature","properties":{"n":"東安二號橋","k":2},"geometry":{"type":"LineString","coordinates":[[121.75725,25.07633],[121.757,25.07572]]}},{"type":"Feature","properties":{"n":"汐止隧道","k":0},"geometry":{"type":"LineString","coordinates":[[121.66013,25.09218],[121.65557,25.09092],[121.65411,25.09037]]}},{"type":"Feature","properties":{"n":"汐止隧道","k":0},"geometry":{"type":"LineString","coordinates":[[121.65431,25.09008],[121.65569,25.09065],[121.66009,25.09181]]}},{"type":"Feature","properties":{"n":"福爾摩沙高速公路","k":0},"geometry":{"type":"LineString","coordinates":[[121.67606,25.10015],[121.6736,25.09931],[121.67266,25.09908],[121.67103,25.09856],[121.67001,25.0982],[121.66951,25.09797],[121.66847,25.09743],[121.66782,25.09702],[121.66714,25.09651],[121.66652,25.09595],[121.66466,25.09444],[121.66333,25.09348],[121.66256,25.09306],[121.66172,25.09269],[121.66105,25.09244],[121.66013,25.09218]]}},{"type":"Feature","properties":{"n":"福爾摩沙高速公路","k":0},"geometry":{"type":"LineString","coordinates":[[121.66009,25.09181],[121.66079,25.09199],[121.66153,25.09225],[121.66225,25.09257],[121.66326,25.09311],[121.66425,25.09381],[121.6667,25.09584],[121.66727,25.09637],[121.66793,25.09687],[121.66859,25.09729],[121.66961,25.09781],[121.67111,25.09838],[121.67271,25.09885],[121.6744,25.09927],[121.67624,25.09986]]}},{"type":"Feature","properties":{"n":"福爾摩沙高速公路","k":0},"geometry":{"type":"LineString","coordinates":[[121.6853,25.11024],[121.68352,25.10703],[121.68286,25.10588],[121.68249,25.10533],[121.68164,25.10411],[121.68122,25.10362],[121.68075,25.10313],[121.68017,25.10266]]}},{"type":"Feature","properties":{"n":"福爾摩沙高速公路","k":0},"geometry":{"type":"LineString","coordinates":[[121.68069,25.10261],[121.68138,25.10327],[121.68185,25.1038],[121.68283,25.10522],[121.68374,25.10683],[121.68543,25.11017]]}},{"type":"Feature","properties":{"n":"福爾摩沙高速公路","k":0},"geometry":{"type":"LineString","coordinates":[[121.69871,25.13083],[121.69825,25.12988],[121.69786,25.12869],[121.69766,25.12775],[121.69756,25.12655],[121.69717,25.12431],[121.69699,25.12337],[121.69673,25.12241],[121.69642,25.12159],[121.69605,25.12079],[121.69562,25.12003],[121.69511,25.11932],[121.69427,25.11831],[121.69332,25.11733],[121.69292,25.11701],[121.68916,25.1147],[121.6881,25.11386],[121.68757,25.11335],[121.6872,25.1129]]}},{"type":"Feature","properties":{"n":"福爾摩沙高速公路","k":0},"geometry":{"type":"LineString","coordinates":[[121.68795,25.11349],[121.68839,25.11391],[121.68928,25.1146],[121.69277,25.11672],[121.69313,25.11698],[121.69364,25.11744],[121.6944,25.11824],[121.69574,25.12],[121.69619,25.12075],[121.69661,25.12158],[121.69689,25.12238],[121.69742,25.1243],[121.6978,25.126],[121.69799,25.12754],[121.6981,25.12803],[121.69876,25.13003]]}},{"type":"Feature","properties":{"n":"福爾摩沙高速公路","k":0},"geometry":{"type":"LineString","coordinates":[[121.70837,25.13658],[121.71032,25.13725],[121.71142,25.13774],[121.71277,25.13845],[121.71472,25.13966]]}},{"type":"Feature","properties":{"n":"福爾摩沙高速公路","k":0},"geometry":{"type":"LineString","coordinates":[[121.71468,25.13975],[121.71269,25.13854],[121.71151,25.13798],[121.71001,25.13739],[121.70825,25.13691]]}},{"type":"Feature","properties":{"n":"中山高速公路","k":0},"geometry":{"type":"LineString","coordinates":[[121.67811,25.08583],[121.67741,25.08573],[121.67567,25.08533],[121.67366,25.08465],[121.67175,25.08376],[121.66926,25.08228]]}},{"type":"Feature","properties":{"n":"中山高速公路","k":0},"geometry":{"type":"LineString","coordinates":[[121.66934,25.08218],[121.67183,25.08366],[121.67375,25.08457],[121.67574,25.08523],[121.67682,25.08551],[121.6781,25.0857]]}},{"type":"Feature","properties":{"n":"中山高速公路","k":0},"geometry":{"type":"LineString","coordinates":[[121.73271,25.1196],[121.73171,25.11868],[121.72988,25.11716],[121.72878,25.1158],[121.72841,25.11524],[121.72765,25.1138],[121.72601,25.1099],[121.72479,25.10681],[121.72405,25.1055],[121.72318,25.10462],[121.72288,25.1044],[121.72209,25.10398],[121.72045,25.10348],[121.7122,25.10165],[121.71084,25.10126],[121.7097,25.10074],[121.70913,25.1004],[121.7085,25.09993],[121.70714,25.09875],[121.70624,25.09809],[121.70576,25.09782],[121.70507,25.09757],[121.70442,25.09743],[121.70372,25.09741],[121.70147,25.09764],[121.70073,25.09761],[121.69986,25.09744],[121.6992,25.09719],[121.69891,25.09702],[121.69822,25.09643],[121.69786,25.09601],[121.69766,25.09569],[121.69737,25.09514],[121.69678,25.09371],[121.6956,25.09025],[121.69517,25.0895],[121.6949,25.08918],[121.69426,25.08865],[121.69354,25.08827],[121.69259,25.08798],[121.68468,25.08628],[121.68292,25.08604],[121.68117,25.08595]]}},{"type":"Feature","properties":{"n":"中山高速公路","k":0},"geometry":{"type":"LineString","coordinates":[[121.68117,25.08581],[121.68294,25.0859],[121.68468,25.08613],[121.68537,25.08627],[121.69261,25.08782],[121.69356,25.08811],[121.69438,25.08855],[121.69516,25.08922],[121.69533,25.08945],[121.6957,25.09014],[121.69591,25.09063],[121.69621,25.09167],[121.69693,25.09369],[121.69752,25.09518],[121.69771,25.09553],[121.69808,25.09608],[121.69851,25.09654],[121.6994,25.09714],[121.70004,25.09738],[121.70093,25.09752],[121.70176,25.09751],[121.70362,25.0973],[121.7044,25.09733],[121.70517,25.09748],[121.70583,25.09774],[121.70667,25.09825],[121.70861,25.09987],[121.70923,25.10032],[121.71016,25.10085],[121.71092,25.10116],[121.71223,25.10156],[121.72121,25.10355],[121.72238,25.10399],[121.72282,25.10422],[121.72362,25.10486],[121.72413,25.10542],[121.72446,25.10589],[121.72492,25.1068],[121.72608,25.1098],[121.72778,25.11385],[121.7286,25.11532],[121.7292,25.11617],[121.72981,25.11689],[121.73079,25.11774],[121.73195,25.1185]]}},{"type":"Feature","properties":{"n":"中山高速公路","k":0},"geometry":{"type":"LineString","coordinates":[[121.73555,25.12222],[121.73598,25.12309]]}},{"type":"Feature","properties":{"n":"中山高速公路","k":0},"geometry":{"type":"LineString","coordinates":[[121.73584,25.12315],[121.73529,25.12236]]}},{"type":"Feature","properties":{"n":"七堵隧道","k":0},"geometry":{"type":"LineString","coordinates":[[121.67624,25.09986],[121.67721,25.10025],[121.67859,25.10098],[121.67931,25.1015],[121.68069,25.10261]]}},{"type":"Feature","properties":{"n":"七堵隧道","k":0},"geometry":{"type":"LineString","coordinates":[[121.68017,25.10266],[121.67976,25.10219],[121.67841,25.10121],[121.6771,25.10054],[121.67606,25.10015]]}},{"type":"Feature","properties":{"n":"瑪陵橋","k":0},"geometry":{"type":"LineString","coordinates":[[121.68543,25.11017],[121.68733,25.11282],[121.68795,25.11349]]}},{"type":"Feature","properties":{"n":"瑪陵橋","k":0},"geometry":{"type":"LineString","coordinates":[[121.6872,25.1129],[121.6853,25.11024]]}},{"type":"Feature","properties":{"n":"東西向快速公路 萬里瑞濱線","k":1},"geometry":{"type":"LineString","coordinates":[[121.70616,25.099],[121.70533,25.09852],[121.7043,25.09819],[121.70352,25.09808],[121.70269,25.09812],[121.702,25.09824],[121.70114,25.09853],[121.69763,25.10009]]}},{"type":"Feature","properties":{"n":"東西向快速公路 萬里瑞濱線","k":1},"geometry":{"type":"LineString","coordinates":[[121.69275,25.10671],[121.6931,25.10421],[121.69334,25.1033],[121.69365,25.10263],[121.69404,25.10207],[121.6947,25.10147],[121.69539,25.10099],[121.69601,25.10066]]}},{"type":"Feature","properties":{"n":"東西向快速公路 萬里瑞濱線","k":1},"geometry":{"type":"LineString","coordinates":[[121.70767,25.1],[121.70627,25.09907]]}},{"type":"Feature","properties":{"n":"東西向快速公路 萬里瑞濱線","k":1},"geometry":{"type":"LineString","coordinates":[[121.69752,25.09997],[121.70156,25.09827],[121.70255,25.09804],[121.7033,25.09798],[121.70443,25.09813],[121.70535,25.09844],[121.70621,25.09892],[121.70772,25.09993]]}},{"type":"Feature","properties":{"n":"東西向快速公路 萬里瑞濱線","k":1},"geometry":{"type":"LineString","coordinates":[[121.76076,25.10671],[121.76025,25.10554],[121.76011,25.10533],[121.75977,25.10497],[121.75923,25.10458],[121.75098,25.10091],[121.75028,25.10075],[121.74973,25.10075],[121.749,25.10087],[121.74494,25.10265],[121.74391,25.10301],[121.74285,25.10321],[121.74152,25.1033],[121.74026,25.10346],[121.7365,25.10449],[121.73568,25.10467],[121.7327,25.10518],[121.73159,25.10531],[121.73093,25.10523],[121.72952,25.10474],[121.72899,25.10465],[121.72867,25.10466],[121.72479,25.10518],[121.72412,25.1052],[121.72366,25.10516],[121.72297,25.10492],[121.72136,25.10412],[121.7208,25.10392],[121.71186,25.10191],[121.71046,25.10149],[121.70927,25.10097]]}},{"type":"Feature","properties":{"n":"東西向快速公路 萬里瑞濱線","k":1},"geometry":{"type":"LineString","coordinates":[[121.69666,25.12917],[121.69671,25.12864],[121.69686,25.12805],[121.6978,25.12633],[121.69841,25.12503],[121.69852,25.12438],[121.69845,25.12364],[121.69706,25.11975],[121.6962,25.11813],[121.69579,25.1175],[121.69515,25.11674],[121.6924,25.11427],[121.69189,25.11365],[121.69176,25.11337],[121.69163,25.11284],[121.6916,25.11253],[121.69163,25.11211],[121.69217,25.11023],[121.69261,25.10763]]}},{"type":"Feature","properties":{"n":"東西向快速公路 萬里瑞濱線","k":1},"geometry":{"type":"LineString","coordinates":[[121.69643,25.10059],[121.69552,25.10104],[121.69476,25.10154],[121.69417,25.1021],[121.69374,25.10268],[121.6935,25.10317],[121.69321,25.10418],[121.69284,25.10672]]}},{"type":"Feature","properties":{"n":"東西向快速公路 萬里瑞濱線","k":1},"geometry":{"type":"LineString","coordinates":[[121.69271,25.10765],[121.69229,25.11013],[121.69213,25.11077],[121.69183,25.11163],[121.69171,25.11219],[121.69169,25.11274],[121.69179,25.11322],[121.69208,25.11377],[121.69273,25.11448],[121.69528,25.11672],[121.69608,25.11768],[121.69674,25.11883],[121.6972,25.11979],[121.69803,25.12205],[121.69861,25.12383],[121.69868,25.12462],[121.69859,25.12518],[121.69841,25.12567],[121.69708,25.12828],[121.69698,25.12867],[121.69695,25.12911]]}},{"type":"Feature","properties":{"n":"東西向快速公路 萬里瑞濱線","k":1},"geometry":{"type":"LineString","coordinates":[[121.70292,25.13891],[121.70338,25.13969],[121.70364,25.14048],[121.70367,25.14075],[121.70364,25.14096],[121.70337,25.14184],[121.70341,25.14196]]}},{"type":"Feature","properties":{"n":"東西向快速公路 萬里瑞濱線","k":1},"geometry":{"type":"LineString","coordinates":[[121.70328,25.14196],[121.70355,25.14095],[121.70357,25.14073],[121.70349,25.14032],[121.70339,25.1401],[121.70299,25.13958]]}},{"type":"Feature","properties":{"n":"東西向快速公路 萬里瑞濱線","k":1},"geometry":{"type":"LineString","coordinates":[[121.70932,25.10087],[121.71019,25.10128],[121.71148,25.10171],[121.72102,25.10387],[121.72327,25.10495],[121.72373,25.10507],[121.72404,25.10511],[121.72471,25.10509],[121.72864,25.10458],[121.72907,25.10457],[121.72987,25.10476],[121.73087,25.10513],[121.73145,25.10522],[121.73216,25.10518],[121.73626,25.10445],[121.7402,25.10337],[121.74148,25.1032],[121.74304,25.10309],[121.74366,25.10298],[121.7449,25.10258],[121.74896,25.10079],[121.7497,25.10065],[121.75029,25.10067],[121.75118,25.10089],[121.75928,25.10451],[121.75986,25.10491],[121.7602,25.10528],[121.76035,25.1055],[121.76086,25.10666]]}},{"type":"Feature","properties":{"n":"東西向快速公路 萬里瑞濱線","k":1},"geometry":{"type":"LineString","coordinates":[[121.78755,25.11101],[121.79019,25.11294],[121.79098,25.11332],[121.79645,25.11416],[121.79731,25.11434],[121.79811,25.11462]]}},{"type":"Feature","properties":{"n":"東西向快速公路 萬里瑞濱線","k":1},"geometry":{"type":"LineString","coordinates":[[121.79809,25.11472],[121.79752,25.1145],[121.7964,25.11424],[121.79156,25.11355],[121.79077,25.11336],[121.79012,25.11303],[121.78747,25.1111]]}},{"type":"Feature","properties":{"n":"瑪南隧道","k":1},"geometry":{"type":"LineString","coordinates":[[121.69763,25.10009],[121.69643,25.10059]]}},{"type":"Feature","properties":{"n":"瑪南隧道","k":1},"geometry":{"type":"LineString","coordinates":[[121.69601,25.10066],[121.69752,25.09997]]}},{"type":"Feature","properties":{"n":"明德一路","k":2},"geometry":{"type":"LineString","coordinates":[[121.71028,25.09251],[121.70863,25.09138],[121.70808,25.09092],[121.7079,25.09082]]}},{"type":"Feature","properties":{"n":"明德一路","k":2},"geometry":{"type":"LineString","coordinates":[[121.70804,25.09074],[121.70835,25.09107],[121.70866,25.0913],[121.71054,25.09259],[121.71054,25.09418],[121.71063,25.09554],[121.71072,25.09592],[121.71088,25.09621],[121.71115,25.09655],[121.71188,25.0969],[121.7156,25.09824],[121.71866,25.09978],[121.71931,25.09993]]}},{"type":"Feature","properties":{"n":"明德一路","k":2},"geometry":{"type":"LineString","coordinates":[[121.71933,25.10001],[121.71865,25.09985],[121.71557,25.09829],[121.71251,25.09719],[121.71109,25.09661],[121.71075,25.09615],[121.71057,25.09556],[121.71048,25.09418],[121.71048,25.09279]]}},{"type":"Feature","properties":{"n":"草濫橋","k":2},"geometry":{"type":"LineString","coordinates":[[121.70754,25.09054],[121.70804,25.09074]]}},{"type":"Feature","properties":{"n":"草濫橋","k":2},"geometry":{"type":"LineString","coordinates":[[121.7079,25.09082],[121.70745,25.09062]]}},{"type":"Feature","properties":{"n":"南興路","k":2},"geometry":{"type":"LineString","coordinates":[[121.71065,25.09592],[121.71072,25.09592]]}},{"type":"Feature","properties":{"n":"十一號橋","k":1},"geometry":{"type":"LineString","coordinates":[[121.70627,25.09907],[121.70616,25.099]]}},{"type":"Feature","properties":{"n":"自強隧道","k":1},"geometry":{"type":"LineString","coordinates":[[121.70927,25.10097],[121.70851,25.10057],[121.70767,25.1]]}},{"type":"Feature","properties":{"n":"自強隧道","k":1},"geometry":{"type":"LineString","coordinates":[[121.70772,25.09993],[121.70858,25.10049],[121.70932,25.10087]]}},{"type":"Feature","properties":{"n":"八堵路","k":2},"geometry":{"type":"LineString","coordinates":[[121.73125,25.10917],[121.73005,25.1087],[121.72916,25.10827],[121.72726,25.10707],[121.72682,25.10673],[121.72653,25.10633],[121.7264,25.10595],[121.72622,25.10402],[121.72612,25.10364],[121.72603,25.10342],[121.72567,25.1029],[121.72536,25.1026],[121.72366,25.10151],[121.72244,25.10059],[121.722,25.10039],[121.72164,25.10032]]}},{"type":"Feature","properties":{"n":"八堵路","k":2},"geometry":{"type":"LineString","coordinates":[[121.71931,25.09993],[121.72189,25.10027],[121.72225,25.10039],[121.72252,25.10053],[121.72358,25.10135],[121.72444,25.10187],[121.72541,25.10255],[121.72559,25.1027],[121.72588,25.10306],[121.72619,25.10362],[121.72629,25.10401],[121.72647,25.10594],[121.7266,25.1063],[121.72688,25.10669],[121.72731,25.10701],[121.72961,25.10844],[121.73007,25.10862],[121.73033,25.10861],[121.73066,25.10851],[121.73103,25.10856],[121.73198,25.10924]]}},{"type":"Feature","properties":{"n":"八堵路","k":2},"geometry":{"type":"LineString","coordinates":[[121.73268,25.10971],[121.73227,25.10955]]}},{"type":"Feature","properties":{"n":"八堵路","k":2},"geometry":{"type":"LineString","coordinates":[[121.73218,25.10939],[121.73272,25.10966]]}},{"type":"Feature","properties":{"n":"八堵路","k":2},"geometry":{"type":"LineString","coordinates":[[121.73745,25.11102],[121.7372,25.11086],[121.7367,25.11076],[121.73531,25.11084],[121.73456,25.11076],[121.73434,25.11068],[121.73352,25.11019]]}},{"type":"Feature","properties":{"n":"八堵路","k":2},"geometry":{"type":"LineString","coordinates":[[121.73356,25.11014],[121.73454,25.11068],[121.73527,25.11074],[121.73653,25.11068],[121.73715,25.1107],[121.7374,25.11073],[121.73777,25.11093]]}},{"type":"Feature","properties":{"n":"大華二橋","k":2},"geometry":{"type":"LineString","coordinates":[[121.72164,25.10032],[121.71933,25.10001]]}},{"type":"Feature","properties":{"n":"暖暖2號橋","k":2},"geometry":{"type":"LineString","coordinates":[[121.73849,25.10297],[121.73769,25.10315],[121.73739,25.1033],[121.73713,25.10352],[121.73653,25.10417],[121.73607,25.10445],[121.73581,25.10454]]}},{"type":"Feature","properties":{"n":"暖暖2號橋","k":2},"geometry":{"type":"LineString","coordinates":[[121.73578,25.10447],[121.736,25.10441],[121.73644,25.10413],[121.73697,25.10354],[121.73745,25.10315],[121.738,25.10298],[121.73848,25.1029]]}},{"type":"Feature","properties":{"n":"水源路","k":2},"geometry":{"type":"LineString","coordinates":[[121.73591,25.10257],[121.73586,25.10279],[121.73566,25.10316],[121.73548,25.10372],[121.73388,25.10706],[121.73378,25.10718],[121.73364,25.10725],[121.73378,25.10709],[121.73428,25.10608],[121.7354,25.10368],[121.73548,25.10364]]}},{"type":"Feature","properties":{"n":"源遠路","k":2},"geometry":{"type":"LineString","coordinates":[[121.73364,25.10725],[121.73229,25.10841],[121.73107,25.1091]]}},{"type":"Feature","properties":{"n":"源遠路","k":2},"geometry":{"type":"LineString","coordinates":[[121.73493,25.10465],[121.73578,25.10447]]}},{"type":"Feature","properties":{"n":"源遠路","k":2},"geometry":{"type":"LineString","coordinates":[[121.73581,25.10454],[121.73495,25.10485]]}},{"type":"Feature","properties":{"n":"源遠路","k":2},"geometry":{"type":"LineString","coordinates":[[121.74879,25.09828],[121.74814,25.09838],[121.7478,25.0985],[121.74721,25.09886],[121.74685,25.09915],[121.74665,25.09939],[121.74659,25.09959],[121.74679,25.10044],[121.74674,25.10072],[121.74664,25.10092],[121.7464,25.10115],[121.74551,25.10152],[121.74523,25.10188],[121.74504,25.102],[121.7444,25.10215],[121.74096,25.10253],[121.73849,25.10297]]}},{"type":"Feature","properties":{"n":"源遠路","k":2},"geometry":{"type":"LineString","coordinates":[[121.73848,25.1029],[121.74094,25.10247],[121.74437,25.10209],[121.74509,25.10191],[121.74542,25.1015],[121.74639,25.10108],[121.74663,25.10082],[121.74672,25.10063],[121.74674,25.10043],[121.74649,25.09954],[121.74653,25.09939],[121.74667,25.0992],[121.74687,25.09902],[121.74773,25.09848],[121.7483,25.0983],[121.74879,25.09828]]}},{"type":"Feature","properties":{"n":"源遠路","k":2},"geometry":{"type":"LineString","coordinates":[[121.74879,25.09828],[121.75225,25.09836],[121.75359,25.09851],[121.75853,25.09953],[121.75917,25.09956],[121.75945,25.0995]]}},{"type":"Feature","properties":{"n":"水源橋","k":2},"geometry":{"type":"LineString","coordinates":[[121.73598,25.10079],[121.73592,25.10144],[121.73591,25.10257]]}},{"type":"Feature","properties":{"n":"大埔隧道","k":1},"geometry":{"type":"LineString","coordinates":[[121.69284,25.10672],[121.69271,25.10765]]}},{"type":"Feature","properties":{"n":"大埔隧道","k":1},"geometry":{"type":"LineString","coordinates":[[121.69261,25.10763],[121.69275,25.10671]]}},{"type":"Feature","properties":{"n":"瑪陵隧道","k":1},"geometry":{"type":"LineString","coordinates":[[121.69695,25.12911],[121.69712,25.13057],[121.69723,25.13107],[121.69752,25.1317],[121.69782,25.13216],[121.70292,25.13891]]}},{"type":"Feature","properties":{"n":"中崙隧道","k":1},"geometry":{"type":"LineString","coordinates":[[121.70299,25.13958],[121.69729,25.13182],[121.69697,25.13114],[121.69684,25.13066],[121.69666,25.12917]]}},{"type":"Feature","properties":{"n":"八堵陸橋","k":2},"geometry":{"type":"LineString","coordinates":[[121.73198,25.10924],[121.73218,25.10939]]}},{"type":"Feature","properties":{"n":"八堵陸橋","k":2},"geometry":{"type":"LineString","coordinates":[[121.73227,25.10955],[121.73125,25.10917]]}},{"type":"Feature","properties":{"n":"南榮路","k":2},"geometry":{"type":"LineString","coordinates":[[121.74379,25.11719],[121.74383,25.1176],[121.74327,25.12051],[121.74311,25.12171],[121.74284,25.12464],[121.74292,25.12529],[121.74289,25.12546],[121.74269,25.12609],[121.74244,25.12652],[121.74204,25.12684],[121.74172,25.12697],[121.74178,25.12688],[121.74226,25.12656],[121.74244,25.12636],[121.74265,25.12595],[121.74283,25.1254],[121.74276,25.12454],[121.74306,25.1217],[121.74318,25.12066],[121.74368,25.11801],[121.74373,25.11747],[121.74352,25.11699],[121.74331,25.11604],[121.74317,25.11567],[121.74286,25.11511],[121.74245,25.11469],[121.74169,25.11408],[121.74018,25.11313],[121.73896,25.11226]]}},{"type":"Feature","properties":{"n":"南榮路","k":2},"geometry":{"type":"LineString","coordinates":[[121.73922,25.11208],[121.73999,25.11281],[121.74218,25.11433],[121.74281,25.11491],[121.74319,25.11544],[121.74351,25.11635]]}},{"type":"Feature","properties":{"n":"八堵橋","k":2},"geometry":{"type":"LineString","coordinates":[[121.73352,25.11019],[121.73268,25.10971]]}},{"type":"Feature","properties":{"n":"八堵橋","k":2},"geometry":{"type":"LineString","coordinates":[[121.73272,25.10966],[121.73356,25.11014]]}},{"type":"Feature","properties":{"n":"八堵隧道","k":2},"geometry":{"type":"LineString","coordinates":[[121.73777,25.11093],[121.73922,25.11208]]}},{"type":"Feature","properties":{"n":"八堵隧道","k":2},"geometry":{"type":"LineString","coordinates":[[121.73896,25.11226],[121.73745,25.11102]]}},{"type":"Feature","properties":{"n":"中興隧道","k":0},"geometry":{"type":"LineString","coordinates":[[121.73529,25.12236],[121.73271,25.1196]]}},{"type":"Feature","properties":{"n":"忠四路","k":2},"geometry":{"type":"LineString","coordinates":[[121.74023,25.12777],[121.74036,25.1277]]}},{"type":"Feature","properties":{"n":"忠四路","k":2},"geometry":{"type":"LineString","coordinates":[[121.73902,25.12842],[121.74,25.12789]]}},{"type":"Feature","properties":{"n":"大業隧道","k":0},"geometry":{"type":"LineString","coordinates":[[121.73195,25.1185],[121.73555,25.12222]]}},{"type":"Feature","properties":{"n":"成功二路","k":2},"geometry":{"type":"LineString","coordinates":[[121.73544,25.13163],[121.73562,25.13038],[121.73568,25.13024],[121.73582,25.1301],[121.73659,25.12972]]}},{"type":"Feature","properties":{"n":"三十一號橋","k":2},"geometry":{"type":"LineString","coordinates":[[121.73659,25.12972],[121.73902,25.12842]]}},{"type":"Feature","properties":{"n":"基隆隧道","k":0},"geometry":{"type":"LineString","coordinates":[[121.70825,25.13691],[121.7066,25.13642],[121.70566,25.13606],[121.70484,25.13568],[121.70398,25.13516],[121.70309,25.13455],[121.70012,25.13224],[121.69922,25.1314],[121.69871,25.13083]]}},{"type":"Feature","properties":{"n":"基隆隧道","k":0},"geometry":{"type":"LineString","coordinates":[[121.69876,25.13003],[121.69901,25.1305],[121.69934,25.13092],[121.70041,25.13194],[121.70414,25.1348],[121.70498,25.13531],[121.7058,25.13573],[121.70679,25.1361],[121.70837,25.13658]]}},{"type":"Feature","properties":{"n":"基金一路","k":2},"geometry":{"type":"LineString","coordinates":[[121.72229,25.13573],[121.7221,25.13562],[121.72189,25.13561],[121.72053,25.13603],[121.72031,25.13623],[121.71992,25.13688],[121.71973,25.13729],[121.71903,25.13771],[121.71894,25.13781],[121.71878,25.13845],[121.71856,25.13869],[121.71739,25.13894],[121.71645,25.13925],[121.71557,25.13969],[121.71469,25.13991],[121.71395,25.14028],[121.7136,25.1403],[121.71302,25.14013],[121.71283,25.14012],[121.71149,25.14052],[121.71113,25.14069],[121.70985,25.14191],[121.70948,25.14215],[121.70927,25.14222],[121.70888,25.14219],[121.70777,25.14186],[121.70676,25.14196],[121.70554,25.14175],[121.70438,25.1419],[121.7038,25.14201],[121.70362,25.1421]]}},{"type":"Feature","properties":{"n":"基金一路","k":2},"geometry":{"type":"LineString","coordinates":[[121.72229,25.13573],[121.72247,25.13594],[121.72263,25.13624],[121.7228,25.1364],[121.72291,25.13646],[121.72311,25.13648],[121.72346,25.13638],[121.72399,25.13589],[121.72502,25.13516],[121.72543,25.13476],[121.72557,25.13452],[121.72565,25.13403],[121.72572,25.13388]]}},{"type":"Feature","properties":{"n":"基金一路","k":2},"geometry":{"type":"LineString","coordinates":[[121.70352,25.14203],[121.70369,25.14194],[121.70541,25.14167],[121.70674,25.14187],[121.70754,25.14178],[121.70784,25.14179],[121.70891,25.14211],[121.70935,25.14212],[121.7097,25.14194],[121.71101,25.14066],[121.71159,25.14039],[121.71282,25.14003],[121.71314,25.14006],[121.71363,25.14023],[121.71392,25.14021],[121.71444,25.1399],[121.71551,25.13961],[121.71642,25.13916],[121.71736,25.13885],[121.71851,25.13861],[121.71868,25.13842],[121.71878,25.1379],[121.71885,25.13776],[121.71896,25.13764],[121.71965,25.13723],[121.72022,25.13618],[121.72048,25.13595],[121.72129,25.13573],[121.72166,25.13553],[121.72209,25.13556],[121.72229,25.13573]]}},{"type":"Feature","properties":{"n":"基金二路","k":2},"geometry":{"type":"LineString","coordinates":[[121.70066,25.14658],[121.70171,25.14498],[121.70213,25.14416],[121.70274,25.14338],[121.70352,25.14203]]}},{"type":"Feature","properties":{"n":"基金二路","k":2},"geometry":{"type":"LineString","coordinates":[[121.70362,25.1421],[121.70279,25.14343],[121.70218,25.14425],[121.70183,25.14493],[121.70084,25.14639],[121.70075,25.14661]]}},{"type":"Feature","properties":{"n":"基金三路","k":2},"geometry":{"type":"LineString","coordinates":[[121.70075,25.14661],[121.70053,25.14785],[121.70047,25.148],[121.70014,25.14842],[121.69991,25.14885],[121.69975,25.14944],[121.69922,25.15084],[121.69901,25.15115],[121.69885,25.15129],[121.69754,25.15219],[121.69734,25.15252],[121.69726,25.15338],[121.69684,25.15448],[121.6967,25.15515]]}},{"type":"Feature","properties":{"n":"基金三路","k":2},"geometry":{"type":"LineString","coordinates":[[121.69632,25.15554],[121.69659,25.15512],[121.69677,25.15439],[121.69716,25.15334],[121.69725,25.15251],[121.69737,25.15222],[121.69781,25.15187],[121.69896,25.1511],[121.69908,25.15096],[121.69968,25.14942],[121.69985,25.14883],[121.70004,25.14844],[121.70044,25.14789],[121.70066,25.14658]]}},{"type":"Feature","properties":{"n":"基金公路","k":2},"geometry":{"type":"LineString","coordinates":[[121.69783,25.1588],[121.69774,25.15847],[121.69769,25.15778],[121.69759,25.15747],[121.6975,25.15732],[121.69667,25.15649],[121.69635,25.15581],[121.69632,25.15554]]}},{"type":"Feature","properties":{"n":"基金公路","k":2},"geometry":{"type":"LineString","coordinates":[[121.6967,25.15515],[121.69659,25.15592],[121.69667,25.15632],[121.69676,25.1565],[121.69749,25.15716],[121.69761,25.15733],[121.69772,25.15755],[121.69778,25.15784],[121.69781,25.15849],[121.69789,25.15874]]}},{"type":"Feature","properties":{"n":"基金公路","k":2},"geometry":{"type":"LineString","coordinates":[[121.70331,25.16385],[121.70306,25.16348],[121.70279,25.16323],[121.70212,25.16283],[121.70183,25.1626],[121.70165,25.16232],[121.70112,25.16119],[121.70088,25.16095],[121.69844,25.15947]]}},{"type":"Feature","properties":{"n":"基金公路","k":2},"geometry":{"type":"LineString","coordinates":[[121.6985,25.15941],[121.70095,25.16091],[121.7012,25.16117],[121.70138,25.16146],[121.7017,25.16231],[121.70188,25.16256],[121.70215,25.16278],[121.70281,25.16319],[121.70308,25.16342],[121.70337,25.16382]]}},{"type":"Feature","properties":{"n":"基金公路","k":2},"geometry":{"type":"LineString","coordinates":[[121.70411,25.16476],[121.7048,25.16508],[121.70502,25.16528],[121.70514,25.16558],[121.70513,25.16626],[121.70528,25.16676],[121.70556,25.16705],[121.70629,25.16755],[121.70647,25.16772],[121.7069,25.16847]]}},{"type":"Feature","properties":{"n":"基金公路","k":2},"geometry":{"type":"LineString","coordinates":[[121.70683,25.16851],[121.70642,25.16775],[121.7055,25.16709],[121.70522,25.16678],[121.70507,25.16628],[121.70508,25.16559],[121.70497,25.1653],[121.70467,25.16507],[121.7041,25.16481]]}},{"type":"Feature","properties":{"n":"基金公路","k":2},"geometry":{"type":"LineString","coordinates":[[121.70506,25.17509],[121.70564,25.1747],[121.7059,25.17462],[121.7064,25.17464],[121.70713,25.17477],[121.70761,25.17472],[121.70789,25.17458],[121.70817,25.17427],[121.70831,25.17388],[121.70832,25.17347],[121.70803,25.17233],[121.70799,25.1715],[121.70818,25.17059],[121.7082,25.17018],[121.70817,25.16995],[121.70797,25.16959]]}},{"type":"Feature","properties":{"n":"基金公路","k":2},"geometry":{"type":"LineString","coordinates":[[121.70803,25.16955],[121.70823,25.16993],[121.70827,25.17019],[121.70826,25.17059],[121.70812,25.17121],[121.70806,25.17183],[121.70811,25.17235],[121.7084,25.17347],[121.70836,25.17394],[121.70825,25.17426],[121.70808,25.17452],[121.70767,25.17477],[121.70711,25.17483],[121.70639,25.1747],[121.70591,25.17468],[121.70567,25.17476],[121.7051,25.17514]]}},{"type":"Feature","properties":{"n":"安一路","k":2},"geometry":{"type":"LineString","coordinates":[[121.73505,25.13174],[121.73544,25.13163]]}},{"type":"Feature","properties":{"n":"安一路","k":2},"geometry":{"type":"LineString","coordinates":[[121.72572,25.13388],[121.72601,25.13367],[121.72637,25.13362],[121.72658,25.13365],[121.72794,25.13425],[121.72817,25.13431],[121.73008,25.13426],[121.73019,25.13414],[121.7302,25.13401],[121.73013,25.1339],[121.72998,25.13383],[121.72927,25.13388],[121.72889,25.13386],[121.72842,25.1338],[121.72816,25.13368],[121.72759,25.13316],[121.7276,25.1328],[121.72779,25.13257],[121.72939,25.1321],[121.72971,25.13208],[121.72995,25.13218],[121.73058,25.13269],[121.73096,25.13276],[121.73289,25.13234],[121.73497,25.13176]]}},{"type":"Feature","properties":{"n":"大武崙隧道","k":2},"geometry":{"type":"LineString","coordinates":[[121.71916,25.14349],[121.71868,25.14266],[121.71817,25.14209],[121.71762,25.14161],[121.7163,25.14073]]}},{"type":"Feature","properties":{"n":"大竿林隧道","k":2},"geometry":{"type":"LineString","coordinates":[[121.71654,25.14067],[121.71751,25.14118],[121.71851,25.14191],[121.7191,25.14255],[121.71961,25.14337]]}},{"type":"Feature","properties":{"n":"基隆港西岸聯外道路","k":2},"geometry":{"type":"LineString","coordinates":[[121.71472,25.13966],[121.71532,25.14003],[121.71654,25.14067]]}},{"type":"Feature","properties":{"n":"基隆港西岸聯外道路","k":2},"geometry":{"type":"LineString","coordinates":[[121.7163,25.14073],[121.71468,25.13975]]}},{"type":"Feature","properties":{"n":"基隆港西岸聯外道路","k":2},"geometry":{"type":"LineString","coordinates":[[121.72074,25.145],[121.71992,25.14443],[121.71956,25.14412],[121.71939,25.14392],[121.71916,25.14349]]}},{"type":"Feature","properties":{"n":"基隆港西岸聯外道路","k":2},"geometry":{"type":"LineString","coordinates":[[121.72308,25.14771],[121.72373,25.149]]}},{"type":"Feature","properties":{"n":"基隆港西岸聯外道路","k":2},"geometry":{"type":"LineString","coordinates":[[121.72186,25.1462],[121.72159,25.14575]]}},{"type":"Feature","properties":{"n":"基隆港西岸聯外道路","k":2},"geometry":{"type":"LineString","coordinates":[[121.72348,25.14914],[121.72309,25.1484]]}},{"type":"Feature","properties":{"n":"基隆港西岸聯外道路","k":2},"geometry":{"type":"LineString","coordinates":[[121.72184,25.14565],[121.72219,25.14611]]}},{"type":"Feature","properties":{"n":"基隆港西岸聯外道路","k":2},"geometry":{"type":"LineString","coordinates":[[121.71961,25.14337],[121.71992,25.1439],[121.72031,25.14443],[121.72084,25.1449]]}},{"type":"Feature","properties":{"n":"基隆港西岸聯外道路","k":2},"geometry":{"type":"LineString","coordinates":[[121.72812,25.15235],[121.72765,25.15235],[121.72722,25.15224],[121.72683,25.15201],[121.72643,25.15164]]}},{"type":"Feature","properties":{"n":"基隆港西岸聯外道路","k":2},"geometry":{"type":"LineString","coordinates":[[121.72645,25.15147],[121.72693,25.15195],[121.72725,25.15213],[121.72762,25.15224],[121.72808,25.15224]]}},{"type":"Feature","properties":{"n":"基隆港西岸聯外道路","k":2},"geometry":{"type":"LineString","coordinates":[[121.73209,25.15313],[121.73084,25.15229],[121.73037,25.15212],[121.72956,25.15205],[121.72915,25.15211]]}},{"type":"Feature","properties":{"n":"基隆港西岸聯外道路","k":2},"geometry":{"type":"LineString","coordinates":[[121.7291,25.15201],[121.72993,25.15195],[121.73065,25.1521],[121.73105,25.15228],[121.73217,25.15306]]}},{"type":"Feature","properties":{"n":"觀音橋","k":2},"geometry":{"type":"LineString","coordinates":[[121.73497,25.13176],[121.73505,25.13174]]}},{"type":"Feature","properties":{"n":"信義隧道","k":2},"geometry":{"type":"LineString","coordinates":[[121.72309,25.1484],[121.72186,25.1462]]}},{"type":"Feature","properties":{"n":"和平隧道","k":2},"geometry":{"type":"LineString","coordinates":[[121.72219,25.14611],[121.72308,25.14771]]}},{"type":"Feature","properties":{"n":"德和橋","k":2},"geometry":{"type":"LineString","coordinates":[[121.72159,25.14575],[121.72133,25.14543],[121.72074,25.145]]}},{"type":"Feature","properties":{"n":"德和橋","k":2},"geometry":{"type":"LineString","coordinates":[[121.72084,25.1449],[121.72149,25.14533],[121.72184,25.14565]]}},{"type":"Feature","properties":{"n":"德安橋","k":2},"geometry":{"type":"LineString","coordinates":[[121.72643,25.15164],[121.72591,25.15102],[121.72564,25.15079],[121.72445,25.15021],[121.72418,25.15003],[121.72389,25.14973],[121.72348,25.14914]]}},{"type":"Feature","properties":{"n":"德安橋","k":2},"geometry":{"type":"LineString","coordinates":[[121.72373,25.149],[121.72435,25.14989],[121.72457,25.15008],[121.72554,25.1506],[121.72586,25.15082],[121.72645,25.15147]]}},{"type":"Feature","properties":{"n":"仁愛隧道","k":2},"geometry":{"type":"LineString","coordinates":[[121.74141,25.1516],[121.73743,25.15271]]}},{"type":"Feature","properties":{"n":"忠孝隧道","k":2},"geometry":{"type":"LineString","coordinates":[[121.73738,25.15245],[121.74131,25.15132]]}},{"type":"Feature","properties":{"n":"文化橋","k":2},"geometry":{"type":"LineString","coordinates":[[121.73743,25.15271],[121.737,25.15282],[121.73592,25.15296],[121.7353,25.15309],[121.73477,25.15329],[121.7339,25.15375],[121.73352,25.15381],[121.73306,25.15376],[121.73281,25.15366],[121.73209,25.15313]]}},{"type":"Feature","properties":{"n":"文化橋","k":2},"geometry":{"type":"LineString","coordinates":[[121.73217,25.15306],[121.73298,25.15362],[121.73339,25.1537],[121.73359,25.15369],[121.73405,25.15355],[121.73502,25.15308],[121.73738,25.15245]]}},{"type":"Feature","properties":{"n":"復興橋","k":2},"geometry":{"type":"LineString","coordinates":[[121.72915,25.15211],[121.72812,25.15235]]}},{"type":"Feature","properties":{"n":"復興橋","k":2},"geometry":{"type":"LineString","coordinates":[[121.72808,25.15224],[121.7291,25.15201]]}},{"type":"Feature","properties":{"n":"武聖橋","k":2},"geometry":{"type":"LineString","coordinates":[[121.69789,25.15874],[121.69809,25.15907],[121.6985,25.15941]]}},{"type":"Feature","properties":{"n":"武聖橋","k":2},"geometry":{"type":"LineString","coordinates":[[121.69844,25.15947],[121.69807,25.15914],[121.69783,25.1588]]}},{"type":"Feature","properties":{"n":"澳底橋","k":2},"geometry":{"type":"LineString","coordinates":[[121.7069,25.16847],[121.70721,25.16889],[121.70803,25.16955]]}},{"type":"Feature","properties":{"n":"澳底橋","k":2},"geometry":{"type":"LineString","coordinates":[[121.70797,25.16959],[121.7077,25.16932],[121.70715,25.16891],[121.70683,25.16851]]}},{"type":"Feature","properties":{"n":"安中橋","k":2},"geometry":{"type":"LineString","coordinates":[[121.7041,25.16481],[121.70372,25.16455],[121.70352,25.16427],[121.70331,25.16385]]}},{"type":"Feature","properties":{"n":"安中橋","k":2},"geometry":{"type":"LineString","coordinates":[[121.70337,25.16382],[121.70358,25.16426],[121.70377,25.16452],[121.70411,25.16476]]}},{"type":"Feature","properties":{"n":"基隆隧道","k":2},"geometry":{"type":"LineString","coordinates":[[121.74351,25.11635],[121.74379,25.11719]]}},{"type":"Feature","properties":{"n":"愛三路","k":2},"geometry":{"type":"LineString","coordinates":[[121.7434,25.12952],[121.74404,25.13043]]}},{"type":"Feature","properties":{"n":"愛三路","k":2},"geometry":{"type":"LineString","coordinates":[[121.74398,25.13046],[121.7434,25.12952]]}},{"type":"Feature","properties":{"n":"愛三路","k":2},"geometry":{"type":"LineString","coordinates":[[121.74172,25.12697],[121.7434,25.12952]]}},{"type":"Feature","properties":{"n":"仁五路","k":2},"geometry":{"type":"LineString","coordinates":[[121.74036,25.1277],[121.74172,25.12697]]}},{"type":"Feature","properties":{"n":"仁愛橋","k":2},"geometry":{"type":"LineString","coordinates":[[121.74,25.12789],[121.74023,25.12777]]}},{"type":"Feature","properties":{"n":"三號隧道","k":1},"geometry":{"type":"LineString","coordinates":[[121.77562,25.11543],[121.77574,25.11573],[121.7761,25.11627],[121.77657,25.11671],[121.77709,25.11703],[121.77891,25.11791],[121.77975,25.11856],[121.78034,25.11929],[121.78063,25.1198],[121.78085,25.12047],[121.78093,25.12103],[121.78091,25.12165],[121.78082,25.12216],[121.78067,25.12266],[121.78034,25.12333],[121.77962,25.12435]]}},{"type":"Feature","properties":{"n":"三號隧道","k":1},"geometry":{"type":"LineString","coordinates":[[121.77949,25.12427],[121.78021,25.1232],[121.78052,25.12248],[121.78063,25.12202],[121.78067,25.12151],[121.78063,25.12074],[121.78036,25.11992],[121.78001,25.11934],[121.77968,25.11892],[121.779,25.11834],[121.7782,25.11788],[121.77694,25.11727],[121.77636,25.11684],[121.77585,25.11625],[121.77558,25.11576],[121.77546,25.11544]]}},{"type":"Feature","properties":{"n":"基隆港東岸聯外道路","k":1},"geometry":{"type":"LineString","coordinates":[[121.76449,25.13713],[121.76659,25.13686],[121.76926,25.13643],[121.76977,25.13627],[121.7704,25.13593],[121.77068,25.13567],[121.77096,25.1352],[121.7718,25.13275],[121.77213,25.13212],[121.77244,25.13178],[121.77294,25.1314],[121.77313,25.13131],[121.77624,25.13008],[121.77663,25.12981],[121.77699,25.12945],[121.77723,25.12902],[121.77733,25.12872],[121.77761,25.12725],[121.7779,25.12658],[121.77831,25.12591],[121.77949,25.12427]]}},{"type":"Feature","properties":{"n":"基隆港東岸聯外道路","k":1},"geometry":{"type":"LineString","coordinates":[[121.75857,25.13919],[121.75706,25.14058],[121.75658,25.14083],[121.75625,25.14089],[121.75571,25.14081],[121.75537,25.14065],[121.75513,25.14047],[121.75479,25.14009],[121.7543,25.13976],[121.75339,25.13946],[121.75318,25.13951],[121.75302,25.13963]]}},{"type":"Feature","properties":{"n":"基隆港東岸聯外道路","k":1},"geometry":{"type":"LineString","coordinates":[[121.75285,25.13953],[121.75312,25.13935],[121.75336,25.13928],[121.75431,25.13957],[121.75484,25.1399],[121.75517,25.1403],[121.7556,25.14067],[121.75594,25.14078],[121.75638,25.14079],[121.75667,25.1407],[121.75695,25.14052],[121.75846,25.1391]]}},{"type":"Feature","properties":{"n":"基隆港東岸聯外道路","k":1},"geometry":{"type":"LineString","coordinates":[[121.76146,25.13795],[121.75996,25.13823],[121.75957,25.13838]]}},{"type":"Feature","properties":{"n":"基隆港東岸聯外道路","k":1},"geometry":{"type":"LineString","coordinates":[[121.75947,25.13827],[121.76056,25.13782],[121.76143,25.13767]]}},{"type":"Feature","properties":{"n":"基隆港東岸聯外道路","k":1},"geometry":{"type":"LineString","coordinates":[[121.77962,25.12435],[121.77846,25.12586],[121.77786,25.12689],[121.77764,25.12755],[121.77743,25.12875],[121.77727,25.12915],[121.77705,25.12952],[121.77671,25.12987],[121.77634,25.13013],[121.77299,25.13148],[121.7723,25.13206],[121.77214,25.13228],[121.77181,25.133],[121.77105,25.13527],[121.77086,25.1356],[121.77062,25.13589],[121.77037,25.13608],[121.7698,25.13637],[121.76927,25.13652],[121.76683,25.13695],[121.76448,25.13744]]}},{"type":"Feature","properties":{"n":"義一路","k":2},"geometry":{"type":"LineString","coordinates":[[121.7443,25.13081],[121.74817,25.13665],[121.74815,25.13706]]}},{"type":"Feature","properties":{"n":"義一路","k":2},"geometry":{"type":"LineString","coordinates":[[121.7481,25.13705],[121.74812,25.13667],[121.74424,25.13084]]}},{"type":"Feature","properties":{"n":"富狗橋","k":2},"geometry":{"type":"LineString","coordinates":[[121.74404,25.13043],[121.7443,25.13081]]}},{"type":"Feature","properties":{"n":"富狗橋","k":2},"geometry":{"type":"LineString","coordinates":[[121.74424,25.13084],[121.74398,25.13046]]}},{"type":"Feature","properties":{"n":"中正路","k":2},"geometry":{"type":"LineString","coordinates":[[121.75599,25.14068],[121.7553,25.14049],[121.75496,25.14012],[121.75458,25.1398],[121.75353,25.1394],[121.75327,25.13938],[121.75304,25.13949],[121.75286,25.13968],[121.75277,25.13964],[121.7481,25.13705]]}},{"type":"Feature","properties":{"n":"中正路","k":2},"geometry":{"type":"LineString","coordinates":[[121.74817,25.13697],[121.74838,25.13705],[121.75285,25.13953],[121.75296,25.13932],[121.75319,25.13921],[121.75342,25.13919],[121.75454,25.13956],[121.75496,25.13982],[121.7554,25.14036],[121.75599,25.14068]]}},{"type":"Feature","properties":{"n":"中正路","k":2},"geometry":{"type":"LineString","coordinates":[[121.75599,25.14068],[121.75661,25.14092],[121.75685,25.14092],[121.75783,25.14058],[121.75818,25.14057],[121.75971,25.14153],[121.76052,25.14193],[121.76135,25.14353],[121.76156,25.14397],[121.76162,25.1442],[121.76165,25.14505],[121.76152,25.14602],[121.76152,25.14649],[121.76167,25.14735],[121.76204,25.14825],[121.76236,25.14851],[121.76282,25.14867],[121.76578,25.15066],[121.76735,25.15119],[121.76767,25.15162],[121.76817,25.1525],[121.7683,25.15255],[121.76849,25.15253],[121.77161,25.15136],[121.7721,25.151],[121.77226,25.15095],[121.77248,25.15096]]}},{"type":"Feature","properties":{"n":"一號隧道","k":1},"geometry":{"type":"LineString","coordinates":[[121.75846,25.1391],[121.75892,25.13867],[121.75947,25.13827]]}},{"type":"Feature","properties":{"n":"一號隧道","k":1},"geometry":{"type":"LineString","coordinates":[[121.75957,25.13838],[121.75897,25.13881],[121.75857,25.13919]]}},{"type":"Feature","properties":{"n":"二號隧道","k":1},"geometry":{"type":"LineString","coordinates":[[121.76143,25.13767],[121.76449,25.13713]]}},{"type":"Feature","properties":{"n":"二號隧道","k":1},"geometry":{"type":"LineString","coordinates":[[121.76448,25.13744],[121.76146,25.13795]]}},{"type":"Feature","properties":{"n":"光華橋","k":2},"geometry":{"type":"LineString","coordinates":[[121.74639,25.14903],[121.74537,25.14944],[121.74449,25.14987],[121.74374,25.15061],[121.7432,25.151],[121.74141,25.1516]]}},{"type":"Feature","properties":{"n":"光華橋","k":2},"geometry":{"type":"LineString","coordinates":[[121.74131,25.15132],[121.74238,25.15114],[121.74322,25.15088],[121.74361,25.15062],[121.74412,25.15006],[121.74437,25.14985],[121.74473,25.14966],[121.74639,25.14898]]}},{"type":"Feature","properties":{"n":"北寧路","k":2},"geometry":{"type":"LineString","coordinates":[[121.77248,25.15096],[121.7734,25.15107],[121.77558,25.15086],[121.77613,25.15103],[121.77662,25.15127],[121.77698,25.15131],[121.77736,25.15124],[121.78017,25.15042],[121.78159,25.14978],[121.78225,25.14934],[121.78253,25.14907],[121.7827,25.14881],[121.78327,25.14772],[121.78363,25.14618],[121.78389,25.14573],[121.78643,25.14411],[121.78825,25.14351],[121.78961,25.14239],[121.79,25.14217],[121.79218,25.1412],[121.79231,25.14104],[121.79273,25.13989],[121.79311,25.13963],[121.79355,25.13959],[121.79453,25.13972],[121.79493,25.13972],[121.79567,25.13959],[121.79623,25.13958],[121.79655,25.13971],[121.79694,25.14003],[121.79712,25.1401],[121.79725,25.1401],[121.79778,25.13994],[121.79929,25.13995],[121.80027,25.14026],[121.80054,25.14024],[121.80175,25.13989],[121.80192,25.13978],[121.80217,25.1394],[121.80252,25.13878],[121.80259,25.13854],[121.80254,25.13839],[121.80203,25.13767],[121.80181,25.13659],[121.80183,25.13625],[121.80196,25.13602],[121.80229,25.13573],[121.803,25.13538]]}},{"type":"Feature","properties":{"n":"中橫公路宜蘭支線","k":2},"geometry":{"type":"LineString","coordinates":[[121.3525,24.39144],[121.35312,24.39196],[121.35351,24.3926],[121.35353,24.39271],[121.35335,24.3932],[121.3534,24.39363],[121.35355,24.39396],[121.35593,24.39614],[121.35676,24.39683],[121.35709,24.39685],[121.3574,24.39673],[121.35752,24.39663],[121.35828,24.39634],[121.35882,24.3963],[121.35893,24.39634],[121.35934,24.39667],[121.35955,24.39667],[121.35974,24.39649],[121.35999,24.39578],[121.36015,24.39551],[121.36024,24.39544],[121.36101,24.39548],[121.36155,24.39531],[121.36198,24.39497],[121.36234,24.39486],[121.36253,24.39456],[121.36268,24.39443],[121.36286,24.39441],[121.36311,24.39459],[121.36343,24.39499],[121.36353,24.39524],[121.3636,24.39579],[121.36372,24.39602],[121.36388,24.39619],[121.36426,24.39637],[121.36445,24.39639],[121.36453,24.39646],[121.36493,24.39701],[121.36543,24.39752],[121.36554,24.39754],[121.36601,24.39742],[121.36644,24.39737],[121.36678,24.39724],[121.36698,24.39729],[121.36755,24.39767],[121.36805,24.39819],[121.36852,24.3983],[121.36912,24.39853],[121.36919,24.3986],[121.36919,24.3987],[121.36912,24.39877],[121.36899,24.39877],[121.36861,24.39851],[121.36796,24.39845],[121.36738,24.39808],[121.3667,24.39782],[121.36652,24.39786],[121.3659,24.39832],[121.36572,24.39841],[121.36537,24.39849],[121.3651,24.39865],[121.36487,24.39927],[121.36462,24.39943],[121.36444,24.39941],[121.36436,24.39933],[121.36438,24.39864],[121.36427,24.39857],[121.36414,24.3986],[121.36406,24.39879],[121.3641,24.39926],[121.36423,24.39969],[121.36429,24.3998],[121.36444,24.39984],[121.36468,24.39978],[121.36492,24.39958],[121.3653,24.3995],[121.36592,24.39898],[121.36658,24.39889],[121.36698,24.39872],[121.3673,24.39872],[121.36806,24.39914],[121.36837,24.39946],[121.36876,24.39963],[121.36886,24.39978],[121.3689,24.40015],[121.36875,24.40072],[121.36923,24.40134],[121.36927,24.40175],[121.36921,24.40212],[121.36914,24.40218],[121.36906,24.40218],[121.36901,24.40209],[121.36903,24.40171],[121.36897,24.40153],[121.36879,24.40126],[121.3684,24.40084],[121.36841,24.40018],[121.36822,24.40006],[121.36781,24.39999],[121.36738,24.4],[121.36723,24.40006],[121.36695,24.40035],[121.36676,24.40041],[121.36592,24.40026],[121.36565,24.40033],[121.36543,24.40063],[121.3653,24.4015],[121.36523,24.40161],[121.36467,24.40203],[121.36425,24.40214],[121.36416,24.40212],[121.36401,24.40199],[121.36376,24.40146],[121.36295,24.4009],[121.36282,24.4007],[121.36268,24.40016],[121.3625,24.39997],[121.36232,24.39988],[121.36194,24.39982],[121.36184,24.39995],[121.36204,24.40009],[121.36236,24.40015],[121.36248,24.40024],[121.36255,24.40088],[121.36266,24.40106],[121.36296,24.40134],[121.36305,24.40192],[121.36331,24.40227],[121.36342,24.40276],[121.36431,24.40336],[121.36457,24.40339],[121.36469,24.40331],[121.36478,24.40321],[121.36495,24.40283],[121.36599,24.4021],[121.36622,24.40182],[121.36629,24.40179],[121.36669,24.40202],[121.36681,24.40203],[121.36699,24.40194],[121.36709,24.40177],[121.36727,24.40162],[121.36743,24.40171],[121.36751,24.40184],[121.36758,24.40214],[121.36758,24.40252],[121.36734,24.40312],[121.36745,24.40375],[121.36736,24.40435],[121.36695,24.40469],[121.36691,24.40484],[121.36704,24.40542],[121.36695,24.40578],[121.36702,24.40619],[121.36698,24.40634],[121.36687,24.40639],[121.36676,24.40634],[121.36672,24.40624],[121.3668,24.40546],[121.3667,24.40503],[121.36676,24.40441],[121.36693,24.40422],[121.36698,24.40405],[121.36695,24.40387],[121.36665,24.40336],[121.36665,24.4028],[121.36661,24.40269],[121.3665,24.40261],[121.36633,24.40259],[121.36622,24.40263],[121.36593,24.40283],[121.36554,24.40345],[121.36517,24.40377],[121.36492,24.4042],[121.36483,24.40428],[121.36431,24.40449],[121.36369,24.40491],[121.36337,24.4054],[121.36313,24.40557],[121.36294,24.40557],[121.36288,24.40553],[121.36276,24.40527],[121.36279,24.40499],[121.36275,24.40484],[121.36262,24.40473],[121.36214,24.40451],[121.36205,24.40439],[121.36198,24.40398],[121.36189,24.40387],[121.36137,24.40362],[121.36115,24.4036]]}},{"type":"Feature","properties":{"n":"中橫公路宜蘭支線","k":2},"geometry":{"type":"LineString","coordinates":[[121.36087,24.40362],[121.36075,24.40364],[121.36066,24.40373],[121.36061,24.40402],[121.3603,24.40475],[121.36028,24.40508],[121.36045,24.40548],[121.36048,24.40603],[121.3604,24.40616],[121.36024,24.40627],[121.3598,24.40648],[121.35913,24.40661],[121.35841,24.40628],[121.35702,24.40612],[121.35675,24.40596],[121.35659,24.40593]]}},{"type":"Feature","properties":{"n":"中橫公路宜蘭支線","k":2},"geometry":{"type":"LineString","coordinates":[[121.35644,24.40599],[121.35629,24.40615],[121.35629,24.40628],[121.35641,24.40651],[121.3566,24.40672],[121.35783,24.40761],[121.35824,24.40772],[121.35876,24.4081],[121.35882,24.40832],[121.35882,24.40885],[121.35889,24.40905],[121.35916,24.40948],[121.35949,24.40984],[121.35974,24.41044],[121.35992,24.4107],[121.36043,24.41121],[121.36039,24.41134],[121.36028,24.41143],[121.3597,24.41149],[121.35878,24.41222],[121.35824,24.41233],[121.35818,24.41242]]}},{"type":"Feature","properties":{"n":"星文橋","k":2},"geometry":{"type":"LineString","coordinates":[[121.35659,24.40593],[121.35644,24.40599]]}},{"type":"Feature","properties":{"n":"章傑橋","k":2},"geometry":{"type":"LineString","coordinates":[[121.36115,24.4036],[121.36087,24.40362]]}},{"type":"Feature","properties":{"n":"家驤橋","k":2},"geometry":{"type":"LineString","coordinates":[[121.35818,24.41242],[121.35818,24.41261]]}},{"type":"Feature","properties":{"n":"泰雅路七段","k":2},"geometry":{"type":"LineString","coordinates":[[121.35818,24.41261],[121.35828,24.41276],[121.35854,24.41287],[121.35884,24.41284],[121.35929,24.41256],[121.35952,24.41249],[121.35975,24.4125],[121.36028,24.41277],[121.36082,24.41289],[121.36097,24.41284],[121.3612,24.41265],[121.36219,24.41247],[121.36247,24.4125],[121.36265,24.41257],[121.36385,24.41309],[121.36395,24.41315],[121.364,24.41325],[121.36361,24.41404],[121.36335,24.4144],[121.36333,24.41451],[121.36343,24.41467],[121.3639,24.41485],[121.3646,24.41498],[121.36503,24.415],[121.36525,24.41492],[121.36565,24.41421],[121.36581,24.41416],[121.36591,24.41419],[121.36664,24.41472],[121.36672,24.4149],[121.36683,24.41552],[121.36723,24.41648],[121.36723,24.4166],[121.36709,24.41672],[121.36665,24.41671],[121.36655,24.41689],[121.36665,24.41725],[121.36691,24.41767],[121.36734,24.41868],[121.36738,24.41881],[121.36736,24.4191],[121.36729,24.41919],[121.36688,24.41935],[121.36626,24.41973],[121.36614,24.41986],[121.36609,24.42001],[121.36615,24.42021],[121.36625,24.42032],[121.36648,24.42045],[121.36699,24.42058],[121.36785,24.42095],[121.36861,24.42175],[121.36876,24.42207],[121.36858,24.42253],[121.36857,24.4228],[121.36837,24.42333],[121.36832,24.42401],[121.36809,24.42444],[121.36769,24.42461],[121.36741,24.42503],[121.367,24.42543],[121.36683,24.42555],[121.36652,24.42561],[121.36621,24.42591],[121.36607,24.42627],[121.36605,24.42655],[121.36615,24.42676],[121.36668,24.42739],[121.3667,24.42762],[121.36658,24.42792],[121.3663,24.42816],[121.36578,24.42838],[121.36513,24.42888],[121.36488,24.42883],[121.36466,24.4287],[121.36438,24.42868],[121.36412,24.42872],[121.36378,24.42887],[121.36356,24.42904],[121.36333,24.42937],[121.36322,24.42968],[121.36323,24.42985]]}},{"type":"Feature","properties":{"n":"泰雅路七段","k":2},"geometry":{"type":"LineString","coordinates":[[121.3842,24.4443],[121.38506,24.44421],[121.38543,24.44408],[121.38558,24.44389],[121.38555,24.44367],[121.38547,24.44353],[121.38476,24.44261],[121.3846,24.44262],[121.38456,24.4427],[121.38478,24.44334],[121.38475,24.44346],[121.38458,24.44352],[121.38442,24.44345],[121.38422,24.44307],[121.38397,24.44283],[121.38321,24.4425],[121.38315,24.44232],[121.3832,24.44223],[121.384,24.44209],[121.38408,24.44196],[121.38407,24.44183],[121.38372,24.44148],[121.38338,24.44105],[121.38296,24.4409],[121.38243,24.44047],[121.38229,24.44048],[121.38224,24.44059],[121.38263,24.44114],[121.38261,24.44129],[121.3825,24.44135],[121.38089,24.44135],[121.3807,24.44125],[121.38051,24.44106],[121.379,24.43869],[121.37852,24.43751],[121.37804,24.43712],[121.3779,24.43694],[121.37779,24.43661],[121.37775,24.43629],[121.3778,24.43592],[121.37804,24.43549],[121.37806,24.43536],[121.37801,24.43516],[121.37739,24.43429],[121.3772,24.43412],[121.37686,24.43397],[121.37661,24.43373],[121.3766,24.4334],[121.37676,24.433],[121.37675,24.43264],[121.37644,24.43206],[121.37625,24.43181],[121.37611,24.43171],[121.37576,24.43156],[121.37535,24.43156],[121.37514,24.4316],[121.37404,24.43201],[121.37367,24.4319],[121.37336,24.43162],[121.37322,24.43117],[121.37305,24.43098],[121.37266,24.43083],[121.37229,24.43077],[121.37216,24.43071],[121.37199,24.43053],[121.37197,24.43042],[121.37202,24.43025],[121.37241,24.42987],[121.37245,24.42972],[121.37227,24.42958],[121.37198,24.42948],[121.37167,24.42947],[121.37114,24.42964],[121.37053,24.42956],[121.36965,24.42989],[121.36908,24.42996],[121.36867,24.43007],[121.36818,24.43008],[121.36719,24.43021],[121.36541,24.43065],[121.36385,24.43044],[121.36355,24.43034]]}},{"type":"Feature","properties":{"n":"泰雅路七段","k":2},"geometry":{"type":"LineString","coordinates":[[121.39523,24.46247],[121.39501,24.46256],[121.39469,24.46307],[121.39458,24.46316],[121.39447,24.46318],[121.39435,24.46312],[121.3944,24.46264],[121.39433,24.46252],[121.39425,24.46249],[121.39412,24.46256],[121.39396,24.46314],[121.39377,24.46319],[121.39361,24.46305],[121.39357,24.46279],[121.39365,24.46229],[121.39386,24.46205],[121.39428,24.46171],[121.39461,24.46129],[121.39452,24.46076],[121.3946,24.46035],[121.39458,24.46016],[121.39447,24.45996],[121.39405,24.45945],[121.39391,24.45887],[121.39393,24.45857],[121.39429,24.45795],[121.39431,24.45768],[121.39419,24.45754],[121.39361,24.45747],[121.39336,24.45739],[121.39324,24.45728],[121.39313,24.45706],[121.39312,24.45686],[121.39332,24.45631],[121.39332,24.45604],[121.39297,24.45537],[121.3923,24.45461],[121.39192,24.45402],[121.39171,24.45358],[121.39039,24.45231],[121.39027,24.45213],[121.39027,24.45195],[121.39047,24.45157],[121.39046,24.45129],[121.39017,24.45071],[121.38977,24.45029],[121.38975,24.45013],[121.38986,24.44991],[121.38983,24.44976],[121.38936,24.44924],[121.38935,24.44853],[121.3891,24.44806],[121.38825,24.44731],[121.38703,24.44668],[121.38684,24.44654],[121.38653,24.44621],[121.38636,24.44582],[121.38615,24.44562],[121.38527,24.44507],[121.38508,24.44502],[121.38472,24.44504],[121.38451,24.445],[121.38407,24.44472],[121.38402,24.44457]]}},{"type":"Feature","properties":{"n":"可法橋","k":2},"geometry":{"type":"LineString","coordinates":[[121.36355,24.43034],[121.36327,24.42998],[121.36323,24.42985]]}},{"type":"Feature","properties":{"n":"美優橋","k":2},"geometry":{"type":"LineString","coordinates":[[121.38402,24.44457],[121.38409,24.44437],[121.3842,24.4443]]}},{"type":"Feature","properties":{"n":"則前橋","k":2},"geometry":{"type":"LineString","coordinates":[[121.39587,24.46246],[121.39523,24.46247]]}},{"type":"Feature","properties":{"n":"泰雅路六段","k":2},"geometry":{"type":"LineString","coordinates":[[121.41023,24.46915],[121.41013,24.46932],[121.41014,24.46945],[121.41054,24.47082],[121.4105,24.47175],[121.41044,24.47208],[121.41054,24.47262],[121.41046,24.47277],[121.41028,24.47282],[121.41013,24.47279],[121.40928,24.4719],[121.40908,24.47148],[121.40816,24.46996],[121.40786,24.46961],[121.40714,24.46894],[121.40687,24.4688],[121.40627,24.46863],[121.40513,24.46771],[121.4035,24.46676],[121.40254,24.46659],[121.40161,24.46599],[121.40128,24.46586],[121.4002,24.46553],[121.39952,24.46545],[121.39925,24.46527],[121.39903,24.46497],[121.39846,24.46471],[121.3982,24.46431],[121.3974,24.46388],[121.39709,24.46382],[121.3963,24.46382],[121.39602,24.46376],[121.39592,24.46367],[121.39588,24.46352],[121.39591,24.46342],[121.39607,24.4633],[121.39627,24.46327],[121.3974,24.46331],[121.39756,24.46325],[121.39758,24.46316],[121.39748,24.46308],[121.39597,24.46292],[121.39589,24.46279],[121.39603,24.46271],[121.39667,24.46284],[121.39677,24.46275],[121.39665,24.46264],[121.3963,24.46251],[121.39587,24.46246]]}},{"type":"Feature","properties":{"n":"泰雅路六段","k":2},"geometry":{"type":"LineString","coordinates":[[121.41698,24.47463],[121.41659,24.47434],[121.41641,24.4737],[121.41623,24.47334],[121.41552,24.47256],[121.41528,24.47221],[121.41467,24.47164],[121.4138,24.47097],[121.41336,24.47057],[121.41211,24.46816],[121.41192,24.46807],[121.41178,24.46812]]}},{"type":"Feature","properties":{"n":"泰雅路六段","k":2},"geometry":{"type":"LineString","coordinates":[[121.42552,24.48502],[121.42536,24.48492],[121.42459,24.48475],[121.42346,24.484],[121.423,24.48355],[121.42245,24.48196],[121.42174,24.48126],[121.42137,24.4807],[121.42128,24.48042],[121.4212,24.47962],[121.42066,24.47747],[121.41976,24.47636],[121.4191,24.47589],[121.41718,24.47476]]}},{"type":"Feature","properties":{"n":"泰雅路六段","k":2},"geometry":{"type":"LineString","coordinates":[[121.43079,24.4947],[121.43065,24.49443],[121.43017,24.49379],[121.43,24.49327],[121.42989,24.49308],[121.42967,24.49283],[121.42924,24.49248],[121.42825,24.49118],[121.42778,24.49067],[121.4273,24.48981],[121.42669,24.48934],[121.42608,24.48904],[121.42572,24.48865],[121.42484,24.48668],[121.42481,24.4865],[121.42487,24.48632],[121.42498,24.48618],[121.42562,24.48571],[121.42564,24.48555]]}},{"type":"Feature","properties":{"n":"泰雅路六段","k":2},"geometry":{"type":"LineString","coordinates":[[121.43687,24.50911],[121.43679,24.5089],[121.4367,24.50808],[121.43685,24.50664],[121.43672,24.50621],[121.43653,24.50584],[121.43649,24.50564],[121.43653,24.50426],[121.43629,24.50359],[121.43589,24.503],[121.43589,24.5022],[121.43556,24.50077],[121.43501,24.49987],[121.43476,24.49937],[121.43426,24.49869],[121.43386,24.49778],[121.43355,24.49689],[121.43332,24.49668],[121.43228,24.49608],[121.43146,24.49581],[121.43114,24.49532]]}},{"type":"Feature","properties":{"n":"泰雅路六段","k":2},"geometry":{"type":"LineString","coordinates":[[121.4481,24.52057],[121.448,24.5205],[121.44781,24.52049],[121.44678,24.52094],[121.44652,24.52096],[121.44635,24.52089],[121.44571,24.52023],[121.44535,24.51873],[121.44525,24.51853],[121.4445,24.51765],[121.44373,24.51724],[121.44339,24.51695],[121.44176,24.51489],[121.44139,24.51438],[121.4411,24.51388],[121.44047,24.51319],[121.44003,24.51287],[121.43907,24.51245],[121.43863,24.51232],[121.43764,24.51219],[121.43726,24.51203],[121.43688,24.51173],[121.43671,24.51151],[121.43671,24.51117],[121.43711,24.51056],[121.43738,24.51024],[121.4374,24.51]]}},{"type":"Feature","properties":{"n":"繼光橋","k":2},"geometry":{"type":"LineString","coordinates":[[121.41178,24.46812],[121.41023,24.46915]]}},{"type":"Feature","properties":{"n":"四季二橋","k":2},"geometry":{"type":"LineString","coordinates":[[121.41718,24.47476],[121.41698,24.47463]]}},{"type":"Feature","properties":{"n":"四季一橋","k":2},"geometry":{"type":"LineString","coordinates":[[121.42564,24.48555],[121.42552,24.48502]]}},{"type":"Feature","properties":{"n":"碧水橋","k":2},"geometry":{"type":"LineString","coordinates":[[121.43114,24.49532],[121.43079,24.4947]]}},{"type":"Feature","properties":{"n":"泰雅路五段","k":2},"geometry":{"type":"LineString","coordinates":[[121.47014,24.55392],[121.4695,24.55397],[121.46811,24.55443],[121.46605,24.5548],[121.4646,24.55461],[121.46317,24.55409],[121.46307,24.55398],[121.46292,24.55364],[121.46271,24.55347],[121.46213,24.55314],[121.46181,24.55253],[121.46151,24.55218],[121.46112,24.55202],[121.46031,24.55145],[121.45902,24.55118],[121.4583,24.55053],[121.45781,24.55032],[121.45775,24.55018],[121.45785,24.54995],[121.45861,24.5489],[121.45872,24.54839],[121.45872,24.54781],[121.45866,24.54759],[121.45802,24.54657],[121.45783,24.54594],[121.45759,24.5454],[121.45757,24.54403],[121.45753,24.5438],[121.45662,24.5424],[121.45647,24.54211],[121.45622,24.54141],[121.45585,24.5407],[121.45583,24.54033],[121.45588,24.54012],[121.45604,24.53987],[121.45635,24.53954],[121.45634,24.53937],[121.45621,24.53923]]}},{"type":"Feature","properties":{"n":"泰雅路五段","k":2},"geometry":{"type":"LineString","coordinates":[[121.4515,24.53104],[121.45153,24.531],[121.45144,24.5307],[121.4514,24.53017],[121.45106,24.52973],[121.451,24.52888],[121.45087,24.52795],[121.45054,24.5274],[121.45076,24.52642],[121.45076,24.52623],[121.45041,24.52567],[121.44988,24.52523],[121.44958,24.52485],[121.44955,24.52469],[121.4497,24.52432],[121.44969,24.52412],[121.4488,24.52311],[121.44825,24.52291],[121.44803,24.52263],[121.44796,24.52233],[121.44799,24.52216],[121.44821,24.52176],[121.44839,24.52115],[121.4484,24.52103],[121.44827,24.52081]]}},{"type":"Feature","properties":{"n":"泰雅路五段","k":2},"geometry":{"type":"LineString","coordinates":[[121.45607,24.53915],[121.45512,24.5386],[121.45459,24.53791],[121.45435,24.53773],[121.45398,24.53757],[121.45382,24.53741],[121.45343,24.53668],[121.45332,24.53598],[121.4529,24.53528],[121.45272,24.53518],[121.45253,24.53497],[121.45224,24.53407],[121.45204,24.5337],[121.45187,24.53201],[121.45166,24.53136]]}},{"type":"Feature","properties":{"n":"泰雅路五段","k":2},"geometry":{"type":"LineString","coordinates":[[121.4767,24.55758],[121.47651,24.55675],[121.47627,24.55623],[121.47533,24.55508],[121.47497,24.55482]]}},{"type":"Feature","properties":{"n":"泰雅路五段","k":2},"geometry":{"type":"LineString","coordinates":[[121.47365,24.55415],[121.47343,24.55407],[121.47276,24.55399],[121.47156,24.55393]]}},{"type":"Feature","properties":{"n":"敦厚橋","k":2},"geometry":{"type":"LineString","coordinates":[[121.4374,24.51],[121.43687,24.50911]]}},{"type":"Feature","properties":{"n":"有澗橋","k":2},"geometry":{"type":"LineString","coordinates":[[121.44827,24.52081],[121.4481,24.52057]]}},{"type":"Feature","properties":{"n":"志航橋","k":2},"geometry":{"type":"LineString","coordinates":[[121.45166,24.53136],[121.4515,24.53104]]}},{"type":"Feature","properties":{"n":"德荃橋","k":2},"geometry":{"type":"LineString","coordinates":[[121.45621,24.53923],[121.45607,24.53915]]}},{"type":"Feature","properties":{"n":"復興路十段","k":2},"geometry":{"type":"LineString","coordinates":[[121.40841,24.65402],[121.40862,24.65391],[121.40887,24.65354],[121.40926,24.65334],[121.40984,24.65323],[121.40993,24.65313],[121.40995,24.65305],[121.40987,24.65268],[121.40972,24.65228],[121.40952,24.65206],[121.40946,24.6519],[121.40952,24.65158],[121.40963,24.65135],[121.40961,24.6506],[121.40971,24.6504],[121.4099,24.65025],[121.41054,24.65005],[121.41065,24.64987],[121.41072,24.64939],[121.41086,24.64914],[121.41101,24.64903],[121.41182,24.64896],[121.41226,24.64874],[121.41294,24.64829],[121.41395,24.64812],[121.41418,24.64778],[121.41464,24.64747],[121.4151,24.64705],[121.41517,24.64682],[121.41516,24.64638],[121.41533,24.64617],[121.41638,24.64582],[121.41654,24.64563],[121.41661,24.64528],[121.41718,24.64506],[121.41745,24.6448],[121.41801,24.64446],[121.41818,24.64425],[121.41833,24.6439],[121.41829,24.6429],[121.41834,24.64256],[121.41828,24.64207],[121.41839,24.6419],[121.41862,24.64177],[121.41884,24.64178],[121.41898,24.6419],[121.41904,24.64202],[121.41904,24.64224],[121.41895,24.64266],[121.41898,24.64289],[121.41913,24.64316],[121.41924,24.64363],[121.41937,24.64386],[121.41951,24.64433],[121.41978,24.64497],[121.41956,24.6457],[121.41975,24.64634],[121.41996,24.64667],[121.42004,24.64695],[121.42019,24.64706],[121.42051,24.64715],[121.42078,24.64738],[121.4208,24.6476],[121.42072,24.64814],[121.42075,24.64827],[121.42078,24.64835],[121.42139,24.64881],[121.42139,24.64935],[121.42145,24.64942],[121.42159,24.64944],[121.42185,24.64924],[121.42212,24.64914],[121.42279,24.64921],[121.42347,24.64984],[121.42339,24.65055],[121.4235,24.65087],[121.42358,24.65089],[121.42374,24.65069],[121.42379,24.65047],[121.42411,24.65003],[121.42417,24.64988],[121.42421,24.64917],[121.42436,24.64901],[121.42454,24.64893],[121.42504,24.64902],[121.42513,24.64913],[121.42515,24.64991],[121.42547,24.65074],[121.42561,24.65083],[121.42595,24.65083],[121.42604,24.65087],[121.42613,24.65129],[121.42634,24.65129],[121.42687,24.65087],[121.42733,24.6509],[121.42772,24.65083],[121.42791,24.65092],[121.42807,24.65136],[121.42818,24.65154],[121.42832,24.65165],[121.42845,24.65161],[121.4285,24.65125],[121.42874,24.65102],[121.42885,24.65078],[121.42883,24.65036],[121.42855,24.64994],[121.42847,24.64986],[121.4283,24.6498],[121.42823,24.64965],[121.42825,24.64959],[121.42869,24.64934],[121.42912,24.64917],[121.42968,24.64907],[121.43021,24.64916],[121.4303,24.6491],[121.43027,24.64874],[121.42982,24.64835],[121.42978,24.64813],[121.42968,24.64796],[121.42921,24.6474],[121.42918,24.6473],[121.42926,24.64714],[121.42946,24.64708],[121.42967,24.6472],[121.43016,24.64714],[121.431,24.64748],[121.43136,24.64746],[121.43162,24.64738],[121.43171,24.64746],[121.43172,24.64777],[121.43176,24.64784],[121.43228,24.64803],[121.43247,24.64834],[121.43263,24.64847],[121.43285,24.64846],[121.43328,24.64789],[121.4336,24.64779],[121.43375,24.64741],[121.43394,24.64709],[121.43409,24.64693],[121.4343,24.6468],[121.43441,24.64644],[121.43443,24.64608],[121.43464,24.64565],[121.43509,24.6453],[121.43539,24.64524],[121.43555,24.6453],[121.43571,24.64547],[121.4358,24.64575],[121.43624,24.64619],[121.43647,24.64616],[121.43672,24.64597],[121.43703,24.64585],[121.43722,24.64583],[121.43734,24.64602],[121.43737,24.64618],[121.43727,24.64646],[121.43741,24.64665],[121.4377,24.64732],[121.43759,24.64782],[121.43759,24.64811],[121.43773,24.64843],[121.43786,24.64854],[121.43801,24.64853],[121.43807,24.64848],[121.43813,24.64828],[121.43812,24.64793],[121.43852,24.64767],[121.43855,24.64756],[121.43851,24.64741],[121.43864,24.64711],[121.43855,24.64685],[121.43863,24.64674],[121.43918,24.64666],[121.43942,24.64675],[121.43957,24.64675],[121.43991,24.64628],[121.43999,24.64625],[121.44019,24.6463],[121.4403,24.64626],[121.4406,24.64597],[121.44061,24.64583],[121.44056,24.64573],[121.4406,24.64561],[121.44097,24.64554],[121.44123,24.64524],[121.44147,24.64527],[121.44168,24.64521],[121.44199,24.64493],[121.44217,24.64467],[121.44244,24.64453],[121.44255,24.64455],[121.44257,24.64464],[121.44249,24.645],[121.44273,24.64553],[121.44355,24.64635],[121.44366,24.6465],[121.44379,24.6469],[121.44402,24.64731],[121.44406,24.64736],[121.4442,24.64736],[121.44448,24.64656],[121.44452,24.64618],[121.44436,24.64588],[121.44434,24.64568],[121.44442,24.64554],[121.44424,24.64517],[121.44415,24.64484],[121.44432,24.64459],[121.44432,24.64432],[121.44437,24.64419],[121.44455,24.6441],[121.44465,24.64399],[121.44471,24.64354],[121.44466,24.64313],[121.44483,24.64275],[121.44494,24.64263]]}},{"type":"Feature","properties":{"n":"泰雅路四段","k":2},"geometry":{"type":"LineString","coordinates":[[121.49163,24.57702],[121.49146,24.57706],[121.49112,24.57734],[121.4905,24.57742],[121.49027,24.57751],[121.48971,24.57785],[121.48934,24.5782],[121.48908,24.57834],[121.4878,24.57847],[121.48626,24.57878],[121.48566,24.57885],[121.48491,24.57886],[121.48422,24.57873],[121.48351,24.57869],[121.48331,24.57863],[121.48239,24.5779],[121.48214,24.57734],[121.48213,24.57683],[121.48187,24.57619],[121.48157,24.57587],[121.47836,24.57495],[121.47536,24.57503],[121.47512,24.57493],[121.47437,24.57432],[121.47382,24.57402],[121.47332,24.57296],[121.47286,24.57255],[121.47268,24.57181],[121.4727,24.57159],[121.47284,24.57114],[121.47276,24.57084],[121.47278,24.57072],[121.47307,24.57044],[121.47317,24.57027],[121.47318,24.56989],[121.47359,24.56894],[121.4735,24.56867],[121.47351,24.56855],[121.47375,24.56819],[121.47382,24.5678],[121.47364,24.56723],[121.47332,24.56679],[121.47315,24.56647],[121.47305,24.56614],[121.47303,24.56585],[121.47311,24.56576],[121.47346,24.56575],[121.47361,24.5657],[121.4742,24.56527],[121.47433,24.56504],[121.47456,24.56434],[121.47449,24.56386],[121.47456,24.56338],[121.47447,24.56312],[121.47446,24.56285],[121.47499,24.56246],[121.47519,24.5619],[121.47541,24.56161],[121.47547,24.56135],[121.47557,24.56119],[121.47664,24.56024],[121.47684,24.55999],[121.47696,24.55961],[121.47702,24.55898],[121.47692,24.55853]]}},{"type":"Feature","properties":{"n":"泰雅路四段","k":2},"geometry":{"type":"LineString","coordinates":[[121.49375,24.57942],[121.49167,24.57712],[121.49163,24.57702]]}},{"type":"Feature","properties":{"n":"泰雅路四段","k":2},"geometry":{"type":"LineString","coordinates":[[121.49163,24.57702],[121.4918,24.57715],[121.49375,24.57942]]}},{"type":"Feature","properties":{"n":"泰雅路四段","k":2},"geometry":{"type":"LineString","coordinates":[[121.51294,24.59705],[121.51251,24.59681],[121.51201,24.59662],[121.51181,24.59648],[121.51052,24.59529],[121.5098,24.59483],[121.50912,24.59413],[121.50875,24.59338],[121.50843,24.59314],[121.50791,24.5929],[121.50771,24.59275],[121.50734,24.59199],[121.50687,24.59122],[121.50684,24.59062],[121.50661,24.59017],[121.50652,24.58984],[121.50607,24.58927],[121.50589,24.58883],[121.5053,24.58846],[121.50457,24.58834],[121.50346,24.58784],[121.50322,24.58766],[121.50254,24.58679],[121.50226,24.58651],[121.50107,24.5863],[121.49977,24.58546],[121.49948,24.585],[121.4994,24.58474],[121.49936,24.58423],[121.49922,24.58402],[121.49911,24.58399],[121.49877,24.58402],[121.49824,24.5842],[121.49808,24.58416],[121.49802,24.58408],[121.49802,24.58392],[121.49828,24.58363],[121.49832,24.58338],[121.49822,24.5833],[121.49794,24.58322],[121.49782,24.58312],[121.49751,24.58258],[121.49684,24.5819],[121.49666,24.58145],[121.4963,24.58094],[121.49583,24.5807],[121.49542,24.58042],[121.49525,24.58038],[121.49511,24.58045],[121.49492,24.58081],[121.49454,24.58108],[121.49441,24.58116],[121.49418,24.58113],[121.49411,24.58103],[121.49424,24.58065],[121.49428,24.58009],[121.49409,24.57976],[121.49375,24.57942]]}},{"type":"Feature","properties":{"n":"北部橫貫公路","k":2},"geometry":{"type":"LineString","coordinates":[[121.44494,24.64263],[121.44509,24.64256],[121.44525,24.64256],[121.4454,24.64288],[121.44599,24.64304],[121.44628,24.64302],[121.44685,24.64312],[121.44699,24.64303],[121.44716,24.643],[121.44763,24.64339],[121.44851,24.6434],[121.44868,24.64324],[121.44879,24.64298],[121.44882,24.64266],[121.44877,24.64258],[121.44874,24.64228],[121.44926,24.64198],[121.44949,24.64174],[121.45008,24.64146],[121.45011,24.64135],[121.45001,24.64112],[121.44995,24.64079],[121.45027,24.64067],[121.45108,24.64002],[121.45121,24.64],[121.45141,24.6401],[121.45155,24.6403],[121.45228,24.6403],[121.45255,24.64049],[121.45265,24.64042],[121.4527,24.64018],[121.45289,24.63997],[121.45302,24.63973],[121.45334,24.63974],[121.45416,24.63957],[121.4545,24.63957],[121.45482,24.63945],[121.45547,24.6395],[121.45563,24.63962],[121.45558,24.64004],[121.45541,24.64028],[121.45523,24.64031],[121.45503,24.64047],[121.45481,24.64086],[121.45449,24.64118],[121.45426,24.64179],[121.4543,24.6426],[121.45477,24.64347],[121.45494,24.64405],[121.45495,24.64431],[121.45487,24.64493],[121.45496,24.64513],[121.45513,24.6453],[121.45528,24.64534],[121.45598,24.64526],[121.45663,24.64459],[121.45732,24.6443],[121.45805,24.64364],[121.45856,24.64338],[121.45878,24.64332],[121.45929,24.64329],[121.45939,24.64333],[121.45956,24.64385],[121.45956,24.6443],[121.45961,24.64439],[121.45967,24.64447],[121.46017,24.64457],[121.4604,24.6448],[121.46039,24.64491],[121.4603,24.64499],[121.46025,24.64516],[121.46045,24.64596],[121.46059,24.64606],[121.4608,24.64611],[121.46167,24.64611],[121.46192,24.64601],[121.46247,24.6452],[121.46267,24.64428],[121.46277,24.6442],[121.46294,24.64425],[121.46359,24.64467],[121.46393,24.64498],[121.46433,24.64507],[121.46459,24.64521],[121.46493,24.6456],[121.46525,24.64587],[121.46542,24.64703],[121.46539,24.64738],[121.46544,24.64762],[121.4654,24.64788],[121.46543,24.64804],[121.46599,24.64874],[121.46715,24.64966],[121.46749,24.6503],[121.46749,24.65054],[121.46738,24.65101],[121.46742,24.6512],[121.46851,24.65278],[121.46899,24.65308],[121.46926,24.65318],[121.46954,24.65315],[121.47002,24.65301],[121.47088,24.65308],[121.47145,24.65284],[121.47204,24.65231],[121.47177,24.65161],[121.47174,24.65149],[121.4718,24.65138],[121.47302,24.6511],[121.47335,24.6505],[121.47397,24.65026],[121.47449,24.64958],[121.47517,24.64968],[121.47524,24.64964],[121.47532,24.64921],[121.47522,24.64883],[121.47524,24.64863],[121.47556,24.64798],[121.47562,24.64755],[121.47554,24.6468],[121.47602,24.64593],[121.47611,24.6456],[121.47636,24.64514],[121.47666,24.64473],[121.47675,24.64467],[121.47695,24.64465],[121.4771,24.64473],[121.47715,24.64486],[121.47713,24.645],[121.47697,24.6453],[121.47698,24.64555],[121.47715,24.64673],[121.47729,24.64699],[121.47742,24.64715],[121.47819,24.64725],[121.47842,24.64711],[121.47882,24.64653],[121.47896,24.64609],[121.47902,24.64602],[121.47937,24.64595],[121.47966,24.64576],[121.48028,24.64458],[121.48041,24.64455],[121.48066,24.64459],[121.48101,24.64416],[121.48122,24.64418],[121.48154,24.64437],[121.48195,24.64444],[121.48228,24.64441],[121.48285,24.64417],[121.48313,24.64423],[121.48346,24.64437],[121.48364,24.64434],[121.48378,24.64421],[121.48376,24.64383],[121.48352,24.64355],[121.48349,24.64342],[121.48326,24.64312],[121.48324,24.64303],[121.48327,24.64296],[121.48361,24.6427],[121.48395,24.64255],[121.48404,24.64243],[121.48402,24.64233],[121.48372,24.64196],[121.48346,24.64151],[121.48306,24.64135],[121.48196,24.64073],[121.48191,24.6405],[121.48168,24.64027],[121.4816,24.6399],[121.48131,24.63967],[121.48124,24.63955],[121.48114,24.63913],[121.48122,24.63865],[121.48114,24.63824],[121.48024,24.63808],[121.48016,24.63803],[121.48014,24.63792],[121.48038,24.63754],[121.48038,24.63747],[121.48029,24.63736],[121.48008,24.63724],[121.4797,24.63679],[121.47954,24.6359],[121.47943,24.63569],[121.47945,24.63549],[121.47957,24.63527],[121.47939,24.63467],[121.4794,24.63429],[121.47951,24.63417],[121.47966,24.63416],[121.47982,24.63405],[121.47992,24.63358],[121.48008,24.63335],[121.48021,24.63328],[121.48078,24.63342],[121.48085,24.63339],[121.48113,24.63301],[121.4816,24.63302],[121.48172,24.63293],[121.48183,24.63263],[121.48185,24.6322],[121.48191,24.63195],[121.4818,24.6315],[121.48173,24.63078],[121.48183,24.6307],[121.4824,24.63066],[121.48321,24.63107],[121.48358,24.63115],[121.48387,24.6313],[121.48417,24.63157],[121.48456,24.63217],[121.4849,24.63236],[121.48516,24.63268],[121.48583,24.63303],[121.4862,24.633],[121.4871,24.63269],[121.48726,24.63242],[121.48793,24.63214],[121.48817,24.63211],[121.48844,24.63216],[121.48877,24.63212],[121.48926,24.63199],[121.48951,24.63201],[121.49006,24.63187],[121.49007,24.63172],[121.48979,24.6315],[121.48933,24.63094],[121.48897,24.63084],[121.48856,24.63036],[121.48846,24.6303],[121.48819,24.63028],[121.4874,24.63004],[121.48709,24.62986],[121.48686,24.62982],[121.48669,24.62971],[121.4866,24.62949],[121.48676,24.62922],[121.48678,24.629],[121.48667,24.62845],[121.48651,24.62824],[121.48597,24.62782],[121.48589,24.62769],[121.4859,24.62763],[121.48619,24.6274],[121.4866,24.62652],[121.48664,24.62629],[121.48628,24.62583],[121.48606,24.62575],[121.48538,24.62572],[121.48517,24.62559],[121.4848,24.62525],[121.48484,24.62516],[121.48504,24.6251],[121.48549,24.62481],[121.48565,24.62459],[121.48635,24.62442],[121.48656,24.62429],[121.48672,24.62406],[121.4869,24.62405],[121.48722,24.6242],[121.48792,24.62419],[121.48805,24.62409],[121.4881,24.6239],[121.48823,24.62377],[121.48876,24.62369],[121.48887,24.62341],[121.4889,24.62303],[121.48879,24.62272],[121.48859,24.62248],[121.48856,24.62224],[121.48873,24.6219],[121.48874,24.62158],[121.48894,24.62103],[121.48924,24.62064],[121.48946,24.62016],[121.48954,24.61974],[121.4897,24.61942],[121.48996,24.61918],[121.49022,24.61872],[121.49089,24.61864],[121.49118,24.61851],[121.49143,24.61833],[121.49186,24.61827],[121.49202,24.61817],[121.49212,24.618],[121.49219,24.61759],[121.49231,24.61725],[121.49231,24.61692],[121.49221,24.61687],[121.49145,24.61702],[121.49104,24.61691],[121.49066,24.61688],[121.49041,24.61671],[121.49026,24.61652],[121.48961,24.61624],[121.48906,24.61628],[121.48879,24.61624],[121.48872,24.61612],[121.48873,24.6157],[121.48858,24.6156],[121.48747,24.61534],[121.48711,24.61533],[121.48676,24.6157],[121.48655,24.61584],[121.48575,24.61594],[121.48546,24.61577],[121.4853,24.61576],[121.48501,24.61588],[121.48472,24.61608],[121.48457,24.61608],[121.48451,24.61599],[121.48445,24.61562],[121.48426,24.61521],[121.48383,24.61497],[121.48361,24.61435],[121.48344,24.61428],[121.48291,24.61384],[121.48224,24.61365],[121.48212,24.61355],[121.48215,24.61347],[121.48229,24.61342],[121.48268,24.61344],[121.48329,24.61361],[121.48374,24.61383],[121.48393,24.61386],[121.48398,24.6138],[121.48395,24.61369],[121.48372,24.61348],[121.48324,24.6132],[121.48288,24.61307],[121.4828,24.61298],[121.48284,24.6129],[121.48292,24.61288],[121.48401,24.61316],[121.48408,24.61308],[121.48405,24.61297],[121.48353,24.61286],[121.48341,24.61278],[121.4834,24.61271],[121.48344,24.61264],[121.4836,24.6126],[121.48397,24.61269],[121.48423,24.61289],[121.48434,24.61324],[121.48449,24.61345],[121.48467,24.61359],[121.48474,24.6138],[121.485,24.6139],[121.48511,24.61427],[121.48535,24.61432],[121.48558,24.61425],[121.48578,24.6138],[121.48622,24.6133],[121.48625,24.61269],[121.48647,24.61238],[121.48672,24.61237],[121.48696,24.61244],[121.48727,24.61274],[121.48774,24.61273],[121.488,24.61283],[121.48809,24.61279],[121.4881,24.61266],[121.48797,24.61256],[121.48748,24.6126],[121.48727,24.61246],[121.48709,24.61223],[121.48674,24.61207],[121.48642,24.61214],[121.48629,24.61213],[121.48622,24.61207],[121.48623,24.61193],[121.48631,24.61192],[121.487,24.612],[121.48735,24.6122],[121.48798,24.61214],[121.48829,24.61218],[121.48836,24.61217],[121.4884,24.6121],[121.48834,24.61199],[121.48826,24.61197],[121.48776,24.61198],[121.48757,24.61193],[121.48677,24.61149],[121.48671,24.61143],[121.48671,24.61133],[121.48681,24.61125],[121.4875,24.61151],[121.48766,24.61152],[121.4877,24.61143],[121.48769,24.61136],[121.48751,24.61115],[121.48681,24.61091],[121.48676,24.61082],[121.48684,24.61072],[121.48745,24.61088],[121.4879,24.61115],[121.48806,24.61112],[121.48809,24.61107],[121.48806,24.61094],[121.48701,24.6104],[121.48647,24.61037],[121.48641,24.6102],[121.48653,24.61014],[121.48733,24.61031],[121.48772,24.61033],[121.48816,24.61048],[121.48832,24.61047],[121.48837,24.61033],[121.48827,24.61025],[121.48755,24.61014],[121.48727,24.60995],[121.48646,24.60977],[121.48636,24.60965],[121.48639,24.6096],[121.48653,24.60958],[121.48789,24.60986],[121.48803,24.60984],[121.48802,24.60969],[121.48745,24.60958],[121.48741,24.60953],[121.48742,24.60942],[121.48804,24.60945],[121.48813,24.60934],[121.4882,24.60913],[121.48824,24.60853],[121.48831,24.60827],[121.48857,24.60812],[121.48919,24.60811],[121.48925,24.60804],[121.48918,24.60792],[121.48906,24.60787],[121.48873,24.60786],[121.48844,24.60791],[121.48808,24.60809],[121.48768,24.60869],[121.48748,24.60873],[121.48724,24.60858],[121.48725,24.60845],[121.48762,24.60836],[121.48767,24.6083],[121.48811,24.60738],[121.48796,24.60733],[121.48784,24.60743],[121.48778,24.60773],[121.48759,24.60792],[121.48693,24.60784],[121.48661,24.60793],[121.48654,24.60786],[121.48653,24.60776],[121.48665,24.60767],[121.487,24.60768],[121.48723,24.60774],[121.48747,24.60766],[121.48755,24.60754],[121.48756,24.60721],[121.48775,24.60695],[121.48792,24.60684],[121.48932,24.60689],[121.48949,24.60686],[121.48968,24.60675],[121.48991,24.60646],[121.49003,24.6064],[121.49012,24.60641],[121.49023,24.60652],[121.49031,24.60693],[121.49077,24.60727],[121.49091,24.60727],[121.49097,24.60722],[121.49098,24.60709],[121.49048,24.60673],[121.49054,24.60635],[121.49047,24.60608],[121.49059,24.60576],[121.49072,24.60493],[121.49081,24.60487],[121.49089,24.60487],[121.49096,24.60494],[121.49088,24.60551],[121.49093,24.60577],[121.49091,24.60645],[121.49099,24.60655],[121.49149,24.60675],[121.49157,24.60709],[121.49161,24.60716],[121.49175,24.60722],[121.49189,24.60718],[121.49204,24.60695],[121.49233,24.60677],[121.49276,24.60672],[121.49299,24.60656],[121.49325,24.60661],[121.49339,24.60658],[121.49354,24.60639],[121.49359,24.60596],[121.49373,24.60558],[121.49416,24.60534],[121.49453,24.60487],[121.49473,24.60476],[121.49489,24.60478],[121.4952,24.60492],[121.49528,24.60493],[121.49533,24.60488],[121.49527,24.60474],[121.49492,24.60453],[121.49473,24.60448],[121.4944,24.60459],[121.4943,24.60451],[121.4943,24.60444],[121.49443,24.60433],[121.49485,24.60433],[121.49532,24.60409],[121.4956,24.604],[121.49642,24.60426],[121.49648,24.60437],[121.49648,24.60457],[121.49656,24.60465],[121.49666,24.60464],[121.4969,24.60441],[121.49705,24.60435],[121.49735,24.6044],[121.49759,24.60432],[121.49784,24.60431],[121.49848,24.60441],[121.49884,24.60464],[121.499,24.60495],[121.49949,24.60522],[121.49987,24.60568],[121.50011,24.60587],[121.50023,24.6059],[121.50031,24.60586],[121.50031,24.60571],[121.50011,24.60556],[121.49988,24.60551],[121.49981,24.60545],[121.49957,24.60498],[121.4992,24.60474],[121.49909,24.60449],[121.49872,24.604],[121.49851,24.60384],[121.49818,24.6038],[121.49817,24.60367],[121.49829,24.60363],[121.49866,24.60374],[121.49952,24.60451],[121.49983,24.60455],[121.50004,24.60472],[121.50045,24.60474],[121.50127,24.60502],[121.50151,24.60536],[121.50186,24.60571],[121.50187,24.60583],[121.50166,24.60631],[121.5017,24.60642],[121.50187,24.60644],[121.50243,24.60633],[121.50266,24.60633],[121.50295,24.60643],[121.50332,24.60686],[121.50341,24.6071],[121.50337,24.60731],[121.50322,24.60759],[121.50328,24.60776],[121.50347,24.60775],[121.50404,24.60747],[121.5043,24.60751],[121.50449,24.6077],[121.50467,24.6078],[121.50536,24.6076],[121.50544,24.60749],[121.5056,24.60649],[121.50585,24.60626],[121.50585,24.60565],[121.50595,24.60541],[121.50608,24.60534],[121.50662,24.60542],[121.50698,24.6053],[121.50738,24.6053],[121.50774,24.60502],[121.50817,24.60434],[121.50886,24.60399],[121.50909,24.60368],[121.50969,24.60323],[121.50986,24.60319],[121.5103,24.60326],[121.51039,24.60321],[121.51041,24.6029],[121.51058,24.6026],[121.51042,24.60226],[121.51043,24.60213],[121.51098,24.60149],[121.51137,24.60131],[121.51178,24.60124],[121.5124,24.60092],[121.51297,24.60095],[121.51339,24.60092],[121.51356,24.6008],[121.51397,24.60028],[121.514,24.60012],[121.51385,24.59975],[121.51383,24.59955],[121.51365,24.59942],[121.51348,24.59946],[121.51305,24.60002],[121.51283,24.60014],[121.51253,24.60014],[121.51185,24.59989],[121.51171,24.59979],[121.51157,24.59958],[121.51159,24.59942],[121.51179,24.5991],[121.51194,24.59873],[121.51194,24.59832],[121.51187,24.59812],[121.51194,24.59788],[121.51217,24.59778],[121.51255,24.5977],[121.51308,24.59774],[121.5134,24.59734]]}},{"type":"Feature","properties":{"n":"嘉興橋","k":2},"geometry":{"type":"LineString","coordinates":[[121.47497,24.55482],[121.47365,24.55415]]}},{"type":"Feature","properties":{"n":"嘉惠橋","k":2},"geometry":{"type":"LineString","coordinates":[[121.47156,24.55393],[121.47014,24.55392]]}},{"type":"Feature","properties":{"n":"百韜橋","k":2},"geometry":{"type":"LineString","coordinates":[[121.51337,24.59733],[121.51294,24.59705]]}},{"type":"Feature","properties":{"n":"泰雅路三段","k":2},"geometry":{"type":"LineString","coordinates":[[121.52566,24.61055],[121.52556,24.61025],[121.52555,24.60997],[121.52557,24.6098],[121.52586,24.60931],[121.52588,24.60919],[121.52583,24.60905],[121.52511,24.60843],[121.52424,24.60786],[121.52384,24.60742],[121.52269,24.60654],[121.52217,24.60602],[121.52182,24.60546],[121.52161,24.60527],[121.52059,24.60457],[121.51962,24.60404],[121.51903,24.60366],[121.51798,24.60341],[121.51711,24.60299],[121.51616,24.60287],[121.51597,24.60278],[121.51565,24.6025],[121.51526,24.60198],[121.51469,24.60102],[121.51466,24.60062],[121.51443,24.59976],[121.51437,24.59911],[121.51401,24.59848],[121.51392,24.59797],[121.5138,24.59768],[121.51367,24.59753],[121.51337,24.59733]]}},{"type":"Feature","properties":{"n":"泰雅路三段","k":2},"geometry":{"type":"LineString","coordinates":[[121.52735,24.61091],[121.52778,24.6102],[121.52797,24.61019],[121.52804,24.61026],[121.52827,24.61092],[121.52832,24.61128],[121.52853,24.61175],[121.52869,24.6128],[121.52886,24.61339],[121.52932,24.61459],[121.5297,24.61515],[121.53039,24.61573],[121.53269,24.61746],[121.53372,24.61842],[121.53462,24.61909],[121.53507,24.61985],[121.53567,24.62025],[121.53579,24.62039],[121.53589,24.62083]]}},{"type":"Feature","properties":{"n":"泰雅路三段","k":2},"geometry":{"type":"LineString","coordinates":[[121.54019,24.62582],[121.54073,24.62631],[121.54124,24.62712],[121.54164,24.62739],[121.54257,24.6282],[121.543,24.6285],[121.54336,24.6286],[121.54408,24.62849],[121.54427,24.62842],[121.54458,24.62818],[121.54472,24.62813],[121.54489,24.62819],[121.54506,24.62835]]}},{"type":"Feature","properties":{"n":"泰雅路三段","k":2},"geometry":{"type":"LineString","coordinates":[[121.5359,24.62099],[121.53599,24.62123],[121.53614,24.62139],[121.53683,24.62161],[121.53695,24.62171],[121.53709,24.6221],[121.53707,24.6229],[121.53739,24.62355],[121.53776,24.62403],[121.53815,24.62468],[121.53857,24.62498],[121.53952,24.62538],[121.53989,24.6256]]}},{"type":"Feature","properties":{"n":"泰雅路三段","k":2},"geometry":{"type":"LineString","coordinates":[[121.5455,24.62925],[121.54562,24.62947],[121.54611,24.62982],[121.54747,24.6314],[121.54751,24.63159],[121.54754,24.63314],[121.54774,24.63337],[121.54789,24.63345],[121.54876,24.63354],[121.54924,24.63353],[121.54997,24.63368],[121.55038,24.63359],[121.55099,24.63369],[121.55133,24.63384],[121.55168,24.63413],[121.55216,24.63435],[121.55262,24.63476],[121.55301,24.63524],[121.55312,24.63573],[121.55301,24.6363],[121.55318,24.63706],[121.55305,24.63739]]}},{"type":"Feature","properties":{"n":"泰雅路三段","k":2},"geometry":{"type":"LineString","coordinates":[[121.55395,24.63908],[121.5546,24.6389],[121.555,24.63868],[121.55523,24.63873],[121.55643,24.63944],[121.55774,24.64044],[121.55918,24.64097],[121.55972,24.64137],[121.56007,24.64153],[121.56047,24.64159],[121.56188,24.64155],[121.56334,24.64121],[121.56356,24.64121],[121.5637,24.64129],[121.56384,24.64145],[121.56442,24.64265],[121.56443,24.64291],[121.56422,24.64332],[121.56419,24.64359],[121.56424,24.6438],[121.56445,24.64413]]}},{"type":"Feature","properties":{"n":"英士橋","k":2},"geometry":{"type":"LineString","coordinates":[[121.52594,24.61088],[121.52585,24.61086],[121.52572,24.61074],[121.52566,24.61055],[121.52596,24.61079],[121.52713,24.61103],[121.52724,24.61101],[121.52735,24.61091],[121.52729,24.61107],[121.5272,24.61113],[121.52594,24.61088]]}},{"type":"Feature","properties":{"n":"赤水橋","k":2},"geometry":{"type":"LineString","coordinates":[[121.53589,24.62083],[121.5359,24.62099]]}},{"type":"Feature","properties":{"n":"石頭橋","k":2},"geometry":{"type":"LineString","coordinates":[[121.53989,24.6256],[121.54019,24.62582]]}},{"type":"Feature","properties":{"n":"執信橋","k":2},"geometry":{"type":"LineString","coordinates":[[121.55298,24.6377],[121.55299,24.63751],[121.55305,24.63739],[121.55304,24.63758],[121.5534,24.63848],[121.55373,24.63898],[121.55395,24.63908],[121.55365,24.639],[121.55343,24.63871],[121.55298,24.6377]]}},{"type":"Feature","properties":{"n":"泰雅路二段","k":2},"geometry":{"type":"LineString","coordinates":[[121.56445,24.64413],[121.56491,24.64482],[121.56537,24.64603],[121.56565,24.6464],[121.56623,24.64685],[121.56714,24.64737],[121.56768,24.64789],[121.56833,24.64821],[121.56875,24.64835],[121.57001,24.64821],[121.5728,24.64852],[121.57405,24.64855],[121.57524,24.6488],[121.57586,24.64901],[121.57604,24.64919],[121.57627,24.64982],[121.57637,24.64992],[121.57677,24.65014],[121.57686,24.65062],[121.5772,24.65104],[121.57792,24.65164],[121.57864,24.65207],[121.57916,24.65227],[121.57941,24.65243],[121.57982,24.65284],[121.57997,24.65341]]}},{"type":"Feature","properties":{"n":"泰雅路二段","k":2},"geometry":{"type":"LineString","coordinates":[[121.58006,24.65397],[121.5802,24.65463],[121.58033,24.65499],[121.58071,24.65565],[121.58091,24.65584],[121.58114,24.65591],[121.58149,24.65588],[121.58261,24.65561],[121.58329,24.6553],[121.58358,24.65525],[121.58373,24.65531],[121.58419,24.6558],[121.58633,24.65724],[121.58653,24.65748],[121.58666,24.65812],[121.58674,24.65831],[121.58715,24.65881],[121.58756,24.65964],[121.5876,24.65986],[121.58745,24.66092],[121.58757,24.6612],[121.58835,24.66166],[121.58912,24.66228],[121.59031,24.66339],[121.59056,24.66357],[121.5913,24.66395],[121.59253,24.66435],[121.59286,24.66459]]}},{"type":"Feature","properties":{"n":"泰雅路二段","k":2},"geometry":{"type":"LineString","coordinates":[[121.59305,24.66477],[121.59404,24.66568],[121.59437,24.66591],[121.59715,24.6668],[121.5974,24.66686],[121.5981,24.66689],[121.59888,24.66727]]}},{"type":"Feature","properties":{"n":"泰雅一路","k":2},"geometry":{"type":"LineString","coordinates":[[121.56922,24.64145],[121.57116,24.64086],[121.57242,24.64074],[121.57458,24.64033],[121.57619,24.64001],[121.57768,24.6396],[121.57817,24.63951],[121.57889,24.6396],[121.581,24.64016],[121.5816,24.64024],[121.58285,24.64029],[121.58342,24.64029],[121.58371,24.64024],[121.58472,24.6397],[121.58532,24.63961],[121.58587,24.63961],[121.58621,24.63972],[121.58652,24.63993],[121.58766,24.64085],[121.58881,24.642],[121.5902,24.64289],[121.5912,24.64373],[121.59211,24.64405],[121.59276,24.64455],[121.59308,24.64474],[121.59486,24.64514],[121.59611,24.64506],[121.59773,24.64487],[121.59798,24.64479],[121.59872,24.64428],[121.59898,24.64403],[121.59911,24.64382],[121.59958,24.64202],[121.60007,24.6397],[121.60021,24.63924],[121.60067,24.63826],[121.60209,24.63614],[121.60249,24.63584],[121.60331,24.6354],[121.60496,24.63424],[121.60649,24.63274],[121.60755,24.63148],[121.60778,24.63142],[121.60804,24.63147],[121.60827,24.63162],[121.60875,24.63214]]}},{"type":"Feature","properties":{"n":"牛鬥橋","k":2},"geometry":{"type":"LineString","coordinates":[[121.56445,24.64413],[121.56515,24.64365],[121.56797,24.64194],[121.56922,24.64145]]}},{"type":"Feature","properties":{"n":"松羅橋","k":2},"geometry":{"type":"LineString","coordinates":[[121.57997,24.65341],[121.58006,24.65397]]}},{"type":"Feature","properties":{"n":"三星路八段","k":2},"geometry":{"type":"LineString","coordinates":[[121.61371,24.63753],[121.61398,24.63784],[121.61404,24.6382],[121.61369,24.63944],[121.61359,24.63965],[121.61249,24.64113],[121.61152,24.64186],[121.61123,24.64214],[121.61089,24.64274],[121.61081,24.64302],[121.61082,24.64314],[121.61095,24.64333],[121.61201,24.64382],[121.61225,24.644],[121.61271,24.64459],[121.61305,24.64519],[121.61348,24.64637],[121.61385,24.64718],[121.61407,24.64779],[121.61474,24.65006],[121.61495,24.65068],[121.61507,24.65086],[121.61527,24.65102],[121.61543,24.65106],[121.61708,24.65122],[121.61745,24.6513],[121.6176,24.65141],[121.61767,24.65154],[121.61773,24.65184],[121.61772,24.65195],[121.61759,24.6521],[121.61735,24.65222],[121.61638,24.65208],[121.61571,24.65214],[121.61531,24.65229],[121.61497,24.65262],[121.61415,24.65399],[121.61409,24.65431],[121.61416,24.65468],[121.61572,24.65838],[121.61597,24.65857],[121.61625,24.6586],[121.61802,24.65805],[121.6183,24.658],[121.61919,24.65815],[121.61947,24.65825],[121.61977,24.65846],[121.62002,24.65871],[121.62011,24.65884],[121.62024,24.65929],[121.62032,24.65937],[121.62096,24.65962],[121.62103,24.65971],[121.62145,24.66172]]}},{"type":"Feature","properties":{"n":"清水橋","k":2},"geometry":{"type":"LineString","coordinates":[[121.60875,24.63214],[121.61127,24.63496],[121.61371,24.63753]]}},{"type":"Feature","properties":{"n":"員山路三段","k":2},"geometry":{"type":"LineString","coordinates":[[121.62692,24.68717],[121.62872,24.68827],[121.63176,24.69039],[121.63387,24.69327],[121.63462,24.69397],[121.63555,24.69515],[121.63603,24.69554],[121.63796,24.69661],[121.63847,24.69677],[121.64025,24.6971],[121.64087,24.69737],[121.64133,24.69779],[121.6415,24.69843],[121.64161,24.69856],[121.64289,24.69935],[121.64319,24.69943],[121.64591,24.69968],[121.64864,24.70144],[121.64874,24.70161],[121.64872,24.70181],[121.64826,24.70311],[121.64828,24.70423],[121.64808,24.70478],[121.64766,24.70556],[121.64765,24.70588],[121.64771,24.70614],[121.64737,24.70693],[121.64753,24.70731],[121.64767,24.70744],[121.64846,24.70777],[121.64867,24.70791],[121.64971,24.70946],[121.64997,24.70978]]}},{"type":"Feature","properties":{"n":"員山路三段","k":2},"geometry":{"type":"LineString","coordinates":[[121.61031,24.67812],[121.61079,24.67828],[121.61169,24.67886],[121.61351,24.67949],[121.61576,24.68083],[121.61623,24.681],[121.61734,24.68112],[121.6179,24.68154],[121.6181,24.68162],[121.61865,24.68168],[121.62051,24.68156],[121.62083,24.68162],[121.62141,24.68184],[121.62177,24.68182],[121.62222,24.68191],[121.62246,24.68208],[121.6226,24.68234],[121.62258,24.6835],[121.62261,24.68374],[121.62271,24.68391],[121.6253,24.68617],[121.62633,24.68682]]}},{"type":"Feature","properties":{"n":"員山路三段","k":2},"geometry":{"type":"LineString","coordinates":[[121.60983,24.6773],[121.60988,24.67787],[121.61016,24.67807]]}},{"type":"Feature","properties":{"n":"員山路三段","k":2},"geometry":{"type":"LineString","coordinates":[[121.67178,24.71215],[121.67164,24.71236],[121.67138,24.71313],[121.67118,24.71334],[121.67094,24.71342],[121.67055,24.71338],[121.66967,24.71289],[121.66937,24.71284],[121.66844,24.71284],[121.66799,24.71275],[121.66666,24.71172],[121.66556,24.71124],[121.66449,24.71036],[121.66296,24.70836],[121.66274,24.70785],[121.66253,24.70757],[121.66188,24.70709],[121.66106,24.70666],[121.66051,24.70647],[121.66017,24.70641],[121.65967,24.70645],[121.65915,24.70669],[121.65904,24.70686],[121.65888,24.70773],[121.65846,24.70837],[121.65636,24.71],[121.65612,24.71013],[121.65414,24.71093],[121.65379,24.71103],[121.65157,24.71113],[121.65106,24.71108],[121.65073,24.71089],[121.65043,24.71049]]}},{"type":"Feature","properties":{"n":"員山路三段","k":2},"geometry":{"type":"LineString","coordinates":[[121.67178,24.71215],[121.67241,24.71161],[121.67345,24.71088],[121.6748,24.71006],[121.67583,24.70952],[121.67782,24.70873]]}},{"type":"Feature","properties":{"n":"員山路三段","k":2},"geometry":{"type":"LineString","coordinates":[[121.67786,24.70876],[121.67586,24.70957],[121.67484,24.7101],[121.6735,24.71091],[121.67244,24.71163],[121.67178,24.71215]]}},{"type":"Feature","properties":{"n":"玉蘭橋","k":2},"geometry":{"type":"LineString","coordinates":[[121.59286,24.66459],[121.59305,24.66477]]}},{"type":"Feature","properties":{"n":"泰雅路一段","k":2},"geometry":{"type":"LineString","coordinates":[[121.59888,24.66727],[121.60159,24.66841],[121.60247,24.66907],[121.60282,24.66922],[121.60322,24.66951],[121.60365,24.66991],[121.6042,24.67058],[121.60442,24.67097],[121.60498,24.6716]]}},{"type":"Feature","properties":{"n":"泰雅路一段","k":2},"geometry":{"type":"LineString","coordinates":[[121.60568,24.67203],[121.60619,24.67228],[121.60668,24.67245],[121.60773,24.67262],[121.60833,24.67284],[121.60876,24.6731],[121.6097,24.67388],[121.60989,24.6742],[121.60991,24.6744],[121.60985,24.67546],[121.60983,24.6773]]}},{"type":"Feature","properties":{"n":"羅裕橋","k":2},"geometry":{"type":"LineString","coordinates":[[121.60498,24.6716],[121.60568,24.67203]]}},{"type":"Feature","properties":{"n":"三星路七段","k":2},"geometry":{"type":"LineString","coordinates":[[121.62145,24.66172],[121.63051,24.66256]]}},{"type":"Feature","properties":{"n":"三星路六段","k":2},"geometry":{"type":"LineString","coordinates":[[121.63051,24.66256],[121.64181,24.6646],[121.64777,24.6655]]}},{"type":"Feature","properties":{"n":"崙埤一號橋","k":2},"geometry":{"type":"LineString","coordinates":[[121.61016,24.67807],[121.61031,24.67812]]}},{"type":"Feature","properties":{"n":"冷水坑橋","k":2},"geometry":{"type":"LineString","coordinates":[[121.62633,24.68682],[121.62692,24.68717]]}},{"type":"Feature","properties":{"n":"雙連埤產業道路","k":2},"geometry":{"type":"LineString","coordinates":[[121.65465,24.75439],[121.65441,24.75404],[121.65406,24.75386],[121.65395,24.75374],[121.65393,24.7535],[121.65422,24.75304],[121.6542,24.75284],[121.65398,24.75267],[121.65351,24.75253],[121.65335,24.75216],[121.65319,24.75202],[121.65272,24.75182],[121.65219,24.75185],[121.65172,24.752],[121.65144,24.75224],[121.65115,24.75232],[121.64955,24.75183],[121.64945,24.75171],[121.64946,24.75159],[121.64965,24.7515],[121.64992,24.75159],[121.65031,24.75182],[121.65075,24.75195],[121.65095,24.75196],[121.65107,24.75187],[121.65108,24.75175],[121.65098,24.75164],[121.65059,24.75152],[121.65011,24.75123],[121.64956,24.75117],[121.64945,24.75109],[121.64923,24.75039],[121.64928,24.75029],[121.6496,24.75003],[121.64982,24.74938],[121.65003,24.74915],[121.65003,24.749],[121.64994,24.74879],[121.65,24.74853],[121.64996,24.74823],[121.65002,24.74795],[121.6507,24.74712],[121.65108,24.74683],[121.65108,24.74668],[121.65095,24.74658],[121.65074,24.74663],[121.65048,24.74691],[121.65032,24.74699],[121.64899,24.74681],[121.6488,24.74686],[121.64802,24.74724],[121.64791,24.74734],[121.64777,24.74773],[121.64673,24.74831],[121.64643,24.7484],[121.64635,24.74855],[121.64631,24.74898],[121.64625,24.74915],[121.6459,24.74962],[121.64577,24.74968],[121.64515,24.74978],[121.64475,24.75013],[121.64413,24.7502],[121.64377,24.75032],[121.64365,24.75046],[121.64353,24.75088],[121.64343,24.75098],[121.64264,24.7511],[121.64252,24.75117],[121.64241,24.75158],[121.64219,24.75177],[121.64213,24.75193],[121.64216,24.75273],[121.64188,24.75303],[121.64169,24.75351],[121.64147,24.7537],[121.64104,24.7538],[121.64031,24.75413],[121.63989,24.75421],[121.63912,24.75422],[121.63794,24.75466],[121.63758,24.75473],[121.63734,24.75469],[121.6364,24.75427],[121.63386,24.75372],[121.63363,24.75372],[121.63298,24.75397],[121.63278,24.75398],[121.63195,24.75368]]}},{"type":"Feature","properties":{"n":"谷風隧道","k":2},"geometry":{"type":"LineString","coordinates":[[121.77939,24.36776],[121.77868,24.3662],[121.77772,24.36447],[121.77567,24.3611],[121.7739,24.35862],[121.77017,24.35379],[121.76753,24.35027],[121.76617,24.3479],[121.76517,24.34581],[121.76439,24.34332],[121.76392,24.34099],[121.76372,24.33875],[121.76386,24.33556],[121.76412,24.33396],[121.76506,24.32954]]}},{"type":"Feature","properties":{"n":"谷風隧道","k":2},"geometry":{"type":"LineString","coordinates":[[121.76535,24.33007],[121.76453,24.33401],[121.76427,24.33562],[121.76412,24.33749],[121.76412,24.33877],[121.76431,24.34096],[121.76472,24.3431],[121.76526,24.34492],[121.76573,24.34613],[121.7662,24.34717],[121.76651,24.34779],[121.76757,24.34962],[121.76847,24.35095],[121.77046,24.35365],[121.7724,24.3561],[121.77427,24.35859],[121.77603,24.36112],[121.77716,24.36281],[121.77811,24.36443],[121.77976,24.36759]]}},{"type":"Feature","properties":{"n":"蘇花路一段","k":2},"geometry":{"type":"LineString","coordinates":[[121.7707,24.34244],[121.77073,24.34209],[121.77066,24.34183],[121.77039,24.34127],[121.7702,24.34098],[121.76948,24.34026],[121.76936,24.33986],[121.76915,24.33854],[121.76864,24.33682],[121.76825,24.33612],[121.7681,24.33557],[121.76765,24.33439],[121.76731,24.33309],[121.76622,24.33031],[121.76577,24.32882],[121.76543,24.32813],[121.76486,24.3263],[121.76446,24.32555],[121.76394,24.32489],[121.7637,24.3242],[121.76305,24.32328],[121.76288,24.32279],[121.76261,24.32236],[121.76235,24.32207],[121.76162,24.32182],[121.76077,24.32182],[121.76028,24.3216],[121.76011,24.32158],[121.75745,24.32163],[121.75438,24.32126],[121.75368,24.321],[121.75284,24.32101],[121.75268,24.32106],[121.7525,24.32137],[121.75241,24.32144],[121.75186,24.3216],[121.75138,24.32195],[121.75104,24.32233],[121.74975,24.32283]]}},{"type":"Feature","properties":{"n":"蘇花路一段","k":2},"geometry":{"type":"LineString","coordinates":[[121.77068,24.34535],[121.77076,24.34516],[121.77122,24.34466],[121.77127,24.34441],[121.77125,24.34422],[121.77075,24.34293],[121.77068,24.34261]]}},{"type":"Feature","properties":{"n":"蘇花路一段","k":2},"geometry":{"type":"LineString","coordinates":[[121.78619,24.40088],[121.78635,24.40072],[121.78689,24.40047],[121.78699,24.40038],[121.78706,24.40017],[121.78705,24.39979],[121.78692,24.39942],[121.78687,24.3991],[121.78676,24.39891],[121.78669,24.39862],[121.78675,24.39833],[121.78673,24.39823],[121.7863,24.39769],[121.78565,24.39739],[121.78558,24.39732],[121.78538,24.39692],[121.78515,24.39626],[121.78485,24.39593],[121.7844,24.39555],[121.78432,24.39535],[121.78433,24.39519],[121.78455,24.39479],[121.78459,24.39446],[121.78472,24.39427],[121.78515,24.39404],[121.78531,24.39385],[121.78522,24.39326],[121.78513,24.39304],[121.78506,24.39298],[121.78492,24.3929],[121.78423,24.39272],[121.78402,24.39253],[121.78359,24.39201],[121.78348,24.39151],[121.7835,24.39139],[121.78364,24.39123],[121.78469,24.3908],[121.78485,24.39064],[121.78489,24.39053],[121.78486,24.39028],[121.78466,24.3899],[121.78454,24.38951],[121.78454,24.38892],[121.78422,24.38857],[121.78419,24.38835],[121.78421,24.3882],[121.78455,24.38772],[121.78463,24.38653],[121.78455,24.38612],[121.78486,24.38486],[121.78478,24.3842],[121.78405,24.38288],[121.78407,24.38255],[121.78442,24.38131],[121.78455,24.38037],[121.78446,24.38026],[121.78404,24.38006],[121.78392,24.37993],[121.78376,24.37923],[121.78347,24.37858],[121.78322,24.37823],[121.7832,24.37813],[121.78329,24.37792],[121.7842,24.37689],[121.78422,24.37674],[121.78394,24.37619],[121.78395,24.37609],[121.78431,24.37533],[121.78445,24.37458],[121.78479,24.37432],[121.78494,24.37406],[121.78517,24.37311],[121.78515,24.373],[121.78511,24.3729],[121.78501,24.37284],[121.78469,24.37273],[121.78442,24.37279],[121.78423,24.37276],[121.78397,24.3726],[121.78296,24.37217],[121.78268,24.37214],[121.78234,24.37203],[121.7823,24.37196],[121.7823,24.37159],[121.78207,24.37102],[121.78213,24.37064],[121.78211,24.37051],[121.78188,24.3699],[121.78176,24.36978],[121.78093,24.36939],[121.78072,24.36936],[121.78043,24.36923],[121.78019,24.36921],[121.7798,24.36941],[121.77917,24.36952],[121.77876,24.36986],[121.77853,24.36995],[121.77831,24.36983],[121.77827,24.36972],[121.77833,24.36937],[121.77825,24.36922],[121.77814,24.36914]]}},{"type":"Feature","properties":{"n":"蘇花路一段","k":2},"geometry":{"type":"LineString","coordinates":[[121.77174,24.34694],[121.77167,24.34674],[121.77193,24.34643],[121.77197,24.34631],[121.77177,24.34574],[121.77166,24.34565],[121.77149,24.34561],[121.77088,24.3456],[121.77076,24.34553]]}},{"type":"Feature","properties":{"n":"蘇花路一段","k":2},"geometry":{"type":"LineString","coordinates":[[121.77539,24.36639],[121.77547,24.36633],[121.77567,24.36633],[121.77614,24.36677],[121.77671,24.36717],[121.77687,24.36723],[121.77727,24.36723],[121.77803,24.367],[121.77934,24.3671],[121.77994,24.36684],[121.78019,24.36654],[121.78075,24.36614],[121.7809,24.36587],[121.78094,24.36563],[121.78089,24.36551],[121.78051,24.3652],[121.78019,24.36481],[121.77942,24.36431],[121.77923,24.36408],[121.77918,24.36375],[121.7792,24.36301],[121.78003,24.36171],[121.78011,24.36142],[121.77985,24.3608],[121.77957,24.36043],[121.77932,24.35994],[121.77878,24.35954],[121.7786,24.35875],[121.7781,24.35805],[121.77738,24.3567],[121.77732,24.35627],[121.77739,24.3554],[121.77716,24.35479],[121.77673,24.35425],[121.77658,24.35376],[121.77571,24.35271],[121.77561,24.35238],[121.7756,24.3521],[121.77593,24.3512],[121.77594,24.35087],[121.77567,24.35044],[121.77495,24.35014],[121.77482,24.35003],[121.77453,24.3492],[121.7742,24.34876],[121.77404,24.34866],[121.77372,24.34865],[121.77334,24.34851],[121.77325,24.34811],[121.77324,24.34765],[121.77321,24.34752],[121.77312,24.34742],[121.77257,24.3471],[121.77185,24.34702]]}},{"type":"Feature","properties":{"n":"蘇花路一段","k":2},"geometry":{"type":"LineString","coordinates":[[121.77806,24.36907],[121.77788,24.36896],[121.77738,24.36905],[121.77722,24.36901],[121.77623,24.36845],[121.776,24.36837],[121.77581,24.36821],[121.77559,24.36784],[121.77498,24.36749]]}},{"type":"Feature","properties":{"n":"蘇花路一段","k":2},"geometry":{"type":"LineString","coordinates":[[121.77493,24.36729],[121.7753,24.36654]]}},{"type":"Feature","properties":{"n":"蘇花路一段","k":2},"geometry":{"type":"LineString","coordinates":[[121.78182,24.44029],[121.78179,24.44009],[121.78187,24.43973],[121.78212,24.43941],[121.78541,24.43742],[121.78567,24.43719],[121.78571,24.43695],[121.78566,24.43678],[121.78559,24.43661],[121.78534,24.43635],[121.78506,24.43629],[121.78475,24.43631],[121.78438,24.43644],[121.78411,24.43644],[121.78382,24.43628],[121.78376,24.43613],[121.78379,24.43598],[121.78387,24.43582],[121.78412,24.43556],[121.78471,24.4352],[121.78505,24.43508],[121.78518,24.43498],[121.78527,24.43479],[121.78528,24.43401],[121.78552,24.43334],[121.7857,24.43298],[121.78585,24.43283],[121.78597,24.43277],[121.78648,24.43273],[121.78683,24.43265],[121.7874,24.43237],[121.78759,24.43222],[121.78768,24.43205],[121.78766,24.43185],[121.78731,24.43129],[121.78725,24.43106],[121.78731,24.43058],[121.78732,24.42986],[121.78748,24.42941],[121.78836,24.42859],[121.78841,24.42843],[121.78836,24.42802],[121.78844,24.42792],[121.78928,24.42732],[121.78943,24.42716],[121.78951,24.42702],[121.78952,24.42687],[121.78945,24.4263],[121.78959,24.42607],[121.79016,24.42571],[121.79047,24.4253],[121.79148,24.42477],[121.79169,24.42448],[121.79168,24.42421],[121.79163,24.42408],[121.79151,24.42397],[121.79132,24.42391],[121.78991,24.42389],[121.78977,24.42385],[121.7896,24.4237],[121.78951,24.42351],[121.7895,24.42335],[121.78962,24.42287],[121.78992,24.42252],[121.78998,24.42237],[121.78994,24.42211],[121.78973,24.4218],[121.78975,24.42167],[121.79001,24.42131],[121.79014,24.42103],[121.79013,24.42093],[121.79003,24.42079],[121.78966,24.42047],[121.78955,24.42031],[121.78949,24.42008],[121.79027,24.41743],[121.7903,24.41666],[121.79013,24.41569],[121.79015,24.41554],[121.79023,24.4154],[121.79056,24.4151],[121.79057,24.4148],[121.79037,24.41399],[121.7901,24.41361],[121.78967,24.41281],[121.78891,24.41233],[121.78855,24.41169],[121.78846,24.41142],[121.78822,24.41113],[121.78813,24.4109],[121.78804,24.41077],[121.78764,24.41043],[121.78755,24.41029],[121.78743,24.4099],[121.78716,24.40939],[121.78738,24.40861],[121.78737,24.4078]]}},{"type":"Feature","properties":{"n":"蘇花路一段","k":2},"geometry":{"type":"LineString","coordinates":[[121.78739,24.40769],[121.78769,24.40708],[121.78805,24.40666],[121.78808,24.40647],[121.78771,24.40598],[121.78761,24.4056],[121.78733,24.40509],[121.78731,24.40495],[121.78746,24.4046],[121.78746,24.40449],[121.78731,24.40429],[121.78692,24.40409],[121.78679,24.4039],[121.7867,24.40355],[121.78675,24.40298],[121.78671,24.40271],[121.7861,24.40132],[121.78607,24.4011]]}},{"type":"Feature","properties":{"n":"蘇花路一段","k":2},"geometry":{"type":"LineString","coordinates":[[121.78108,24.44929],[121.78128,24.4491],[121.78194,24.44824],[121.78211,24.44812],[121.78236,24.44803],[121.78262,24.44784],[121.78299,24.44745],[121.78356,24.44698],[121.78379,24.44641],[121.78367,24.44582],[121.78353,24.44546],[121.7829,24.44482],[121.78285,24.44454],[121.78296,24.44419],[121.78293,24.444],[121.78277,24.44364],[121.78257,24.44338],[121.78216,24.44266],[121.78218,24.44184],[121.78225,24.44145],[121.78185,24.44037]]}},{"type":"Feature","properties":{"n":"和平溪橋","k":2},"geometry":{"type":"LineString","coordinates":[[121.76429,24.31965],[121.76361,24.3185],[121.7614,24.31525],[121.76092,24.31441],[121.76033,24.31307],[121.75992,24.31198],[121.75975,24.3117],[121.75937,24.31129],[121.75894,24.31104],[121.75869,24.31095],[121.75817,24.31086],[121.75767,24.3109],[121.7574,24.31098],[121.75547,24.31186],[121.75407,24.31233],[121.75319,24.31252],[121.75227,24.31264],[121.75137,24.31267],[121.74987,24.31255]]}},{"type":"Feature","properties":{"n":"和平溪橋","k":2},"geometry":{"type":"LineString","coordinates":[[121.74989,24.31245],[121.75138,24.31254],[121.75299,24.31245],[121.75395,24.31225],[121.755,24.31195],[121.75548,24.31178],[121.75735,24.31093],[121.75765,24.31085],[121.75816,24.31079],[121.75839,24.31081],[121.75909,24.31102],[121.75935,24.31118],[121.75964,24.31145],[121.75995,24.31189],[121.76069,24.31376],[121.761,24.31441],[121.76148,24.31523],[121.76394,24.31888],[121.76435,24.31963]]}},{"type":"Feature","properties":{"n":"澳花隧道","k":2},"geometry":{"type":"LineString","coordinates":[[121.74975,24.32283],[121.74793,24.32513],[121.74762,24.32537],[121.74731,24.32551],[121.74617,24.32591]]}},{"type":"Feature","properties":{"n":"大濁水橋","k":2},"geometry":{"type":"LineString","coordinates":[[121.74099,24.32085],[121.74097,24.3213],[121.74103,24.32162],[121.74128,24.32213],[121.74412,24.3253],[121.74445,24.32558],[121.74491,24.32581],[121.74549,24.32593],[121.74589,24.32591]]}},{"type":"Feature","properties":{"n":"大濁水橋","k":2},"geometry":{"type":"LineString","coordinates":[[121.74591,24.32598],[121.7455,24.32599],[121.74489,24.32587],[121.74445,24.32565],[121.74406,24.32533],[121.74122,24.32216],[121.74096,24.32164],[121.7409,24.32132],[121.74094,24.32085]]}},{"type":"Feature","properties":{"n":"蘇花公路","k":2},"geometry":{"type":"LineString","coordinates":[[121.74589,24.32591],[121.74617,24.32591],[121.74591,24.32598]]}},{"type":"Feature","properties":{"n":"蘇花改","k":2},"geometry":{"type":"LineString","coordinates":[[121.76547,24.32438],[121.76541,24.3235],[121.76513,24.32201],[121.76494,24.3213],[121.76464,24.32045],[121.76429,24.31965]]}},{"type":"Feature","properties":{"n":"蘇花改","k":2},"geometry":{"type":"LineString","coordinates":[[121.76435,24.31963],[121.76473,24.32041],[121.76503,24.32128],[121.76542,24.32282],[121.76564,24.32438]]}},{"type":"Feature","properties":{"n":"蘇花改","k":2},"geometry":{"type":"LineString","coordinates":[[121.76454,24.31998],[121.76468,24.32016],[121.76487,24.32061],[121.76541,24.32238],[121.76571,24.32436]]}},{"type":"Feature","properties":{"n":"蘇花改","k":2},"geometry":{"type":"LineString","coordinates":[[121.77463,24.43614],[121.7745,24.43704]]}},{"type":"Feature","properties":{"n":"蘇花改","k":2},"geometry":{"type":"LineString","coordinates":[[121.77414,24.43702],[121.77429,24.43607]]}},{"type":"Feature","properties":{"n":"蘇花改","k":2},"geometry":{"type":"LineString","coordinates":[[121.78463,24.46023],[121.78407,24.45986],[121.78159,24.45851],[121.78048,24.45765],[121.77982,24.457],[121.77952,24.45664],[121.77899,24.45592],[121.77835,24.45468],[121.77805,24.45395],[121.7778,24.45314],[121.77731,24.4511]]}},{"type":"Feature","properties":{"n":"蘇花改","k":2},"geometry":{"type":"LineString","coordinates":[[121.77749,24.45105],[121.77799,24.45335],[121.77829,24.4543],[121.77875,24.45532],[121.77905,24.45584],[121.77956,24.45657],[121.78023,24.45733],[121.78139,24.45829],[121.782,24.45868],[121.7847,24.46014]]}},{"type":"Feature","properties":{"n":"蘇花改","k":2},"geometry":{"type":"LineString","coordinates":[[121.78973,24.4635],[121.78862,24.46312],[121.78807,24.46279],[121.78741,24.46228]]}},{"type":"Feature","properties":{"n":"蘇花改","k":2},"geometry":{"type":"LineString","coordinates":[[121.78749,24.4622],[121.78798,24.46261],[121.78871,24.46309],[121.7892,24.46329],[121.78975,24.46342]]}},{"type":"Feature","properties":{"n":"蘇花改","k":2},"geometry":{"type":"LineString","coordinates":[[121.79701,24.46435],[121.79605,24.46436],[121.7956,24.46445]]}},{"type":"Feature","properties":{"n":"蘇花改","k":2},"geometry":{"type":"LineString","coordinates":[[121.79817,24.46388],[121.79803,24.46391],[121.79745,24.46429],[121.79724,24.46436],[121.79701,24.46435]]}},{"type":"Feature","properties":{"n":"蘇花改","k":2},"geometry":{"type":"LineString","coordinates":[[121.79557,24.46436],[121.79637,24.46425],[121.79688,24.46429],[121.79701,24.46435]]}},{"type":"Feature","properties":{"n":"蘇花改","k":2},"geometry":{"type":"LineString","coordinates":[[121.83013,24.51693],[121.82915,24.51824],[121.8286,24.5194]]}},{"type":"Feature","properties":{"n":"蘇花改","k":2},"geometry":{"type":"LineString","coordinates":[[121.8285,24.51936],[121.82877,24.51875],[121.82925,24.5179],[121.83006,24.51684]]}},{"type":"Feature","properties":{"n":"蘇花改","k":2},"geometry":{"type":"LineString","coordinates":[[121.83499,24.53295],[121.83528,24.53358]]}},{"type":"Feature","properties":{"n":"蘇花改","k":2},"geometry":{"type":"LineString","coordinates":[[121.83494,24.5337],[121.8348,24.53337]]}},{"type":"Feature","properties":{"n":"蘇花改","k":2},"geometry":{"type":"LineString","coordinates":[[121.8431,24.563],[121.84304,24.56287]]}},{"type":"Feature","properties":{"n":"蘇花改","k":2},"geometry":{"type":"LineString","coordinates":[[121.84775,24.57095],[121.8477,24.57033]]}},{"type":"Feature","properties":{"n":"蘇花改","k":2},"geometry":{"type":"LineString","coordinates":[[121.84778,24.57022],[121.84782,24.57095]]}},{"type":"Feature","properties":{"n":"蘇花改","k":2},"geometry":{"type":"LineString","coordinates":[[121.84697,24.59175],[121.84821,24.59113],[121.84862,24.59081],[121.84912,24.59019],[121.84935,24.58973]]}},{"type":"Feature","properties":{"n":"蘇花改","k":2},"geometry":{"type":"LineString","coordinates":[[121.84942,24.58975],[121.84908,24.59042],[121.84894,24.59062],[121.84852,24.59104],[121.84808,24.59132],[121.84755,24.59155],[121.84707,24.59184]]}},{"type":"Feature","properties":{"n":"蘇花改","k":2},"geometry":{"type":"LineString","coordinates":[[121.84619,24.5937],[121.84615,24.59422]]}},{"type":"Feature","properties":{"n":"蘇花改","k":2},"geometry":{"type":"LineString","coordinates":[[121.84615,24.59422],[121.84605,24.59372]]}},{"type":"Feature","properties":{"n":"蘇花改","k":2},"geometry":{"type":"LineString","coordinates":[[121.84615,24.59422],[121.84616,24.59431]]}},{"type":"Feature","properties":{"n":"漢本高架橋","k":2},"geometry":{"type":"LineString","coordinates":[[121.76506,24.32954],[121.7654,24.32755],[121.76552,24.32582],[121.76547,24.32438]]}},{"type":"Feature","properties":{"n":"漢本高架橋","k":2},"geometry":{"type":"LineString","coordinates":[[121.76564,24.32438],[121.76575,24.32648],[121.76563,24.32815],[121.76535,24.33007],[121.76546,24.32958],[121.76574,24.32696],[121.7658,24.32574],[121.76571,24.32436]]}},{"type":"Feature","properties":{"n":"谷風一橋","k":2},"geometry":{"type":"LineString","coordinates":[[121.77068,24.34261],[121.7707,24.34244]]}},{"type":"Feature","properties":{"n":"觀音隧道","k":2},"geometry":{"type":"LineString","coordinates":[[121.77429,24.43607],[121.7749,24.43306],[121.77567,24.43108],[121.77627,24.42994],[121.77712,24.42871],[121.77805,24.4276],[121.78149,24.42419],[121.78286,24.42256],[121.78398,24.42088],[121.78488,24.4192],[121.78544,24.41788],[121.78605,24.41609],[121.78645,24.41423],[121.7867,24.41201],[121.78671,24.41099],[121.78659,24.40868],[121.78477,24.38849],[121.78412,24.383],[121.78375,24.38078],[121.78344,24.37931],[121.78235,24.3752],[121.78186,24.37367],[121.78084,24.37089],[121.77962,24.36825]]}},{"type":"Feature","properties":{"n":"觀音隧道","k":2},"geometry":{"type":"LineString","coordinates":[[121.78003,24.36815],[121.78097,24.37025],[121.78202,24.37301],[121.7829,24.37574],[121.78356,24.37823],[121.78406,24.3805],[121.78446,24.38293],[121.78477,24.38526],[121.78693,24.40864],[121.78706,24.41067],[121.78705,24.41217],[121.78696,24.41341],[121.78657,24.4156],[121.78627,24.41667],[121.78592,24.41776],[121.78483,24.4202],[121.7837,24.42204],[121.78207,24.42414],[121.78037,24.42587],[121.77903,24.42715],[121.77759,24.42869],[121.77651,24.43023],[121.77585,24.43149],[121.77531,24.43285],[121.77493,24.43425],[121.77463,24.43614]]}},{"type":"Feature","properties":{"n":"關戶橋","k":2},"geometry":{"type":"LineString","coordinates":[[121.77185,24.34702],[121.77174,24.34694]]}},{"type":"Feature","properties":{"n":"谷風橋","k":2},"geometry":{"type":"LineString","coordinates":[[121.77076,24.34553],[121.77068,24.34535]]}},{"type":"Feature","properties":{"n":"半邊橋","k":2},"geometry":{"type":"LineString","coordinates":[[121.77814,24.36914],[121.77806,24.36907]]}},{"type":"Feature","properties":{"n":"第一觀音橋","k":2},"geometry":{"type":"LineString","coordinates":[[121.77498,24.36749],[121.77493,24.36729]]}},{"type":"Feature","properties":{"n":"臺9丁線","k":2},"geometry":{"type":"LineString","coordinates":[[121.7753,24.36654],[121.77539,24.36639]]}},{"type":"Feature","properties":{"n":"鼓音橋","k":2},"geometry":{"type":"LineString","coordinates":[[121.77962,24.36825],[121.77939,24.36776]]}},{"type":"Feature","properties":{"n":"鼓音橋","k":2},"geometry":{"type":"LineString","coordinates":[[121.77976,24.36759],[121.78003,24.36815]]}},{"type":"Feature","properties":{"n":"利眾橋","k":2},"geometry":{"type":"LineString","coordinates":[[121.78607,24.4011],[121.78619,24.40088]]}},{"type":"Feature","properties":{"n":"高峰橋","k":2},"geometry":{"type":"LineString","coordinates":[[121.78737,24.4078],[121.78739,24.40769]]}},{"type":"Feature","properties":{"n":"南澳南溪橋","k":2},"geometry":{"type":"LineString","coordinates":[[121.77382,24.4429],[121.77371,24.44208],[121.7737,24.44092],[121.77377,24.43995],[121.77414,24.43702]]}},{"type":"Feature","properties":{"n":"南澳南溪橋","k":2},"geometry":{"type":"LineString","coordinates":[[121.7745,24.43704],[121.77414,24.43991],[121.77407,24.44103],[121.7741,24.44229],[121.77416,24.44277]]}},{"type":"Feature","properties":{"n":"南澳南溪橋","k":2},"geometry":{"type":"LineString","coordinates":[[121.77377,24.4425],[121.77365,24.44206],[121.77365,24.44034],[121.77387,24.43849],[121.77403,24.43777]]}},{"type":"Feature","properties":{"n":"武塔高架橋","k":2},"geometry":{"type":"LineString","coordinates":[[121.77552,24.44667],[121.77675,24.44886],[121.77722,24.45004],[121.77749,24.45105]]}},{"type":"Feature","properties":{"n":"武塔高架橋","k":2},"geometry":{"type":"LineString","coordinates":[[121.77731,24.4511],[121.77711,24.45037],[121.77644,24.44881],[121.77527,24.44682]]}},{"type":"Feature","properties":{"n":"武塔隧道","k":2},"geometry":{"type":"LineString","coordinates":[[121.77527,24.44682],[121.77433,24.44474],[121.77382,24.4429]]}},{"type":"Feature","properties":{"n":"武塔隧道","k":2},"geometry":{"type":"LineString","coordinates":[[121.77416,24.44277],[121.77457,24.44455],[121.7751,24.44583],[121.77552,24.44667]]}},{"type":"Feature","properties":{"n":"高峰一橋","k":2},"geometry":{"type":"LineString","coordinates":[[121.78185,24.44037],[121.78184,24.44033]]}},{"type":"Feature","properties":{"n":"高峰二橋","k":2},"geometry":{"type":"LineString","coordinates":[[121.78184,24.44033],[121.78182,24.44029]]}},{"type":"Feature","properties":{"n":"蘇花路二段","k":2},"geometry":{"type":"LineString","coordinates":[[121.78795,24.45933],[121.78784,24.45927],[121.78769,24.45929],[121.78566,24.46023],[121.78466,24.46038],[121.78379,24.46037],[121.78273,24.46011],[121.78168,24.45962],[121.78085,24.45906],[121.77986,24.4581],[121.77944,24.45752],[121.77906,24.45685],[121.77876,24.45601],[121.77784,24.45392],[121.77686,24.45211],[121.77676,24.45156],[121.77669,24.45046],[121.77686,24.45],[121.77695,24.4499],[121.77712,24.44972],[121.77787,24.44921],[121.77837,24.44902],[121.77884,24.44902],[121.77944,24.44909]]}},{"type":"Feature","properties":{"n":"蘇花路二段","k":2},"geometry":{"type":"LineString","coordinates":[[121.78096,24.44929],[121.78108,24.44929]]}},{"type":"Feature","properties":{"n":"蘇花路二段","k":2},"geometry":{"type":"LineString","coordinates":[[121.79023,24.46154],[121.78972,24.46139],[121.78928,24.46112],[121.78882,24.46052]]}},{"type":"Feature","properties":{"n":"蘇花路二段","k":2},"geometry":{"type":"LineString","coordinates":[[121.802,24.46499],[121.79034,24.46157]]}},{"type":"Feature","properties":{"n":"蘇花路二段","k":2},"geometry":{"type":"LineString","coordinates":[[121.8165,24.47528],[121.8162,24.47523],[121.81588,24.47504],[121.81574,24.4749],[121.81489,24.47364],[121.81482,24.47346],[121.81484,24.47256],[121.81467,24.47229],[121.81387,24.47155],[121.81278,24.471],[121.81222,24.47089],[121.81192,24.47075],[121.81167,24.47045],[121.81101,24.4693],[121.81093,24.46924],[121.81072,24.4692],[121.8101,24.46937],[121.80971,24.46994],[121.80951,24.47012],[121.8092,24.47024],[121.80904,24.47023],[121.80791,24.46987],[121.80759,24.46969],[121.80746,24.46948],[121.80749,24.46884],[121.80728,24.46829],[121.80656,24.4676],[121.80589,24.46709],[121.80375,24.46573],[121.80307,24.46537],[121.80233,24.46509]]}},{"type":"Feature","properties":{"n":"蘇花路二段","k":2},"geometry":{"type":"LineString","coordinates":[[121.82369,24.48384],[121.82349,24.48358],[121.82338,24.48297],[121.82341,24.48269],[121.82365,24.48243],[121.8238,24.48217],[121.82377,24.48199],[121.82333,24.48159],[121.82345,24.48067],[121.82344,24.48043],[121.8233,24.48026],[121.82264,24.47974],[121.82259,24.47958],[121.82281,24.47896],[121.82329,24.47856],[121.82329,24.4784],[121.82312,24.47827],[121.8224,24.47823],[121.82189,24.47801],[121.82172,24.478],[121.82112,24.47816],[121.82079,24.47818],[121.82053,24.47812],[121.82037,24.47795],[121.82043,24.47748],[121.82079,24.47676],[121.821,24.47576],[121.82167,24.47514],[121.82246,24.47478],[121.82261,24.47469],[121.82271,24.47453],[121.82273,24.47443],[121.82245,24.47384],[121.8219,24.47313],[121.82154,24.47288],[121.82084,24.47273],[121.82003,24.47263],[121.81961,24.47249],[121.81957,24.47233],[121.81976,24.47158],[121.81982,24.47113],[121.81975,24.47096],[121.81967,24.47087],[121.81898,24.47045],[121.81886,24.47039],[121.81865,24.47038],[121.81853,24.47044],[121.81848,24.47053],[121.81851,24.47079],[121.81873,24.47091],[121.81934,24.47099],[121.81951,24.47115],[121.81952,24.47134],[121.8192,24.47262],[121.81933,24.47279],[121.82004,24.47322],[121.82016,24.47348],[121.82016,24.47361],[121.82005,24.47385],[121.81987,24.47402],[121.81845,24.47509],[121.81827,24.47521],[121.81799,24.47531],[121.81757,24.47534]]}},{"type":"Feature","properties":{"n":"蘇花路二段","k":2},"geometry":{"type":"LineString","coordinates":[[121.83148,24.49136],[121.83155,24.49181],[121.83175,24.49212],[121.8316,24.49204],[121.83147,24.49189],[121.83124,24.49137]]}},{"type":"Feature","properties":{"n":"澳尾橋","k":2},"geometry":{"type":"LineString","coordinates":[[121.77944,24.44909],[121.78096,24.44929]]}},{"type":"Feature","properties":{"n":"南澳北溪橋","k":2},"geometry":{"type":"LineString","coordinates":[[121.78741,24.46228],[121.78613,24.46126],[121.78463,24.46023]]}},{"type":"Feature","properties":{"n":"南澳北溪橋","k":2},"geometry":{"type":"LineString","coordinates":[[121.7847,24.46014],[121.78629,24.46124],[121.78749,24.4622]]}},{"type":"Feature","properties":{"n":"南澳橋","k":2},"geometry":{"type":"LineString","coordinates":[[121.78882,24.46052],[121.78795,24.45933]]}},{"type":"Feature","properties":{"n":"公務車專用道","k":2},"geometry":{"type":"LineString","coordinates":[[121.78982,24.46319],[121.78967,24.46327],[121.78975,24.46342]]}},{"type":"Feature","properties":{"n":"八十八號橋","k":2},"geometry":{"type":"LineString","coordinates":[[121.79034,24.46157],[121.79023,24.46154]]}},{"type":"Feature","properties":{"n":"大南澳陸橋","k":2},"geometry":{"type":"LineString","coordinates":[[121.7956,24.46445],[121.79427,24.46491],[121.79373,24.46498],[121.79296,24.4649],[121.79231,24.46465],[121.79129,24.46404],[121.79082,24.46382],[121.78973,24.4635]]}},{"type":"Feature","properties":{"n":"大南澳陸橋","k":2},"geometry":{"type":"LineString","coordinates":[[121.78975,24.46342],[121.79101,24.46381],[121.79236,24.46457],[121.79299,24.46482],[121.79343,24.46489],[121.79399,24.46488],[121.79462,24.46471],[121.79557,24.46436]]}},{"type":"Feature","properties":{"n":"蘇花路三段","k":2},"geometry":{"type":"LineString","coordinates":[[121.82967,24.51529],[121.83016,24.51436],[121.83028,24.51425],[121.83077,24.514],[121.83088,24.51384],[121.83103,24.51332],[121.83122,24.51287],[121.83124,24.51249],[121.8313,24.51235],[121.83152,24.51227],[121.83214,24.5123],[121.83233,24.51223],[121.83251,24.51201],[121.83259,24.51155],[121.83227,24.51105],[121.83221,24.5109],[121.83222,24.51075],[121.83232,24.51065],[121.83271,24.51052],[121.83286,24.51034],[121.83289,24.51016],[121.83283,24.50954],[121.83314,24.50849],[121.83306,24.50829],[121.83269,24.5081],[121.83255,24.50795],[121.83258,24.50772],[121.83301,24.50733],[121.83313,24.50711],[121.83306,24.50677],[121.8326,24.5063],[121.83255,24.50605],[121.83313,24.50515],[121.8339,24.50377],[121.83398,24.50365],[121.83412,24.50357],[121.83435,24.50357],[121.8345,24.50363],[121.83484,24.50403],[121.83544,24.50505],[121.83567,24.50519],[121.83585,24.50516],[121.83598,24.50506],[121.83626,24.50476],[121.83635,24.50456],[121.83627,24.50388],[121.83638,24.50274],[121.83617,24.50199],[121.83613,24.50167],[121.83623,24.5012],[121.83604,24.5005],[121.83603,24.49982],[121.83583,24.49948],[121.83587,24.49898],[121.83581,24.49884],[121.83528,24.49811],[121.83535,24.49787],[121.83546,24.49778],[121.83586,24.49762],[121.83628,24.49711],[121.83628,24.49692],[121.83604,24.49621],[121.83601,24.49581],[121.83594,24.49569],[121.83581,24.49561],[121.83523,24.49555],[121.83501,24.49537],[121.83493,24.49524],[121.83486,24.49478],[121.83511,24.49371],[121.8351,24.49353],[121.83455,24.49324],[121.83414,24.49287],[121.83373,24.49264],[121.83356,24.49264],[121.83264,24.49284],[121.83235,24.4928],[121.83221,24.4927],[121.83198,24.4923],[121.83175,24.49212]]}},{"type":"Feature","properties":{"n":"蘇花路三段","k":2},"geometry":{"type":"LineString","coordinates":[[121.84482,24.52528],[121.84462,24.52502],[121.84438,24.52481],[121.84438,24.52466],[121.84449,24.52429],[121.84443,24.52408],[121.84429,24.52396],[121.84345,24.52361],[121.84323,24.52331],[121.84288,24.52302],[121.84277,24.52286],[121.84266,24.52247],[121.84252,24.5223],[121.84194,24.52187],[121.84171,24.52174],[121.84141,24.52166],[121.84117,24.52175],[121.84102,24.52195],[121.84113,24.52223],[121.84149,24.52248],[121.84159,24.52273],[121.84158,24.52288],[121.84108,24.52382],[121.84085,24.52414],[121.8405,24.52441],[121.83975,24.52486],[121.83957,24.52492],[121.83915,24.52483],[121.83901,24.52473],[121.83889,24.52453],[121.83865,24.52391],[121.83852,24.52386],[121.83808,24.52397],[121.83791,24.52395],[121.8378,24.52383],[121.83765,24.52326],[121.83757,24.52316],[121.83696,24.52305],[121.83678,24.52284],[121.83668,24.52168],[121.83686,24.52111],[121.83688,24.52091],[121.83684,24.52076],[121.83661,24.52053]]}},{"type":"Feature","properties":{"n":"蘇花路三段","k":2},"geometry":{"type":"LineString","coordinates":[[121.83363,24.52099],[121.83296,24.52031],[121.83,24.51677],[121.82948,24.51605],[121.82944,24.51588],[121.8295,24.5156]]}},{"type":"Feature","properties":{"n":"蘇花路三段","k":2},"geometry":{"type":"LineString","coordinates":[[121.85336,24.52954],[121.85322,24.52945],[121.85306,24.52907],[121.85316,24.52858],[121.85312,24.52833],[121.85288,24.5281],[121.85262,24.52798],[121.85192,24.52782],[121.85177,24.52772],[121.85168,24.52758],[121.85172,24.527],[121.85186,24.52628],[121.85158,24.52573],[121.85139,24.5256],[121.85082,24.52548],[121.85046,24.52496],[121.85036,24.52489],[121.85018,24.52483],[121.84982,24.52481],[121.8494,24.52506],[121.8491,24.52506],[121.84887,24.52486],[121.84859,24.52435],[121.84839,24.52411],[121.84819,24.52405],[121.84755,24.52425],[121.8474,24.5242],[121.84694,24.52387],[121.84655,24.52373],[121.84622,24.52382],[121.84596,24.52444],[121.84587,24.52456],[121.84544,24.52484],[121.84536,24.52506]]}},{"type":"Feature","properties":{"n":"蘇花路三段","k":2},"geometry":{"type":"LineString","coordinates":[[121.86595,24.53887],[121.86548,24.53853],[121.86545,24.53846],[121.86545,24.5382],[121.86554,24.53802],[121.86555,24.53762],[121.86564,24.53741],[121.86639,24.5366],[121.86661,24.53628],[121.86689,24.53603],[121.86725,24.53582],[121.86768,24.53539],[121.86832,24.53457],[121.86833,24.53421],[121.86819,24.53398],[121.86766,24.53348],[121.86677,24.5333],[121.86639,24.533],[121.86608,24.53283],[121.86578,24.53275],[121.86548,24.53253],[121.86531,24.53222],[121.86535,24.53173],[121.86531,24.53156],[121.86515,24.53122],[121.86507,24.53115],[121.86421,24.53102],[121.86402,24.53107],[121.86368,24.53139],[121.8629,24.53148],[121.86247,24.53237],[121.86227,24.53311],[121.86219,24.53322],[121.86205,24.53326],[121.8617,24.53301],[121.86123,24.53256],[121.861,24.53217],[121.86065,24.53195],[121.8606,24.53182],[121.86059,24.53144],[121.86051,24.53128],[121.86011,24.53093],[121.85978,24.53044],[121.85964,24.53035],[121.85939,24.5303],[121.85834,24.53055],[121.8581,24.53054],[121.85788,24.53042],[121.85769,24.5302],[121.85754,24.52966],[121.85729,24.52942],[121.85712,24.52892],[121.85696,24.52869],[121.85617,24.52827],[121.85587,24.52799],[121.85562,24.52796],[121.85551,24.52803],[121.85512,24.52867],[121.85495,24.52887],[121.85414,24.52948],[121.85387,24.52959]]}},{"type":"Feature","properties":{"n":"蘇花路三段","k":2},"geometry":{"type":"LineString","coordinates":[[121.8672,24.54224],[121.86758,24.54163],[121.86772,24.54119],[121.86786,24.54045],[121.86781,24.54011],[121.86762,24.53975],[121.8675,24.53965],[121.86709,24.53948],[121.86671,24.53904],[121.86661,24.53898],[121.86622,24.53902],[121.86606,24.53896]]}},{"type":"Feature","properties":{"n":"武雲橋","k":2},"geometry":{"type":"LineString","coordinates":[[121.80233,24.46509],[121.802,24.46499]]}},{"type":"Feature","properties":{"n":"新澳橋","k":2},"geometry":{"type":"LineString","coordinates":[[121.81757,24.47534],[121.8165,24.47528]]}},{"type":"Feature","properties":{"n":"新澳隧道","k":2},"geometry":{"type":"LineString","coordinates":[[121.83124,24.49137],[121.82981,24.48986],[121.82369,24.48384]]}},{"type":"Feature","properties":{"n":"新澳隧道","k":2},"geometry":{"type":"LineString","coordinates":[[121.8235,24.48289],[121.8236,24.48313],[121.83137,24.49089],[121.83148,24.49115],[121.83148,24.49136]]}},{"type":"Feature","properties":{"n":"東澳隧道","k":2},"geometry":{"type":"LineString","coordinates":[[121.84304,24.56287],[121.84255,24.56192],[121.8422,24.56105],[121.84164,24.55918],[121.83565,24.53576],[121.83494,24.5337]]}},{"type":"Feature","properties":{"n":"東澳隧道","k":2},"geometry":{"type":"LineString","coordinates":[[121.83528,24.53358],[121.83568,24.53444],[121.83596,24.53526],[121.8365,24.53715],[121.84121,24.55555],[121.84246,24.56028],[121.84287,24.56147],[121.84356,24.56298]]}},{"type":"Feature","properties":{"n":"東岳橋","k":2},"geometry":{"type":"LineString","coordinates":[[121.8295,24.5156],[121.82967,24.51529]]}},{"type":"Feature","properties":{"n":"幸福高架橋","k":2},"geometry":{"type":"LineString","coordinates":[[121.8286,24.5194],[121.82838,24.52005],[121.82817,24.52101]]}},{"type":"Feature","properties":{"n":"幸福高架橋","k":2},"geometry":{"type":"LineString","coordinates":[[121.82805,24.52099],[121.82827,24.52],[121.8285,24.51936]]}},{"type":"Feature","properties":{"n":"東澳北溪河川橋","k":2},"geometry":{"type":"LineString","coordinates":[[121.8348,24.53337],[121.83359,24.53103],[121.83284,24.52987],[121.83132,24.52796],[121.82972,24.52616],[121.82915,24.52545],[121.82881,24.52488],[121.82845,24.52409],[121.82827,24.52361],[121.8281,24.52294]]}},{"type":"Feature","properties":{"n":"東澳北溪河川橋","k":2},"geometry":{"type":"LineString","coordinates":[[121.82823,24.52292],[121.82838,24.52357],[121.82855,24.52406],[121.82892,24.52483],[121.82926,24.52539],[121.82981,24.52609],[121.83092,24.52732],[121.83248,24.52917],[121.83378,24.53094],[121.83467,24.53236],[121.83499,24.53295]]}},{"type":"Feature","properties":{"n":"東岳隧道","k":2},"geometry":{"type":"LineString","coordinates":[[121.82817,24.52101],[121.82812,24.52191],[121.82823,24.52292]]}},{"type":"Feature","properties":{"n":"東岳隧道","k":2},"geometry":{"type":"LineString","coordinates":[[121.8281,24.52294],[121.82799,24.52191],[121.82805,24.52099]]}},{"type":"Feature","properties":{"n":"新東澳橋","k":2},"geometry":{"type":"LineString","coordinates":[[121.83363,24.52099],[121.83399,24.52102],[121.83441,24.52095],[121.83467,24.52078],[121.8351,24.52038],[121.8355,24.52021],[121.83584,24.52022],[121.83661,24.52053]]}},{"type":"Feature","properties":{"n":"蘇花路五段","k":2},"geometry":{"type":"LineString","coordinates":[[121.85542,24.59415],[121.85564,24.59399],[121.85579,24.59394],[121.85636,24.5939],[121.85666,24.59397],[121.85709,24.59435],[121.8574,24.59436],[121.85755,24.59428],[121.8575,24.59368],[121.85755,24.59301],[121.85765,24.59252],[121.85798,24.59182],[121.85802,24.5915],[121.85816,24.59116],[121.85845,24.59079],[121.85827,24.59035],[121.85824,24.59014],[121.85845,24.58952],[121.85898,24.58893],[121.85917,24.58828],[121.85929,24.58821],[121.85984,24.58824],[121.86016,24.5879],[121.86049,24.58787],[121.86078,24.58768],[121.86084,24.58751],[121.86077,24.58702],[121.8608,24.58677],[121.86097,24.58659],[121.86122,24.58655],[121.86152,24.58674],[121.86176,24.58682],[121.86186,24.58681],[121.86202,24.58663],[121.86216,24.58595],[121.86212,24.5858],[121.86194,24.58564],[121.86076,24.5851],[121.86066,24.58497],[121.8608,24.5837],[121.86134,24.58326],[121.86154,24.58254],[121.86176,24.58208],[121.86174,24.58182],[121.86158,24.5816],[121.86134,24.58146],[121.86093,24.58139],[121.86069,24.58108],[121.86055,24.58051],[121.86054,24.57979],[121.86076,24.57875],[121.86092,24.57853],[121.86187,24.57769],[121.86271,24.5772],[121.86348,24.57642],[121.86375,24.57621],[121.86405,24.57616],[121.86468,24.57633],[121.86568,24.57683],[121.86587,24.57683],[121.8662,24.57673],[121.86639,24.57654],[121.86646,24.57635],[121.86644,24.57611],[121.86624,24.57567],[121.86557,24.57454],[121.86544,24.57423],[121.86548,24.57407],[121.86587,24.57336],[121.8659,24.57308],[121.86585,24.57266],[121.86587,24.5723],[121.86614,24.57173],[121.86649,24.57124],[121.86654,24.57109],[121.86658,24.57048],[121.86651,24.57026],[121.86606,24.56987],[121.86601,24.56924],[121.8658,24.56827],[121.86582,24.56805],[121.86611,24.56736],[121.86621,24.56666],[121.86618,24.56646],[121.866,24.5661],[121.86599,24.56572],[121.86608,24.56523],[121.86615,24.56511],[121.86674,24.56475],[121.86695,24.5645],[121.86697,24.56439],[121.86687,24.56412],[121.86654,24.56398],[121.86638,24.56383],[121.86628,24.56349],[121.86634,24.56334],[121.86673,24.56305],[121.8668,24.56274],[121.86675,24.56256],[121.86654,24.56227],[121.86658,24.56165],[121.86654,24.56157],[121.86625,24.56138],[121.86602,24.56114],[121.866,24.56084],[121.86618,24.56035],[121.86627,24.55985],[121.86624,24.55903],[121.86615,24.55884],[121.86604,24.55874],[121.8657,24.55865],[121.8655,24.55851],[121.8653,24.5574],[121.86539,24.55686],[121.86551,24.55679],[121.86588,24.55674],[121.86604,24.55666],[121.86618,24.5565],[121.8662,24.55625],[121.86588,24.55583],[121.86568,24.55535],[121.86534,24.55504],[121.86528,24.5548],[121.86546,24.5544],[121.86561,24.55387],[121.86616,24.55326],[121.86637,24.55293],[121.8665,24.55237],[121.86639,24.55123],[121.86659,24.55055],[121.86672,24.55034],[121.86685,24.54848],[121.86693,24.54807],[121.86702,24.54794]]}},{"type":"Feature","properties":{"n":"蘇花路五段","k":2},"geometry":{"type":"LineString","coordinates":[[121.86774,24.54636],[121.86765,24.54601],[121.86726,24.54517],[121.86684,24.54452],[121.86658,24.54381],[121.86665,24.54325],[121.86682,24.5428],[121.8672,24.54224]]}},{"type":"Feature","properties":{"n":"蘇花路五段","k":2},"geometry":{"type":"LineString","coordinates":[[121.86736,24.54761],[121.86771,24.54735],[121.8679,24.5471],[121.86792,24.54697],[121.86786,24.54666]]}},{"type":"Feature","properties":{"n":"蘇花路五段","k":2},"geometry":{"type":"LineString","coordinates":[[121.85429,24.59618],[121.85503,24.59536]]}},{"type":"Feature","properties":{"n":"蘇花路五段","k":2},"geometry":{"type":"LineString","coordinates":[[121.8552,24.59519],[121.8555,24.5948],[121.85535,24.59452]]}},{"type":"Feature","properties":{"n":"雙連二橋","k":2},"geometry":{"type":"LineString","coordinates":[[121.84509,24.52536],[121.84482,24.52528]]}},{"type":"Feature","properties":{"n":"雙連一橋","k":2},"geometry":{"type":"LineString","coordinates":[[121.84536,24.52506],[121.84529,24.52524],[121.84509,24.52536]]}},{"type":"Feature","properties":{"n":"大坑橋","k":2},"geometry":{"type":"LineString","coordinates":[[121.85387,24.52959],[121.85355,24.52961],[121.85336,24.52954]]}},{"type":"Feature","properties":{"n":"正道橋","k":2},"geometry":{"type":"LineString","coordinates":[[121.86606,24.53896],[121.86595,24.53887]]}},{"type":"Feature","properties":{"n":"永平橋","k":2},"geometry":{"type":"LineString","coordinates":[[121.86786,24.54666],[121.86774,24.54636]]}},{"type":"Feature","properties":{"n":"猿鳴橋","k":2},"geometry":{"type":"LineString","coordinates":[[121.86702,24.54794],[121.86736,24.54761],[121.86702,24.54794]]}},{"type":"Feature","properties":{"n":"蔣渭水高速公路","k":0},"geometry":{"type":"LineString","coordinates":[[121.79104,24.84776],[121.7905,24.84631],[121.78977,24.84489],[121.78938,24.84396],[121.78921,24.84335],[121.78906,24.84249],[121.78906,24.84146],[121.78915,24.84076],[121.78972,24.83838],[121.79048,24.83482],[121.7907,24.83356],[121.79077,24.83245],[121.79076,24.8318],[121.79054,24.83009],[121.79014,24.82878],[121.78974,24.82782],[121.78925,24.82689],[121.78884,24.82628],[121.78829,24.82557],[121.78715,24.82439],[121.78537,24.82283],[121.78449,24.82199],[121.78362,24.82097],[121.78293,24.81995],[121.78245,24.8191],[121.78179,24.8177],[121.78134,24.81636],[121.78103,24.81488],[121.78091,24.81364],[121.78091,24.81257],[121.78109,24.81098],[121.78142,24.80951],[121.78215,24.80694],[121.78231,24.80621],[121.7825,24.80493],[121.78259,24.80378],[121.78261,24.8021],[121.78255,24.80003],[121.78218,24.79665],[121.78174,24.79443],[121.78105,24.79202],[121.77936,24.78739],[121.77904,24.78636],[121.77851,24.78417],[121.77831,24.78272],[121.77817,24.78085],[121.77817,24.77938],[121.77822,24.7785],[121.77839,24.77684],[121.77896,24.77307],[121.77903,24.77191],[121.77904,24.77028],[121.77894,24.76872],[121.7788,24.76775],[121.77802,24.76359],[121.77793,24.76282],[121.77787,24.76195],[121.77785,24.76038],[121.77789,24.75899],[121.77799,24.75787],[121.77857,24.75516],[121.77912,24.7535],[121.78014,24.75081],[121.78074,24.74908],[121.78124,24.74718],[121.78144,24.74606],[121.78155,24.74516],[121.78164,24.7438],[121.78155,24.73961],[121.78159,24.73773],[121.78181,24.73538],[121.78194,24.73475],[121.78349,24.72968],[121.78699,24.71946],[121.78828,24.71546],[121.78914,24.71251],[121.78997,24.709],[121.79025,24.70745],[121.79056,24.70491],[121.79074,24.70281],[121.79084,24.6941],[121.79098,24.69105],[121.79119,24.68927],[121.79157,24.68706],[121.79265,24.68282],[121.7951,24.6738],[121.79608,24.67033],[121.79668,24.66858],[121.79737,24.66698],[121.79806,24.66564],[121.79908,24.66399],[121.80113,24.66107],[121.80248,24.65893],[121.80346,24.65691],[121.80406,24.65516],[121.80447,24.65334],[121.80465,24.65195],[121.80472,24.64929],[121.80461,24.64462],[121.80473,24.64247],[121.80509,24.63971],[121.80561,24.63734],[121.80755,24.63011],[121.80866,24.62681],[121.80972,24.62437]]}},{"type":"Feature","properties":{"n":"蔣渭水高速公路","k":0},"geometry":{"type":"LineString","coordinates":[[121.81015,24.62378],[121.80898,24.62624],[121.80827,24.62815],[121.80767,24.63001],[121.80713,24.63188],[121.80565,24.63745],[121.8053,24.63907],[121.80503,24.64056],[121.80479,24.64249],[121.80469,24.64461],[121.8048,24.64932],[121.8048,24.65109],[121.80466,24.6527],[121.80425,24.6549],[121.80387,24.65611],[121.80348,24.6571],[121.80241,24.65927],[121.80128,24.66101],[121.79879,24.66464],[121.79815,24.6657],[121.79708,24.66786],[121.79619,24.67036],[121.79232,24.68427],[121.79162,24.68724],[121.79129,24.68932],[121.79108,24.69109],[121.79094,24.69413],[121.79093,24.70114],[121.79084,24.70316],[121.79034,24.70747],[121.7901,24.70901],[121.78918,24.71283],[121.78837,24.71561],[121.7849,24.72597],[121.78347,24.72998],[121.78208,24.73476],[121.78183,24.73617],[121.7817,24.73772],[121.78166,24.73979],[121.78175,24.74329],[121.78173,24.74423],[121.78155,24.74601],[121.78112,24.74813],[121.78084,24.74911],[121.7788,24.75479],[121.77825,24.75717],[121.77802,24.75896],[121.77797,24.76039],[121.77798,24.76186],[121.77804,24.7628],[121.77841,24.76521],[121.77891,24.76778],[121.77913,24.77027],[121.77912,24.77196],[121.77905,24.77316],[121.77844,24.77712],[121.77829,24.77874],[121.77826,24.7807],[121.77841,24.7827],[121.77862,24.78411],[121.77919,24.78651],[121.77957,24.78771],[121.7812,24.79223],[121.78192,24.79486],[121.78227,24.79665],[121.7825,24.79849],[121.78267,24.80085],[121.78271,24.80381],[121.78263,24.80491],[121.78229,24.80683],[121.78137,24.81021],[121.78121,24.811],[121.78101,24.81256],[121.781,24.81355],[121.78112,24.81488],[121.78142,24.81633],[121.78187,24.81767],[121.78246,24.81891],[121.78308,24.82001],[121.78398,24.82125],[121.78456,24.82192],[121.78541,24.82273],[121.78717,24.82425],[121.78847,24.82561],[121.78935,24.82685],[121.79025,24.82877],[121.79063,24.83009],[121.79074,24.83071],[121.79082,24.83131],[121.79086,24.83251],[121.79077,24.83363],[121.79049,24.83522],[121.78931,24.84076],[121.78923,24.8415],[121.78925,24.84244],[121.78929,24.84278],[121.78964,24.84393],[121.79106,24.84664],[121.79141,24.84753],[121.7915,24.84789]]}},{"type":"Feature","properties":{"n":"永樂高架橋","k":2},"geometry":{"type":"LineString","coordinates":[[121.8477,24.57033],[121.84759,24.56964],[121.84742,24.56899],[121.84697,24.56797],[121.84621,24.56692],[121.84489,24.56552],[121.84428,24.56479],[121.84375,24.56408],[121.8431,24.563]]}},{"type":"Feature","properties":{"n":"永樂高架橋","k":2},"geometry":{"type":"LineString","coordinates":[[121.84356,24.56298],[121.8444,24.56436],[121.84691,24.56767],[121.84721,24.56821],[121.84756,24.5691],[121.84778,24.57022]]}},{"type":"Feature","properties":{"n":"聖湖橋","k":2},"geometry":{"type":"LineString","coordinates":[[121.83185,24.60416],[121.8309,24.60448]]}},{"type":"Feature","properties":{"n":"聖湖橋","k":2},"geometry":{"type":"LineString","coordinates":[[121.83089,24.60437],[121.83182,24.60407]]}},{"type":"Feature","properties":{"n":"中山路二段","k":2},"geometry":{"type":"LineString","coordinates":[[121.81251,24.61517],[121.81368,24.61483],[121.81485,24.61469],[121.81542,24.61471],[121.82085,24.61543],[121.82182,24.61525],[121.82234,24.61502],[121.82387,24.61397],[121.82475,24.61326],[121.82491,24.61308],[121.82513,24.61263],[121.82684,24.6082],[121.82722,24.60765],[121.82774,24.60707],[121.83013,24.60493],[121.83089,24.60437]]}},{"type":"Feature","properties":{"n":"中山路二段","k":2},"geometry":{"type":"LineString","coordinates":[[121.83597,24.59647],[121.83559,24.59664],[121.83499,24.59719],[121.83473,24.59755],[121.83441,24.59834],[121.83432,24.59878],[121.83435,24.59932],[121.83471,24.60076],[121.83482,24.60138],[121.83482,24.6017],[121.83473,24.60221],[121.83441,24.60299],[121.83411,24.60342],[121.83385,24.6036],[121.83355,24.60373],[121.83185,24.60416]]}},{"type":"Feature","properties":{"n":"中山路二段","k":2},"geometry":{"type":"LineString","coordinates":[[121.83182,24.60407],[121.83365,24.60357],[121.83398,24.60337],[121.83421,24.60311],[121.83461,24.60216],[121.8347,24.60158],[121.83465,24.60101],[121.83422,24.59927],[121.83423,24.59853],[121.83454,24.59764],[121.83475,24.59728],[121.83513,24.59687],[121.83562,24.59649],[121.83591,24.59641]]}},{"type":"Feature","properties":{"n":"中山路二段","k":2},"geometry":{"type":"LineString","coordinates":[[121.8309,24.60448],[121.8303,24.60493],[121.8277,24.60726],[121.8271,24.60802],[121.82695,24.60827],[121.82657,24.60917],[121.82515,24.61281],[121.82488,24.61324],[121.82371,24.61421],[121.82232,24.61516],[121.82185,24.61535],[121.82109,24.61552],[121.82085,24.61553],[121.81869,24.61527],[121.81558,24.61482],[121.81504,24.61479],[121.81373,24.61492],[121.81252,24.61528]]}},{"type":"Feature","properties":{"n":"中山路二段","k":2},"geometry":{"type":"LineString","coordinates":[[121.77434,24.67501],[121.77484,24.67517],[121.77542,24.67518],[121.78383,24.67307],[121.78537,24.67306]]}},{"type":"Feature","properties":{"n":"中山路一段","k":2},"geometry":{"type":"LineString","coordinates":[[121.83747,24.59642],[121.83656,24.59645]]}},{"type":"Feature","properties":{"n":"中山路一段","k":2},"geometry":{"type":"LineString","coordinates":[[121.83647,24.59639],[121.83747,24.59642]]}},{"type":"Feature","properties":{"n":"中山路一段","k":2},"geometry":{"type":"LineString","coordinates":[[121.83747,24.59642],[121.83974,24.59633],[121.84017,24.59626],[121.84169,24.59585],[121.8428,24.59561]]}},{"type":"Feature","properties":{"n":"中山路一段","k":2},"geometry":{"type":"LineString","coordinates":[[121.78537,24.67306],[121.78675,24.67304],[121.79026,24.67246],[121.79118,24.67228],[121.79313,24.67167],[121.79554,24.67154],[121.79603,24.67172],[121.79876,24.67307],[121.79936,24.67323],[121.79977,24.67328]]}},{"type":"Feature","properties":{"n":"中山路一段","k":2},"geometry":{"type":"LineString","coordinates":[[121.77101,24.71895],[121.77079,24.71996],[121.77066,24.72035],[121.76944,24.72266]]}},{"type":"Feature","properties":{"n":"中山路一段","k":2},"geometry":{"type":"LineString","coordinates":[[121.76928,24.7227],[121.77044,24.72055],[121.77088,24.71893]]}},{"type":"Feature","properties":{"n":"中山路一段","k":2},"geometry":{"type":"LineString","coordinates":[[121.85403,24.59619],[121.85429,24.59618]]}},{"type":"Feature","properties":{"n":"中山路一段","k":2},"geometry":{"type":"LineString","coordinates":[[121.84296,24.5956],[121.84394,24.59562],[121.85044,24.59603],[121.85342,24.59616]]}},{"type":"Feature","properties":{"n":"蘇港路","k":2},"geometry":{"type":"LineString","coordinates":[[121.83639,24.59628],[121.83653,24.59617],[121.83695,24.59599],[121.83985,24.5955],[121.84162,24.59493],[121.84615,24.59422],[121.8475,24.59407],[121.84857,24.59402],[121.8534,24.59417]]}},{"type":"Feature","properties":{"n":"蘇港路","k":2},"geometry":{"type":"LineString","coordinates":[[121.8563,24.59627],[121.85623,24.59529],[121.85614,24.595],[121.85582,24.59464],[121.85559,24.59446],[121.85513,24.59433],[121.85409,24.5943]]}},{"type":"Feature","properties":{"n":"蘇港路","k":2},"geometry":{"type":"LineString","coordinates":[[121.85408,24.59419],[121.85515,24.59422],[121.85554,24.59431],[121.85599,24.5946],[121.8562,24.59483],[121.85638,24.59523],[121.85644,24.59627]]}},{"type":"Feature","properties":{"n":"蘇港路","k":2},"geometry":{"type":"LineString","coordinates":[[121.8534,24.59428],[121.84894,24.59413],[121.84831,24.59414],[121.84616,24.59431],[121.84377,24.59472],[121.84218,24.59489],[121.84166,24.595],[121.8398,24.59562],[121.83683,24.59612],[121.83645,24.59631]]}},{"type":"Feature","properties":{"n":"聖愛路","k":2},"geometry":{"type":"LineString","coordinates":[[121.83519,24.59742],[121.83532,24.59721],[121.83572,24.59685]]}},{"type":"Feature","properties":{"n":"聖愛路","k":2},"geometry":{"type":"LineString","coordinates":[[121.83596,24.59677],[121.83519,24.59742]]}},{"type":"Feature","properties":{"n":"聖愛路","k":2},"geometry":{"type":"LineString","coordinates":[[121.83768,24.60985],[121.83765,24.60811],[121.83688,24.6058],[121.8369,24.60556],[121.83719,24.60489],[121.83725,24.60464],[121.83727,24.60369],[121.8375,24.60265],[121.83748,24.60217],[121.83737,24.60172],[121.83723,24.60138],[121.83587,24.59905],[121.8357,24.59886],[121.83519,24.59847],[121.83505,24.59825],[121.83503,24.59781],[121.83519,24.59742]]}},{"type":"Feature","properties":{"n":"湧泉橋","k":2},"geometry":{"type":"LineString","coordinates":[[121.8428,24.59561],[121.84296,24.5956]]}},{"type":"Feature","properties":{"n":"冬山路一段","k":2},"geometry":{"type":"LineString","coordinates":[[121.81173,24.61552],[121.81103,24.6158],[121.80971,24.61666],[121.80914,24.61721],[121.80829,24.6183],[121.80774,24.61886],[121.80589,24.62098],[121.80124,24.62635],[121.79913,24.62887],[121.79851,24.62957],[121.7971,24.63101],[121.79665,24.63133],[121.79584,24.63176],[121.79011,24.63388],[121.78905,24.63429],[121.7887,24.6345]]}},{"type":"Feature","properties":{"n":"冬山路一段","k":2},"geometry":{"type":"LineString","coordinates":[[121.78866,24.63438],[121.78917,24.6341],[121.79575,24.63164],[121.79642,24.63132],[121.79698,24.63093],[121.7985,24.6294],[121.80113,24.62629],[121.80831,24.61806],[121.80908,24.61706],[121.8096,24.61657],[121.81103,24.61565],[121.81169,24.6154]]}},{"type":"Feature","properties":{"n":"冬山路二段","k":2},"geometry":{"type":"LineString","coordinates":[[121.78695,24.63868],[121.78714,24.63687],[121.78739,24.63561],[121.7876,24.63525],[121.78838,24.63457]]}},{"type":"Feature","properties":{"n":"冬山路二段","k":2},"geometry":{"type":"LineString","coordinates":[[121.78846,24.63468],[121.78783,24.63518],[121.78763,24.63541],[121.7875,24.63565],[121.78727,24.63675],[121.78708,24.6387]]}},{"type":"Feature","properties":{"n":"冬山路二段","k":2},"geometry":{"type":"LineString","coordinates":[[121.78632,24.64431],[121.78166,24.65293]]}},{"type":"Feature","properties":{"n":"冬山路二段","k":2},"geometry":{"type":"LineString","coordinates":[[121.78156,24.65279],[121.7862,24.64428]]}},{"type":"Feature","properties":{"n":"冬山路二段","k":2},"geometry":{"type":"LineString","coordinates":[[121.78701,24.63968],[121.78678,24.64207]]}},{"type":"Feature","properties":{"n":"冬山路二段","k":2},"geometry":{"type":"LineString","coordinates":[[121.78664,24.64214],[121.78685,24.63968]]}},{"type":"Feature","properties":{"n":"冬山路二段","k":2},"geometry":{"type":"LineString","coordinates":[[121.78632,24.644],[121.78654,24.64328],[121.78662,24.64236]]}},{"type":"Feature","properties":{"n":"冬山路二段","k":2},"geometry":{"type":"LineString","coordinates":[[121.78676,24.64234],[121.78664,24.64341],[121.78644,24.64404]]}},{"type":"Feature","properties":{"n":"新冬山橋","k":2},"geometry":{"type":"LineString","coordinates":[[121.7887,24.6345],[121.78846,24.63468]]}},{"type":"Feature","properties":{"n":"新冬山橋","k":2},"geometry":{"type":"LineString","coordinates":[[121.78838,24.63457],[121.78866,24.63438]]}},{"type":"Feature","properties":{"n":"冬山河橋","k":2},"geometry":{"type":"LineString","coordinates":[[121.78685,24.63968],[121.78695,24.63868]]}},{"type":"Feature","properties":{"n":"冬山河橋","k":2},"geometry":{"type":"LineString","coordinates":[[121.78708,24.6387],[121.78701,24.63968]]}},{"type":"Feature","properties":{"n":"泰和橋","k":2},"geometry":{"type":"LineString","coordinates":[[121.78678,24.64207],[121.78676,24.64234]]}},{"type":"Feature","properties":{"n":"泰和橋","k":2},"geometry":{"type":"LineString","coordinates":[[121.78662,24.64236],[121.78664,24.64214]]}},{"type":"Feature","properties":{"n":"楓橋","k":2},"geometry":{"type":"LineString","coordinates":[[121.7862,24.64428],[121.78632,24.644]]}},{"type":"Feature","properties":{"n":"楓橋","k":2},"geometry":{"type":"LineString","coordinates":[[121.78644,24.64404],[121.78632,24.64431]]}},{"type":"Feature","properties":{"n":"冬山路三段","k":2},"geometry":{"type":"LineString","coordinates":[[121.7729,24.66698],[121.77508,24.66283],[121.77618,24.66093],[121.77847,24.65717],[121.78087,24.65394],[121.78122,24.65344],[121.78144,24.653]]}},{"type":"Feature","properties":{"n":"冬山路三段","k":2},"geometry":{"type":"LineString","coordinates":[[121.7816,24.65304],[121.78127,24.65358],[121.77859,24.65726],[121.77792,24.65831],[121.77585,24.66172],[121.77501,24.66322],[121.77366,24.66578],[121.77301,24.66711]]}},{"type":"Feature","properties":{"n":"武罕橋","k":2},"geometry":{"type":"LineString","coordinates":[[121.78144,24.653],[121.78156,24.65279]]}},{"type":"Feature","properties":{"n":"武罕橋","k":2},"geometry":{"type":"LineString","coordinates":[[121.78166,24.65293],[121.7816,24.65304]]}},{"type":"Feature","properties":{"n":"武荖坑橋","k":2},"geometry":{"type":"LineString","coordinates":[[121.81252,24.61528],[121.81173,24.61552]]}},{"type":"Feature","properties":{"n":"武荖坑橋","k":2},"geometry":{"type":"LineString","coordinates":[[121.81169,24.6154],[121.81251,24.61517]]}},{"type":"Feature","properties":{"n":"海山西路","k":2},"geometry":{"type":"LineString","coordinates":[[121.83772,24.61176],[121.83475,24.61175],[121.83406,24.6118],[121.83334,24.61202],[121.8328,24.61225],[121.83074,24.61372],[121.8267,24.61673]]}},{"type":"Feature","properties":{"n":"馬賽路","k":2},"geometry":{"type":"LineString","coordinates":[[121.8267,24.61673],[121.83016,24.62081],[121.83466,24.62597]]}},{"type":"Feature","properties":{"n":"隘丁嶺橋","k":2},"geometry":{"type":"LineString","coordinates":[[121.83768,24.60985],[121.83772,24.61168]]}},{"type":"Feature","properties":{"n":"忠孝路","k":2},"geometry":{"type":"LineString","coordinates":[[121.83772,24.61168],[121.83772,24.61176]]}},{"type":"Feature","properties":{"n":"蘇濱路一段","k":2},"geometry":{"type":"LineString","coordinates":[[121.84368,24.6191],[121.84808,24.61581],[121.85465,24.61031],[121.85513,24.60969],[121.85529,24.60938],[121.85547,24.60847]]}},{"type":"Feature","properties":{"n":"蘇濱路一段","k":2},"geometry":{"type":"LineString","coordinates":[[121.85582,24.60837],[121.8558,24.60873],[121.85571,24.60911],[121.85557,24.60943],[121.85537,24.60978],[121.8548,24.61037],[121.85365,24.61127],[121.84888,24.61527],[121.84386,24.61909]]}},{"type":"Feature","properties":{"n":"蘇濱路二段","k":2},"geometry":{"type":"LineString","coordinates":[[121.83182,24.63108],[121.832,24.62899],[121.83216,24.62833],[121.8326,24.62751],[121.83286,24.62721],[121.83314,24.62694],[121.84368,24.6191]]}},{"type":"Feature","properties":{"n":"蘇濱路二段","k":2},"geometry":{"type":"LineString","coordinates":[[121.84386,24.61909],[121.83719,24.62404],[121.83309,24.62717],[121.83273,24.62758],[121.83228,24.62832],[121.83212,24.62901],[121.83193,24.63106]]}},{"type":"Feature","properties":{"n":"龍德大橋","k":2},"geometry":{"type":"LineString","coordinates":[[121.83193,24.63106],[121.83181,24.63261]]}},{"type":"Feature","properties":{"n":"龍德大橋","k":2},"geometry":{"type":"LineString","coordinates":[[121.83173,24.6326],[121.83182,24.63108]]}},{"type":"Feature","properties":{"n":"福德路","k":2},"geometry":{"type":"LineString","coordinates":[[121.83212,24.63454],[121.83203,24.63467],[121.83196,24.63494],[121.83212,24.63687],[121.83234,24.63827],[121.83236,24.63854],[121.83232,24.63878],[121.83142,24.64076],[121.83057,24.64248],[121.82908,24.64607],[121.82825,24.64822]]}},{"type":"Feature","properties":{"n":"蘇濱路三段","k":2},"geometry":{"type":"LineString","coordinates":[[121.83181,24.63261],[121.83188,24.6335],[121.83212,24.63454],[121.83242,24.63533],[121.83348,24.63733],[121.83362,24.6377],[121.83525,24.64342],[121.83526,24.64399],[121.83515,24.64449],[121.83454,24.64601]]}},{"type":"Feature","properties":{"n":"蘇濱路三段","k":2},"geometry":{"type":"LineString","coordinates":[[121.83443,24.64599],[121.83511,24.64427],[121.83516,24.64394],[121.83511,24.64324],[121.83352,24.63781],[121.83335,24.63736],[121.83229,24.63535],[121.83209,24.63488],[121.83178,24.6335],[121.83173,24.6326]]}},{"type":"Feature","properties":{"n":"五濱路一段","k":2},"geometry":{"type":"LineString","coordinates":[[121.83454,24.64601],[121.8332,24.64928],[121.83038,24.65737],[121.82972,24.6594],[121.82892,24.66235],[121.82862,24.66372],[121.82827,24.66552],[121.82775,24.66872]]}},{"type":"Feature","properties":{"n":"五濱路一段","k":2},"geometry":{"type":"LineString","coordinates":[[121.82761,24.66871],[121.82851,24.66369],[121.82927,24.66054],[121.8296,24.65939],[121.83026,24.65733],[121.83205,24.65213],[121.8331,24.64925],[121.83443,24.64599]]}},{"type":"Feature","properties":{"n":"利成路一段","k":2},"geometry":{"type":"LineString","coordinates":[[121.82825,24.64822],[121.82773,24.64951],[121.82553,24.65591],[121.82505,24.65806]]}},{"type":"Feature","properties":{"n":"三星路五段","k":2},"geometry":{"type":"LineString","coordinates":[[121.64777,24.6655],[121.65236,24.66608],[121.65238,24.66648]]}},{"type":"Feature","properties":{"n":"三星路三段","k":2},"geometry":{"type":"LineString","coordinates":[[121.66759,24.66805],[121.67567,24.66759],[121.68446,24.66736],[121.68731,24.6673],[121.68787,24.66733],[121.68915,24.66755]]}},{"type":"Feature","properties":{"n":"三星路四段","k":2},"geometry":{"type":"LineString","coordinates":[[121.65238,24.66648],[121.65399,24.66661],[121.65472,24.66689],[121.66239,24.66841],[121.66276,24.66844],[121.66392,24.66837]]}},{"type":"Feature","properties":{"n":"三星橋","k":2},"geometry":{"type":"LineString","coordinates":[[121.66392,24.66837],[121.66655,24.6682],[121.66759,24.66805]]}},{"type":"Feature","properties":{"n":"粗坑橋","k":2},"geometry":{"type":"LineString","coordinates":[[121.64997,24.70978],[121.65043,24.71049]]}},{"type":"Feature","properties":{"n":"員山路二段","k":2},"geometry":{"type":"LineString","coordinates":[[121.71432,24.72754],[121.71327,24.72696],[121.71272,24.72654],[121.71167,24.7255],[121.71028,24.72401],[121.70935,24.72323],[121.7079,24.72214],[121.70722,24.7214],[121.70681,24.72107],[121.70615,24.72061],[121.7048,24.72005],[121.70335,24.71888],[121.70283,24.71852],[121.70163,24.71816],[121.69937,24.71737],[121.69728,24.71617],[121.69128,24.71323],[121.68486,24.70911],[121.68255,24.70784],[121.68222,24.7077],[121.68186,24.70768],[121.68035,24.70795],[121.6791,24.70831],[121.67786,24.70876]]}},{"type":"Feature","properties":{"n":"員山路二段","k":2},"geometry":{"type":"LineString","coordinates":[[121.67782,24.70873],[121.67899,24.70827],[121.6801,24.70794],[121.68185,24.70763],[121.68227,24.70764],[121.68257,24.70778],[121.68486,24.70905],[121.68703,24.71041],[121.69058,24.71275],[121.69131,24.71317],[121.69731,24.71612],[121.69946,24.71735],[121.70165,24.71811],[121.70244,24.71832],[121.70307,24.7186],[121.70465,24.7199],[121.70511,24.72014],[121.70617,24.72055],[121.70721,24.7213],[121.70796,24.72213],[121.70912,24.72299],[121.7103,24.72396],[121.71189,24.72563],[121.71303,24.72672],[121.71435,24.72748]]}},{"type":"Feature","properties":{"n":"三星路二段","k":2},"geometry":{"type":"LineString","coordinates":[[121.69442,24.66763],[121.69508,24.66735],[121.6959,24.66722],[121.70105,24.66727],[121.70131,24.66734],[121.70244,24.66793],[121.70318,24.66824],[121.7054,24.66894],[121.7097,24.66999]]}},{"type":"Feature","properties":{"n":"三星路二段","k":2},"geometry":{"type":"LineString","coordinates":[[121.68915,24.66755],[121.69282,24.66811],[121.69325,24.66809],[121.69363,24.66799]]}},{"type":"Feature","properties":{"n":"大湖橋","k":2},"geometry":{"type":"LineString","coordinates":[[121.69363,24.66799],[121.69442,24.66763]]}},{"type":"Feature","properties":{"n":"三星路一段","k":2},"geometry":{"type":"LineString","coordinates":[[121.7097,24.66999],[121.71098,24.67024],[121.72575,24.66968],[121.73046,24.66956]]}},{"type":"Feature","properties":{"n":"廣興大橋","k":2},"geometry":{"type":"LineString","coordinates":[[121.73903,24.66902],[121.7331,24.66943],[121.73046,24.66956]]}},{"type":"Feature","properties":{"n":"廣興路","k":2},"geometry":{"type":"LineString","coordinates":[[121.75356,24.6714],[121.74911,24.66985],[121.74817,24.66964],[121.74457,24.66925],[121.74294,24.66916],[121.74135,24.66884],[121.73903,24.66902]]}},{"type":"Feature","properties":{"n":"隘界路","k":2},"geometry":{"type":"LineString","coordinates":[[121.68989,24.74746],[121.68882,24.74781],[121.68861,24.74794],[121.68813,24.74837],[121.68773,24.7485],[121.68094,24.7491],[121.67222,24.74929],[121.67133,24.74941],[121.6696,24.74979],[121.66831,24.74983],[121.66782,24.74996]]}},{"type":"Feature","properties":{"n":"隘界路","k":2},"geometry":{"type":"LineString","coordinates":[[121.66782,24.74996],[121.6682,24.74976],[121.66957,24.7497],[121.67132,24.74932],[121.6722,24.7492],[121.68046,24.74903],[121.68772,24.74841],[121.68804,24.74832],[121.68844,24.74797],[121.68877,24.74776],[121.68908,24.74762],[121.6899,24.74737]]}},{"type":"Feature","properties":{"n":"隘界路","k":2},"geometry":{"type":"LineString","coordinates":[[121.66782,24.74996],[121.66743,24.75027],[121.66722,24.75037],[121.6669,24.75032],[121.66633,24.7501],[121.66619,24.75011],[121.66525,24.75034],[121.664,24.75083],[121.66378,24.7512],[121.66373,24.7516],[121.66379,24.75192],[121.66403,24.7525],[121.66403,24.75271],[121.66399,24.75278],[121.66372,24.7529],[121.66341,24.75316],[121.66305,24.75331],[121.6629,24.75344],[121.66277,24.75367],[121.66268,24.75407],[121.66261,24.75414],[121.66236,24.75411],[121.66209,24.75394],[121.66158,24.75378],[121.66129,24.75357],[121.661,24.75325],[121.66025,24.75298],[121.65958,24.7531],[121.65877,24.75306],[121.65813,24.75324],[121.65799,24.75322],[121.65796,24.7531],[121.65811,24.75289],[121.65858,24.75273],[121.65915,24.75269],[121.65922,24.75265],[121.65926,24.75254],[121.65919,24.75241],[121.65895,24.75234],[121.65837,24.75251],[121.65787,24.75256],[121.65699,24.75301],[121.65673,24.75339],[121.65656,24.75443],[121.65647,24.75462],[121.65631,24.75473],[121.65584,24.75485],[121.65483,24.75479],[121.6547,24.75471],[121.65465,24.75439]]}},{"type":"Feature","properties":{"n":"員山路一段","k":2},"geometry":{"type":"LineString","coordinates":[[121.72454,24.74403],[121.72439,24.74397],[121.7236,24.74334],[121.72237,24.7422],[121.72218,24.74195],[121.72198,24.74165],[121.72102,24.73914],[121.72082,24.73882],[121.72011,24.73817],[121.71689,24.73554],[121.71663,24.73518],[121.71656,24.73501],[121.71651,24.73464],[121.71617,24.72934],[121.71601,24.72896],[121.71566,24.72857],[121.71485,24.72789],[121.71432,24.72754]]}},{"type":"Feature","properties":{"n":"員山路一段","k":2},"geometry":{"type":"LineString","coordinates":[[121.71435,24.72748],[121.71487,24.72782],[121.71579,24.72862],[121.71614,24.72904],[121.71626,24.72948],[121.71631,24.72999],[121.7166,24.73463],[121.71666,24.73504],[121.71679,24.73531],[121.7171,24.73563],[121.71987,24.73788],[121.72085,24.73873],[121.72107,24.73906],[121.72203,24.7416],[121.72234,24.74206],[121.72352,24.74318],[121.72454,24.74403]]}},{"type":"Feature","properties":{"n":"員山路一段","k":2},"geometry":{"type":"LineString","coordinates":[[121.73193,24.74822],[121.72958,24.74703],[121.72731,24.7458],[121.72454,24.74403]]}},{"type":"Feature","properties":{"n":"大湖路","k":2},"geometry":{"type":"LineString","coordinates":[[121.70329,24.74553],[121.70167,24.74488],[121.70115,24.74479],[121.7009,24.7448],[121.69462,24.74602],[121.68989,24.74746]]}},{"type":"Feature","properties":{"n":"大湖路","k":2},"geometry":{"type":"LineString","coordinates":[[121.6899,24.74737],[121.69446,24.74597],[121.70075,24.74475],[121.70116,24.74472],[121.70202,24.74492],[121.70513,24.7462],[121.70864,24.74736],[121.70874,24.74745]]}},{"type":"Feature","properties":{"n":"茄苳路","k":2},"geometry":{"type":"LineString","coordinates":[[121.70942,24.74768],[121.70874,24.74745],[121.7086,24.74745],[121.70509,24.74627],[121.70329,24.74553]]}},{"type":"Feature","properties":{"n":"溫泉路","k":2},"geometry":{"type":"LineString","coordinates":[[121.71275,24.75138],[121.71314,24.75079],[121.71326,24.75044],[121.71331,24.7501],[121.71349,24.74987],[121.71368,24.74973],[121.71346,24.7495],[121.71249,24.74905]]}},{"type":"Feature","properties":{"n":"茄苳林橋","k":2},"geometry":{"type":"LineString","coordinates":[[121.70942,24.74768],[121.71249,24.74905]]}},{"type":"Feature","properties":{"n":"永同路三段","k":2},"geometry":{"type":"LineString","coordinates":[[121.71978,24.75992],[121.71888,24.75893],[121.71857,24.75833],[121.71824,24.75786],[121.71652,24.75643],[121.71551,24.7557],[121.71467,24.75487],[121.71332,24.75264],[121.71276,24.75149],[121.71275,24.75138]]}},{"type":"Feature","properties":{"n":"泰山路","k":2},"geometry":{"type":"LineString","coordinates":[[121.74945,24.75587],[121.74807,24.75469],[121.74747,24.7544],[121.74383,24.75417],[121.74331,24.75406],[121.74294,24.7539],[121.74232,24.75338],[121.74208,24.75324],[121.73831,24.75162],[121.73648,24.75039],[121.73193,24.74822]]}},{"type":"Feature","properties":{"n":"永同路二段","k":2},"geometry":{"type":"LineString","coordinates":[[121.72731,24.76372],[121.72597,24.76341],[121.72503,24.76332],[121.72478,24.76322],[121.7224,24.76154],[121.72023,24.76038],[121.71978,24.75992]]}},{"type":"Feature","properties":{"n":"新城橋","k":2},"geometry":{"type":"LineString","coordinates":[[121.73499,24.76277],[121.73417,24.76368],[121.73374,24.76396],[121.73338,24.76408],[121.73293,24.76416],[121.73107,24.76434]]}},{"type":"Feature","properties":{"n":"新城橋","k":2},"geometry":{"type":"LineString","coordinates":[[121.73106,24.76427],[121.73321,24.76406],[121.73354,24.76398],[121.73394,24.76379],[121.73412,24.76364],[121.73494,24.76272]]}},{"type":"Feature","properties":{"n":"民權路三段","k":2},"geometry":{"type":"LineString","coordinates":[[121.73534,24.76229],[121.7361,24.76161],[121.73691,24.76103],[121.7388,24.7598],[121.73985,24.75932],[121.74043,24.75916],[121.74072,24.75913]]}},{"type":"Feature","properties":{"n":"民權路三段","k":2},"geometry":{"type":"LineString","coordinates":[[121.73494,24.76272],[121.73534,24.76229]]}},{"type":"Feature","properties":{"n":"民權路三段","k":2},"geometry":{"type":"LineString","coordinates":[[121.73534,24.76229],[121.73529,24.76244],[121.73499,24.76277]]}},{"type":"Feature","properties":{"n":"純精路一段","k":2},"geometry":{"type":"LineString","coordinates":[[121.76366,24.67429],[121.76386,24.6718],[121.76408,24.67097],[121.76435,24.67057],[121.7653,24.66964],[121.76599,24.66913],[121.76663,24.66873]]}},{"type":"Feature","properties":{"n":"純精路一段","k":2},"geometry":{"type":"LineString","coordinates":[[121.76669,24.66877],[121.76613,24.6691],[121.76562,24.66948],[121.76498,24.67003],[121.76441,24.67059],[121.76423,24.67084],[121.76406,24.67121],[121.76393,24.6718],[121.76373,24.67431]]}},{"type":"Feature","properties":{"n":"純精路一段","k":2},"geometry":{"type":"LineString","coordinates":[[121.76677,24.66885],[121.76567,24.66954],[121.76508,24.67004],[121.76448,24.67064],[121.76429,24.6709],[121.76414,24.67123],[121.76402,24.6718],[121.7638,24.67433]]}},{"type":"Feature","properties":{"n":"純精路一段","k":2},"geometry":{"type":"LineString","coordinates":[[121.76357,24.67427],[121.76377,24.6718],[121.76399,24.67095],[121.76427,24.67055],[121.76486,24.66994],[121.76557,24.66934],[121.76658,24.66868]]}},{"type":"Feature","properties":{"n":"中山路四段","k":2},"geometry":{"type":"LineString","coordinates":[[121.76366,24.67429],[121.75884,24.6732],[121.75356,24.6714]]}},{"type":"Feature","properties":{"n":"中山路三段","k":2},"geometry":{"type":"LineString","coordinates":[[121.76366,24.67429],[121.76826,24.67531],[121.77224,24.67442],[121.77267,24.6745],[121.77434,24.67501]]}},{"type":"Feature","properties":{"n":"純精路二段","k":2},"geometry":{"type":"LineString","coordinates":[[121.76402,24.68009],[121.76358,24.67871],[121.76344,24.67778],[121.76342,24.67719],[121.76357,24.67427]]}},{"type":"Feature","properties":{"n":"純精路二段","k":2},"geometry":{"type":"LineString","coordinates":[[121.76373,24.67431],[121.76357,24.67709],[121.76363,24.67789],[121.76376,24.67875],[121.76419,24.68005]]}},{"type":"Feature","properties":{"n":"純精路二段","k":2},"geometry":{"type":"LineString","coordinates":[[121.76412,24.68007],[121.7637,24.67875],[121.76355,24.67783],[121.76351,24.67713],[121.76366,24.67429]]}},{"type":"Feature","properties":{"n":"純精路二段","k":2},"geometry":{"type":"LineString","coordinates":[[121.7638,24.67433],[121.76367,24.67703],[121.76371,24.67792],[121.76382,24.67868],[121.76427,24.68003]]}},{"type":"Feature","properties":{"n":"純精路三段","k":2},"geometry":{"type":"LineString","coordinates":[[121.76412,24.68007],[121.76461,24.68172],[121.76518,24.6829],[121.76574,24.68389],[121.7666,24.68502],[121.76713,24.6856],[121.76785,24.68621],[121.76884,24.68675],[121.77061,24.6876],[121.77041,24.68759],[121.76807,24.68646],[121.7671,24.68566],[121.76653,24.68504],[121.76566,24.68393],[121.7651,24.68295],[121.7647,24.68215],[121.76443,24.68148],[121.76402,24.68009]]}},{"type":"Feature","properties":{"n":"純精路三段","k":2},"geometry":{"type":"LineString","coordinates":[[121.76427,24.68003],[121.7647,24.68152],[121.7651,24.68242],[121.76592,24.68388],[121.76673,24.68494],[121.76733,24.68558],[121.76795,24.68611],[121.76886,24.6866],[121.77051,24.68739],[121.77063,24.68751]]}},{"type":"Feature","properties":{"n":"純精路三段","k":2},"geometry":{"type":"LineString","coordinates":[[121.76419,24.68005],[121.76457,24.68141],[121.76485,24.68211],[121.76581,24.68386],[121.76666,24.68498],[121.76717,24.68552],[121.76814,24.68634],[121.77048,24.68748],[121.77063,24.68751]]}},{"type":"Feature","properties":{"n":"純精路三段","k":2},"geometry":{"type":"LineString","coordinates":[[121.77063,24.68751],[121.77077,24.68753]]}},{"type":"Feature","properties":{"n":"冬山路五段","k":2},"geometry":{"type":"LineString","coordinates":[[121.77286,24.66707],[121.7712,24.66699],[121.76953,24.66742],[121.76917,24.66756],[121.76677,24.66885]]}},{"type":"Feature","properties":{"n":"冬山路五段","k":2},"geometry":{"type":"LineString","coordinates":[[121.76663,24.66873],[121.76909,24.66743],[121.7701,24.66712],[121.77128,24.66684],[121.7729,24.66698],[121.77282,24.6669],[121.77272,24.66688],[121.7716,24.66678],[121.77095,24.66682],[121.76934,24.66726],[121.76817,24.66781],[121.76658,24.66868]]}},{"type":"Feature","properties":{"n":"冬山路五段","k":2},"geometry":{"type":"LineString","coordinates":[[121.77286,24.66707],[121.77158,24.66692],[121.77119,24.66692],[121.7693,24.66741],[121.76669,24.66877]]}},{"type":"Feature","properties":{"n":"冬山路五段","k":2},"geometry":{"type":"LineString","coordinates":[[121.77301,24.66711],[121.77286,24.66707]]}},{"type":"Feature","properties":{"n":"中正路一段","k":2},"geometry":{"type":"LineString","coordinates":[[121.76977,24.69288],[121.77063,24.68751]]}},{"type":"Feature","properties":{"n":"中正路一段","k":2},"geometry":{"type":"LineString","coordinates":[[121.77077,24.68753],[121.76988,24.69288]]}},{"type":"Feature","properties":{"n":"中正路二段","k":2},"geometry":{"type":"LineString","coordinates":[[121.76988,24.69288],[121.769,24.69802],[121.76891,24.69876],[121.76899,24.69916],[121.7696,24.70098]]}},{"type":"Feature","properties":{"n":"中正路二段","k":2},"geometry":{"type":"LineString","coordinates":[[121.76946,24.70096],[121.76888,24.6992],[121.7688,24.69888],[121.7688,24.69862],[121.76977,24.69288]]}},{"type":"Feature","properties":{"n":"中正路三段","k":2},"geometry":{"type":"LineString","coordinates":[[121.77001,24.70249],[121.76946,24.70096]]}},{"type":"Feature","properties":{"n":"中正路三段","k":2},"geometry":{"type":"LineString","coordinates":[[121.7696,24.70098],[121.77015,24.70257]]}},{"type":"Feature","properties":{"n":"中正路三段","k":2},"geometry":{"type":"LineString","coordinates":[[121.7702,24.70273],[121.77273,24.71024],[121.77281,24.71077],[121.7727,24.71166]]}},{"type":"Feature","properties":{"n":"中正路三段","k":2},"geometry":{"type":"LineString","coordinates":[[121.77255,24.71165],[121.77267,24.71083],[121.7726,24.71027],[121.77202,24.70842],[121.77006,24.70264]]}},{"type":"Feature","properties":{"n":"四結橋","k":2},"geometry":{"type":"LineString","coordinates":[[121.77015,24.70257],[121.7702,24.70273]]}},{"type":"Feature","properties":{"n":"四結橋","k":2},"geometry":{"type":"LineString","coordinates":[[121.77006,24.70264],[121.77001,24.70249]]}},{"type":"Feature","properties":{"n":"親河路一段","k":2},"geometry":{"type":"LineString","coordinates":[[121.81494,24.66885],[121.8157,24.66838],[121.81648,24.66812],[121.81727,24.66806],[121.81843,24.6681]]}},{"type":"Feature","properties":{"n":"親河路一段","k":2},"geometry":{"type":"LineString","coordinates":[[121.81878,24.66811],[121.82161,24.66826],[121.82357,24.66854],[121.82775,24.66872]]}},{"type":"Feature","properties":{"n":"利澤簡橋","k":2},"geometry":{"type":"LineString","coordinates":[[121.81242,24.67109],[121.81494,24.66885]]}},{"type":"Feature","properties":{"n":"上鼎橄社橋","k":2},"geometry":{"type":"LineString","coordinates":[[121.79977,24.67328],[121.80009,24.67331]]}},{"type":"Feature","properties":{"n":"親河路二段","k":2},"geometry":{"type":"LineString","coordinates":[[121.80009,24.67331],[121.80075,24.67336],[121.80164,24.67329],[121.8035,24.67329],[121.80673,24.67347],[121.81032,24.6733],[121.8107,24.67316],[121.81117,24.6728],[121.81197,24.67162],[121.81242,24.67109]]}},{"type":"Feature","properties":{"n":"利成路二段","k":2},"geometry":{"type":"LineString","coordinates":[[121.82505,24.65806],[121.82381,24.66219],[121.82347,24.66385],[121.82315,24.66509],[121.82292,24.66572],[121.82225,24.66714],[121.82163,24.66797],[121.82123,24.66823]]}},{"type":"Feature","properties":{"n":"五濱路二段","k":2},"geometry":{"type":"LineString","coordinates":[[121.82498,24.69092],[121.82553,24.68813],[121.8273,24.67659],[121.82741,24.67543],[121.82752,24.67045],[121.82761,24.66871]]}},{"type":"Feature","properties":{"n":"五濱路二段","k":2},"geometry":{"type":"LineString","coordinates":[[121.82075,24.70354],[121.82376,24.6964]]}},{"type":"Feature","properties":{"n":"五濱路二段","k":2},"geometry":{"type":"LineString","coordinates":[[121.82387,24.69642],[121.82086,24.70357]]}},{"type":"Feature","properties":{"n":"五濱路二段","k":2},"geometry":{"type":"LineString","coordinates":[[121.82775,24.66872],[121.82763,24.67031],[121.82754,24.67512],[121.82747,24.67618],[121.82564,24.68815],[121.82512,24.69093]]}},{"type":"Feature","properties":{"n":"五濱路二段","k":2},"geometry":{"type":"LineString","coordinates":[[121.82399,24.69585],[121.82415,24.69552],[121.8244,24.69474]]}},{"type":"Feature","properties":{"n":"五濱路二段","k":2},"geometry":{"type":"LineString","coordinates":[[121.82451,24.69475],[121.82408,24.69592]]}},{"type":"Feature","properties":{"n":"五濱路二段","k":2},"geometry":{"type":"LineString","coordinates":[[121.82487,24.69258],[121.82464,24.69406]]}},{"type":"Feature","properties":{"n":"五濱路二段","k":2},"geometry":{"type":"LineString","coordinates":[[121.82453,24.69404],[121.82475,24.69258]]}},{"type":"Feature","properties":{"n":"五濱路二段","k":2},"geometry":{"type":"LineString","coordinates":[[121.82048,24.70435],[121.82012,24.70525],[121.82007,24.70575]]}},{"type":"Feature","properties":{"n":"五股橋","k":2},"geometry":{"type":"LineString","coordinates":[[121.81843,24.6681],[121.81878,24.66811]]}},{"type":"Feature","properties":{"n":"加禮遠橋","k":2},"geometry":{"type":"LineString","coordinates":[[121.82475,24.69258],[121.82498,24.69092]]}},{"type":"Feature","properties":{"n":"加禮遠橋","k":2},"geometry":{"type":"LineString","coordinates":[[121.82512,24.69093],[121.82487,24.69258]]}},{"type":"Feature","properties":{"n":"錦眾二號橋","k":2},"geometry":{"type":"LineString","coordinates":[[121.82376,24.6964],[121.82399,24.69585]]}},{"type":"Feature","properties":{"n":"錦眾二號橋","k":2},"geometry":{"type":"LineString","coordinates":[[121.82408,24.69592],[121.82387,24.69642]]}},{"type":"Feature","properties":{"n":"錦眾三號橋","k":2},"geometry":{"type":"LineString","coordinates":[[121.82464,24.69406],[121.82451,24.69475]]}},{"type":"Feature","properties":{"n":"錦眾三號橋","k":2},"geometry":{"type":"LineString","coordinates":[[121.8244,24.69474],[121.82453,24.69404]]}},{"type":"Feature","properties":{"n":"噶瑪蘭橋","k":2},"geometry":{"type":"LineString","coordinates":[[121.82014,24.70849],[121.82066,24.7201],[121.8209,24.72373]]}},{"type":"Feature","properties":{"n":"錦眾一號橋","k":2},"geometry":{"type":"LineString","coordinates":[[121.82086,24.70357],[121.82058,24.70423]]}},{"type":"Feature","properties":{"n":"錦眾一號橋","k":2},"geometry":{"type":"LineString","coordinates":[[121.82047,24.70419],[121.82075,24.70354]]}},{"type":"Feature","properties":{"n":"錦草橋","k":2},"geometry":{"type":"LineString","coordinates":[[121.82007,24.70575],[121.82014,24.70849]]}},{"type":"Feature","properties":{"n":"蘭陽大橋","k":2},"geometry":{"type":"LineString","coordinates":[[121.7727,24.71166],[121.77107,24.71871]]}},{"type":"Feature","properties":{"n":"蘭陽大橋","k":2},"geometry":{"type":"LineString","coordinates":[[121.77094,24.71864],[121.77255,24.71165]]}},{"type":"Feature","properties":{"n":"環市東路一段","k":2},"geometry":{"type":"LineString","coordinates":[[121.76998,24.72283],[121.7709,24.72325],[121.77164,24.72384],[121.77206,24.72444],[121.77225,24.72487],[121.77234,24.72528],[121.77237,24.72596],[121.77215,24.72798],[121.77198,24.7335],[121.77191,24.7341],[121.77189,24.7335],[121.772,24.72937],[121.77209,24.7278],[121.77229,24.72596],[121.77223,24.72511],[121.77192,24.72434],[121.77146,24.72378],[121.77107,24.72346],[121.77056,24.72317],[121.76944,24.72266]]}},{"type":"Feature","properties":{"n":"環市東路一段","k":2},"geometry":{"type":"LineString","coordinates":[[121.76986,24.72303],[121.77101,24.72366],[121.77135,24.72396],[121.77158,24.72422],[121.77183,24.72462],[121.77199,24.725],[121.77206,24.72533],[121.7721,24.72576],[121.77191,24.72755],[121.77179,24.72959],[121.7717,24.7335],[121.77179,24.7341],[121.77188,24.72959],[121.77197,24.72796],[121.77219,24.72599],[121.77213,24.72518],[121.772,24.72474],[121.7718,24.72437],[121.77127,24.72375],[121.7708,24.72341],[121.77046,24.72323],[121.76928,24.7227]]}},{"type":"Feature","properties":{"n":"壯二南橋","k":2},"geometry":{"type":"LineString","coordinates":[[121.77107,24.71871],[121.77101,24.71895]]}},{"type":"Feature","properties":{"n":"壯二南橋","k":2},"geometry":{"type":"LineString","coordinates":[[121.77088,24.71893],[121.77094,24.71864]]}},{"type":"Feature","properties":{"n":"宜壯橋","k":2},"geometry":{"type":"LineString","coordinates":[[121.77191,24.7341],[121.77183,24.73842]]}},{"type":"Feature","properties":{"n":"宜壯橋","k":2},"geometry":{"type":"LineString","coordinates":[[121.77172,24.73842],[121.77179,24.7341]]}},{"type":"Feature","properties":{"n":"舊城南路","k":2},"geometry":{"type":"LineString","coordinates":[[121.75208,24.75452],[121.75095,24.755],[121.74961,24.75585],[121.74945,24.75587],[121.74956,24.75574],[121.75119,24.75475],[121.75183,24.75452],[121.75208,24.75452]]}},{"type":"Feature","properties":{"n":"舊城南路","k":2},"geometry":{"type":"LineString","coordinates":[[121.75303,24.75432],[121.75208,24.75452]]}},{"type":"Feature","properties":{"n":"舊城南路","k":2},"geometry":{"type":"LineString","coordinates":[[121.75208,24.75452],[121.75228,24.7544],[121.75279,24.75431],[121.75303,24.75432]]}},{"type":"Feature","properties":{"n":"舊城南路","k":2},"geometry":{"type":"LineString","coordinates":[[121.75557,24.75518],[121.75525,24.75507],[121.75444,24.75459],[121.75417,24.75448],[121.75303,24.75432]]}},{"type":"Feature","properties":{"n":"三清路","k":2},"geometry":{"type":"LineString","coordinates":[[121.74755,24.75625],[121.74945,24.75587]]}},{"type":"Feature","properties":{"n":"西門橋","k":2},"geometry":{"type":"LineString","coordinates":[[121.74072,24.75913],[121.74192,24.75898],[121.7424,24.75887],[121.74655,24.75675]]}},{"type":"Feature","properties":{"n":"民權路二段","k":2},"geometry":{"type":"LineString","coordinates":[[121.74655,24.75675],[121.74755,24.75625]]}},{"type":"Feature","properties":{"n":"東港路二段","k":2},"geometry":{"type":"LineString","coordinates":[[121.7618,24.75589],[121.76488,24.75226]]}},{"type":"Feature","properties":{"n":"東港路二段","k":2},"geometry":{"type":"LineString","coordinates":[[121.77156,24.75066],[121.76583,24.75185],[121.76523,24.75205],[121.76488,24.75226]]}},{"type":"Feature","properties":{"n":"東港路二段","k":2},"geometry":{"type":"LineString","coordinates":[[121.76488,24.75226],[121.76492,24.75217],[121.7651,24.75203],[121.76576,24.75178],[121.77156,24.75057]]}},{"type":"Feature","properties":{"n":"東港陸橋","k":2},"geometry":{"type":"LineString","coordinates":[[121.75669,24.75837],[121.75953,24.75797],[121.75998,24.75781],[121.76036,24.75752],[121.7618,24.75589]]}},{"type":"Feature","properties":{"n":"舊城東路","k":2},"geometry":{"type":"LineString","coordinates":[[121.75669,24.75837],[121.75557,24.75518]]}},{"type":"Feature","properties":{"n":"環市東路二段","k":2},"geometry":{"type":"LineString","coordinates":[[121.7715,24.75688],[121.7715,24.75673],[121.77159,24.75663],[121.77192,24.73871],[121.77183,24.73842],[121.7715,24.75673]]}},{"type":"Feature","properties":{"n":"環市東路二段","k":2},"geometry":{"type":"LineString","coordinates":[[121.77139,24.75687],[121.77172,24.73842],[121.77161,24.7387],[121.77159,24.73976],[121.77133,24.7546],[121.77131,24.75657],[121.77139,24.75672]]}},{"type":"Feature","properties":{"n":"東港路一段","k":2},"geometry":{"type":"LineString","coordinates":[[121.77156,24.75057],[121.77983,24.74879],[121.78252,24.74772],[121.7824,24.74782],[121.77977,24.74891],[121.77156,24.75066]]}},{"type":"Feature","properties":{"n":"壯五路","k":2},"geometry":{"type":"LineString","coordinates":[[121.79287,24.74338],[121.78252,24.74772]]}},{"type":"Feature","properties":{"n":"黎霧橋","k":2},"geometry":{"type":"LineString","coordinates":[[121.7715,24.75688],[121.77135,24.76411]]}},{"type":"Feature","properties":{"n":"黎霧橋","k":2},"geometry":{"type":"LineString","coordinates":[[121.77124,24.7641],[121.77139,24.75687]]}},{"type":"Feature","properties":{"n":"壯濱路三段","k":2},"geometry":{"type":"LineString","coordinates":[[121.81603,24.74906],[121.81592,24.75242],[121.81562,24.75604],[121.81563,24.75742],[121.81558,24.75834],[121.81569,24.76148],[121.81595,24.76242],[121.81599,24.76274],[121.81585,24.76392]]}},{"type":"Feature","properties":{"n":"壯濱路三段","k":2},"geometry":{"type":"LineString","coordinates":[[121.81576,24.76392],[121.81589,24.76273],[121.81583,24.76232],[121.8156,24.76147],[121.81556,24.75961],[121.81548,24.75834],[121.81555,24.75742],[121.81554,24.75583],[121.81578,24.75326],[121.81595,24.74906]]}},{"type":"Feature","properties":{"n":"古結路","k":2},"geometry":{"type":"LineString","coordinates":[[121.80086,24.7356],[121.79762,24.74124],[121.79744,24.74145],[121.79704,24.74171],[121.79663,24.7419],[121.79621,24.74201]]}},{"type":"Feature","properties":{"n":"古結路","k":2},"geometry":{"type":"LineString","coordinates":[[121.79621,24.74201],[121.79717,24.74148],[121.79749,24.74119],[121.79764,24.74098],[121.80074,24.73554],[121.80088,24.7354]]}},{"type":"Feature","properties":{"n":"古結路","k":2},"geometry":{"type":"LineString","coordinates":[[121.79621,24.74201],[121.79287,24.74338]]}},{"type":"Feature","properties":{"n":"壯圍大橋","k":2},"geometry":{"type":"LineString","coordinates":[[121.80886,24.73564],[121.80801,24.73565],[121.80146,24.73546]]}},{"type":"Feature","properties":{"n":"壯圍大橋","k":2},"geometry":{"type":"LineString","coordinates":[[121.80146,24.73539],[121.80886,24.7356]]}},{"type":"Feature","properties":{"n":"紅葉路","k":2},"geometry":{"type":"LineString","coordinates":[[121.80088,24.7354],[121.80146,24.73539]]}},{"type":"Feature","properties":{"n":"紅葉路","k":2},"geometry":{"type":"LineString","coordinates":[[121.80146,24.73546],[121.80098,24.73553],[121.80086,24.7356]]}},{"type":"Feature","properties":{"n":"紅葉路","k":2},"geometry":{"type":"LineString","coordinates":[[121.81198,24.73561],[121.80951,24.73561]]}},{"type":"Feature","properties":{"n":"紅葉路","k":2},"geometry":{"type":"LineString","coordinates":[[121.80951,24.73561],[121.80886,24.73564]]}},{"type":"Feature","properties":{"n":"紅葉路","k":2},"geometry":{"type":"LineString","coordinates":[[121.80886,24.7356],[121.80951,24.73561]]}},{"type":"Feature","properties":{"n":"紅葉路","k":2},"geometry":{"type":"LineString","coordinates":[[121.8183,24.73561],[121.81207,24.73561]]}},{"type":"Feature","properties":{"n":"壯濱路二段","k":2},"geometry":{"type":"LineString","coordinates":[[121.81595,24.74906],[121.81619,24.74752],[121.81677,24.74043],[121.81694,24.73973],[121.8181,24.73605],[121.81828,24.73509],[121.81846,24.73308],[121.81925,24.7302]]}},{"type":"Feature","properties":{"n":"壯濱路二段","k":2},"geometry":{"type":"LineString","coordinates":[[121.81935,24.73022],[121.81855,24.73313],[121.81843,24.73459],[121.8183,24.73561],[121.8182,24.73605],[121.81701,24.73984],[121.81688,24.74042],[121.81678,24.74123],[121.81625,24.74776],[121.81603,24.74906]]}},{"type":"Feature","properties":{"n":"壯東橋","k":2},"geometry":{"type":"LineString","coordinates":[[121.81207,24.73561],[121.81198,24.73561]]}},{"type":"Feature","properties":{"n":"壯濱路一段","k":2},"geometry":{"type":"LineString","coordinates":[[121.81925,24.7302],[121.81943,24.72965],[121.81961,24.72928],[121.82059,24.72801],[121.82079,24.72769],[121.82094,24.72731],[121.82105,24.72649],[121.82086,24.72394],[121.8209,24.72373],[121.82095,24.72395],[121.82115,24.72653],[121.82104,24.72731],[121.82076,24.72794],[121.81966,24.72939],[121.81935,24.73022]]}},{"type":"Feature","properties":{"n":"白米高架橋","k":2},"geometry":{"type":"LineString","coordinates":[[121.84935,24.58973],[121.84946,24.5891],[121.84945,24.58852],[121.84937,24.58815],[121.84872,24.58616],[121.84859,24.58551],[121.84859,24.58358],[121.84846,24.5821],[121.84836,24.58161],[121.84806,24.58056],[121.8478,24.57994],[121.84765,24.57961],[121.84664,24.5779],[121.84634,24.577],[121.84632,24.57639],[121.84638,24.57571],[121.84664,24.575],[121.8472,24.57382],[121.8475,24.57295],[121.84773,24.57164],[121.84775,24.57095]]}},{"type":"Feature","properties":{"n":"白米高架橋","k":2},"geometry":{"type":"LineString","coordinates":[[121.84782,24.57095],[121.84778,24.57177],[121.84758,24.57287],[121.84726,24.57384],[121.84655,24.57541],[121.8464,24.57607],[121.84638,24.57665],[121.84653,24.57736],[121.84673,24.57788],[121.84771,24.57959],[121.84801,24.58021],[121.84844,24.58159],[121.84864,24.58292],[121.84864,24.58515],[121.84868,24.58551],[121.84879,24.58614],[121.84954,24.58852],[121.84954,24.58912],[121.84942,24.58975]]}},{"type":"Feature","properties":{"n":"移山路","k":2},"geometry":{"type":"LineString","coordinates":[[121.85644,24.59627],[121.85658,24.59624],[121.85684,24.59609],[121.85781,24.59527],[121.85809,24.59493],[121.85821,24.59463],[121.85891,24.59182],[121.85922,24.59114],[121.85945,24.59077],[121.86006,24.59005],[121.86275,24.58793],[121.86301,24.58768],[121.86314,24.58741],[121.86341,24.58642],[121.8637,24.58591],[121.86393,24.58562]]}},{"type":"Feature","properties":{"n":"移山路","k":2},"geometry":{"type":"LineString","coordinates":[[121.86393,24.58562],[121.86436,24.58512]]}},{"type":"Feature","properties":{"n":"移山路","k":2},"geometry":{"type":"LineString","coordinates":[[121.86448,24.58519],[121.86393,24.58562]]}},{"type":"Feature","properties":{"n":"蘇澳隧道","k":2},"geometry":{"type":"LineString","coordinates":[[121.84605,24.59372],[121.84608,24.59305],[121.84628,24.59255],[121.84658,24.59212],[121.84697,24.59175]]}},{"type":"Feature","properties":{"n":"蘇澳隧道","k":2},"geometry":{"type":"LineString","coordinates":[[121.84707,24.59184],[121.84669,24.59218],[121.8464,24.59262],[121.84619,24.59325],[121.84619,24.5937]]}},{"type":"Feature","properties":{"n":"蘇東中路","k":2},"geometry":{"type":"LineString","coordinates":[[121.85429,24.59618],[121.85644,24.59627]]}},{"type":"Feature","properties":{"n":"蘇澳特號陸橋","k":2},"geometry":{"type":"LineString","coordinates":[[121.85535,24.59452],[121.85534,24.59431],[121.85542,24.59415]]}},{"type":"Feature","properties":{"n":"白米橋","k":2},"geometry":{"type":"LineString","coordinates":[[121.85342,24.59616],[121.85403,24.59619]]}},{"type":"Feature","properties":{"n":"六十四號橋","k":2},"geometry":{"type":"LineString","coordinates":[[121.85503,24.59536],[121.8552,24.59519]]}},{"type":"Feature","properties":{"n":"過溪橋","k":2},"geometry":{"type":"LineString","coordinates":[[121.8534,24.59417],[121.85408,24.59419]]}},{"type":"Feature","properties":{"n":"過溪橋","k":2},"geometry":{"type":"LineString","coordinates":[[121.85409,24.5943],[121.8534,24.59428]]}},{"type":"Feature","properties":{"n":"蘇東北路","k":2},"geometry":{"type":"LineString","coordinates":[[121.85628,24.59825],[121.8563,24.59627]]}},{"type":"Feature","properties":{"n":"蘇東北路","k":2},"geometry":{"type":"LineString","coordinates":[[121.85644,24.59627],[121.85637,24.59825]]}},{"type":"Feature","properties":{"n":"濱海橋","k":2},"geometry":{"type":"LineString","coordinates":[[121.85637,24.59825],[121.85639,24.6]]}},{"type":"Feature","properties":{"n":"蘭陽第二隧道","k":2},"geometry":{"type":"LineString","coordinates":[[121.85547,24.60847],[121.85618,24.60012]]}},{"type":"Feature","properties":{"n":"蘭陽隧道","k":2},"geometry":{"type":"LineString","coordinates":[[121.85639,24.6],[121.85621,24.60427],[121.85582,24.60837]]}},{"type":"Feature","properties":{"n":"雪山隧道","k":0},"geometry":{"type":"LineString","coordinates":[[121.7915,24.84789],[121.79166,24.84916],[121.79169,24.85043],[121.79156,24.85208],[121.79123,24.85406],[121.7903,24.85688],[121.78898,24.85948],[121.78744,24.86169],[121.78549,24.86407],[121.78198,24.86747],[121.77609,24.87299],[121.77117,24.87769],[121.76875,24.8804],[121.76614,24.88387],[121.7602,24.89249],[121.75829,24.89516],[121.7559,24.89799],[121.75406,24.89992],[121.75227,24.90156],[121.7501,24.90337],[121.74075,24.91054],[121.73412,24.91571],[121.73249,24.9171],[121.7309,24.91866],[121.729,24.92064],[121.72732,24.92265],[121.72543,24.92527],[121.72272,24.92946],[121.7205,24.93279],[121.71967,24.93372],[121.71883,24.93452],[121.71665,24.93643],[121.71556,24.93757],[121.71502,24.93819],[121.71474,24.93862]]}},{"type":"Feature","properties":{"n":"雪山隧道","k":0},"geometry":{"type":"LineString","coordinates":[[121.71444,24.93833],[121.71519,24.93736],[121.71633,24.93615],[121.71852,24.93414],[121.71928,24.93338],[121.72101,24.93095],[121.72494,24.92495],[121.72686,24.92232],[121.72859,24.92028],[121.73054,24.9182],[121.7321,24.91671],[121.73374,24.91528],[121.74976,24.90295],[121.7519,24.90116],[121.75363,24.89957],[121.75556,24.89757],[121.75784,24.89481],[121.75972,24.89222],[121.76572,24.8835],[121.76838,24.87998],[121.77077,24.87734],[121.77572,24.87258],[121.78329,24.86545],[121.78425,24.86461],[121.78588,24.86295],[121.78714,24.86138],[121.78843,24.85965],[121.78988,24.85668],[121.7907,24.85416],[121.79123,24.85147],[121.79125,24.84921],[121.79118,24.84821],[121.79104,24.84776]]}},{"type":"Feature","properties":{"n":"永同路一段","k":2},"geometry":{"type":"LineString","coordinates":[[121.73089,24.76432],[121.73106,24.76427]]}},{"type":"Feature","properties":{"n":"永同路一段","k":2},"geometry":{"type":"LineString","coordinates":[[121.73107,24.76434],[121.73089,24.76432]]}},{"type":"Feature","properties":{"n":"永同路一段","k":2},"geometry":{"type":"LineString","coordinates":[[121.73089,24.76432],[121.72978,24.76456],[121.72905,24.76431],[121.72831,24.76417],[121.72771,24.76383],[121.72731,24.76372]]}},{"type":"Feature","properties":{"n":"環市東路三段","k":2},"geometry":{"type":"LineString","coordinates":[[121.7646,24.77346],[121.76853,24.76991],[121.76918,24.76928],[121.76978,24.76847],[121.77055,24.76718],[121.77086,24.76645],[121.77116,24.7654],[121.77135,24.76411],[121.77142,24.76434],[121.77125,24.76544],[121.77088,24.76666],[121.77041,24.76765],[121.76935,24.7692],[121.76863,24.76993],[121.76517,24.77306],[121.7644,24.77385],[121.76083,24.77701]]}},{"type":"Feature","properties":{"n":"環市東路三段","k":2},"geometry":{"type":"LineString","coordinates":[[121.76008,24.77756],[121.75919,24.77834]]}},{"type":"Feature","properties":{"n":"環市東路三段","k":2},"geometry":{"type":"LineString","coordinates":[[121.75916,24.77825],[121.76024,24.77726]]}},{"type":"Feature","properties":{"n":"環市東路三段","k":2},"geometry":{"type":"LineString","coordinates":[[121.76449,24.77345],[121.7684,24.76989],[121.76907,24.76922],[121.7695,24.76866],[121.77023,24.76757],[121.7707,24.7666],[121.77091,24.76598],[121.77107,24.76531],[121.77124,24.7641],[121.77112,24.76443],[121.77112,24.76467],[121.77094,24.7656],[121.77066,24.7665],[121.76996,24.76787],[121.76904,24.76912],[121.76831,24.76987],[121.76083,24.77659]]}},{"type":"Feature","properties":{"n":"辛仔罕橋","k":2},"geometry":{"type":"LineString","coordinates":[[121.7646,24.77346],[121.76008,24.77756]]}},{"type":"Feature","properties":{"n":"辛仔罕橋","k":2},"geometry":{"type":"LineString","coordinates":[[121.76024,24.77726],[121.76449,24.77345]]}},{"type":"Feature","properties":{"n":"中山路五段","k":2},"geometry":{"type":"LineString","coordinates":[[121.75926,24.77816],[121.76067,24.78279]]}},{"type":"Feature","properties":{"n":"中山路五段","k":2},"geometry":{"type":"LineString","coordinates":[[121.76055,24.78282],[121.75916,24.77825]]}},{"type":"Feature","properties":{"n":"礁溪路一段","k":2},"geometry":{"type":"LineString","coordinates":[[121.76071,24.78294],[121.76145,24.78544],[121.76163,24.78648],[121.76197,24.78972],[121.76211,24.79051],[121.76312,24.79409]]}},{"type":"Feature","properties":{"n":"礁溪路一段","k":2},"geometry":{"type":"LineString","coordinates":[[121.763,24.79412],[121.76199,24.79053],[121.76143,24.78615],[121.76129,24.78547],[121.76058,24.78295]]}},{"type":"Feature","properties":{"n":"下一結橋","k":2},"geometry":{"type":"LineString","coordinates":[[121.76067,24.78279],[121.76071,24.78294]]}},{"type":"Feature","properties":{"n":"下一結橋","k":2},"geometry":{"type":"LineString","coordinates":[[121.76058,24.78295],[121.76055,24.78282]]}},{"type":"Feature","properties":{"n":"柴圍橋","k":2},"geometry":{"type":"LineString","coordinates":[[121.76305,24.79432],[121.763,24.79412]]}},{"type":"Feature","properties":{"n":"柴圍橋","k":2},"geometry":{"type":"LineString","coordinates":[[121.76312,24.79409],[121.76317,24.79427]]}},{"type":"Feature","properties":{"n":"礁溪路三段","k":2},"geometry":{"type":"LineString","coordinates":[[121.76635,24.8073],[121.76569,24.80568],[121.76521,24.80332]]}},{"type":"Feature","properties":{"n":"礁溪路三段","k":2},"geometry":{"type":"LineString","coordinates":[[121.76514,24.80289],[121.76457,24.80032]]}},{"type":"Feature","properties":{"n":"礁溪路三段","k":2},"geometry":{"type":"LineString","coordinates":[[121.76469,24.80029],[121.76526,24.80289]]}},{"type":"Feature","properties":{"n":"礁溪路三段","k":2},"geometry":{"type":"LineString","coordinates":[[121.76535,24.80336],[121.76574,24.80538],[121.76591,24.80594],[121.76647,24.80726]]}},{"type":"Feature","properties":{"n":"礁溪路三段","k":2},"geometry":{"type":"LineString","coordinates":[[121.76766,24.81574],[121.76749,24.81475],[121.76732,24.81226],[121.76692,24.80891],[121.76652,24.80772]]}},{"type":"Feature","properties":{"n":"礁溪路三段","k":2},"geometry":{"type":"LineString","coordinates":[[121.76666,24.80775],[121.76712,24.8091],[121.76739,24.81169],[121.76764,24.81493],[121.76782,24.81591]]}},{"type":"Feature","properties":{"n":"礁溪路二段","k":2},"geometry":{"type":"LineString","coordinates":[[121.76457,24.80032],[121.76305,24.79432]]}},{"type":"Feature","properties":{"n":"礁溪路二段","k":2},"geometry":{"type":"LineString","coordinates":[[121.76317,24.79427],[121.7638,24.79658],[121.76469,24.80029]]}},{"type":"Feature","properties":{"n":"得子口橋","k":2},"geometry":{"type":"LineString","coordinates":[[121.76521,24.80332],[121.76514,24.80289]]}},{"type":"Feature","properties":{"n":"得子口橋","k":2},"geometry":{"type":"LineString","coordinates":[[121.76526,24.80289],[121.76535,24.80336]]}},{"type":"Feature","properties":{"n":"十六結橋","k":2},"geometry":{"type":"LineString","coordinates":[[121.76652,24.80772],[121.76635,24.8073]]}},{"type":"Feature","properties":{"n":"十六結橋","k":2},"geometry":{"type":"LineString","coordinates":[[121.76647,24.80726],[121.76666,24.80775]]}},{"type":"Feature","properties":{"n":"壯濱路四段","k":2},"geometry":{"type":"LineString","coordinates":[[121.81585,24.76392],[121.81591,24.76625],[121.81589,24.76748],[121.81572,24.76915],[121.81573,24.7709],[121.81524,24.77727],[121.81506,24.77793],[121.81451,24.7788]]}},{"type":"Feature","properties":{"n":"壯濱路四段","k":2},"geometry":{"type":"LineString","coordinates":[[121.81439,24.7788],[121.81497,24.77785],[121.81506,24.77765],[121.81513,24.77728],[121.81563,24.77089],[121.81562,24.76914],[121.81579,24.76777],[121.81582,24.76625],[121.81576,24.76392]]}},{"type":"Feature","properties":{"n":"壯濱路五段","k":2},"geometry":{"type":"LineString","coordinates":[[121.81468,24.78995],[121.81441,24.78862],[121.81434,24.78796],[121.8144,24.78585],[121.81431,24.78483],[121.8141,24.7833],[121.81381,24.78187],[121.81375,24.78124],[121.81379,24.78061],[121.81391,24.77993],[121.81413,24.7793],[121.81439,24.7788]]}},{"type":"Feature","properties":{"n":"壯濱路五段","k":2},"geometry":{"type":"LineString","coordinates":[[121.81451,24.7788],[121.81415,24.77951],[121.81402,24.77997],[121.81385,24.78116],[121.81393,24.78194],[121.81424,24.78343],[121.81449,24.78541],[121.81451,24.78628],[121.81445,24.78795],[121.81453,24.78863],[121.81479,24.78994]]}},{"type":"Feature","properties":{"n":"壯濱路六段","k":2},"geometry":{"type":"LineString","coordinates":[[121.81734,24.80763],[121.81724,24.80721],[121.8171,24.80494],[121.81677,24.80251],[121.81695,24.80154],[121.81694,24.80119],[121.81643,24.79935],[121.81578,24.7967],[121.81525,24.79301],[121.81468,24.78995]]}},{"type":"Feature","properties":{"n":"壯濱路六段","k":2},"geometry":{"type":"LineString","coordinates":[[121.81479,24.78994],[121.8154,24.79325],[121.81583,24.79647],[121.81703,24.80115],[121.81704,24.80146],[121.81689,24.8023],[121.81688,24.80271],[121.81718,24.80462],[121.81732,24.80707],[121.81746,24.80766]]}},{"type":"Feature","properties":{"n":"頭濱路一段","k":2},"geometry":{"type":"LineString","coordinates":[[121.81746,24.80766],[121.81836,24.80978],[121.81852,24.81026],[121.81865,24.81232],[121.81941,24.81648],[121.81997,24.81914],[121.82018,24.82115],[121.82062,24.82303],[121.82076,24.82434],[121.82128,24.82604]]}},{"type":"Feature","properties":{"n":"頭濱路一段","k":2},"geometry":{"type":"LineString","coordinates":[[121.82126,24.82635],[121.8207,24.82448],[121.82051,24.82297],[121.82009,24.82116],[121.81984,24.81888],[121.81857,24.81258],[121.81847,24.81071],[121.81841,24.81028],[121.81828,24.8098],[121.81734,24.80763]]}},{"type":"Feature","properties":{"n":"北宜路二段","k":2},"geometry":{"type":"LineString","coordinates":[[121.77565,24.86512],[121.77579,24.86517],[121.77626,24.86565],[121.77659,24.86585],[121.77686,24.8663],[121.77708,24.86656],[121.77748,24.86684],[121.77796,24.86706],[121.77871,24.86693],[121.7791,24.86693],[121.78076,24.8672],[121.78112,24.86729],[121.78207,24.86767],[121.78232,24.86768],[121.78276,24.86746],[121.78329,24.86692],[121.78398,24.86647],[121.78408,24.86628],[121.78406,24.86605],[121.78386,24.86582],[121.7836,24.86574],[121.78282,24.86577],[121.78166,24.86649],[121.78139,24.86656],[121.78024,24.86633],[121.77984,24.8662],[121.7794,24.86598],[121.77912,24.86576],[121.77857,24.86511],[121.77794,24.8647],[121.77787,24.86445],[121.77786,24.86361],[121.77837,24.86217],[121.77846,24.86138],[121.77881,24.8609],[121.7791,24.86073],[121.77925,24.8607],[121.77943,24.86069],[121.77981,24.86078],[121.78013,24.86098],[121.78041,24.86107],[121.78102,24.86109],[121.78144,24.86137],[121.78184,24.86185],[121.78204,24.86222],[121.78204,24.86326],[121.78208,24.86345],[121.78217,24.86358],[121.78244,24.86372],[121.78276,24.86368],[121.7834,24.8633],[121.78392,24.86311],[121.78519,24.86287],[121.78594,24.86279],[121.78641,24.86283],[121.78702,24.86306],[121.78783,24.86369],[121.78809,24.86368],[121.78879,24.8633],[121.78893,24.86308],[121.78912,24.86227],[121.78932,24.86191],[121.78937,24.86117],[121.78961,24.86083],[121.7896,24.86065],[121.78946,24.86022],[121.78948,24.85997],[121.78967,24.85974],[121.79002,24.85956],[121.79013,24.85939],[121.79046,24.85836],[121.79073,24.85776],[121.79069,24.85746],[121.79028,24.85665],[121.79032,24.85654],[121.79046,24.8565],[121.79062,24.85655],[121.79084,24.85706],[121.79106,24.85732],[121.79187,24.85791],[121.7921,24.85801],[121.79227,24.85802],[121.7925,24.85815],[121.79277,24.85861],[121.79287,24.85867],[121.79307,24.85867],[121.79323,24.85859],[121.79331,24.85843],[121.79328,24.85827],[121.7928,24.85772],[121.79242,24.85711],[121.79181,24.85642],[121.79148,24.85591],[121.79116,24.85558],[121.79081,24.8551],[121.79054,24.85486],[121.7902,24.85469],[121.79018,24.8545],[121.79031,24.85444],[121.79041,24.85445],[121.79053,24.85454],[121.79136,24.85533],[121.79248,24.85611],[121.79289,24.85692],[121.79368,24.85757],[121.79391,24.8577],[121.79461,24.85792],[121.79514,24.8583],[121.79515,24.85852],[121.79504,24.85864],[121.79432,24.85896],[121.79428,24.85911],[121.79437,24.85925],[121.79454,24.85925],[121.79491,24.85887],[121.79544,24.85859],[121.79549,24.85844],[121.79545,24.85831],[121.79513,24.85787],[121.79473,24.8576],[121.79417,24.85739],[121.79404,24.8573],[121.79384,24.85713],[121.79346,24.85667],[121.79334,24.85637],[121.79322,24.85524],[121.79317,24.85513],[121.79262,24.85441],[121.79212,24.85402],[121.79149,24.85338],[121.79133,24.85316],[121.7909,24.85184],[121.79061,24.85144],[121.79003,24.85113],[121.79003,24.85096],[121.79012,24.85091],[121.79032,24.85095],[121.79062,24.85116],[121.79091,24.85146],[121.79145,24.85228],[121.79182,24.85272],[121.79205,24.85287],[121.79273,24.85293],[121.79314,24.85351],[121.79391,24.85403],[121.79419,24.85431],[121.79438,24.85485],[121.79421,24.85562],[121.79423,24.85577],[121.79432,24.85589],[121.795,24.85627],[121.79608,24.85664],[121.7963,24.85685],[121.7966,24.85728],[121.79672,24.85734],[121.79684,24.85731]]}},{"type":"Feature","properties":{"n":"礁溪路四段","k":2},"geometry":{"type":"LineString","coordinates":[[121.7707,24.82429],[121.76901,24.81976],[121.76766,24.81574]]}},{"type":"Feature","properties":{"n":"礁溪路四段","k":2},"geometry":{"type":"LineString","coordinates":[[121.76782,24.81591],[121.76818,24.8171],[121.76907,24.81965],[121.77077,24.82426]]}},{"type":"Feature","properties":{"n":"礁溪路五段","k":2},"geometry":{"type":"LineString","coordinates":[[121.77629,24.82913],[121.77591,24.82903],[121.77446,24.82889],[121.77403,24.82878],[121.7733,24.82847],[121.77256,24.8279],[121.77189,24.82715],[121.77173,24.82689],[121.7707,24.82429]]}},{"type":"Feature","properties":{"n":"礁溪路五段","k":2},"geometry":{"type":"LineString","coordinates":[[121.77655,24.82915],[121.77684,24.82932]]}},{"type":"Feature","properties":{"n":"礁溪路五段","k":2},"geometry":{"type":"LineString","coordinates":[[121.77673,24.82938],[121.7765,24.82922]]}},{"type":"Feature","properties":{"n":"礁溪路五段","k":2},"geometry":{"type":"LineString","coordinates":[[121.77077,24.82426],[121.77119,24.82542],[121.77179,24.82686],[121.77196,24.82713],[121.77261,24.82785],[121.77316,24.8283],[121.77399,24.82869],[121.7746,24.82883],[121.77612,24.82897],[121.77635,24.82907]]}},{"type":"Feature","properties":{"n":"礁溪路六段","k":2},"geometry":{"type":"LineString","coordinates":[[121.77684,24.82932],[121.78058,24.83397],[121.78159,24.83488],[121.78201,24.83517],[121.78276,24.83549]]}},{"type":"Feature","properties":{"n":"礁溪路六段","k":2},"geometry":{"type":"LineString","coordinates":[[121.78271,24.8356],[121.78219,24.83541],[121.78179,24.8352],[121.78113,24.83467],[121.78051,24.83409],[121.7799,24.83338],[121.77673,24.82938]]}},{"type":"Feature","properties":{"n":"湯圍橋","k":2},"geometry":{"type":"LineString","coordinates":[[121.77635,24.82907],[121.77655,24.82915]]}},{"type":"Feature","properties":{"n":"湯圍橋","k":2},"geometry":{"type":"LineString","coordinates":[[121.7765,24.82922],[121.77629,24.82913]]}},{"type":"Feature","properties":{"n":"青雲路一段","k":2},"geometry":{"type":"LineString","coordinates":[[121.79626,24.83986],[121.79574,24.83965],[121.79466,24.83898],[121.79433,24.83884],[121.79394,24.83874],[121.79205,24.83861],[121.79106,24.83844],[121.78857,24.83756]]}},{"type":"Feature","properties":{"n":"青雲路一段","k":2},"geometry":{"type":"LineString","coordinates":[[121.78867,24.83746],[121.78973,24.83782],[121.79077,24.83825],[121.79131,24.83839],[121.79224,24.83852],[121.79392,24.83863],[121.79441,24.83876],[121.79557,24.83943],[121.7964,24.83979]]}},{"type":"Feature","properties":{"n":"青雲路一段","k":2},"geometry":{"type":"LineString","coordinates":[[121.79705,24.83996],[121.80008,24.8407],[121.80066,24.8409]]}},{"type":"Feature","properties":{"n":"青雲路一段","k":2},"geometry":{"type":"LineString","coordinates":[[121.80062,24.84102],[121.79913,24.84058],[121.7969,24.84004]]}},{"type":"Feature","properties":{"n":"北宜路一段","k":2},"geometry":{"type":"LineString","coordinates":[[121.79021,24.84108],[121.7902,24.84134],[121.79026,24.84158],[121.79345,24.84682],[121.79357,24.84727],[121.79372,24.84872],[121.7938,24.84893],[121.79437,24.8497]]}},{"type":"Feature","properties":{"n":"北宜路一段","k":2},"geometry":{"type":"LineString","coordinates":[[121.79437,24.8497],[121.79402,24.84935],[121.79371,24.84891],[121.79364,24.84874],[121.79358,24.84844],[121.79348,24.8471],[121.79342,24.84693],[121.79033,24.84185],[121.79013,24.84148],[121.79011,24.84107]]}},{"type":"Feature","properties":{"n":"北宜路一段","k":2},"geometry":{"type":"LineString","coordinates":[[121.79018,24.84076],[121.79087,24.83838]]}},{"type":"Feature","properties":{"n":"北宜路一段","k":2},"geometry":{"type":"LineString","coordinates":[[121.79099,24.8383],[121.79028,24.84077]]}},{"type":"Feature","properties":{"n":"北宜路一段","k":2},"geometry":{"type":"LineString","coordinates":[[121.79684,24.85731],[121.79685,24.85709],[121.7963,24.85649],[121.79588,24.8563],[121.79555,24.85591],[121.79503,24.85564],[121.79487,24.85541],[121.79478,24.8552],[121.79479,24.85512],[121.79523,24.85453],[121.79524,24.85436],[121.79478,24.85333],[121.79401,24.85224],[121.79326,24.85144],[121.79308,24.85104],[121.79298,24.85067],[121.79248,24.85009],[121.7919,24.8496],[121.79189,24.84947],[121.79198,24.84942],[121.79211,24.84943],[121.79237,24.84985],[121.79284,24.85021],[121.79316,24.85062],[121.79337,24.85114],[121.79426,24.8519],[121.79468,24.85235],[121.79526,24.85262],[121.79562,24.85306],[121.79581,24.85315],[121.79617,24.85319],[121.79633,24.85329],[121.79653,24.85374],[121.7973,24.85445],[121.79746,24.85465],[121.7979,24.85562],[121.79834,24.85612],[121.79852,24.85682],[121.79884,24.85732],[121.79894,24.85736],[121.79902,24.85731],[121.79901,24.85714],[121.79862,24.8564],[121.7984,24.8558],[121.79798,24.85505],[121.79797,24.85494],[121.79804,24.85473],[121.79833,24.85435],[121.79836,24.85426],[121.79831,24.85407],[121.79805,24.8539],[121.7974,24.85378],[121.79714,24.85367],[121.79699,24.85349],[121.79682,24.85306],[121.79615,24.85235],[121.79587,24.85176],[121.79527,24.85104],[121.79437,24.8497]]}},{"type":"Feature","properties":{"n":"礁溪路七段","k":2},"geometry":{"type":"LineString","coordinates":[[121.78857,24.83756],[121.78271,24.8356]]}},{"type":"Feature","properties":{"n":"礁溪路七段","k":2},"geometry":{"type":"LineString","coordinates":[[121.78276,24.83549],[121.78867,24.83746]]}},{"type":"Feature","properties":{"n":"北宜公路","k":2},"geometry":{"type":"LineString","coordinates":[[121.79087,24.83838],[121.79089,24.83828]]}},{"type":"Feature","properties":{"n":"北宜公路","k":2},"geometry":{"type":"LineString","coordinates":[[121.76624,24.87333],[121.76631,24.87323],[121.7663,24.87243],[121.76637,24.87231],[121.76698,24.87204],[121.76714,24.87188],[121.76728,24.87143],[121.76734,24.87092],[121.76753,24.87081],[121.76785,24.87074],[121.76799,24.87066],[121.76825,24.87037],[121.76845,24.87029],[121.76859,24.87032],[121.7687,24.87042],[121.76899,24.8712],[121.76902,24.87242],[121.76909,24.87253],[121.76926,24.87264],[121.76957,24.87266],[121.77159,24.87232],[121.77228,24.87249],[121.77266,24.87249],[121.77318,24.87238],[121.77354,24.87221],[121.77382,24.87192],[121.77396,24.87168],[121.774,24.87149],[121.77414,24.86923],[121.77388,24.86898],[121.77317,24.86886],[121.77282,24.86892],[121.77221,24.8692],[121.77201,24.86912],[121.77195,24.86903],[121.77197,24.86883],[121.77281,24.86793],[121.77355,24.86734],[121.77384,24.86659],[121.77439,24.86587],[121.77525,24.86519],[121.77537,24.86513],[121.77565,24.86512]]}},{"type":"Feature","properties":{"n":"猴洞橋","k":2},"geometry":{"type":"LineString","coordinates":[[121.79028,24.84077],[121.79021,24.84108]]}},{"type":"Feature","properties":{"n":"猴洞橋","k":2},"geometry":{"type":"LineString","coordinates":[[121.79011,24.84107],[121.79018,24.84076]]}},{"type":"Feature","properties":{"n":"青雲路二段","k":2},"geometry":{"type":"LineString","coordinates":[[121.81417,24.84844],[121.81361,24.84786],[121.81288,24.84747],[121.8078,24.84549],[121.80623,24.8448],[121.8013,24.84136],[121.80062,24.84102]]}},{"type":"Feature","properties":{"n":"青雲路二段","k":2},"geometry":{"type":"LineString","coordinates":[[121.80066,24.8409],[121.80143,24.84129],[121.80633,24.84471],[121.80791,24.8454],[121.8128,24.84731],[121.81337,24.84757],[121.81387,24.84792],[121.81426,24.8484]]}},{"type":"Feature","properties":{"n":"青雲路二段","k":2},"geometry":{"type":"LineString","coordinates":[[121.81458,24.84877],[121.815,24.84921],[121.81587,24.84983],[121.81601,24.85],[121.81581,24.84994],[121.81493,24.84929],[121.81441,24.84873]]}},{"type":"Feature","properties":{"n":"青雲路二段","k":2},"geometry":{"type":"LineString","coordinates":[[121.82256,24.85434],[121.82206,24.85373]]}},{"type":"Feature","properties":{"n":"二圍橋","k":2},"geometry":{"type":"LineString","coordinates":[[121.7969,24.84004],[121.79626,24.83986]]}},{"type":"Feature","properties":{"n":"二圍橋","k":2},"geometry":{"type":"LineString","coordinates":[[121.7964,24.83979],[121.79705,24.83996]]}},{"type":"Feature","properties":{"n":"頭濱路二段","k":2},"geometry":{"type":"LineString","coordinates":[[121.82396,24.84033],[121.82441,24.83941],[121.82447,24.83905],[121.82445,24.83853],[121.82418,24.83742],[121.82309,24.83499],[121.82285,24.83434],[121.82262,24.83338],[121.82254,24.8321],[121.82163,24.82845],[121.82126,24.82635]]}},{"type":"Feature","properties":{"n":"頭濱路二段","k":2},"geometry":{"type":"LineString","coordinates":[[121.82128,24.82604],[121.82172,24.82844],[121.8226,24.83187],[121.8227,24.8332],[121.82294,24.8343],[121.82311,24.83478],[121.82426,24.83736],[121.82456,24.83858],[121.82455,24.8392],[121.82444,24.83959],[121.82402,24.84037]]}},{"type":"Feature","properties":{"n":"竹安橋","k":2},"geometry":{"type":"LineString","coordinates":[[121.82295,24.84246],[121.82301,24.8421],[121.82314,24.84173],[121.82396,24.84033]]}},{"type":"Feature","properties":{"n":"竹安橋","k":2},"geometry":{"type":"LineString","coordinates":[[121.82402,24.84037],[121.82322,24.84175],[121.82311,24.84204],[121.82303,24.84246]]}},{"type":"Feature","properties":{"n":"頭城大橋","k":2},"geometry":{"type":"LineString","coordinates":[[121.82206,24.85373],[121.8216,24.8532],[121.82126,24.85296],[121.81832,24.85158],[121.81601,24.85]]}},{"type":"Feature","properties":{"n":"金面橋","k":2},"geometry":{"type":"LineString","coordinates":[[121.81441,24.84873],[121.81417,24.84844]]}},{"type":"Feature","properties":{"n":"金面橋","k":2},"geometry":{"type":"LineString","coordinates":[[121.81426,24.8484],[121.81458,24.84877]]}},{"type":"Feature","properties":{"n":"頭濱路三段","k":2},"geometry":{"type":"LineString","coordinates":[[121.82323,24.84469],[121.8232,24.8439],[121.82294,24.84284],[121.82295,24.84246]]}},{"type":"Feature","properties":{"n":"頭濱路三段","k":2},"geometry":{"type":"LineString","coordinates":[[121.82328,24.84522],[121.82314,24.84615],[121.82293,24.84708],[121.82289,24.84697],[121.82318,24.84525]]}},{"type":"Feature","properties":{"n":"頭濱路三段","k":2},"geometry":{"type":"LineString","coordinates":[[121.82303,24.84246],[121.82303,24.84283],[121.82332,24.84407],[121.82332,24.8446]]}},{"type":"Feature","properties":{"n":"頭濱路三段","k":2},"geometry":{"type":"LineString","coordinates":[[121.82253,24.85003],[121.82291,24.84718]]}},{"type":"Feature","properties":{"n":"頭濱路三段","k":2},"geometry":{"type":"LineString","coordinates":[[121.82333,24.85393],[121.82337,24.85383],[121.82327,24.85342],[121.82265,24.85169],[121.82253,24.85084]]}},{"type":"Feature","properties":{"n":"金馬橋","k":2},"geometry":{"type":"LineString","coordinates":[[121.82318,24.84525],[121.82323,24.84469]]}},{"type":"Feature","properties":{"n":"金馬橋","k":2},"geometry":{"type":"LineString","coordinates":[[121.82332,24.8446],[121.82328,24.84522]]}},{"type":"Feature","properties":{"n":"青雲路三段","k":2},"geometry":{"type":"LineString","coordinates":[[121.82628,24.85897],[121.82532,24.85752],[121.8247,24.85671],[121.82256,24.85434]]}},{"type":"Feature","properties":{"n":"青雲路三段","k":2},"geometry":{"type":"LineString","coordinates":[[121.83448,24.87096],[121.83198,24.86927],[121.83162,24.86898],[121.82957,24.86623]]}},{"type":"Feature","properties":{"n":"青雲路三段","k":2},"geometry":{"type":"LineString","coordinates":[[121.82965,24.86619],[121.83166,24.8689],[121.83203,24.86921],[121.83458,24.87092]]}},{"type":"Feature","properties":{"n":"青雲路三段","k":2},"geometry":{"type":"LineString","coordinates":[[121.82948,24.86611],[121.82873,24.86504],[121.82871,24.86481],[121.82881,24.86355],[121.82877,24.86319],[121.82856,24.8626],[121.82641,24.85925],[121.8264,24.85915],[121.82798,24.86148],[121.82872,24.86269],[121.82891,24.86347],[121.82883,24.86501],[121.82956,24.86607]]}},{"type":"Feature","properties":{"n":"福德坑橋","k":2},"geometry":{"type":"LineString","coordinates":[[121.82253,24.85084],[121.82253,24.85003]]}},{"type":"Feature","properties":{"n":"開蘭東路","k":2},"geometry":{"type":"LineString","coordinates":[[121.82256,24.85434],[121.82333,24.85393]]}},{"type":"Feature","properties":{"n":"青雲北橋","k":2},"geometry":{"type":"LineString","coordinates":[[121.8264,24.85915],[121.82628,24.85897]]}},{"type":"Feature","properties":{"n":"武營橋","k":2},"geometry":{"type":"LineString","coordinates":[[121.82957,24.86623],[121.82948,24.86611]]}},{"type":"Feature","properties":{"n":"武營橋","k":2},"geometry":{"type":"LineString","coordinates":[[121.82956,24.86607],[121.82965,24.86619]]}},{"type":"Feature","properties":{"n":"濱海路一段","k":2},"geometry":{"type":"LineString","coordinates":[[121.84072,24.87788],[121.84012,24.87725],[121.83881,24.87531],[121.83848,24.87491],[121.83539,24.87162],[121.83448,24.87096]]}},{"type":"Feature","properties":{"n":"濱海路一段","k":2},"geometry":{"type":"LineString","coordinates":[[121.83458,24.87092],[121.83527,24.87139],[121.83778,24.874],[121.83887,24.87525],[121.84012,24.87709],[121.84078,24.87783]]}},{"type":"Feature","properties":{"n":"濱海路二段","k":2},"geometry":{"type":"LineString","coordinates":[[121.84094,24.87796],[121.8415,24.87849],[121.84325,24.88078],[121.84426,24.88195],[121.84692,24.88449]]}},{"type":"Feature","properties":{"n":"濱海路二段","k":2},"geometry":{"type":"LineString","coordinates":[[121.84683,24.88451],[121.84418,24.882],[121.84318,24.88083],[121.84157,24.87874],[121.84086,24.87801]]}},{"type":"Feature","properties":{"n":"濱海路二段","k":2},"geometry":{"type":"LineString","coordinates":[[121.86045,24.89677],[121.86016,24.89658],[121.85981,24.89623],[121.85886,24.89493],[121.85852,24.89458],[121.85799,24.8942],[121.85655,24.89344],[121.8539,24.89245],[121.85319,24.89224],[121.85158,24.89193],[121.85071,24.8915],[121.85034,24.89123],[121.8498,24.89067],[121.84949,24.89014],[121.8479,24.88571],[121.84767,24.88532],[121.84696,24.88463]]}},{"type":"Feature","properties":{"n":"濱海路二段","k":2},"geometry":{"type":"LineString","coordinates":[[121.84702,24.88458],[121.84787,24.88545],[121.84873,24.88768],[121.84957,24.89012],[121.84985,24.89064],[121.85038,24.89119],[121.8514,24.8918],[121.85213,24.89201],[121.85317,24.89217],[121.85393,24.8924],[121.8561,24.89318],[121.85776,24.894],[121.85823,24.89427],[121.85862,24.89458],[121.85914,24.89516],[121.85988,24.89619],[121.8601,24.89643],[121.86054,24.89672]]}},{"type":"Feature","properties":{"n":"港澳橋","k":2},"geometry":{"type":"LineString","coordinates":[[121.84086,24.87801],[121.84072,24.87788]]}},{"type":"Feature","properties":{"n":"港澳橋","k":2},"geometry":{"type":"LineString","coordinates":[[121.84078,24.87783],[121.84094,24.87796]]}},{"type":"Feature","properties":{"n":"外澳橋","k":2},"geometry":{"type":"LineString","coordinates":[[121.84692,24.88449],[121.84702,24.88458]]}},{"type":"Feature","properties":{"n":"外澳橋","k":2},"geometry":{"type":"LineString","coordinates":[[121.84696,24.88463],[121.84683,24.88451]]}},{"type":"Feature","properties":{"n":"梗枋橋","k":2},"geometry":{"type":"LineString","coordinates":[[121.86356,24.90191],[121.86375,24.90235],[121.86401,24.90267],[121.86438,24.903],[121.86474,24.90322],[121.86547,24.90349],[121.86486,24.90334],[121.86425,24.90299],[121.86367,24.90238],[121.8635,24.90191]]}},{"type":"Feature","properties":{"n":"濱海路三段","k":2},"geometry":{"type":"LineString","coordinates":[[121.86547,24.90349],[121.86728,24.90395],[121.86864,24.90442],[121.86917,24.90472],[121.87082,24.90595],[121.87245,24.90725],[121.87397,24.90858],[121.87484,24.90955],[121.87629,24.911],[121.87653,24.9113]]}},{"type":"Feature","properties":{"n":"濱海路三段","k":2},"geometry":{"type":"LineString","coordinates":[[121.86054,24.89672],[121.86133,24.89716],[121.86215,24.89771],[121.86264,24.89823],[121.86318,24.89927],[121.86331,24.89966],[121.86356,24.90191]]}},{"type":"Feature","properties":{"n":"濱海路三段","k":2},"geometry":{"type":"LineString","coordinates":[[121.8635,24.90191],[121.8633,24.90003],[121.86322,24.89967],[121.86303,24.89915],[121.86257,24.89826],[121.86233,24.89796],[121.86193,24.89764],[121.86128,24.89722],[121.86045,24.89677]]}},{"type":"Feature","properties":{"n":"濱海路四段","k":2},"geometry":{"type":"LineString","coordinates":[[121.87894,24.91435],[121.88009,24.91508],[121.8816,24.91613],[121.88223,24.91671],[121.88294,24.91748],[121.88316,24.91773],[121.88341,24.91815],[121.88351,24.91841],[121.88378,24.92027],[121.88375,24.92081],[121.88337,24.92234],[121.88343,24.92303],[121.88359,24.92346],[121.88399,24.92401],[121.88532,24.9252],[121.88584,24.92614],[121.88601,24.92663],[121.88607,24.9272],[121.88607,24.92779],[121.88598,24.92813],[121.88554,24.92913]]}},{"type":"Feature","properties":{"n":"濱海路四段","k":2},"geometry":{"type":"LineString","coordinates":[[121.88547,24.92911],[121.88587,24.9282],[121.88599,24.92771],[121.88596,24.92685],[121.88586,24.92639],[121.88542,24.92548],[121.88526,24.92526],[121.88505,24.92502],[121.88394,24.92406],[121.88359,24.92362],[121.88336,24.92305],[121.88331,24.92276],[121.88332,24.92211],[121.88362,24.92109],[121.88371,24.92055],[121.88363,24.91949],[121.88349,24.91862],[121.88338,24.91826],[121.88318,24.91788],[121.88289,24.91753],[121.88163,24.91625],[121.87908,24.91452],[121.87894,24.91435]]}},{"type":"Feature","properties":{"n":"濱海路四段","k":2},"geometry":{"type":"LineString","coordinates":[[121.87653,24.9113],[121.87828,24.91383],[121.87894,24.91435]]}},{"type":"Feature","properties":{"n":"濱海路四段","k":2},"geometry":{"type":"LineString","coordinates":[[121.88687,24.93612],[121.88553,24.93514],[121.88505,24.93466],[121.88464,24.934],[121.88439,24.93321],[121.88436,24.93235],[121.88439,24.93201],[121.88453,24.93144],[121.88479,24.93088],[121.88537,24.92933]]}},{"type":"Feature","properties":{"n":"濱海路四段","k":2},"geometry":{"type":"LineString","coordinates":[[121.88544,24.92936],[121.88463,24.93147],[121.88447,24.93202],[121.88442,24.93278],[121.88457,24.93365],[121.88482,24.93417],[121.88535,24.93485],[121.88585,24.93527],[121.88694,24.93606]]}},{"type":"Feature","properties":{"n":"窖寮橋","k":2},"geometry":{"type":"LineString","coordinates":[[121.88554,24.92913],[121.88544,24.92936]]}},{"type":"Feature","properties":{"n":"窖寮橋","k":2},"geometry":{"type":"LineString","coordinates":[[121.88537,24.92933],[121.88547,24.92911]]}},{"type":"Feature","properties":{"n":"濱海路五段","k":2},"geometry":{"type":"LineString","coordinates":[[121.88694,24.93606],[121.88844,24.93717],[121.88969,24.93799],[121.89127,24.93917],[121.89268,24.93982],[121.89401,24.94082],[121.89487,24.9414]]}},{"type":"Feature","properties":{"n":"濱海路五段","k":2},"geometry":{"type":"LineString","coordinates":[[121.89483,24.94147],[121.89392,24.94086],[121.89271,24.93993],[121.89233,24.93972],[121.8915,24.93939],[121.8911,24.93916],[121.88965,24.93807],[121.88876,24.9375],[121.88687,24.93612]]}},{"type":"Feature","properties":{"n":"濱海路五段","k":2},"geometry":{"type":"LineString","coordinates":[[121.89848,24.94178],[121.89667,24.94204]]}},{"type":"Feature","properties":{"n":"濱海路五段","k":2},"geometry":{"type":"LineString","coordinates":[[121.89548,24.94181],[121.89576,24.94195],[121.89606,24.94203],[121.89667,24.94204]]}},{"type":"Feature","properties":{"n":"濱海路五段","k":2},"geometry":{"type":"LineString","coordinates":[[121.89667,24.94204],[121.89626,24.94211],[121.896,24.94209],[121.89565,24.94199],[121.89544,24.94187]]}},{"type":"Feature","properties":{"n":"濱海路五段","k":2},"geometry":{"type":"LineString","coordinates":[[121.89848,24.94178],[121.89883,24.94167],[121.89995,24.94147],[121.90072,24.94162],[121.90151,24.94195],[121.90194,24.94229],[121.90247,24.94293],[121.90282,24.94369],[121.903,24.94454]]}},{"type":"Feature","properties":{"n":"濱海路五段","k":2},"geometry":{"type":"LineString","coordinates":[[121.90293,24.94455],[121.90275,24.94372],[121.90247,24.94311],[121.90228,24.94279],[121.90197,24.94241],[121.90147,24.94201],[121.90076,24.94171],[121.89995,24.94153],[121.89848,24.94178]]}},{"type":"Feature","properties":{"n":"大溪橋","k":2},"geometry":{"type":"LineString","coordinates":[[121.89487,24.9414],[121.89548,24.94181]]}},{"type":"Feature","properties":{"n":"大溪橋","k":2},"geometry":{"type":"LineString","coordinates":[[121.89544,24.94187],[121.89483,24.94147]]}},{"type":"Feature","properties":{"n":"濱海路六段","k":2},"geometry":{"type":"LineString","coordinates":[[121.903,24.94454],[121.9033,24.94604],[121.9035,24.94641],[121.90373,24.9467],[121.90429,24.94716],[121.90635,24.94856]]}},{"type":"Feature","properties":{"n":"濱海路六段","k":2},"geometry":{"type":"LineString","coordinates":[[121.90635,24.94856],[121.90424,24.94723],[121.90366,24.94674],[121.90343,24.94645],[121.9032,24.946],[121.90293,24.94455]]}},{"type":"Feature","properties":{"n":"濱海路六段","k":2},"geometry":{"type":"LineString","coordinates":[[121.90635,24.94856],[121.9077,24.94949],[121.90862,24.95026]]}},{"type":"Feature","properties":{"n":"濱海路六段","k":2},"geometry":{"type":"LineString","coordinates":[[121.90882,24.95044],[121.9095,24.95101],[121.90992,24.95127],[121.91031,24.95144]]}},{"type":"Feature","properties":{"n":"濱海路六段","k":2},"geometry":{"type":"LineString","coordinates":[[121.9107,24.95158],[121.91566,24.95337],[121.91591,24.95352],[121.91655,24.95412],[121.91682,24.95456],[121.91735,24.95585],[121.91759,24.95766],[121.91774,24.95806],[121.91799,24.95851],[121.91876,24.95957],[121.91994,24.96101],[121.9201,24.96142]]}},{"type":"Feature","properties":{"n":"濱海路六段","k":2},"geometry":{"type":"LineString","coordinates":[[121.92005,24.96355],[121.91989,24.96304],[121.91989,24.96273]]}},{"type":"Feature","properties":{"n":"濱海路六段","k":2},"geometry":{"type":"LineString","coordinates":[[121.92349,24.96801],[121.92241,24.96699],[121.92182,24.96634],[121.92016,24.96376]]}},{"type":"Feature","properties":{"n":"下番薯橋","k":2},"geometry":{"type":"LineString","coordinates":[[121.90862,24.95026],[121.90882,24.95044]]}},{"type":"Feature","properties":{"n":"上番薯橋","k":2},"geometry":{"type":"LineString","coordinates":[[121.91031,24.95144],[121.9107,24.95158]]}},{"type":"Feature","properties":{"n":"懷德橋","k":2},"geometry":{"type":"LineString","coordinates":[[121.9201,24.96142],[121.92012,24.96183],[121.91997,24.96227],[121.91989,24.96273]]}},{"type":"Feature","properties":{"n":"大里橋","k":2},"geometry":{"type":"LineString","coordinates":[[121.92016,24.96376],[121.92005,24.96355]]}},{"type":"Feature","properties":{"n":"濱海路七段","k":2},"geometry":{"type":"LineString","coordinates":[[121.93399,24.97392],[121.92951,24.97211],[121.92759,24.97102]]}},{"type":"Feature","properties":{"n":"濱海路七段","k":2},"geometry":{"type":"LineString","coordinates":[[121.92746,24.97094],[121.92723,24.97075],[121.92634,24.97022],[121.92408,24.96874],[121.9236,24.96815]]}},{"type":"Feature","properties":{"n":"濱海路七段","k":2},"geometry":{"type":"LineString","coordinates":[[121.95472,24.98366],[121.95383,24.98301],[121.9531,24.98234],[121.95274,24.98208],[121.95086,24.98112],[121.94951,24.98072],[121.94923,24.98053],[121.94848,24.97986],[121.94825,24.97973],[121.94614,24.97893],[121.94461,24.97819],[121.94212,24.97678],[121.94145,24.97636],[121.94006,24.97535],[121.93975,24.97524],[121.93861,24.9751],[121.93649,24.97509],[121.93495,24.97458],[121.93461,24.97441],[121.93414,24.97404]]}},{"type":"Feature","properties":{"n":"濱海路七段","k":2},"geometry":{"type":"LineString","coordinates":[[121.96272,24.98365],[121.95885,24.98384],[121.9557,24.98417],[121.95529,24.98408],[121.95481,24.98377],[121.95472,24.98366]]}},{"type":"Feature","properties":{"n":"濱海路七段","k":2},"geometry":{"type":"LineString","coordinates":[[121.95472,24.98366],[121.95525,24.98401],[121.95546,24.98409],[121.95568,24.98411],[121.95889,24.98379],[121.96272,24.98365]]}},{"type":"Feature","properties":{"n":"濱海路七段","k":2},"geometry":{"type":"LineString","coordinates":[[121.96522,24.98415],[121.96316,24.98366],[121.96272,24.98365]]}},{"type":"Feature","properties":{"n":"大里簡橋","k":2},"geometry":{"type":"LineString","coordinates":[[121.9236,24.96815],[121.92349,24.96801]]}},{"type":"Feature","properties":{"n":"草嶺橋","k":2},"geometry":{"type":"LineString","coordinates":[[121.92759,24.97102],[121.92746,24.97094]]}},{"type":"Feature","properties":{"n":"桶盤堀橋","k":2},"geometry":{"type":"LineString","coordinates":[[121.93414,24.97404],[121.93399,24.97392]]}}]}