{"type":"FeatureCollection","features":[{"type":"Feature","properties":{"n":"七汐農路","k":5},"geometry":{"type":"LineString","coordinates":[[121.62883,25.13451],[121.62945,25.13502],[121.62936,25.13548],[121.62942,25.13561],[121.62994,25.13565],[121.63016,25.13585],[121.63086,25.13605],[121.63107,25.13619],[121.63162,25.13625],[121.63196,25.13619],[121.63205,25.13624],[121.63209,25.13631],[121.63202,25.13653],[121.63164,25.1367],[121.63145,25.13694],[121.63145,25.13705],[121.63291,25.13763],[121.63359,25.13762],[121.6338,25.13786],[121.63385,25.13824],[121.63394,25.13836],[121.63469,25.13838],[121.63531,25.13865]]}},{"type":"Feature","properties":{"n":"華新二路","k":5},"geometry":{"type":"LineString","coordinates":[[121.64672,25.13957],[121.64641,25.13957],[121.64619,25.13933],[121.6461,25.13893],[121.64533,25.13833],[121.64515,25.13808],[121.64492,25.13795],[121.64461,25.13789],[121.64419,25.1374],[121.644,25.13728],[121.64391,25.13796],[121.64358,25.13865],[121.64313,25.13922],[121.64304,25.13923],[121.64252,25.13878],[121.64228,25.13836],[121.64118,25.13812],[121.64102,25.1386],[121.64111,25.13888],[121.64131,25.1391],[121.64164,25.13916],[121.64188,25.13929],[121.64192,25.13948],[121.6412,25.13982],[121.64054,25.13994],[121.64019,25.14018],[121.64007,25.1402],[121.63962,25.13992],[121.63839,25.14025],[121.63786,25.14025],[121.63764,25.14011],[121.63731,25.13952],[121.63706,25.13949],[121.63683,25.13964],[121.63636,25.13957],[121.63616,25.13897],[121.63604,25.1388],[121.63531,25.13865],[121.63511,25.13891],[121.63523,25.13907],[121.63549,25.13922],[121.63555,25.13938],[121.63489,25.14013],[121.63498,25.14052],[121.63466,25.14068],[121.63464,25.14082],[121.63492,25.14128],[121.63524,25.14153],[121.63594,25.14159],[121.6364,25.14175],[121.63744,25.14237],[121.63752,25.14247],[121.63742,25.14255],[121.63674,25.14235],[121.63599,25.14238],[121.63588,25.1424],[121.63585,25.14247],[121.63658,25.14264],[121.63702,25.14295],[121.6379,25.14326],[121.63819,25.14318],[121.63837,25.14305],[121.63855,25.14308],[121.63896,25.14351],[121.63913,25.14386],[121.63932,25.14396],[121.63955,25.14396],[121.63985,25.14423],[121.63969,25.14453],[121.64003,25.14461],[121.64018,25.14483],[121.64035,25.14486],[121.64059,25.14468],[121.64077,25.14463],[121.64148,25.14469],[121.64231,25.14416],[121.64242,25.14422],[121.64246,25.14443],[121.64256,25.14447],[121.64266,25.14441],[121.64281,25.14415],[121.64237,25.14366],[121.64204,25.14383],[121.64168,25.14385],[121.64202,25.14281],[121.64202,25.14234],[121.64184,25.14171],[121.6415,25.14106],[121.64131,25.14099],[121.64116,25.14117],[121.64101,25.14124],[121.64059,25.14107],[121.64042,25.14107],[121.64009,25.14122],[121.63987,25.14108],[121.63982,25.14088],[121.63964,25.14064],[121.63882,25.14034],[121.63865,25.1402]]}},{"type":"Feature","properties":{"n":"華新二路","k":5},"geometry":{"type":"LineString","coordinates":[[121.66527,25.10309],[121.66512,25.1034],[121.66495,25.10442],[121.66475,25.10482],[121.66448,25.10507],[121.66444,25.10546],[121.66482,25.10628],[121.66563,25.10723],[121.66574,25.10763],[121.66574,25.10816],[121.66552,25.10894],[121.66519,25.10924],[121.6649,25.10965],[121.66482,25.10989],[121.66475,25.11057],[121.66475,25.11117],[121.66422,25.11193],[121.66421,25.11205],[121.66441,25.11258],[121.66438,25.11361],[121.66412,25.1139],[121.66384,25.11453],[121.6637,25.11463],[121.66321,25.11473],[121.66255,25.11525],[121.66207,25.11553],[121.66196,25.11577],[121.66153,25.11632],[121.66136,25.1164],[121.66032,25.11634],[121.6599,25.11646],[121.65986,25.11658]]}},{"type":"Feature","properties":{"n":"華新二路","k":5},"geometry":{"type":"LineString","coordinates":[[121.66583,25.10274],[121.66553,25.10328],[121.66545,25.10366],[121.66545,25.10423],[121.66513,25.10483],[121.66489,25.10511],[121.66487,25.10541],[121.665,25.10581],[121.66528,25.10616],[121.66575,25.10651],[121.66604,25.10691],[121.66626,25.1074],[121.66647,25.10757],[121.66646,25.10783],[121.66622,25.10826]]}},{"type":"Feature","properties":{"n":"華新二路","k":5},"geometry":{"type":"LineString","coordinates":[[121.65978,25.11681],[121.65944,25.11712],[121.65928,25.11788],[121.65931,25.1184],[121.65916,25.11869],[121.65849,25.11935],[121.65764,25.12036],[121.65755,25.12061],[121.65741,25.12195],[121.65722,25.12248],[121.65717,25.12334],[121.65699,25.12376],[121.6561,25.12462],[121.6559,25.125],[121.65578,25.12549],[121.65556,25.12554],[121.65536,25.12512],[121.65508,25.12513],[121.6544,25.12552],[121.6535,25.12577],[121.65357,25.12584],[121.65451,25.12567],[121.65482,25.12581],[121.6549,25.126],[121.65484,25.12605],[121.65452,25.12593],[121.65425,25.12592],[121.65339,25.12623],[121.65231,25.12599],[121.65131,25.12608],[121.65011,25.12584],[121.64969,25.12594],[121.64928,25.12631],[121.64814,25.12771],[121.64778,25.12782],[121.64766,25.1281],[121.64764,25.12863],[121.64738,25.12934],[121.64695,25.12938],[121.64656,25.12951],[121.64643,25.12963],[121.64619,25.13026],[121.6459,25.13054],[121.64567,25.13107],[121.64518,25.13145],[121.64488,25.13195],[121.64462,25.13214],[121.64401,25.13235],[121.64382,25.13249],[121.64356,25.13299],[121.64356,25.13328],[121.64368,25.13352],[121.64401,25.13376],[121.6442,25.13402],[121.64424,25.13424],[121.64415,25.13469],[121.64421,25.135],[121.64459,25.1355],[121.64487,25.13619],[121.64516,25.13638],[121.6456,25.13686],[121.64575,25.13719],[121.64592,25.13717],[121.64602,25.13682],[121.64578,25.13622],[121.64561,25.13538],[121.64563,25.13519]]}},{"type":"Feature","properties":{"n":"華新二路","k":5},"geometry":{"type":"LineString","coordinates":[[121.6685,25.13154],[121.66895,25.13119],[121.66912,25.13097],[121.66915,25.13076],[121.66894,25.13038],[121.66786,25.12999],[121.66778,25.13006],[121.66796,25.1303],[121.668,25.13043],[121.66794,25.1305],[121.66691,25.12982],[121.66686,25.12964],[121.66693,25.12943],[121.6668,25.12857],[121.66722,25.12789],[121.66731,25.12761],[121.66768,25.12739],[121.66783,25.1272],[121.66788,25.12696],[121.66789,25.12628],[121.66778,25.12579],[121.6678,25.12562],[121.66805,25.12524],[121.66803,25.12503],[121.6679,25.12494],[121.6677,25.1244],[121.66742,25.12496],[121.66723,25.12515],[121.66703,25.12568],[121.666,25.12601],[121.66576,25.12599],[121.66536,25.12578],[121.66514,25.12577],[121.66492,25.12585],[121.66449,25.12618],[121.66418,25.12622],[121.66405,25.1261],[121.66392,25.12565],[121.66372,25.12549],[121.66325,25.12549],[121.66277,25.12537],[121.66273,25.12526],[121.66287,25.12506],[121.66264,25.12424],[121.66262,25.12394],[121.66205,25.12361],[121.66191,25.12346],[121.6615,25.12261],[121.66168,25.1224],[121.66189,25.12242],[121.66242,25.12269],[121.66258,25.12268],[121.66263,25.12253],[121.66256,25.12216],[121.66236,25.12183],[121.66239,25.12128],[121.66223,25.12115],[121.66208,25.12065],[121.66217,25.12013],[121.66198,25.11974],[121.66214,25.11942],[121.66215,25.11927],[121.66209,25.11915],[121.66181,25.1191],[121.66158,25.11916],[121.66102,25.11963],[121.6606,25.11979],[121.66044,25.11981],[121.66029,25.11973],[121.6601,25.11951],[121.66006,25.11929],[121.66054,25.11887],[121.66105,25.11788],[121.66056,25.11772],[121.66016,25.11739],[121.65963,25.11747],[121.65957,25.11739],[121.65958,25.11718],[121.65976,25.11685]]}},{"type":"Feature","properties":{"n":"華新二路","k":5},"geometry":{"type":"LineString","coordinates":[[121.65435,25.12591],[121.65461,25.12611],[121.6547,25.12627],[121.65494,25.12719],[121.65495,25.12749],[121.65434,25.12809],[121.65443,25.12819],[121.65475,25.12817],[121.65487,25.12835],[121.65482,25.12873],[121.65497,25.12911],[121.65509,25.13013],[121.65495,25.13028],[121.65494,25.13046],[121.6551,25.13099],[121.65514,25.13181],[121.65502,25.13197],[121.65473,25.13213],[121.65456,25.1326],[121.65418,25.13305],[121.65404,25.13334],[121.65407,25.13391],[121.6539,25.13435],[121.65382,25.13478],[121.65369,25.13491],[121.65308,25.13506],[121.65304,25.13513],[121.65312,25.13519],[121.65344,25.13514],[121.6537,25.13523],[121.6537,25.13531],[121.65338,25.13569],[121.65335,25.13581],[121.65305,25.13586],[121.65239,25.13583],[121.65177,25.13571],[121.65138,25.13584],[121.65086,25.13573],[121.65089,25.13586],[121.65096,25.1359],[121.65133,25.13598],[121.65144,25.13609],[121.65146,25.13626],[121.65137,25.1364],[121.65112,25.13657],[121.65081,25.13655],[121.6507,25.1366],[121.65021,25.13699]]}},{"type":"Feature","properties":{"n":"華新二路","k":5},"geometry":{"type":"LineString","coordinates":[[121.66579,25.10817],[121.66574,25.10816]]}},{"type":"Feature","properties":{"n":"華新二路","k":5},"geometry":{"type":"LineString","coordinates":[[121.6468,25.13956],[121.64691,25.13953],[121.64694,25.13939],[121.64689,25.13899],[121.64693,25.13872],[121.64672,25.13794],[121.6465,25.13661],[121.64605,25.13604],[121.64563,25.13519],[121.6455,25.1347],[121.64566,25.13388],[121.64586,25.13348],[121.64609,25.13323],[121.64683,25.13301],[121.64689,25.1331],[121.64682,25.13318],[121.64635,25.13331],[121.64632,25.13345],[121.64688,25.13348],[121.64708,25.13353],[121.64721,25.13364],[121.64784,25.13452],[121.64891,25.13555],[121.64915,25.13571],[121.64945,25.13613],[121.6503,25.13624],[121.65033,25.13638],[121.65016,25.13721],[121.65058,25.13802],[121.65097,25.13837],[121.65161,25.13848],[121.65174,25.13857],[121.65214,25.13942],[121.65227,25.13956],[121.65245,25.13957],[121.65277,25.13938],[121.65341,25.13926],[121.65377,25.13961],[121.65427,25.13991],[121.65479,25.13993],[121.65516,25.14006],[121.65596,25.14101],[121.65655,25.14134]]}},{"type":"Feature","properties":{"n":"明德三路","k":2},"geometry":{"type":"LineString","coordinates":[[121.6837,25.07515],[121.6841,25.0753],[121.68684,25.07565],[121.68718,25.07576],[121.68743,25.07589],[121.68794,25.07632],[121.6889,25.07737],[121.68938,25.07767],[121.69005,25.07794],[121.69101,25.07809],[121.69245,25.07789],[121.6931,25.07798]]}},{"type":"Feature","properties":{"n":"明德三路","k":2},"geometry":{"type":"LineString","coordinates":[[121.6931,25.07798],[121.69245,25.07796],[121.69101,25.07816],[121.69056,25.07812],[121.69002,25.078],[121.68933,25.07774],[121.68884,25.07743],[121.68771,25.07621],[121.68715,25.07584],[121.68682,25.07573],[121.68408,25.07538],[121.68364,25.07521]]}},{"type":"Feature","properties":{"n":"明德三路","k":2},"geometry":{"type":"LineString","coordinates":[[121.6931,25.07798],[121.69395,25.07811],[121.69585,25.07869],[121.697,25.07899],[121.69902,25.07945],[121.69975,25.07957],[121.70028,25.07972],[121.70085,25.07995],[121.70132,25.0802],[121.70152,25.0807]]}},{"type":"Feature","properties":{"n":"新台五路二段","k":2},"geometry":{"type":"LineString","coordinates":[[121.68386,25.06874],[121.68462,25.0689],[121.68536,25.06913],[121.68662,25.0697],[121.68735,25.07015],[121.68803,25.07067],[121.68862,25.07126],[121.68899,25.07172]]}},{"type":"Feature","properties":{"n":"新台五路二段","k":2},"geometry":{"type":"LineString","coordinates":[[121.68888,25.07176],[121.68844,25.07123],[121.68797,25.07077],[121.68739,25.07031],[121.68658,25.06978],[121.68548,25.06928],[121.6848,25.06905],[121.68384,25.06885]]}},{"type":"Feature","properties":{"n":"明德三路","k":4},"geometry":{"type":"LineString","coordinates":[[121.68422,25.08396],[121.68321,25.08345]]}},{"type":"Feature","properties":{"n":"明德三路","k":4},"geometry":{"type":"LineString","coordinates":[[121.68128,25.08119],[121.68133,25.08092],[121.68145,25.08068],[121.68202,25.07995],[121.68222,25.07943],[121.68224,25.07916],[121.68202,25.07741],[121.68219,25.07682],[121.68229,25.07666],[121.6837,25.07515]]}},{"type":"Feature","properties":{"n":"明德三路","k":4},"geometry":{"type":"LineString","coordinates":[[121.68498,25.08453],[121.68422,25.08396]]}},{"type":"Feature","properties":{"n":"明德三路","k":4},"geometry":{"type":"LineString","coordinates":[[121.68422,25.08396],[121.68503,25.08447]]}},{"type":"Feature","properties":{"n":"大同路三段","k":2},"geometry":{"type":"LineString","coordinates":[[121.68364,25.07521],[121.68333,25.07485],[121.68329,25.07467],[121.68329,25.07436],[121.68347,25.07369],[121.68349,25.07335],[121.68333,25.07299],[121.6827,25.07244]]}},{"type":"Feature","properties":{"n":"大同路三段","k":2},"geometry":{"type":"LineString","coordinates":[[121.6836,25.07341],[121.68357,25.07371],[121.68337,25.07432],[121.68336,25.07466],[121.6835,25.07496],[121.6837,25.07515]]}},{"type":"Feature","properties":{"n":"明德二路","k":2},"geometry":{"type":"LineString","coordinates":[[121.68899,25.07172],[121.68947,25.0724],[121.69089,25.07476],[121.69342,25.07833],[121.69424,25.079],[121.69455,25.07917],[121.69555,25.07951],[121.69979,25.08081],[121.70035,25.08086],[121.70149,25.08062],[121.70177,25.0806],[121.70206,25.08067],[121.70236,25.08089],[121.70476,25.08383],[121.705,25.08417],[121.70518,25.08463],[121.70529,25.0851],[121.70531,25.08547],[121.70522,25.08868],[121.70525,25.08901],[121.70536,25.08931],[121.70573,25.08973],[121.7061,25.09004],[121.7063,25.09012],[121.70658,25.09014],[121.70754,25.09054]]}},{"type":"Feature","properties":{"n":"明德二路","k":2},"geometry":{"type":"LineString","coordinates":[[121.70745,25.09062],[121.70644,25.09022],[121.70608,25.09014],[121.70537,25.08952],[121.7052,25.08925],[121.7051,25.08888],[121.70523,25.08551],[121.70519,25.085],[121.70505,25.08451],[121.70495,25.08427],[121.7047,25.08389],[121.70229,25.08094],[121.70207,25.08077],[121.70179,25.08069],[121.70152,25.0807],[121.70038,25.08094],[121.69978,25.0809],[121.69552,25.07959],[121.6945,25.07924],[121.69419,25.07908],[121.69335,25.07838],[121.69228,25.07682],[121.69081,25.07483],[121.68938,25.07243],[121.68888,25.07176]]}},{"type":"Feature","properties":{"n":"長安街","k":5},"geometry":{"type":"LineString","coordinates":[[121.68943,25.07778],[121.68968,25.07748],[121.69079,25.07754],[121.69105,25.07735],[121.69308,25.07687],[121.69334,25.07677],[121.69419,25.07603],[121.69508,25.07537],[121.696,25.07507],[121.69642,25.07519],[121.69665,25.07509],[121.69694,25.07484],[121.69792,25.07368],[121.69806,25.07318],[121.69804,25.07307]]}},{"type":"Feature","properties":{"n":"長安街","k":5},"geometry":{"type":"LineString","coordinates":[[121.696,25.07507],[121.69609,25.07496],[121.69624,25.07438],[121.69649,25.07408],[121.69687,25.07259],[121.69632,25.07242],[121.69644,25.07168],[121.69638,25.07133]]}},{"type":"Feature","properties":{"n":"長安街231巷","k":5},"geometry":{"type":"LineString","coordinates":[[121.69706,25.07561],[121.69735,25.07541],[121.6975,25.07509],[121.69801,25.0747],[121.69811,25.07442]]}},{"type":"Feature","properties":{"n":"長安街231巷","k":5},"geometry":{"type":"LineString","coordinates":[[121.69642,25.07519],[121.69713,25.07565],[121.69792,25.07593],[121.69815,25.07545],[121.69849,25.07514]]}},{"type":"Feature","properties":{"n":"長安街231巷","k":5},"geometry":{"type":"LineString","coordinates":[[121.69771,25.07585],[121.69793,25.0753],[121.69829,25.07497]]}},{"type":"Feature","properties":{"n":"長安街231巷","k":5},"geometry":{"type":"LineString","coordinates":[[121.69694,25.07552],[121.69709,25.07497],[121.69752,25.07455],[121.69733,25.07438]]}},{"type":"Feature","properties":{"n":"長安街245巷","k":5},"geometry":{"type":"LineString","coordinates":[[121.6966,25.07372],[121.69768,25.07398]]}},{"type":"Feature","properties":{"n":"長安街247巷","k":5},"geometry":{"type":"LineString","coordinates":[[121.69666,25.07337],[121.69792,25.07368]]}},{"type":"Feature","properties":{"n":"長安街243巷","k":5},"geometry":{"type":"LineString","coordinates":[[121.69649,25.07408],[121.69737,25.0743]]}},{"type":"Feature","properties":{"n":"長安街257巷","k":5},"geometry":{"type":"LineString","coordinates":[[121.69642,25.07189],[121.69767,25.07206]]}},{"type":"Feature","properties":{"n":"長安街241巷","k":5},"geometry":{"type":"LineString","coordinates":[[121.69713,25.07461],[121.69624,25.07438]]}},{"type":"Feature","properties":{"n":"長安街255巷","k":5},"geometry":{"type":"LineString","coordinates":[[121.69768,25.07235],[121.69637,25.07216]]}},{"type":"Feature","properties":{"n":"長安街259巷","k":5},"geometry":{"type":"LineString","coordinates":[[121.6964,25.0716],[121.69769,25.07177]]}},{"type":"Feature","properties":{"n":"長安街249巷","k":5},"geometry":{"type":"LineString","coordinates":[[121.69673,25.07301],[121.69802,25.07331]]}},{"type":"Feature","properties":{"n":"長安街210巷","k":5},"geometry":{"type":"LineString","coordinates":[[121.69506,25.07484],[121.69462,25.07479],[121.69431,25.07443]]}},{"type":"Feature","properties":{"n":"長安街210巷","k":5},"geometry":{"type":"LineString","coordinates":[[121.69493,25.07548],[121.69516,25.07424]]}},{"type":"Feature","properties":{"n":"長安街212巷","k":5},"geometry":{"type":"LineString","coordinates":[[121.69615,25.07477],[121.69511,25.0746]]}},{"type":"Feature","properties":{"n":"長安街286巷","k":5},"geometry":{"type":"LineString","coordinates":[[121.69632,25.07242],[121.69587,25.07353],[121.69554,25.07373]]}},{"type":"Feature","properties":{"n":"長安街210巷2弄","k":5},"geometry":{"type":"LineString","coordinates":[[121.69511,25.0746],[121.69476,25.0745],[121.69453,25.07411]]}},{"type":"Feature","properties":{"n":"長安街210巷6弄","k":5},"geometry":{"type":"LineString","coordinates":[[121.69516,25.07424],[121.69523,25.07409],[121.69505,25.07386]]}},{"type":"Feature","properties":{"n":"長安街210巷4弄","k":5},"geometry":{"type":"LineString","coordinates":[[121.69476,25.07399],[121.695,25.07427],[121.69516,25.07424]]}},{"type":"Feature","properties":{"n":"長安街239巷","k":5},"geometry":{"type":"LineString","coordinates":[[121.69685,25.07493],[121.69615,25.07477]]}},{"type":"Feature","properties":{"n":"長安街251巷","k":5},"geometry":{"type":"LineString","coordinates":[[121.69804,25.07307],[121.69794,25.07291],[121.69687,25.07259]]}},{"type":"Feature","properties":{"n":"長安街261巷","k":5},"geometry":{"type":"LineString","coordinates":[[121.69638,25.07133],[121.69738,25.07146]]}},{"type":"Feature","properties":{"n":"泰安路","k":5},"geometry":{"type":"LineString","coordinates":[[121.72079,25.0722],[121.72088,25.07239],[121.72091,25.07276],[121.72107,25.07274],[121.72134,25.07244],[121.72117,25.07195],[121.72121,25.07142],[121.72126,25.0713],[121.72161,25.07101],[121.72165,25.07058],[121.72192,25.07017],[121.72201,25.06982],[121.72199,25.06958],[121.72181,25.06939],[121.72167,25.06938]]}},{"type":"Feature","properties":{"n":"泰安路","k":5},"geometry":{"type":"LineString","coordinates":[[121.70914,25.08753],[121.7093,25.0874],[121.70938,25.08693],[121.70933,25.08672],[121.70899,25.08631],[121.70871,25.0858],[121.70875,25.08544],[121.7089,25.08513],[121.7083,25.08417],[121.70792,25.08402],[121.70764,25.08351],[121.70756,25.08311],[121.70771,25.08249],[121.7079,25.08229],[121.70843,25.08214],[121.70886,25.08182],[121.70893,25.08161],[121.70871,25.08123],[121.70866,25.08067],[121.70872,25.08056],[121.70918,25.0803],[121.70954,25.07994],[121.70973,25.07965],[121.70998,25.07953],[121.71058,25.07945],[121.71116,25.0789],[121.71198,25.07867],[121.71271,25.07816],[121.71317,25.07793],[121.71397,25.07783],[121.71413,25.07773],[121.71426,25.07689],[121.71474,25.07643],[121.71491,25.07613],[121.71492,25.07599],[121.71471,25.07568],[121.7149,25.07496],[121.71484,25.07408],[121.7143,25.07357],[121.71416,25.07327],[121.71419,25.07318],[121.71432,25.07315],[121.7145,25.07324],[121.71486,25.07354],[121.71499,25.07357],[121.71534,25.07349],[121.71583,25.0736],[121.71591,25.07342],[121.71585,25.07295],[121.71607,25.0726],[121.71622,25.07176],[121.71647,25.07149],[121.7167,25.07153],[121.71682,25.0717],[121.71694,25.0725],[121.71738,25.07298],[121.7175,25.07293],[121.71742,25.07257],[121.71748,25.0724],[121.71799,25.07217],[121.71822,25.07195],[121.71903,25.07185],[121.71938,25.07198],[121.71965,25.07188],[121.71973,25.07193],[121.71993,25.07232],[121.72006,25.07238],[121.72071,25.07216]]}},{"type":"Feature","properties":{"n":"泰安路","k":5},"geometry":{"type":"LineString","coordinates":[[121.72156,25.06939],[121.72077,25.0696],[121.72021,25.07003],[121.71962,25.06992],[121.71919,25.07008],[121.71891,25.0699],[121.71943,25.06909],[121.71969,25.06904],[121.72017,25.06917],[121.72027,25.06913],[121.72035,25.06897],[121.72003,25.06855],[121.72025,25.06814],[121.72011,25.06796],[121.71985,25.06792],[121.71959,25.06801],[121.71924,25.06797],[121.71917,25.06799],[121.71906,25.06819],[121.71891,25.0682],[121.71887,25.06766],[121.71908,25.06749],[121.71974,25.06744],[121.72051,25.06752],[121.72052,25.06744],[121.72009,25.0672],[121.71942,25.0665],[121.71953,25.06592],[121.71996,25.06594],[121.72005,25.06605],[121.72014,25.06643],[121.72052,25.0666],[121.72103,25.06697],[121.72122,25.06696],[121.72133,25.06672],[121.72128,25.06663],[121.72097,25.06656],[121.72058,25.06627],[121.7205,25.06594],[121.72015,25.06552],[121.71963,25.06441],[121.71932,25.0645],[121.71911,25.0649],[121.71804,25.06593],[121.71787,25.06596],[121.71776,25.06587],[121.71794,25.06532],[121.71848,25.06503],[121.71863,25.06446],[121.71941,25.06395],[121.7199,25.06376],[121.7201,25.06377],[121.72038,25.06394],[121.7211,25.06408],[121.72189,25.06487],[121.72218,25.06501],[121.72236,25.06501],[121.72321,25.06474],[121.72425,25.06493],[121.7246,25.06488],[121.72474,25.06478],[121.7248,25.06454],[121.72461,25.06391],[121.72461,25.06355],[121.72454,25.06347],[121.72372,25.06325],[121.72237,25.06301]]}},{"type":"Feature","properties":{"n":"泰安路","k":5},"geometry":{"type":"LineString","coordinates":[[121.70908,25.08822],[121.70915,25.08803],[121.70914,25.08753]]}},{"type":"Feature","properties":{"n":"泰安路","k":5},"geometry":{"type":"LineString","coordinates":[[121.70862,25.08924],[121.70747,25.08906]]}},{"type":"Feature","properties":{"n":"泰安路","k":5},"geometry":{"type":"LineString","coordinates":[[121.7085,25.0898],[121.70861,25.08963],[121.70862,25.08924]]}},{"type":"Feature","properties":{"n":"泰安路","k":5},"geometry":{"type":"LineString","coordinates":[[121.70862,25.08924],[121.70861,25.0888],[121.70814,25.08835],[121.70914,25.08753]]}},{"type":"Feature","properties":{"n":"泰安路","k":5},"geometry":{"type":"LineString","coordinates":[[121.70835,25.08987],[121.70846,25.08984]]}},{"type":"Feature","properties":{"n":"泰安路","k":5},"geometry":{"type":"LineString","coordinates":[[121.70755,25.09021],[121.70767,25.09021]]}},{"type":"Feature","properties":{"n":"泰安二號橋","k":5},"geometry":{"type":"LineString","coordinates":[[121.72167,25.06938],[121.72156,25.06939]]}},{"type":"Feature","properties":{"n":"泰安一號橋","k":5},"geometry":{"type":"LineString","coordinates":[[121.72071,25.07216],[121.72079,25.0722]]}},{"type":"Feature","properties":{"n":"基平隧道","k":2},"geometry":{"type":"LineString","coordinates":[[121.75823,25.07438],[121.77129,25.05618],[121.77169,25.05549],[121.77207,25.05459]]}},{"type":"Feature","properties":{"n":"東勢街","k":2},"geometry":{"type":"LineString","coordinates":[[121.75555,25.07689],[121.75494,25.07701],[121.75479,25.077],[121.75418,25.07726],[121.754,25.07739],[121.75389,25.07768],[121.7539,25.078],[121.75399,25.07847],[121.75391,25.07875],[121.7537,25.07895],[121.75316,25.07927],[121.75254,25.07943],[121.7523,25.07965],[121.75194,25.07973],[121.75188,25.07978],[121.75162,25.08027],[121.75121,25.08079],[121.75106,25.08127],[121.75103,25.08152],[121.75093,25.08181],[121.75086,25.08189],[121.75019,25.08199],[121.74954,25.08307],[121.74911,25.08336],[121.74832,25.08356],[121.74811,25.08379],[121.74791,25.08417],[121.7484,25.08502],[121.74858,25.08569],[121.74857,25.08584],[121.74824,25.08629],[121.74777,25.08639],[121.74681,25.08641],[121.74622,25.08618],[121.74609,25.0861],[121.74587,25.08583],[121.74571,25.08576],[121.74548,25.08577],[121.7451,25.08593],[121.74457,25.08645],[121.74376,25.08696],[121.74346,25.08729],[121.74302,25.08819],[121.74131,25.08984],[121.7408,25.09081],[121.73969,25.09182],[121.73945,25.09228],[121.73904,25.09287],[121.73887,25.09323],[121.73905,25.09408],[121.73891,25.09649],[121.7388,25.09759],[121.7385,25.09827],[121.73836,25.09841],[121.7375,25.09891],[121.7364,25.09979],[121.73618,25.10002],[121.73601,25.10055],[121.73598,25.10079]]}},{"type":"Feature","properties":{"n":"東勢街","k":5},"geometry":{"type":"LineString","coordinates":[[121.75819,25.08481],[121.75833,25.0845],[121.7585,25.08436],[121.75856,25.08416],[121.75831,25.0838],[121.75822,25.08349],[121.75783,25.08322],[121.75776,25.08309],[121.75787,25.08286],[121.75817,25.08257],[121.75816,25.08245],[121.75794,25.08232],[121.75734,25.08228],[121.75709,25.08233],[121.75672,25.08251],[121.75659,25.08236],[121.75696,25.08197],[121.75746,25.08186],[121.75769,25.08147],[121.75764,25.08104],[121.7576,25.08099],[121.75717,25.08094],[121.75638,25.08033],[121.75583,25.08031],[121.75534,25.08055],[121.75502,25.08045],[121.75502,25.08037],[121.75522,25.08013],[121.7554,25.08003],[121.75561,25.07963],[121.75595,25.07933],[121.75594,25.07907],[121.75621,25.07851],[121.75618,25.07846],[121.75607,25.07851],[121.75576,25.079],[121.75569,25.07901],[121.75571,25.07862],[121.75583,25.07817],[121.7559,25.07807],[121.75641,25.07778],[121.75661,25.07754],[121.75631,25.0773],[121.7557,25.07746],[121.75551,25.07758],[121.75505,25.07816],[121.75492,25.07863],[121.75483,25.07864],[121.7548,25.07841],[121.75453,25.07773],[121.75456,25.07763],[121.75483,25.0772],[121.75495,25.07713],[121.75545,25.07709],[121.75551,25.07706],[121.75555,25.07689]]}},{"type":"Feature","properties":{"n":"基福公路","k":2},"geometry":{"type":"LineString","coordinates":[[121.75606,25.07652],[121.75596,25.0767],[121.75581,25.07681],[121.75555,25.07689]]}},{"type":"Feature","properties":{"n":"基福公路","k":2},"geometry":{"type":"LineString","coordinates":[[121.75823,25.07438],[121.75792,25.07488],[121.75784,25.07526]]}},{"type":"Feature","properties":{"n":"基福公路","k":2},"geometry":{"type":"LineString","coordinates":[[121.75815,25.07606],[121.75812,25.07629],[121.75787,25.07651],[121.75753,25.07653],[121.75738,25.07647],[121.75725,25.07633]]}},{"type":"Feature","properties":{"n":"基福公路","k":2},"geometry":{"type":"LineString","coordinates":[[121.757,25.07572],[121.7568,25.07555],[121.75668,25.07551],[121.75656,25.0755],[121.75628,25.07559]]}},{"type":"Feature","properties":{"n":"東安一號橋","k":2},"geometry":{"type":"LineString","coordinates":[[121.75628,25.07559],[121.75614,25.07575],[121.75611,25.07586],[121.75606,25.07652]]}},{"type":"Feature","properties":{"n":"東安三號橋","k":2},"geometry":{"type":"LineString","coordinates":[[121.75784,25.07526],[121.75792,25.07557],[121.75813,25.07594],[121.75815,25.07606]]}},{"type":"Feature","properties":{"n":"東安二號橋","k":2},"geometry":{"type":"LineString","coordinates":[[121.75725,25.07633],[121.757,25.07572]]}},{"type":"Feature","properties":{"n":"大成街","k":5},"geometry":{"type":"LineString","coordinates":[[121.69155,25.10934],[121.6907,25.10899],[121.69031,25.10891],[121.68943,25.10891],[121.68895,25.10911],[121.68772,25.1087],[121.68745,25.10854],[121.68733,25.10839],[121.68699,25.10769],[121.68681,25.10751],[121.68576,25.107],[121.68497,25.10681],[121.68473,25.10668],[121.68461,25.10648],[121.68459,25.10612],[121.68448,25.10597],[121.68436,25.10586],[121.68392,25.10575],[121.6839,25.10556],[121.68411,25.10513],[121.68391,25.10439],[121.68363,25.10374],[121.6839,25.10305],[121.68375,25.10271],[121.68408,25.10203],[121.68414,25.10144],[121.6843,25.10092],[121.68428,25.1008],[121.68399,25.10049],[121.68395,25.10021],[121.68359,25.0994],[121.68335,25.09932],[121.68318,25.09937],[121.68316,25.09952],[121.68331,25.10021],[121.68324,25.10036],[121.6831,25.10033],[121.68297,25.10002],[121.68272,25.09984],[121.6825,25.09975],[121.68181,25.09967],[121.68127,25.09941],[121.68108,25.09938],[121.68088,25.09949],[121.68071,25.09976],[121.6804,25.09997],[121.67977,25.10006],[121.67903,25.10031],[121.67833,25.0999],[121.67772,25.1],[121.67748,25.10013],[121.67708,25.10005],[121.67682,25.09977],[121.67649,25.09917],[121.6751,25.09827],[121.67517,25.09813],[121.67576,25.09829],[121.67586,25.09822],[121.67502,25.09764],[121.67456,25.09765],[121.67441,25.0982],[121.67364,25.09856],[121.67324,25.09851],[121.6729,25.09863],[121.67199,25.09838],[121.67182,25.09832],[121.67069,25.09696],[121.67041,25.09683],[121.67022,25.09638],[121.66996,25.09617],[121.66964,25.09603],[121.66942,25.0958],[121.66916,25.09518],[121.66909,25.09455]]}},{"type":"Feature","properties":{"n":"大成街","k":5},"geometry":{"type":"LineString","coordinates":[[121.69081,25.10907],[121.69028,25.10903],[121.68992,25.10974],[121.6898,25.1098],[121.68878,25.1098],[121.68863,25.11052],[121.68687,25.10978],[121.68667,25.10998],[121.68651,25.11036],[121.68633,25.11119]]}},{"type":"Feature","properties":{"n":"大成街","k":5},"geometry":{"type":"LineString","coordinates":[[121.68897,25.11075],[121.68914,25.11092]]}},{"type":"Feature","properties":{"n":"大成街","k":5},"geometry":{"type":"LineString","coordinates":[[121.68863,25.11052],[121.68875,25.1106]]}},{"type":"Feature","properties":{"n":"汐止隧道","k":0},"geometry":{"type":"LineString","coordinates":[[121.66013,25.09218],[121.65557,25.09092],[121.65411,25.09037]]}},{"type":"Feature","properties":{"n":"汐止隧道","k":0},"geometry":{"type":"LineString","coordinates":[[121.65431,25.09008],[121.65569,25.09065],[121.66009,25.09181]]}},{"type":"Feature","properties":{"n":"福爾摩沙高速公路","k":0},"geometry":{"type":"LineString","coordinates":[[121.67606,25.10015],[121.6736,25.09931],[121.67266,25.09908],[121.67103,25.09856],[121.67001,25.0982],[121.66951,25.09797],[121.66847,25.09743],[121.66782,25.09702],[121.66714,25.09651],[121.66652,25.09595],[121.66466,25.09444],[121.66333,25.09348],[121.66256,25.09306],[121.66172,25.09269],[121.66105,25.09244],[121.66013,25.09218]]}},{"type":"Feature","properties":{"n":"福爾摩沙高速公路","k":0},"geometry":{"type":"LineString","coordinates":[[121.66009,25.09181],[121.66079,25.09199],[121.66153,25.09225],[121.66225,25.09257],[121.66326,25.09311],[121.66425,25.09381],[121.6667,25.09584],[121.66727,25.09637],[121.66793,25.09687],[121.66859,25.09729],[121.66961,25.09781],[121.67111,25.09838],[121.67271,25.09885],[121.6744,25.09927],[121.67624,25.09986]]}},{"type":"Feature","properties":{"n":"福爾摩沙高速公路","k":0},"geometry":{"type":"LineString","coordinates":[[121.6853,25.11024],[121.68352,25.10703],[121.68286,25.10588],[121.68249,25.10533],[121.68164,25.10411],[121.68122,25.10362],[121.68075,25.10313],[121.68017,25.10266]]}},{"type":"Feature","properties":{"n":"福爾摩沙高速公路","k":0},"geometry":{"type":"LineString","coordinates":[[121.68069,25.10261],[121.68138,25.10327],[121.68185,25.1038],[121.68283,25.10522],[121.68374,25.10683],[121.68543,25.11017]]}},{"type":"Feature","properties":{"n":"福爾摩沙高速公路","k":0},"geometry":{"type":"LineString","coordinates":[[121.69871,25.13083],[121.69825,25.12988],[121.69786,25.12869],[121.69766,25.12775],[121.69756,25.12655],[121.69717,25.12431],[121.69699,25.12337],[121.69673,25.12241],[121.69642,25.12159],[121.69605,25.12079],[121.69562,25.12003],[121.69511,25.11932],[121.69427,25.11831],[121.69332,25.11733],[121.69292,25.11701],[121.68916,25.1147],[121.6881,25.11386],[121.68757,25.11335],[121.6872,25.1129]]}},{"type":"Feature","properties":{"n":"福爾摩沙高速公路","k":0},"geometry":{"type":"LineString","coordinates":[[121.68795,25.11349],[121.68839,25.11391],[121.68928,25.1146],[121.69277,25.11672],[121.69313,25.11698],[121.69364,25.11744],[121.6944,25.11824],[121.69574,25.12],[121.69619,25.12075],[121.69661,25.12158],[121.69689,25.12238],[121.69742,25.1243],[121.6978,25.126],[121.69799,25.12754],[121.6981,25.12803],[121.69876,25.13003]]}},{"type":"Feature","properties":{"n":"福爾摩沙高速公路","k":0},"geometry":{"type":"LineString","coordinates":[[121.70837,25.13658],[121.71032,25.13725],[121.71142,25.13774],[121.71277,25.13845],[121.71472,25.13966]]}},{"type":"Feature","properties":{"n":"福爾摩沙高速公路","k":0},"geometry":{"type":"LineString","coordinates":[[121.71468,25.13975],[121.71269,25.13854],[121.71151,25.13798],[121.71001,25.13739],[121.70825,25.13691]]}},{"type":"Feature","properties":{"n":"友諒產業道路","k":5},"geometry":{"type":"LineString","coordinates":[[121.66938,25.09404],[121.67074,25.09167],[121.66929,25.08958],[121.6692,25.08927],[121.66929,25.08885],[121.66972,25.08846],[121.67137,25.08771],[121.67242,25.08708],[121.67281,25.08671],[121.67295,25.08646],[121.6732,25.08629],[121.67397,25.08628],[121.67454,25.08639],[121.67495,25.08672],[121.67541,25.08682],[121.67554,25.08692],[121.67617,25.0867],[121.6768,25.08676]]}},{"type":"Feature","properties":{"n":"綠葉街","k":5},"geometry":{"type":"LineString","coordinates":[[121.66476,25.09193],[121.66453,25.09112],[121.66452,25.0908],[121.66489,25.09038],[121.6644,25.09022],[121.66396,25.09067],[121.66392,25.09085],[121.66434,25.0922],[121.66445,25.09233],[121.66582,25.09255],[121.6665,25.0933],[121.667,25.09331],[121.6672,25.09304]]}},{"type":"Feature","properties":{"n":"綠葉街","k":5},"geometry":{"type":"LineString","coordinates":[[121.66781,25.09041],[121.66753,25.09057],[121.66686,25.09125],[121.66653,25.09138],[121.66538,25.09146],[121.66468,25.09163]]}},{"type":"Feature","properties":{"n":"華新一路","k":5},"geometry":{"type":"LineString","coordinates":[[121.66912,25.09383],[121.66931,25.0927],[121.66927,25.09237],[121.66906,25.09207],[121.66846,25.09152],[121.66815,25.09113],[121.66736,25.08949],[121.6673,25.08907],[121.66742,25.08865],[121.66788,25.08817],[121.66846,25.08785],[121.66886,25.0877],[121.66997,25.0875],[121.67121,25.08715],[121.67209,25.08667],[121.67267,25.08566],[121.67336,25.08535],[121.67348,25.08504],[121.67341,25.08462]]}},{"type":"Feature","properties":{"n":"華新一路","k":5},"geometry":{"type":"LineString","coordinates":[[121.66598,25.09632],[121.66634,25.09597],[121.66695,25.09562],[121.6681,25.09553],[121.66853,25.0953],[121.66909,25.09455],[121.66938,25.09404],[121.66927,25.09394]]}},{"type":"Feature","properties":{"n":"華新一路","k":5},"geometry":{"type":"LineString","coordinates":[[121.66579,25.10272],[121.6664,25.10257],[121.66685,25.10233],[121.66713,25.10228],[121.66788,25.10245],[121.66826,25.10261],[121.66911,25.10262],[121.66939,25.10268],[121.66993,25.10356],[121.67104,25.10513],[121.67157,25.10623],[121.67207,25.10655],[121.67248,25.10698],[121.67309,25.10731],[121.67343,25.10736],[121.67405,25.107],[121.6746,25.10684],[121.67508,25.10656],[121.6753,25.10636],[121.67543,25.10638],[121.67586,25.10666],[121.67705,25.10706],[121.67709,25.10711],[121.67702,25.10721],[121.67667,25.10749]]}},{"type":"Feature","properties":{"n":"華新一路","k":5},"geometry":{"type":"LineString","coordinates":[[121.66585,25.09637],[121.66572,25.09643],[121.66563,25.09674],[121.66603,25.09744],[121.66618,25.0979],[121.6663,25.0995]]}},{"type":"Feature","properties":{"n":"華新一路","k":5},"geometry":{"type":"LineString","coordinates":[[121.66635,25.09976],[121.66642,25.10057],[121.66619,25.10168],[121.66613,25.10186],[121.6658,25.1022],[121.66551,25.10264],[121.66559,25.10267]]}},{"type":"Feature","properties":{"n":"華新一路","k":5},"geometry":{"type":"LineString","coordinates":[[121.66551,25.10264],[121.66527,25.10309]]}},{"type":"Feature","properties":{"n":"實踐路253巷","k":5},"geometry":{"type":"LineString","coordinates":[[121.67599,25.08626],[121.67365,25.08487],[121.67347,25.08488]]}},{"type":"Feature","properties":{"n":"實踐路253巷","k":5},"geometry":{"type":"LineString","coordinates":[[121.68226,25.08719],[121.68227,25.08641],[121.6822,25.08604],[121.68224,25.08574],[121.6824,25.08562],[121.68294,25.08563],[121.68306,25.08554],[121.68315,25.08512],[121.68331,25.08475],[121.68326,25.0841],[121.68337,25.08401],[121.68358,25.08402],[121.68374,25.08388],[121.68396,25.08381]]}},{"type":"Feature","properties":{"n":"實踐路253巷","k":5},"geometry":{"type":"LineString","coordinates":[[121.68043,25.08872],[121.67999,25.08863],[121.67923,25.08827],[121.67647,25.08655]]}},{"type":"Feature","properties":{"n":"實踐路253巷","k":5},"geometry":{"type":"LineString","coordinates":[[121.68124,25.0886],[121.68195,25.08787],[121.68221,25.08744],[121.68225,25.08724]]}},{"type":"Feature","properties":{"n":"中山高速公路","k":0},"geometry":{"type":"LineString","coordinates":[[121.67811,25.08583],[121.67741,25.08573],[121.67567,25.08533],[121.67366,25.08465],[121.67175,25.08376],[121.66926,25.08228]]}},{"type":"Feature","properties":{"n":"中山高速公路","k":0},"geometry":{"type":"LineString","coordinates":[[121.66934,25.08218],[121.67183,25.08366],[121.67375,25.08457],[121.67574,25.08523],[121.67682,25.08551],[121.6781,25.0857]]}},{"type":"Feature","properties":{"n":"中山高速公路","k":0},"geometry":{"type":"LineString","coordinates":[[121.73271,25.1196],[121.73171,25.11868],[121.72988,25.11716],[121.72878,25.1158],[121.72841,25.11524],[121.72765,25.1138],[121.72601,25.1099],[121.72479,25.10681],[121.72405,25.1055],[121.72318,25.10462],[121.72288,25.1044],[121.72209,25.10398],[121.72045,25.10348],[121.7122,25.10165],[121.71084,25.10126],[121.7097,25.10074],[121.70913,25.1004],[121.7085,25.09993],[121.70714,25.09875],[121.70624,25.09809],[121.70576,25.09782],[121.70507,25.09757],[121.70442,25.09743],[121.70372,25.09741],[121.70147,25.09764],[121.70073,25.09761],[121.69986,25.09744],[121.6992,25.09719],[121.69891,25.09702],[121.69822,25.09643],[121.69786,25.09601],[121.69766,25.09569],[121.69737,25.09514],[121.69678,25.09371],[121.6956,25.09025],[121.69517,25.0895],[121.6949,25.08918],[121.69426,25.08865],[121.69354,25.08827],[121.69259,25.08798],[121.68468,25.08628],[121.68292,25.08604],[121.68117,25.08595]]}},{"type":"Feature","properties":{"n":"中山高速公路","k":0},"geometry":{"type":"LineString","coordinates":[[121.68117,25.08581],[121.68294,25.0859],[121.68468,25.08613],[121.68537,25.08627],[121.69261,25.08782],[121.69356,25.08811],[121.69438,25.08855],[121.69516,25.08922],[121.69533,25.08945],[121.6957,25.09014],[121.69591,25.09063],[121.69621,25.09167],[121.69693,25.09369],[121.69752,25.09518],[121.69771,25.09553],[121.69808,25.09608],[121.69851,25.09654],[121.6994,25.09714],[121.70004,25.09738],[121.70093,25.09752],[121.70176,25.09751],[121.70362,25.0973],[121.7044,25.09733],[121.70517,25.09748],[121.70583,25.09774],[121.70667,25.09825],[121.70861,25.09987],[121.70923,25.10032],[121.71016,25.10085],[121.71092,25.10116],[121.71223,25.10156],[121.72121,25.10355],[121.72238,25.10399],[121.72282,25.10422],[121.72362,25.10486],[121.72413,25.10542],[121.72446,25.10589],[121.72492,25.1068],[121.72608,25.1098],[121.72778,25.11385],[121.7286,25.11532],[121.7292,25.11617],[121.72981,25.11689],[121.73079,25.11774],[121.73195,25.1185]]}},{"type":"Feature","properties":{"n":"中山高速公路","k":0},"geometry":{"type":"LineString","coordinates":[[121.73555,25.12222],[121.73598,25.12309]]}},{"type":"Feature","properties":{"n":"中山高速公路","k":0},"geometry":{"type":"LineString","coordinates":[[121.73584,25.12315],[121.73529,25.12236]]}},{"type":"Feature","properties":{"n":"鄉友街","k":5},"geometry":{"type":"LineString","coordinates":[[121.66962,25.08205],[121.67074,25.08275],[121.67094,25.08295],[121.67208,25.08359],[121.67324,25.0841],[121.67336,25.08432]]}},{"type":"Feature","properties":{"n":"綠葉街67巷","k":5},"geometry":{"type":"LineString","coordinates":[[121.66582,25.08968],[121.66533,25.09052],[121.66535,25.09082],[121.66572,25.09143]]}},{"type":"Feature","properties":{"n":"綠葉街107巷","k":5},"geometry":{"type":"LineString","coordinates":[[121.66489,25.09038],[121.66534,25.08963],[121.66555,25.0889],[121.66533,25.08886],[121.66503,25.08894],[121.66475,25.08969]]}},{"type":"Feature","properties":{"n":"千祥橋","k":4},"geometry":{"type":"LineString","coordinates":[[121.68396,25.08381],[121.68467,25.08257]]}},{"type":"Feature","properties":{"n":"水長橋","k":4},"geometry":{"type":"LineString","coordinates":[[121.68321,25.08345],[121.6819,25.08266],[121.6817,25.08249],[121.68136,25.08191],[121.68128,25.08152],[121.68128,25.08119]]}},{"type":"Feature","properties":{"n":"堵南街","k":4},"geometry":{"type":"LineString","coordinates":[[121.68467,25.08257],[121.68485,25.0823],[121.6885,25.08261],[121.68896,25.08356],[121.6891,25.08375],[121.68933,25.08392],[121.68964,25.08404],[121.69263,25.08458]]}},{"type":"Feature","properties":{"n":"19號橋","k":5},"geometry":{"type":"LineString","coordinates":[[121.68043,25.08872],[121.68082,25.08872],[121.68124,25.0886]]}},{"type":"Feature","properties":{"n":"21號橋","k":5},"geometry":{"type":"LineString","coordinates":[[121.67647,25.08655],[121.67599,25.08626]]}},{"type":"Feature","properties":{"n":"20號橋","k":5},"geometry":{"type":"LineString","coordinates":[[121.68225,25.08724],[121.68226,25.08719]]}},{"type":"Feature","properties":{"n":"友愛橋","k":5},"geometry":{"type":"LineString","coordinates":[[121.66585,25.09637],[121.66598,25.09632]]}},{"type":"Feature","properties":{"n":"綠葉街32巷","k":5},"geometry":{"type":"LineString","coordinates":[[121.66572,25.09143],[121.66585,25.09185],[121.66628,25.09233],[121.66682,25.09291],[121.6672,25.09304]]}},{"type":"Feature","properties":{"n":"綠葉街56巷","k":5},"geometry":{"type":"LineString","coordinates":[[121.66571,25.0921],[121.66476,25.09193]]}},{"type":"Feature","properties":{"n":"友諒橋","k":5},"geometry":{"type":"LineString","coordinates":[[121.66927,25.09394],[121.66912,25.09383]]}},{"type":"Feature","properties":{"n":"綠葉街30巷","k":5},"geometry":{"type":"LineString","coordinates":[[121.66846,25.09152],[121.66831,25.09164],[121.66798,25.09225],[121.66784,25.09235],[121.66688,25.09234],[121.66643,25.09187],[121.66591,25.09191]]}},{"type":"Feature","properties":{"n":"鹿竂橋","k":5},"geometry":{"type":"LineString","coordinates":[[121.66559,25.10267],[121.66579,25.10272]]}},{"type":"Feature","properties":{"n":"友益橋","k":5},"geometry":{"type":"LineString","coordinates":[[121.6663,25.0995],[121.66635,25.09976]]}},{"type":"Feature","properties":{"n":"七堵隧道","k":0},"geometry":{"type":"LineString","coordinates":[[121.67624,25.09986],[121.67721,25.10025],[121.67859,25.10098],[121.67931,25.1015],[121.68069,25.10261]]}},{"type":"Feature","properties":{"n":"七堵隧道","k":0},"geometry":{"type":"LineString","coordinates":[[121.68017,25.10266],[121.67976,25.10219],[121.67841,25.10121],[121.6771,25.10054],[121.67606,25.10015]]}},{"type":"Feature","properties":{"n":"新興橋","k":5},"geometry":{"type":"LineString","coordinates":[[121.65978,25.11681],[121.65986,25.11658]]}},{"type":"Feature","properties":{"n":"華新二路97巷","k":5},"geometry":{"type":"LineString","coordinates":[[121.6599,25.11646],[121.6594,25.11651],[121.65897,25.11644],[121.6585,25.11618],[121.65716,25.11588],[121.65682,25.1157],[121.65608,25.11496],[121.65574,25.11477],[121.65522,25.11473],[121.6542,25.11417],[121.65359,25.11416],[121.65273,25.11399],[121.65211,25.11367],[121.65199,25.1135],[121.65204,25.11332],[121.65138,25.11291],[121.65131,25.11275],[121.65149,25.11241],[121.65193,25.11206],[121.65212,25.11178],[121.6521,25.11167],[121.65204,25.11167],[121.65173,25.11189],[121.65163,25.11186],[121.65199,25.11136],[121.65209,25.11106],[121.652,25.11098],[121.65192,25.111],[121.65143,25.11144],[121.65127,25.11149],[121.65045,25.11126],[121.64972,25.11071],[121.64927,25.11063]]}},{"type":"Feature","properties":{"n":"友新橋","k":5},"geometry":{"type":"LineString","coordinates":[[121.66579,25.10817],[121.66622,25.10826]]}},{"type":"Feature","properties":{"n":"大華二路","k":5},"geometry":{"type":"LineString","coordinates":[[121.68666,25.11096],[121.68703,25.11093],[121.68785,25.11148],[121.6881,25.11147]]}},{"type":"Feature","properties":{"n":"大華二路","k":5},"geometry":{"type":"LineString","coordinates":[[121.68633,25.11119],[121.68651,25.11105]]}},{"type":"Feature","properties":{"n":"大華二路","k":5},"geometry":{"type":"LineString","coordinates":[[121.69532,25.10275],[121.69553,25.10308],[121.6962,25.10356],[121.69629,25.10388],[121.69647,25.1042],[121.69649,25.10458],[121.69617,25.10484],[121.6957,25.10498],[121.69483,25.10502],[121.69446,25.10513],[121.69342,25.10507]]}},{"type":"Feature","properties":{"n":"大華二路","k":5},"geometry":{"type":"LineString","coordinates":[[121.68824,25.11137],[121.68966,25.11072]]}},{"type":"Feature","properties":{"n":"瑪陵橋","k":0},"geometry":{"type":"LineString","coordinates":[[121.68543,25.11017],[121.68733,25.11282],[121.68795,25.11349]]}},{"type":"Feature","properties":{"n":"瑪陵橋","k":0},"geometry":{"type":"LineString","coordinates":[[121.6872,25.1129],[121.6853,25.11024]]}},{"type":"Feature","properties":{"n":"大華三路","k":5},"geometry":{"type":"LineString","coordinates":[[121.67398,25.1329],[121.67456,25.13189],[121.67448,25.1315],[121.67395,25.13099],[121.67411,25.13058],[121.6744,25.13041],[121.67488,25.13026],[121.67509,25.13023],[121.67531,25.13032],[121.67549,25.13024],[121.67574,25.12994],[121.6764,25.12966],[121.677,25.12909],[121.67745,25.12884],[121.67777,25.12816],[121.6781,25.12779],[121.67816,25.12751],[121.67812,25.1272],[121.67869,25.1261],[121.67889,25.12553],[121.67938,25.12504],[121.67964,25.12465],[121.67962,25.12439],[121.67926,25.12392],[121.67938,25.1229],[121.67952,25.12252],[121.68005,25.1218],[121.68064,25.12135],[121.68118,25.12107],[121.68137,25.12086],[121.68138,25.12063],[121.68128,25.12032],[121.68089,25.11948],[121.68079,25.11864],[121.68062,25.11823],[121.68069,25.11694],[121.68103,25.11574],[121.68108,25.11522],[121.68117,25.11497],[121.6822,25.11394],[121.6823,25.11366],[121.68243,25.1135],[121.68313,25.11316],[121.68346,25.11267],[121.68373,25.1124],[121.6843,25.1124],[121.68474,25.11218],[121.68495,25.11214],[121.68559,25.11214],[121.68584,25.11195],[121.68633,25.11119]]}},{"type":"Feature","properties":{"n":"大華三路","k":5},"geometry":{"type":"LineString","coordinates":[[121.67173,25.13767],[121.67131,25.13757],[121.67061,25.13775],[121.67035,25.13809],[121.67022,25.13853],[121.66999,25.139],[121.66961,25.13965],[121.6693,25.14004],[121.66823,25.13999],[121.66802,25.14018],[121.66752,25.14081],[121.66756,25.141],[121.66778,25.14138],[121.66771,25.14156],[121.66752,25.14163],[121.66736,25.14161],[121.66703,25.14147],[121.6664,25.14156],[121.66609,25.14176],[121.66501,25.14211],[121.66489,25.14224],[121.66456,25.1424],[121.66277,25.14263],[121.66212,25.14251],[121.66182,25.14257],[121.66145,25.14296],[121.66155,25.14352],[121.66146,25.14364],[121.66114,25.14364],[121.66023,25.14347],[121.66007,25.14353],[121.66005,25.14362],[121.66037,25.14384],[121.66108,25.14399],[121.66112,25.14409],[121.66098,25.14419],[121.66016,25.14424],[121.65946,25.14459],[121.65915,25.14463],[121.65848,25.14446],[121.65817,25.14421],[121.65756,25.14392],[121.65749,25.14396],[121.65752,25.14403],[121.65793,25.14427],[121.65794,25.1444],[121.65788,25.14442],[121.65745,25.14432],[121.65704,25.14439],[121.65546,25.14424],[121.65528,25.14421],[121.65519,25.14411],[121.65519,25.14401],[121.65574,25.14338],[121.65652,25.14278],[121.65652,25.14258],[121.65629,25.14233],[121.65625,25.14219],[121.65634,25.14196],[121.65665,25.14155],[121.65655,25.14134],[121.65687,25.14109],[121.65701,25.141],[121.65731,25.14094],[121.65796,25.14122],[121.65818,25.14111],[121.65843,25.14068],[121.65859,25.14052],[121.65904,25.14037],[121.65934,25.14046],[121.65962,25.14039],[121.66044,25.14048],[121.66071,25.14057],[121.66126,25.14038],[121.66167,25.14001],[121.66197,25.13992],[121.6621,25.13977],[121.66221,25.1394],[121.66297,25.13889],[121.66327,25.13878],[121.66354,25.13816],[121.66406,25.13728],[121.66421,25.13686],[121.66443,25.13661],[121.66452,25.13572],[121.6647,25.13533],[121.66474,25.13509],[121.66464,25.13388],[121.66474,25.1337],[121.66518,25.13336],[121.66533,25.13299],[121.66555,25.13286],[121.66623,25.13269],[121.66682,25.13242],[121.66721,25.13252],[121.66777,25.13238],[121.66841,25.1319],[121.66842,25.13161],[121.6685,25.13154],[121.66878,25.13174],[121.66888,25.13189],[121.66867,25.1323],[121.66879,25.13239],[121.66909,25.132],[121.6691,25.13164],[121.66915,25.13159],[121.66923,25.13162],[121.66946,25.13218],[121.66986,25.13219],[121.67008,25.13237],[121.67019,25.13231],[121.6702,25.1322],[121.66984,25.13197],[121.6699,25.13188],[121.6704,25.13203],[121.67051,25.13221],[121.67065,25.13228],[121.6712,25.13213],[121.67156,25.13193],[121.6716,25.13182],[121.67155,25.13177],[121.67126,25.13181],[121.67111,25.13174],[121.6712,25.13162],[121.67159,25.13156],[121.67343,25.13188],[121.67356,25.13183],[121.67355,25.13175],[121.6733,25.13153],[121.67345,25.13147],[121.6742,25.13174],[121.67423,25.1316],[121.67383,25.13117],[121.67383,25.13107],[121.67395,25.13099]]}},{"type":"Feature","properties":{"n":"大華三路","k":5},"geometry":{"type":"LineString","coordinates":[[121.67195,25.13759],[121.67193,25.13726],[121.67205,25.13636],[121.67238,25.13577],[121.67334,25.13469],[121.67347,25.13445],[121.67361,25.13369],[121.67391,25.13304]]}},{"type":"Feature","properties":{"n":"大華三路","k":5},"geometry":{"type":"LineString","coordinates":[[121.66999,25.139],[121.67018,25.13893],[121.6705,25.13843],[121.67061,25.13838],[121.67095,25.13858],[121.67129,25.13847],[121.67163,25.1385],[121.67176,25.13893],[121.67182,25.13983],[121.6714,25.14053],[121.67185,25.14095],[121.67254,25.14144],[121.67268,25.14168],[121.67273,25.14196],[121.67268,25.14229],[121.67278,25.1425],[121.67285,25.14252],[121.67382,25.14183],[121.67395,25.14177],[121.67411,25.14182],[121.67487,25.14296],[121.67502,25.14308],[121.67559,25.14325],[121.67579,25.14346],[121.67596,25.14437],[121.67618,25.14473],[121.6769,25.14507],[121.6773,25.1454],[121.67756,25.14571],[121.67772,25.14579],[121.67807,25.14582],[121.67866,25.14621],[121.67938,25.14648],[121.67948,25.14635],[121.67946,25.14625],[121.67893,25.1458],[121.67896,25.14529],[121.67904,25.14509],[121.67898,25.14496],[121.67878,25.14491],[121.67854,25.14516],[121.67845,25.1452],[121.67831,25.14514],[121.67834,25.14465],[121.67819,25.1443],[121.67801,25.14413],[121.67757,25.14393],[121.67747,25.14379],[121.67747,25.14364],[121.67754,25.14355],[121.67792,25.14337],[121.67804,25.14328],[121.67805,25.14317],[121.67787,25.14278],[121.67743,25.14242],[121.67733,25.14218],[121.67737,25.14205],[121.67754,25.14194],[121.67779,25.14181],[121.67837,25.14165],[121.67861,25.1415],[121.6787,25.14138],[121.67893,25.14063],[121.67903,25.14047],[121.67939,25.14018],[121.67948,25.13969],[121.67971,25.13935],[121.67984,25.13931],[121.68057,25.13939],[121.68134,25.13995],[121.68182,25.14015],[121.68192,25.14032],[121.68186,25.14089],[121.68193,25.14118],[121.6815,25.14169],[121.68149,25.14214],[121.68127,25.14244],[121.68125,25.14261],[121.68128,25.14276],[121.68158,25.14313],[121.68178,25.14327],[121.68226,25.14344],[121.68427,25.14333],[121.6854,25.14267],[121.68596,25.1425],[121.68608,25.14215],[121.68608,25.14182],[121.68638,25.14156],[121.68683,25.14161],[121.68738,25.14156]]}},{"type":"Feature","properties":{"n":"翠谷橋","k":5},"geometry":{"type":"LineString","coordinates":[[121.68651,25.11105],[121.68666,25.11096]]}},{"type":"Feature","properties":{"n":"仙洞湖橋","k":5},"geometry":{"type":"LineString","coordinates":[[121.67975,25.12479],[121.67986,25.12494]]}},{"type":"Feature","properties":{"n":"實踐橋","k":4},"geometry":{"type":"LineString","coordinates":[[121.6931,25.07829],[121.69312,25.07915]]}},{"type":"Feature","properties":{"n":"實踐橋","k":4},"geometry":{"type":"LineString","coordinates":[[121.69304,25.07915],[121.69303,25.07829]]}},{"type":"Feature","properties":{"n":"實踐路","k":4},"geometry":{"type":"LineString","coordinates":[[121.69303,25.07829],[121.6931,25.07798],[121.6931,25.07829]]}},{"type":"Feature","properties":{"n":"實踐路","k":4},"geometry":{"type":"LineString","coordinates":[[121.69708,25.09042],[121.69687,25.09015],[121.69557,25.08791],[121.69526,25.08756],[121.69379,25.08668],[121.69359,25.08642],[121.69355,25.08625],[121.6936,25.08588],[121.69426,25.08278],[121.69426,25.08203],[121.69411,25.08154],[121.69315,25.07999],[121.69304,25.07964],[121.69304,25.07915]]}},{"type":"Feature","properties":{"n":"實踐路","k":4},"geometry":{"type":"LineString","coordinates":[[121.69312,25.07915],[121.69317,25.07985],[121.69409,25.08135],[121.69429,25.08176],[121.69433,25.08209],[121.69433,25.08272],[121.69363,25.08611],[121.69365,25.08639],[121.69374,25.08656],[121.69385,25.08665],[121.69537,25.08756],[121.69561,25.08783],[121.69714,25.09039]]}},{"type":"Feature","properties":{"n":"大德路","k":5},"geometry":{"type":"LineString","coordinates":[[121.6885,25.08261],[121.6887,25.08247],[121.68937,25.0817],[121.68969,25.08039],[121.6905,25.07914],[121.69069,25.07896],[121.69121,25.07871],[121.69286,25.07823],[121.6931,25.07798]]}},{"type":"Feature","properties":{"n":"大德路","k":5},"geometry":{"type":"LineString","coordinates":[[121.68934,25.08175],[121.68967,25.08221],[121.69007,25.08259],[121.6908,25.08292],[121.69122,25.08329],[121.69153,25.08339],[121.69202,25.08331],[121.69208,25.08337],[121.69214,25.08376],[121.6918,25.08444]]}},{"type":"Feature","properties":{"n":"百二街","k":5},"geometry":{"type":"LineString","coordinates":[[121.69963,25.08274],[121.69989,25.08189],[121.69986,25.08172],[121.69975,25.08159],[121.69693,25.08068],[121.69514,25.08084]]}},{"type":"Feature","properties":{"n":"福五街8巷","k":5},"geometry":{"type":"LineString","coordinates":[[121.69917,25.08263],[121.70014,25.08287]]}},{"type":"Feature","properties":{"n":"百三街","k":5},"geometry":{"type":"LineString","coordinates":[[121.69917,25.08241],[121.69909,25.08217],[121.69886,25.08199],[121.69864,25.08192],[121.69423,25.08185]]}},{"type":"Feature","properties":{"n":"福二街","k":5},"geometry":{"type":"LineString","coordinates":[[121.69621,25.07989],[121.69642,25.08095],[121.69615,25.0831],[121.69607,25.08441],[121.69595,25.08525],[121.69563,25.08661],[121.69532,25.08754],[121.69526,25.08756]]}},{"type":"Feature","properties":{"n":"福一街","k":5},"geometry":{"type":"LineString","coordinates":[[121.69515,25.07957],[121.69516,25.08255],[121.69428,25.08672],[121.69416,25.0869]]}},{"type":"Feature","properties":{"n":"福六街","k":5},"geometry":{"type":"LineString","coordinates":[[121.6989,25.08579],[121.70062,25.08174],[121.70057,25.08136]]}},{"type":"Feature","properties":{"n":"五福橋","k":4},"geometry":{"type":"LineString","coordinates":[[121.69714,25.09039],[121.69864,25.09181]]}},{"type":"Feature","properties":{"n":"五福橋","k":4},"geometry":{"type":"LineString","coordinates":[[121.69859,25.09185],[121.69708,25.09042]]}},{"type":"Feature","properties":{"n":"堵南街","k":5},"geometry":{"type":"LineString","coordinates":[[121.6918,25.08444],[121.69133,25.08552],[121.691,25.08566],[121.68842,25.0847],[121.68802,25.08442],[121.6878,25.08412],[121.68771,25.08386],[121.68767,25.08343],[121.68783,25.08256]]}},{"type":"Feature","properties":{"n":"百福橋","k":4},"geometry":{"type":"LineString","coordinates":[[121.69263,25.08458],[121.69382,25.08481]]}},{"type":"Feature","properties":{"n":"福三街","k":5},"geometry":{"type":"LineString","coordinates":[[121.69829,25.08034],[121.69791,25.0819],[121.69782,25.08263],[121.69749,25.08405]]}},{"type":"Feature","properties":{"n":"百一街","k":5},"geometry":{"type":"LineString","coordinates":[[121.70057,25.08136],[121.70023,25.08111],[121.69515,25.07957],[121.69478,25.07949],[121.69304,25.07952]]}},{"type":"Feature","properties":{"n":"福五街","k":5},"geometry":{"type":"LineString","coordinates":[[121.69687,25.09015],[121.69702,25.09008],[121.69908,25.083],[121.69917,25.08241]]}},{"type":"Feature","properties":{"n":"工建路","k":4},"geometry":{"type":"LineString","coordinates":[[121.70448,25.0835],[121.70403,25.08381],[121.70387,25.08403],[121.70272,25.08772],[121.70262,25.08793],[121.70165,25.08933],[121.70149,25.08974],[121.70121,25.09082],[121.70101,25.09107],[121.70014,25.09166],[121.69931,25.0925]]}},{"type":"Feature","properties":{"n":"百五街","k":5},"geometry":{"type":"LineString","coordinates":[[121.69948,25.0844],[121.69494,25.0836]]}},{"type":"Feature","properties":{"n":"實踐路294巷","k":5},"geometry":{"type":"LineString","coordinates":[[121.69537,25.08756],[121.6975,25.08833]]}},{"type":"Feature","properties":{"n":"百七街","k":5},"geometry":{"type":"LineString","coordinates":[[121.6979,25.08705],[121.69436,25.08636]]}},{"type":"Feature","properties":{"n":"百六街","k":5},"geometry":{"type":"LineString","coordinates":[[121.69382,25.08481],[121.69828,25.08572],[121.6989,25.08579]]}},{"type":"Feature","properties":{"n":"百六街107巷","k":5},"geometry":{"type":"LineString","coordinates":[[121.6968,25.08684],[121.69719,25.08549]]}},{"type":"Feature","properties":{"n":"百七街71巷","k":5},"geometry":{"type":"LineString","coordinates":[[121.69627,25.08674],[121.69607,25.08744]]}},{"type":"Feature","properties":{"n":"百七街71巷","k":5},"geometry":{"type":"LineString","coordinates":[[121.69614,25.08722],[121.69698,25.08751]]}},{"type":"Feature","properties":{"n":"百七街101巷","k":5},"geometry":{"type":"LineString","coordinates":[[121.69698,25.08751],[121.69717,25.08691]]}},{"type":"Feature","properties":{"n":"東新街","k":5},"geometry":{"type":"LineString","coordinates":[[121.72078,25.09047],[121.72036,25.09057],[121.72023,25.09069],[121.71998,25.09118],[121.7191,25.09161],[121.71933,25.09236],[121.71932,25.09263],[121.7195,25.093],[121.71952,25.09313],[121.71942,25.09343],[121.71974,25.0942],[121.71967,25.09454],[121.71946,25.09473]]}},{"type":"Feature","properties":{"n":"東新街","k":5},"geometry":{"type":"LineString","coordinates":[[121.71946,25.09473],[121.71788,25.0948],[121.71745,25.0952],[121.71682,25.09486],[121.71615,25.09435],[121.71552,25.09384],[121.71526,25.09345],[121.71496,25.09334],[121.71422,25.09284],[121.71401,25.09279],[121.71264,25.09184],[121.71207,25.09152],[121.70937,25.09037],[121.70907,25.09018]]}},{"type":"Feature","properties":{"n":"東新街","k":5},"geometry":{"type":"LineString","coordinates":[[121.72267,25.09411],[121.72248,25.09392],[121.72207,25.09383],[121.72124,25.09428],[121.72088,25.09492],[121.72071,25.095],[121.72056,25.09501],[121.72021,25.09477],[121.71946,25.09473]]}},{"type":"Feature","properties":{"n":"長泰產業道路","k":5},"geometry":{"type":"LineString","coordinates":[[121.72073,25.09046],[121.72083,25.0898],[121.72077,25.08949],[121.72056,25.0893],[121.72036,25.08926],[121.72022,25.08939],[121.72027,25.08975],[121.72013,25.09001],[121.71966,25.09007],[121.71926,25.08995],[121.71872,25.09022],[121.71847,25.0901],[121.71804,25.08905],[121.71792,25.08902],[121.71738,25.08913],[121.71708,25.08876],[121.7167,25.08875],[121.71662,25.08862],[121.71669,25.08822],[121.71696,25.08788],[121.71713,25.08749],[121.7171,25.08736],[121.71625,25.08673],[121.71588,25.08657],[121.71549,25.08627],[121.71484,25.0859],[121.71342,25.08535],[121.71247,25.08516],[121.71193,25.08516],[121.7117,25.08553],[121.7113,25.08572]]}},{"type":"Feature","properties":{"n":"工東街","k":5},"geometry":{"type":"LineString","coordinates":[[121.70527,25.08707],[121.7048,25.08718],[121.70349,25.08812],[121.70292,25.08823],[121.7024,25.08825]]}},{"type":"Feature","properties":{"n":"泰安路75巷","k":5},"geometry":{"type":"LineString","coordinates":[[121.70908,25.08822],[121.70952,25.08796]]}},{"type":"Feature","properties":{"n":"泰安路75巷","k":5},"geometry":{"type":"LineString","coordinates":[[121.7096,25.08791],[121.71019,25.08756]]}},{"type":"Feature","properties":{"n":"泰安路2巷","k":5},"geometry":{"type":"LineString","coordinates":[[121.70747,25.08906],[121.70743,25.08929],[121.70773,25.08955],[121.70814,25.08976],[121.7085,25.0898]]}},{"type":"Feature","properties":{"n":"泰安路4巷","k":5},"geometry":{"type":"LineString","coordinates":[[121.70712,25.08872],[121.70758,25.08833],[121.70746,25.08823],[121.70736,25.08823]]}},{"type":"Feature","properties":{"n":"泰安路4巷","k":5},"geometry":{"type":"LineString","coordinates":[[121.70736,25.08823],[121.70693,25.08818]]}},{"type":"Feature","properties":{"n":"泰安路4巷","k":5},"geometry":{"type":"LineString","coordinates":[[121.70736,25.08823],[121.70698,25.08859]]}},{"type":"Feature","properties":{"n":"泰安地下道","k":5},"geometry":{"type":"LineString","coordinates":[[121.70767,25.09021],[121.70835,25.08987]]}},{"type":"Feature","properties":{"n":"泰安路193巷","k":5},"geometry":{"type":"LineString","coordinates":[[121.70861,25.0888],[121.70908,25.08822]]}},{"type":"Feature","properties":{"n":"泰和街","k":5},"geometry":{"type":"LineString","coordinates":[[121.71019,25.08756],[121.71117,25.08694],[121.71124,25.0867],[121.7113,25.08572]]}},{"type":"Feature","properties":{"n":"泰和橋","k":5},"geometry":{"type":"LineString","coordinates":[[121.70952,25.08796],[121.7096,25.08791]]}},{"type":"Feature","properties":{"n":"泰安路1巷","k":5},"geometry":{"type":"LineString","coordinates":[[121.70846,25.08984],[121.70907,25.09018]]}},{"type":"Feature","properties":{"n":"工建西路","k":4},"geometry":{"type":"LineString","coordinates":[[121.69864,25.09181],[121.70092,25.09392],[121.70268,25.09487],[121.70305,25.09502]]}},{"type":"Feature","properties":{"n":"工建西路","k":4},"geometry":{"type":"LineString","coordinates":[[121.70303,25.09507],[121.7015,25.09432],[121.70085,25.09394],[121.69859,25.09185]]}},{"type":"Feature","properties":{"n":"大華二路","k":4},"geometry":{"type":"LineString","coordinates":[[121.70061,25.09842],[121.70079,25.09883],[121.70103,25.09921],[121.70107,25.09938],[121.70099,25.09973],[121.70077,25.10016],[121.70061,25.10034],[121.70026,25.10055],[121.6992,25.10086],[121.69818,25.101],[121.69672,25.10135],[121.69639,25.10148],[121.69556,25.10207],[121.69544,25.10226],[121.69521,25.10321],[121.695,25.10371],[121.69477,25.10405],[121.69439,25.10447],[121.69413,25.10465]]}},{"type":"Feature","properties":{"n":"大華二路","k":4},"geometry":{"type":"LineString","coordinates":[[121.70435,25.09508],[121.70427,25.09581],[121.70415,25.09622],[121.70397,25.09652],[121.70373,25.09677],[121.70346,25.09697],[121.70308,25.09715],[121.70219,25.09733],[121.70145,25.0974]]}},{"type":"Feature","properties":{"n":"大華二路","k":4},"geometry":{"type":"LineString","coordinates":[[121.70061,25.09842],[121.70045,25.09804],[121.70043,25.09787],[121.70051,25.09761],[121.70072,25.09742],[121.70086,25.09738],[121.70103,25.09735],[121.70145,25.0974]]}},{"type":"Feature","properties":{"n":"大華二路","k":4},"geometry":{"type":"LineString","coordinates":[[121.70145,25.0974],[121.70087,25.09742],[121.70063,25.09754],[121.70053,25.09768],[121.70048,25.09787],[121.70061,25.09842]]}},{"type":"Feature","properties":{"n":"大華二路","k":4},"geometry":{"type":"LineString","coordinates":[[121.68966,25.11072],[121.69155,25.10934],[121.69175,25.10913],[121.69226,25.1078],[121.69222,25.10639],[121.69244,25.10606],[121.69309,25.10535],[121.69342,25.10507]]}},{"type":"Feature","properties":{"n":"東西向快速公路 萬里瑞濱線","k":1},"geometry":{"type":"LineString","coordinates":[[121.70616,25.099],[121.70533,25.09852],[121.7043,25.09819],[121.70352,25.09808],[121.70269,25.09812],[121.702,25.09824],[121.70114,25.09853],[121.69763,25.10009]]}},{"type":"Feature","properties":{"n":"東西向快速公路 萬里瑞濱線","k":1},"geometry":{"type":"LineString","coordinates":[[121.69275,25.10671],[121.6931,25.10421],[121.69334,25.1033],[121.69365,25.10263],[121.69404,25.10207],[121.6947,25.10147],[121.69539,25.10099],[121.69601,25.10066]]}},{"type":"Feature","properties":{"n":"東西向快速公路 萬里瑞濱線","k":1},"geometry":{"type":"LineString","coordinates":[[121.70767,25.1],[121.70627,25.09907]]}},{"type":"Feature","properties":{"n":"東西向快速公路 萬里瑞濱線","k":1},"geometry":{"type":"LineString","coordinates":[[121.69752,25.09997],[121.70156,25.09827],[121.70255,25.09804],[121.7033,25.09798],[121.70443,25.09813],[121.70535,25.09844],[121.70621,25.09892],[121.70772,25.09993]]}},{"type":"Feature","properties":{"n":"東西向快速公路 萬里瑞濱線","k":1},"geometry":{"type":"LineString","coordinates":[[121.76076,25.10671],[121.76025,25.10554],[121.76011,25.10533],[121.75977,25.10497],[121.75923,25.10458],[121.75098,25.10091],[121.75028,25.10075],[121.74973,25.10075],[121.749,25.10087],[121.74494,25.10265],[121.74391,25.10301],[121.74285,25.10321],[121.74152,25.1033],[121.74026,25.10346],[121.7365,25.10449],[121.73568,25.10467],[121.7327,25.10518],[121.73159,25.10531],[121.73093,25.10523],[121.72952,25.10474],[121.72899,25.10465],[121.72867,25.10466],[121.72479,25.10518],[121.72412,25.1052],[121.72366,25.10516],[121.72297,25.10492],[121.72136,25.10412],[121.7208,25.10392],[121.71186,25.10191],[121.71046,25.10149],[121.70927,25.10097]]}},{"type":"Feature","properties":{"n":"東西向快速公路 萬里瑞濱線","k":1},"geometry":{"type":"LineString","coordinates":[[121.69666,25.12917],[121.69671,25.12864],[121.69686,25.12805],[121.6978,25.12633],[121.69841,25.12503],[121.69852,25.12438],[121.69845,25.12364],[121.69706,25.11975],[121.6962,25.11813],[121.69579,25.1175],[121.69515,25.11674],[121.6924,25.11427],[121.69189,25.11365],[121.69176,25.11337],[121.69163,25.11284],[121.6916,25.11253],[121.69163,25.11211],[121.69217,25.11023],[121.69261,25.10763]]}},{"type":"Feature","properties":{"n":"東西向快速公路 萬里瑞濱線","k":1},"geometry":{"type":"LineString","coordinates":[[121.69643,25.10059],[121.69552,25.10104],[121.69476,25.10154],[121.69417,25.1021],[121.69374,25.10268],[121.6935,25.10317],[121.69321,25.10418],[121.69284,25.10672]]}},{"type":"Feature","properties":{"n":"東西向快速公路 萬里瑞濱線","k":1},"geometry":{"type":"LineString","coordinates":[[121.69271,25.10765],[121.69229,25.11013],[121.69213,25.11077],[121.69183,25.11163],[121.69171,25.11219],[121.69169,25.11274],[121.69179,25.11322],[121.69208,25.11377],[121.69273,25.11448],[121.69528,25.11672],[121.69608,25.11768],[121.69674,25.11883],[121.6972,25.11979],[121.69803,25.12205],[121.69861,25.12383],[121.69868,25.12462],[121.69859,25.12518],[121.69841,25.12567],[121.69708,25.12828],[121.69698,25.12867],[121.69695,25.12911]]}},{"type":"Feature","properties":{"n":"東西向快速公路 萬里瑞濱線","k":1},"geometry":{"type":"LineString","coordinates":[[121.70292,25.13891],[121.70338,25.13969],[121.70364,25.14048],[121.70367,25.14075],[121.70364,25.14096],[121.70337,25.14184],[121.70341,25.14196]]}},{"type":"Feature","properties":{"n":"東西向快速公路 萬里瑞濱線","k":1},"geometry":{"type":"LineString","coordinates":[[121.70328,25.14196],[121.70355,25.14095],[121.70357,25.14073],[121.70349,25.14032],[121.70339,25.1401],[121.70299,25.13958]]}},{"type":"Feature","properties":{"n":"東西向快速公路 萬里瑞濱線","k":1},"geometry":{"type":"LineString","coordinates":[[121.70932,25.10087],[121.71019,25.10128],[121.71148,25.10171],[121.72102,25.10387],[121.72327,25.10495],[121.72373,25.10507],[121.72404,25.10511],[121.72471,25.10509],[121.72864,25.10458],[121.72907,25.10457],[121.72987,25.10476],[121.73087,25.10513],[121.73145,25.10522],[121.73216,25.10518],[121.73626,25.10445],[121.7402,25.10337],[121.74148,25.1032],[121.74304,25.10309],[121.74366,25.10298],[121.7449,25.10258],[121.74896,25.10079],[121.7497,25.10065],[121.75029,25.10067],[121.75118,25.10089],[121.75928,25.10451],[121.75986,25.10491],[121.7602,25.10528],[121.76035,25.1055],[121.76086,25.10666]]}},{"type":"Feature","properties":{"n":"東西向快速公路 萬里瑞濱線","k":1},"geometry":{"type":"LineString","coordinates":[[121.78755,25.11101],[121.79019,25.11294],[121.79098,25.11332],[121.79645,25.11416],[121.79731,25.11434],[121.79811,25.11462]]}},{"type":"Feature","properties":{"n":"東西向快速公路 萬里瑞濱線","k":1},"geometry":{"type":"LineString","coordinates":[[121.79809,25.11472],[121.79752,25.1145],[121.7964,25.11424],[121.79156,25.11355],[121.79077,25.11336],[121.79012,25.11303],[121.78747,25.1111]]}},{"type":"Feature","properties":{"n":"瑪南隧道","k":1},"geometry":{"type":"LineString","coordinates":[[121.69763,25.10009],[121.69643,25.10059]]}},{"type":"Feature","properties":{"n":"瑪南隧道","k":1},"geometry":{"type":"LineString","coordinates":[[121.69601,25.10066],[121.69752,25.09997]]}},{"type":"Feature","properties":{"n":"六合橋","k":4},"geometry":{"type":"LineString","coordinates":[[121.70305,25.09502],[121.70435,25.09508]]}},{"type":"Feature","properties":{"n":"六合橋","k":4},"geometry":{"type":"LineString","coordinates":[[121.70434,25.09514],[121.70303,25.09507]]}},{"type":"Feature","properties":{"n":"南興路","k":5},"geometry":{"type":"LineString","coordinates":[[121.71072,25.09592],[121.7154,25.09771]]}},{"type":"Feature","properties":{"n":"七賢橋","k":4},"geometry":{"type":"LineString","coordinates":[[121.70827,25.09553],[121.70999,25.09616]]}},{"type":"Feature","properties":{"n":"七賢橋","k":4},"geometry":{"type":"LineString","coordinates":[[121.70996,25.09622],[121.70824,25.0956]]}},{"type":"Feature","properties":{"n":"南光街","k":5},"geometry":{"type":"LineString","coordinates":[[121.71048,25.09418],[121.71296,25.09467]]}},{"type":"Feature","properties":{"n":"明德一路","k":2},"geometry":{"type":"LineString","coordinates":[[121.71028,25.09251],[121.70863,25.09138],[121.70808,25.09092],[121.7079,25.09082]]}},{"type":"Feature","properties":{"n":"明德一路","k":2},"geometry":{"type":"LineString","coordinates":[[121.70804,25.09074],[121.70835,25.09107],[121.70866,25.0913],[121.71054,25.09259],[121.71054,25.09418],[121.71063,25.09554],[121.71072,25.09592],[121.71088,25.09621],[121.71115,25.09655],[121.71188,25.0969],[121.7156,25.09824],[121.71866,25.09978],[121.71931,25.09993]]}},{"type":"Feature","properties":{"n":"明德一路","k":2},"geometry":{"type":"LineString","coordinates":[[121.71933,25.10001],[121.71865,25.09985],[121.71557,25.09829],[121.71251,25.09719],[121.71109,25.09661],[121.71075,25.09615],[121.71057,25.09556],[121.71048,25.09418],[121.71048,25.09279]]}},{"type":"Feature","properties":{"n":"草濫橋","k":2},"geometry":{"type":"LineString","coordinates":[[121.70754,25.09054],[121.70804,25.09074]]}},{"type":"Feature","properties":{"n":"草濫橋","k":2},"geometry":{"type":"LineString","coordinates":[[121.7079,25.09082],[121.70745,25.09062]]}},{"type":"Feature","properties":{"n":"自治街28巷","k":5},"geometry":{"type":"LineString","coordinates":[[121.71063,25.09554],[121.7109,25.09552],[121.71292,25.09629]]}},{"type":"Feature","properties":{"n":"自治街38巷","k":5},"geometry":{"type":"LineString","coordinates":[[121.71323,25.09565],[121.71214,25.09534],[121.71202,25.09558]]}},{"type":"Feature","properties":{"n":"自治街52巷","k":5},"geometry":{"type":"LineString","coordinates":[[121.71338,25.09539],[121.71272,25.09515]]}},{"type":"Feature","properties":{"n":"明德一路269巷","k":5},"geometry":{"type":"LineString","coordinates":[[121.71272,25.09515],[121.71269,25.09524],[121.71058,25.0947]]}},{"type":"Feature","properties":{"n":"南興路","k":2},"geometry":{"type":"LineString","coordinates":[[121.71065,25.09592],[121.71072,25.09592]]}},{"type":"Feature","properties":{"n":"光明路","k":4},"geometry":{"type":"LineString","coordinates":[[121.71054,25.09259],[121.71195,25.09364],[121.71583,25.09745],[121.71671,25.09829],[121.71741,25.09887],[121.7179,25.0994],[121.71786,25.09945]]}},{"type":"Feature","properties":{"n":"自治街","k":5},"geometry":{"type":"LineString","coordinates":[[121.71374,25.09485],[121.71348,25.09517],[121.71253,25.09714]]}},{"type":"Feature","properties":{"n":"崇智街","k":5},"geometry":{"type":"LineString","coordinates":[[121.71486,25.09651],[121.71322,25.10033]]}},{"type":"Feature","properties":{"n":"崇智街","k":5},"geometry":{"type":"LineString","coordinates":[[121.71402,25.09845],[121.7149,25.09878]]}},{"type":"Feature","properties":{"n":"永富路","k":4},"geometry":{"type":"LineString","coordinates":[[121.71003,25.09779],[121.71089,25.09815],[121.71598,25.09985],[121.71621,25.09986],[121.71717,25.09943]]}},{"type":"Feature","properties":{"n":"永富路","k":4},"geometry":{"type":"LineString","coordinates":[[121.71786,25.09945],[121.7176,25.09939],[121.71717,25.09943]]}},{"type":"Feature","properties":{"n":"永富路","k":4},"geometry":{"type":"LineString","coordinates":[[121.71717,25.09943],[121.71735,25.09913]]}},{"type":"Feature","properties":{"n":"崇孝街","k":4},"geometry":{"type":"LineString","coordinates":[[121.71003,25.09779],[121.71088,25.09666],[121.71104,25.09656]]}},{"type":"Feature","properties":{"n":"崇信街","k":5},"geometry":{"type":"LineString","coordinates":[[121.71209,25.10004],[121.71345,25.09693]]}},{"type":"Feature","properties":{"n":"崇信街","k":5},"geometry":{"type":"LineString","coordinates":[[121.71376,25.09623],[121.71403,25.09567]]}},{"type":"Feature","properties":{"n":"俊賢路","k":4},"geometry":{"type":"LineString","coordinates":[[121.70435,25.09508],[121.7068,25.09514],[121.70714,25.09518],[121.70827,25.09553]]}},{"type":"Feature","properties":{"n":"俊賢路","k":4},"geometry":{"type":"LineString","coordinates":[[121.70824,25.0956],[121.70711,25.09524],[121.70434,25.09514]]}},{"type":"Feature","properties":{"n":"大華一路","k":5},"geometry":{"type":"LineString","coordinates":[[121.71263,25.10142],[121.7118,25.10121],[121.71021,25.10061],[121.7097,25.10032],[121.70952,25.09988],[121.70883,25.09961],[121.70825,25.09926],[121.70764,25.09949],[121.70729,25.09944],[121.70689,25.09898],[121.70606,25.09826],[121.70596,25.09811],[121.70619,25.09738],[121.70622,25.0965]]}},{"type":"Feature","properties":{"n":"大華一路","k":5},"geometry":{"type":"LineString","coordinates":[[121.71944,25.10076],[121.71893,25.10135],[121.71864,25.1019],[121.71843,25.10201],[121.71656,25.10216],[121.71508,25.10194],[121.71487,25.10181],[121.71448,25.10141],[121.71416,25.10129],[121.71383,25.10129],[121.71309,25.1015],[121.71286,25.10148]]}},{"type":"Feature","properties":{"n":"南興路63巷","k":5},"geometry":{"type":"LineString","coordinates":[[121.71345,25.09693],[121.71376,25.09623]]}},{"type":"Feature","properties":{"n":"開元路","k":5},"geometry":{"type":"LineString","coordinates":[[121.71376,25.09623],[121.71055,25.09504]]}},{"type":"Feature","properties":{"n":"自治街17巷","k":5},"geometry":{"type":"LineString","coordinates":[[121.7139,25.09594],[121.71323,25.09565]]}},{"type":"Feature","properties":{"n":"崇智街11巷","k":5},"geometry":{"type":"LineString","coordinates":[[121.71249,25.09909],[121.71359,25.09946]]}},{"type":"Feature","properties":{"n":"俊德街","k":5},"geometry":{"type":"LineString","coordinates":[[121.70622,25.0965],[121.70644,25.09616],[121.70724,25.09588],[121.70752,25.09529]]}},{"type":"Feature","properties":{"n":"十一號橋","k":1},"geometry":{"type":"LineString","coordinates":[[121.70627,25.09907],[121.70616,25.099]]}},{"type":"Feature","properties":{"n":"自強隧道","k":1},"geometry":{"type":"LineString","coordinates":[[121.70927,25.10097],[121.70851,25.10057],[121.70767,25.1]]}},{"type":"Feature","properties":{"n":"自強隧道","k":1},"geometry":{"type":"LineString","coordinates":[[121.70772,25.09993],[121.70858,25.10049],[121.70932,25.10087]]}},{"type":"Feature","properties":{"n":"崇信街41巷","k":5},"geometry":{"type":"LineString","coordinates":[[121.71232,25.09948],[121.71086,25.09898],[121.71089,25.09815]]}},{"type":"Feature","properties":{"n":"自治北街","k":5},"geometry":{"type":"LineString","coordinates":[[121.71159,25.09925],[121.71253,25.09714]]}},{"type":"Feature","properties":{"n":"崇智橋","k":5},"geometry":{"type":"LineString","coordinates":[[121.71322,25.10033],[121.71297,25.10122]]}},{"type":"Feature","properties":{"n":"崇信街5巷","k":5},"geometry":{"type":"LineString","coordinates":[[121.71305,25.09782],[121.71235,25.09755]]}},{"type":"Feature","properties":{"n":"崇信街15巷","k":5},"geometry":{"type":"LineString","coordinates":[[121.71292,25.09809],[121.71222,25.09785]]}},{"type":"Feature","properties":{"n":"崇信街21巷","k":5},"geometry":{"type":"LineString","coordinates":[[121.71279,25.09837],[121.7121,25.09812]]}},{"type":"Feature","properties":{"n":"崇信街37巷","k":5},"geometry":{"type":"LineString","coordinates":[[121.71087,25.0986],[121.71249,25.09909]]}},{"type":"Feature","properties":{"n":"自強橋","k":5},"geometry":{"type":"LineString","coordinates":[[121.71286,25.10148],[121.71263,25.10142]]}},{"type":"Feature","properties":{"n":"崇智街27巷","k":5},"geometry":{"type":"LineString","coordinates":[[121.71343,25.09984],[121.71232,25.09948]]}},{"type":"Feature","properties":{"n":"水源路","k":5},"geometry":{"type":"LineString","coordinates":[[121.73591,25.10257],[121.73534,25.1018],[121.73488,25.10131],[121.73415,25.10077],[121.73367,25.10028],[121.7334,25.09942],[121.73369,25.09712],[121.73367,25.0965],[121.73378,25.09631],[121.73364,25.09576],[121.73356,25.09522],[121.73358,25.09486],[121.73344,25.09454],[121.73343,25.09425],[121.73352,25.09405],[121.7339,25.09205],[121.73426,25.09092],[121.73468,25.0902]]}},{"type":"Feature","properties":{"n":"東新街37巷","k":5},"geometry":{"type":"LineString","coordinates":[[121.7198,25.09572],[121.71819,25.09563],[121.71793,25.09553],[121.71745,25.0952]]}},{"type":"Feature","properties":{"n":"東新街37巷","k":5},"geometry":{"type":"LineString","coordinates":[[121.7187,25.09479],[121.71867,25.09596]]}},{"type":"Feature","properties":{"n":"東新街6巷","k":5},"geometry":{"type":"LineString","coordinates":[[121.7154,25.09194],[121.71619,25.09232],[121.71623,25.09241],[121.71597,25.09287],[121.71538,25.09286],[121.71496,25.09334]]}},{"type":"Feature","properties":{"n":"長興地下道","k":5},"geometry":{"type":"LineString","coordinates":[[121.7149,25.09341],[121.71374,25.09485]]}},{"type":"Feature","properties":{"n":"東新街4巷","k":5},"geometry":{"type":"LineString","coordinates":[[121.7154,25.09194],[121.71493,25.09174],[121.71415,25.09175],[121.71422,25.09284]]}},{"type":"Feature","properties":{"n":"七堵地下道","k":5},"geometry":{"type":"LineString","coordinates":[[121.71598,25.09673],[121.71688,25.09494]]}},{"type":"Feature","properties":{"n":"南興路63巷8弄","k":5},"geometry":{"type":"LineString","coordinates":[[121.7136,25.09658],[121.71419,25.0968]]}},{"type":"Feature","properties":{"n":"東新街73巷","k":5},"geometry":{"type":"LineString","coordinates":[[121.71978,25.09588],[121.7199,25.09476]]}},{"type":"Feature","properties":{"n":"東新街89巷","k":5},"geometry":{"type":"LineString","coordinates":[[121.72216,25.09446],[121.72313,25.0938]]}},{"type":"Feature","properties":{"n":"八堵路","k":2},"geometry":{"type":"LineString","coordinates":[[121.73125,25.10917],[121.73005,25.1087],[121.72916,25.10827],[121.72726,25.10707],[121.72682,25.10673],[121.72653,25.10633],[121.7264,25.10595],[121.72622,25.10402],[121.72612,25.10364],[121.72603,25.10342],[121.72567,25.1029],[121.72536,25.1026],[121.72366,25.10151],[121.72244,25.10059],[121.722,25.10039],[121.72164,25.10032]]}},{"type":"Feature","properties":{"n":"八堵路","k":2},"geometry":{"type":"LineString","coordinates":[[121.71931,25.09993],[121.72189,25.10027],[121.72225,25.10039],[121.72252,25.10053],[121.72358,25.10135],[121.72444,25.10187],[121.72541,25.10255],[121.72559,25.1027],[121.72588,25.10306],[121.72619,25.10362],[121.72629,25.10401],[121.72647,25.10594],[121.7266,25.1063],[121.72688,25.10669],[121.72731,25.10701],[121.72961,25.10844],[121.73007,25.10862],[121.73033,25.10861],[121.73066,25.10851],[121.73103,25.10856],[121.73198,25.10924]]}},{"type":"Feature","properties":{"n":"八堵路","k":2},"geometry":{"type":"LineString","coordinates":[[121.73268,25.10971],[121.73227,25.10955]]}},{"type":"Feature","properties":{"n":"八堵路","k":2},"geometry":{"type":"LineString","coordinates":[[121.73218,25.10939],[121.73272,25.10966]]}},{"type":"Feature","properties":{"n":"八堵路","k":2},"geometry":{"type":"LineString","coordinates":[[121.73745,25.11102],[121.7372,25.11086],[121.7367,25.11076],[121.73531,25.11084],[121.73456,25.11076],[121.73434,25.11068],[121.73352,25.11019]]}},{"type":"Feature","properties":{"n":"八堵路","k":2},"geometry":{"type":"LineString","coordinates":[[121.73356,25.11014],[121.73454,25.11068],[121.73527,25.11074],[121.73653,25.11068],[121.73715,25.1107],[121.7374,25.11073],[121.73777,25.11093]]}},{"type":"Feature","properties":{"n":"八德路","k":5},"geometry":{"type":"LineString","coordinates":[[121.71944,25.10076],[121.71959,25.10106],[121.72032,25.10134],[121.72144,25.10214],[121.72203,25.10291],[121.72295,25.10355],[121.72347,25.10438],[121.72407,25.10492],[121.72437,25.10531],[121.725,25.10655],[121.72636,25.10984],[121.72712,25.11106],[121.72721,25.11183],[121.72737,25.1123],[121.72762,25.11265]]}},{"type":"Feature","properties":{"n":"八德路","k":5},"geometry":{"type":"LineString","coordinates":[[121.7288,25.11598],[121.72837,25.11708],[121.7284,25.1173],[121.72871,25.11773]]}},{"type":"Feature","properties":{"n":"八德路","k":5},"geometry":{"type":"LineString","coordinates":[[121.72762,25.11265],[121.72831,25.11358],[121.72865,25.11432]]}},{"type":"Feature","properties":{"n":"八德路","k":5},"geometry":{"type":"LineString","coordinates":[[121.72892,25.11472],[121.72908,25.11491],[121.72915,25.11512],[121.72894,25.11567]]}},{"type":"Feature","properties":{"n":"八德路","k":5},"geometry":{"type":"LineString","coordinates":[[121.72858,25.11437],[121.72822,25.11366],[121.72764,25.11302],[121.72762,25.11265]]}},{"type":"Feature","properties":{"n":"大華二橋","k":2},"geometry":{"type":"LineString","coordinates":[[121.72164,25.10032],[121.71933,25.10001]]}},{"type":"Feature","properties":{"n":"崇禮街","k":5},"geometry":{"type":"LineString","coordinates":[[121.71567,25.09726],[121.7149,25.09878],[121.71463,25.09942],[121.71437,25.10029]]}},{"type":"Feature","properties":{"n":"崇禮街129巷","k":5},"geometry":{"type":"LineString","coordinates":[[121.71359,25.09946],[121.71454,25.09977]]}},{"type":"Feature","properties":{"n":"崇義街","k":5},"geometry":{"type":"LineString","coordinates":[[121.71595,25.09756],[121.71585,25.09764],[121.71557,25.09829],[121.71485,25.10019],[121.71445,25.10008]]}},{"type":"Feature","properties":{"n":"大華橋","k":5},"geometry":{"type":"LineString","coordinates":[[121.71933,25.10001],[121.71944,25.10076]]}},{"type":"Feature","properties":{"n":"崇廉街","k":5},"geometry":{"type":"LineString","coordinates":[[121.71633,25.09861],[121.71549,25.1003],[121.71502,25.10036],[121.71396,25.10021]]}},{"type":"Feature","properties":{"n":"暖暖街379巷","k":5},"geometry":{"type":"LineString","coordinates":[[121.73555,25.09327],[121.73787,25.09358],[121.73802,25.09291]]}},{"type":"Feature","properties":{"n":"暖暖街379巷","k":5},"geometry":{"type":"LineString","coordinates":[[121.7367,25.09343],[121.7368,25.09277]]}},{"type":"Feature","properties":{"n":"暖暖街","k":4},"geometry":{"type":"LineString","coordinates":[[121.73469,25.09523],[121.73548,25.09358],[121.73574,25.09264],[121.73812,25.09291],[121.73842,25.09302]]}},{"type":"Feature","properties":{"n":"暖暖街","k":4},"geometry":{"type":"LineString","coordinates":[[121.73879,25.09319],[121.73887,25.09323]]}},{"type":"Feature","properties":{"n":"暖暖街","k":4},"geometry":{"type":"LineString","coordinates":[[121.73983,25.10273],[121.73982,25.10249],[121.73959,25.10236]]}},{"type":"Feature","properties":{"n":"暖暖街","k":4},"geometry":{"type":"LineString","coordinates":[[121.73959,25.10236],[121.74015,25.10241],[121.74023,25.10261]]}},{"type":"Feature","properties":{"n":"暖暖街","k":4},"geometry":{"type":"LineString","coordinates":[[121.73959,25.10236],[121.73917,25.10234],[121.73858,25.10241],[121.73844,25.10211],[121.73797,25.10162],[121.73753,25.10102],[121.73731,25.10085],[121.73649,25.09997],[121.73621,25.09976],[121.73495,25.09841],[121.73465,25.09754],[121.73435,25.0969],[121.73425,25.09638],[121.7343,25.09609],[121.73452,25.09555]]}},{"type":"Feature","properties":{"n":"暖暖街335巷","k":5},"geometry":{"type":"LineString","coordinates":[[121.73506,25.09451],[121.7355,25.09451],[121.73606,25.094],[121.73628,25.09337]]}},{"type":"Feature","properties":{"n":"雙龍橋","k":5},"geometry":{"type":"LineString","coordinates":[[121.73414,25.09637],[121.7339,25.09632]]}},{"type":"Feature","properties":{"n":"暖暖街530巷","k":5},"geometry":{"type":"LineString","coordinates":[[121.73574,25.09264],[121.73584,25.09206],[121.7359,25.09202],[121.73712,25.09214],[121.73888,25.09161],[121.73943,25.09101]]}},{"type":"Feature","properties":{"n":"暖暖街530巷","k":5},"geometry":{"type":"LineString","coordinates":[[121.73948,25.09096],[121.73973,25.09068]]}},{"type":"Feature","properties":{"n":"暖暖街610巷","k":5},"geometry":{"type":"LineString","coordinates":[[121.73812,25.09291],[121.73843,25.09176]]}},{"type":"Feature","properties":{"n":"東勢街26巷","k":5},"geometry":{"type":"LineString","coordinates":[[121.73891,25.09649],[121.73798,25.09645],[121.7382,25.0944],[121.73853,25.0941],[121.73905,25.09408]]}},{"type":"Feature","properties":{"n":"東勢街26巷","k":5},"geometry":{"type":"LineString","coordinates":[[121.73812,25.0952],[121.73898,25.09524]]}},{"type":"Feature","properties":{"n":"暖暖街570巷","k":5},"geometry":{"type":"LineString","coordinates":[[121.73705,25.09281],[121.73723,25.09148],[121.73927,25.09083]]}},{"type":"Feature","properties":{"n":"暖暖街570巷","k":5},"geometry":{"type":"LineString","coordinates":[[121.73712,25.09214],[121.73828,25.09226]]}},{"type":"Feature","properties":{"n":"暖暖街570巷","k":5},"geometry":{"type":"LineString","coordinates":[[121.73973,25.09068],[121.73995,25.09045],[121.74031,25.09034],[121.74082,25.08959]]}},{"type":"Feature","properties":{"n":"正榮一號橋","k":4},"geometry":{"type":"LineString","coordinates":[[121.73452,25.09555],[121.73469,25.09523]]}},{"type":"Feature","properties":{"n":"正榮二號橋","k":4},"geometry":{"type":"LineString","coordinates":[[121.73842,25.09302],[121.73879,25.09319]]}},{"type":"Feature","properties":{"n":"過港路","k":4},"geometry":{"type":"LineString","coordinates":[[121.73361,25.11025],[121.734,25.10965],[121.73429,25.10903],[121.73482,25.10848],[121.73542,25.10803],[121.73595,25.10742],[121.73702,25.1057],[121.73836,25.10459],[121.74036,25.10378],[121.7405,25.10361],[121.74049,25.10336]]}},{"type":"Feature","properties":{"n":"暖暖街281巷","k":5},"geometry":{"type":"LineString","coordinates":[[121.73484,25.09628],[121.73503,25.09632],[121.73557,25.09784],[121.73684,25.09944]]}},{"type":"Feature","properties":{"n":"源遠路","k":5},"geometry":{"type":"LineString","coordinates":[[121.73364,25.10725],[121.73378,25.10723],[121.73401,25.10707],[121.735,25.10617],[121.73582,25.10516],[121.73658,25.10377],[121.73712,25.10323],[121.73753,25.10291],[121.73787,25.10284],[121.73868,25.10287]]}},{"type":"Feature","properties":{"n":"東碇路","k":5},"geometry":{"type":"LineString","coordinates":[[121.73903,25.09458],[121.74237,25.0945],[121.74423,25.09508],[121.74588,25.09472],[121.74746,25.0948],[121.74826,25.09495],[121.74853,25.09509],[121.74871,25.09534],[121.74939,25.09524],[121.75002,25.09526],[121.75208,25.09564],[121.75344,25.09579],[121.75383,25.09589],[121.75465,25.09629]]}},{"type":"Feature","properties":{"n":"水源路36巷","k":5},"geometry":{"type":"LineString","coordinates":[[121.73358,25.09803],[121.73325,25.09773],[121.73291,25.09774],[121.73273,25.09767],[121.73251,25.09742],[121.73207,25.09713],[121.73199,25.09697],[121.73208,25.09669],[121.73195,25.096],[121.73175,25.09573],[121.73205,25.09548],[121.73255,25.09531],[121.73364,25.09576]]}},{"type":"Feature","properties":{"n":"暖暖2號橋","k":2},"geometry":{"type":"LineString","coordinates":[[121.73849,25.10297],[121.73769,25.10315],[121.73739,25.1033],[121.73713,25.10352],[121.73653,25.10417],[121.73607,25.10445],[121.73581,25.10454]]}},{"type":"Feature","properties":{"n":"暖暖2號橋","k":2},"geometry":{"type":"LineString","coordinates":[[121.73578,25.10447],[121.736,25.10441],[121.73644,25.10413],[121.73697,25.10354],[121.73745,25.10315],[121.738,25.10298],[121.73848,25.1029]]}},{"type":"Feature","properties":{"n":"水源路","k":2},"geometry":{"type":"LineString","coordinates":[[121.73591,25.10257],[121.73586,25.10279],[121.73566,25.10316],[121.73548,25.10372],[121.73388,25.10706],[121.73378,25.10718],[121.73364,25.10725],[121.73378,25.10709],[121.73428,25.10608],[121.7354,25.10368],[121.73548,25.10364]]}},{"type":"Feature","properties":{"n":"源遠路","k":2},"geometry":{"type":"LineString","coordinates":[[121.73364,25.10725],[121.73229,25.10841],[121.73107,25.1091]]}},{"type":"Feature","properties":{"n":"源遠路","k":2},"geometry":{"type":"LineString","coordinates":[[121.73493,25.10465],[121.73578,25.10447]]}},{"type":"Feature","properties":{"n":"源遠路","k":2},"geometry":{"type":"LineString","coordinates":[[121.73581,25.10454],[121.73495,25.10485]]}},{"type":"Feature","properties":{"n":"源遠路","k":2},"geometry":{"type":"LineString","coordinates":[[121.74879,25.09828],[121.74814,25.09838],[121.7478,25.0985],[121.74721,25.09886],[121.74685,25.09915],[121.74665,25.09939],[121.74659,25.09959],[121.74679,25.10044],[121.74674,25.10072],[121.74664,25.10092],[121.7464,25.10115],[121.74551,25.10152],[121.74523,25.10188],[121.74504,25.102],[121.7444,25.10215],[121.74096,25.10253],[121.73849,25.10297]]}},{"type":"Feature","properties":{"n":"源遠路","k":2},"geometry":{"type":"LineString","coordinates":[[121.73848,25.1029],[121.74094,25.10247],[121.74437,25.10209],[121.74509,25.10191],[121.74542,25.1015],[121.74639,25.10108],[121.74663,25.10082],[121.74672,25.10063],[121.74674,25.10043],[121.74649,25.09954],[121.74653,25.09939],[121.74667,25.0992],[121.74687,25.09902],[121.74773,25.09848],[121.7483,25.0983],[121.74879,25.09828]]}},{"type":"Feature","properties":{"n":"源遠路","k":2},"geometry":{"type":"LineString","coordinates":[[121.74879,25.09828],[121.75225,25.09836],[121.75359,25.09851],[121.75853,25.09953],[121.75917,25.09956],[121.75945,25.0995]]}},{"type":"Feature","properties":{"n":"暖暖街197巷","k":5},"geometry":{"type":"LineString","coordinates":[[121.73605,25.09847],[121.73549,25.09899]]}},{"type":"Feature","properties":{"n":"暖暖街246巷","k":5},"geometry":{"type":"LineString","coordinates":[[121.73601,25.10055],[121.73432,25.09874],[121.73408,25.09808],[121.73408,25.09792],[121.73427,25.09768],[121.73465,25.09754]]}},{"type":"Feature","properties":{"n":"暖暖街245巷","k":5},"geometry":{"type":"LineString","coordinates":[[121.73465,25.09754],[121.73534,25.09729]]}},{"type":"Feature","properties":{"n":"暖暖街196巷","k":5},"geometry":{"type":"LineString","coordinates":[[121.73549,25.09899],[121.73503,25.09949]]}},{"type":"Feature","properties":{"n":"暖暖街226巷","k":5},"geometry":{"type":"LineString","coordinates":[[121.73478,25.09796],[121.73454,25.09801]]}},{"type":"Feature","properties":{"n":"水源橋","k":2},"geometry":{"type":"LineString","coordinates":[[121.73598,25.10079],[121.73592,25.10144],[121.73591,25.10257]]}},{"type":"Feature","properties":{"n":"暖暖街","k":5},"geometry":{"type":"LineString","coordinates":[[121.73753,25.10291],[121.73788,25.10267],[121.73858,25.10241]]}},{"type":"Feature","properties":{"n":"大埔隧道","k":1},"geometry":{"type":"LineString","coordinates":[[121.69284,25.10672],[121.69271,25.10765]]}},{"type":"Feature","properties":{"n":"大埔隧道","k":1},"geometry":{"type":"LineString","coordinates":[[121.69261,25.10763],[121.69275,25.10671]]}},{"type":"Feature","properties":{"n":"大同街","k":5},"geometry":{"type":"LineString","coordinates":[[121.69518,25.11688],[121.69578,25.11673],[121.69606,25.11604],[121.6966,25.11565],[121.69671,25.11563],[121.69687,25.11579],[121.69697,25.11633],[121.69723,25.11664],[121.69758,25.11675],[121.6988,25.11672],[121.69932,25.11683],[121.69934,25.117],[121.69927,25.11724],[121.69877,25.11813],[121.69876,25.11919],[121.69817,25.12027],[121.69812,25.12046],[121.69812,25.12133],[121.69818,25.12147],[121.69866,25.12181],[121.69874,25.12197],[121.69874,25.12226],[121.69883,25.12242],[121.69929,25.12287],[121.69948,25.12321],[121.69981,25.12356],[121.69999,25.124],[121.69992,25.12411],[121.69932,25.1245],[121.69854,25.12428],[121.69839,25.12428],[121.69809,25.12443],[121.69795,25.12473],[121.69801,25.12549],[121.69753,25.12579],[121.69733,25.12605],[121.69714,25.12698],[121.69696,25.12732],[121.69694,25.12749]]}},{"type":"Feature","properties":{"n":"大同街","k":5},"geometry":{"type":"LineString","coordinates":[[121.69074,25.11383],[121.69082,25.11414],[121.69105,25.11456],[121.69114,25.11461],[121.69167,25.11469],[121.69232,25.11453],[121.69252,25.1146],[121.69271,25.11496],[121.69273,25.11516],[121.69263,25.11561],[121.69264,25.11585],[121.69345,25.1165],[121.69365,25.11659],[121.69411,25.11664],[121.69472,25.1169],[121.69511,25.11688]]}},{"type":"Feature","properties":{"n":"大同街","k":5},"geometry":{"type":"LineString","coordinates":[[121.69076,25.11294],[121.69081,25.11322],[121.69074,25.11383]]}},{"type":"Feature","properties":{"n":"大同街","k":5},"geometry":{"type":"LineString","coordinates":[[121.69074,25.11383],[121.69068,25.11295]]}},{"type":"Feature","properties":{"n":"大同街","k":5},"geometry":{"type":"LineString","coordinates":[[121.69693,25.12756],[121.69627,25.1284],[121.69554,25.12887],[121.69552,25.12938],[121.69538,25.12964],[121.69455,25.13014],[121.69417,25.1306],[121.69399,25.13071],[121.69366,25.13078],[121.69315,25.1306],[121.6929,25.13039],[121.6927,25.13041],[121.69249,25.13062],[121.69224,25.13075],[121.69142,25.13099],[121.69123,25.13112],[121.69095,25.1312],[121.69082,25.13132],[121.69079,25.13157],[121.69048,25.13169],[121.69031,25.13185],[121.69023,25.13211],[121.69008,25.13233],[121.68994,25.1324],[121.68959,25.13243],[121.68935,25.13259],[121.68898,25.13263],[121.68849,25.13292],[121.68809,25.13332]]}},{"type":"Feature","properties":{"n":"大同街","k":5},"geometry":{"type":"LineString","coordinates":[[121.68803,25.13333],[121.68742,25.13323],[121.6871,25.13339],[121.68684,25.13323],[121.68626,25.13333],[121.68619,25.13346],[121.68658,25.13353],[121.68695,25.13373],[121.6869,25.13388],[121.6865,25.13408],[121.68657,25.13437],[121.68652,25.13453],[121.68608,25.13478],[121.6856,25.13529],[121.68527,25.13533],[121.68494,25.13549],[121.6844,25.1355],[121.68392,25.13575],[121.68351,25.13582],[121.68319,25.13575],[121.68225,25.13546],[121.68151,25.13504],[121.68128,25.135],[121.68111,25.13508],[121.68106,25.1352],[121.68109,25.13535],[121.68127,25.13583],[121.68124,25.13606],[121.68098,25.13648],[121.68088,25.13727],[121.68102,25.13756],[121.68137,25.1378],[121.68138,25.13791],[121.68085,25.13845],[121.68085,25.13867],[121.68141,25.13943],[121.68175,25.14012]]}},{"type":"Feature","properties":{"n":"自強產業道路","k":5},"geometry":{"type":"LineString","coordinates":[[121.71064,25.12061],[121.71085,25.12037],[121.71105,25.11994],[121.71105,25.11975],[121.71089,25.1197],[121.71049,25.11982],[121.7104,25.11977],[121.71023,25.11948],[121.70988,25.11941],[121.70958,25.11948],[121.70915,25.11982],[121.70855,25.12017],[121.70821,25.12026],[121.70798,25.12021],[121.7075,25.11993],[121.70719,25.11961],[121.70687,25.11914],[121.70666,25.1191],[121.70603,25.11945],[121.70573,25.11975],[121.7048,25.12027],[121.70459,25.12028],[121.70381,25.11987],[121.70388,25.1192],[121.7041,25.11892],[121.70445,25.1189],[121.70456,25.11883],[121.70484,25.11836],[121.70507,25.11824],[121.70515,25.11767],[121.70486,25.11694],[121.70486,25.11646],[121.70496,25.11606],[121.70487,25.11581],[121.70496,25.11537],[121.70489,25.11459],[121.70479,25.1145],[121.7045,25.11444],[121.70411,25.11448],[121.70402,25.11441],[121.70397,25.11419],[121.70397,25.11404],[121.70417,25.1137],[121.70459,25.1135],[121.70461,25.11342],[121.70442,25.11337],[121.70376,25.11373],[121.70331,25.11417],[121.70314,25.1142],[121.703,25.1141],[121.70367,25.11311],[121.7037,25.11303],[121.70362,25.11294],[121.70319,25.11323],[121.70248,25.11407],[121.70239,25.11448],[121.70202,25.11511],[121.70189,25.1158],[121.70172,25.11595],[121.7015,25.11602],[121.70129,25.11637],[121.70115,25.11647],[121.70052,25.11675],[121.7,25.11679]]}},{"type":"Feature","properties":{"n":"自強產業道路","k":5},"geometry":{"type":"LineString","coordinates":[[121.69991,25.1168],[121.69932,25.11683]]}},{"type":"Feature","properties":{"n":"大同街","k":4},"geometry":{"type":"LineString","coordinates":[[121.69068,25.11295],[121.69036,25.11199]]}},{"type":"Feature","properties":{"n":"大同街","k":4},"geometry":{"type":"LineString","coordinates":[[121.69036,25.11199],[121.69051,25.11212],[121.6906,25.11233],[121.69076,25.11294]]}},{"type":"Feature","properties":{"n":"大同街","k":4},"geometry":{"type":"LineString","coordinates":[[121.68984,25.11166],[121.69036,25.11199]]}},{"type":"Feature","properties":{"n":"青嵐橋","k":5},"geometry":{"type":"LineString","coordinates":[[121.6881,25.11147],[121.68824,25.11137]]}},{"type":"Feature","properties":{"n":"鴛鴦橋","k":5},"geometry":{"type":"LineString","coordinates":[[121.68875,25.1106],[121.68897,25.11075]]}},{"type":"Feature","properties":{"n":"自強路","k":5},"geometry":{"type":"LineString","coordinates":[[121.71133,25.12787],[121.71122,25.12779],[121.71121,25.12733],[121.71093,25.12662],[121.71056,25.12625],[121.71045,25.12585],[121.70982,25.12473],[121.70987,25.12425],[121.70999,25.12401],[121.71048,25.12383],[121.71143,25.12316],[121.71135,25.12271],[121.71143,25.12254],[121.71181,25.1221],[121.71201,25.12168],[121.71241,25.1213],[121.71236,25.12122],[121.71222,25.12126],[121.71175,25.12173],[121.71112,25.12208],[121.71099,25.12188],[121.71133,25.12131],[121.71127,25.12114],[121.7111,25.1212],[121.71091,25.12147],[121.71075,25.12154],[121.71064,25.12148],[121.71056,25.12112],[121.71005,25.1208],[121.71005,25.12071],[121.71019,25.1206],[121.71071,25.12062],[121.71086,25.12054],[121.71118,25.12001],[121.71128,25.11965],[121.71122,25.11947],[121.71087,25.11933],[121.71088,25.11923],[121.71165,25.11897],[121.71222,25.11814],[121.71224,25.11795],[121.71226,25.11743],[121.71217,25.11729],[121.71167,25.11703],[121.71118,25.1166],[121.71065,25.1165],[121.71071,25.11593],[121.71053,25.11554],[121.71055,25.11535],[121.71085,25.11478],[121.71116,25.11471],[121.71129,25.11462],[121.71205,25.11383],[121.71264,25.11345],[121.71287,25.11345],[121.71299,25.11331],[121.71312,25.11269],[121.7131,25.1123],[121.71285,25.112],[121.71279,25.11175],[121.71291,25.11088],[121.71279,25.11017],[121.71285,25.10969],[121.71257,25.10844],[121.71254,25.10787],[121.71243,25.10764],[121.71202,25.10738],[121.71191,25.10688]]}},{"type":"Feature","properties":{"n":"瑪東橋","k":5},"geometry":{"type":"LineString","coordinates":[[121.69511,25.11688],[121.69518,25.11688]]}},{"type":"Feature","properties":{"n":"幸福橋","k":5},"geometry":{"type":"LineString","coordinates":[[121.7,25.11679],[121.69991,25.1168]]}},{"type":"Feature","properties":{"n":"瑪陵隧道","k":1},"geometry":{"type":"LineString","coordinates":[[121.69695,25.12911],[121.69712,25.13057],[121.69723,25.13107],[121.69752,25.1317],[121.69782,25.13216],[121.70292,25.13891]]}},{"type":"Feature","properties":{"n":"中崙隧道","k":1},"geometry":{"type":"LineString","coordinates":[[121.70299,25.13958],[121.69729,25.13182],[121.69697,25.13114],[121.69684,25.13066],[121.69666,25.12917]]}},{"type":"Feature","properties":{"n":"瑪新橋","k":5},"geometry":{"type":"LineString","coordinates":[[121.69694,25.12749],[121.69693,25.12756]]}},{"type":"Feature","properties":{"n":"樂利三街","k":5},"geometry":{"type":"LineString","coordinates":[[121.71386,25.12722],[121.71261,25.12692]]}},{"type":"Feature","properties":{"n":"樂利三街","k":5},"geometry":{"type":"LineString","coordinates":[[121.72003,25.12838],[121.71916,25.12868],[121.71899,25.12879],[121.71864,25.1292],[121.7184,25.12928],[121.71708,25.12921],[121.71629,25.1289],[121.71364,25.12765],[121.71386,25.12722]]}},{"type":"Feature","properties":{"n":"樂利三街","k":5},"geometry":{"type":"LineString","coordinates":[[121.71801,25.12928],[121.71792,25.12902],[121.71793,25.12843],[121.71805,25.12817],[121.71823,25.12668],[121.71814,25.12655],[121.71468,25.12654],[121.71431,25.12665],[121.71413,25.12681],[121.71386,25.12722]]}},{"type":"Feature","properties":{"n":"樂利三街30巷","k":5},"geometry":{"type":"LineString","coordinates":[[121.71261,25.12692],[121.7122,25.12796],[121.71207,25.12801],[121.71133,25.12787]]}},{"type":"Feature","properties":{"n":"八堵路169巷","k":5},"geometry":{"type":"LineString","coordinates":[[121.72751,25.10454],[121.72681,25.10444],[121.72633,25.10447]]}},{"type":"Feature","properties":{"n":"麥金路","k":4},"geometry":{"type":"LineString","coordinates":[[121.72908,25.11406],[121.72929,25.11383],[121.72933,25.11357]]}},{"type":"Feature","properties":{"n":"麥金路","k":4},"geometry":{"type":"LineString","coordinates":[[121.72254,25.12015],[121.72293,25.11982],[121.72351,25.11909],[121.72422,25.11847],[121.72464,25.11818],[121.72542,25.11785],[121.7257,25.11763],[121.72591,25.11729],[121.72632,25.11623],[121.72658,25.11584],[121.72692,25.1155],[121.72786,25.11479],[121.72908,25.11406]]}},{"type":"Feature","properties":{"n":"麥金路","k":4},"geometry":{"type":"LineString","coordinates":[[121.72945,25.11385],[121.7294,25.11402],[121.72908,25.11406]]}},{"type":"Feature","properties":{"n":"麥金路","k":4},"geometry":{"type":"LineString","coordinates":[[121.72137,25.12238],[121.72138,25.12206],[121.72204,25.12052]]}},{"type":"Feature","properties":{"n":"麥金路","k":4},"geometry":{"type":"LineString","coordinates":[[121.72254,25.12015],[121.7225,25.12022],[121.72204,25.12052]]}},{"type":"Feature","properties":{"n":"麥金路","k":4},"geometry":{"type":"LineString","coordinates":[[121.72204,25.12052],[121.72209,25.12042],[121.72246,25.12016],[121.72254,25.12015]]}},{"type":"Feature","properties":{"n":"麥金路","k":4},"geometry":{"type":"LineString","coordinates":[[121.71946,25.13213],[121.71916,25.13167],[121.71911,25.13142],[121.71911,25.13081],[121.71924,25.13059],[121.71949,25.13034],[121.71998,25.13],[121.72024,25.12964],[121.72028,25.12903],[121.72018,25.12859],[121.71973,25.12801],[121.71941,25.12741],[121.71918,25.12652],[121.71916,25.12625],[121.71933,25.12579],[121.72007,25.1244],[121.72021,25.12424],[121.72057,25.12409]]}},{"type":"Feature","properties":{"n":"麥金路","k":4},"geometry":{"type":"LineString","coordinates":[[121.72057,25.12409],[121.72067,25.12401],[121.7214,25.12372],[121.72155,25.12351],[121.72156,25.12331],[121.72137,25.12261],[121.72137,25.12238]]}},{"type":"Feature","properties":{"n":"麥金路","k":4},"geometry":{"type":"LineString","coordinates":[[121.72137,25.12238],[121.72149,25.12259],[121.7216,25.12295],[121.72167,25.12329],[121.72165,25.12355],[121.72158,25.12369],[121.72141,25.12385],[121.72073,25.1241],[121.72057,25.12409]]}},{"type":"Feature","properties":{"n":"麥金路","k":4},"geometry":{"type":"LineString","coordinates":[[121.72167,25.13566],[121.7216,25.13561],[121.72158,25.1354],[121.72149,25.13524]]}},{"type":"Feature","properties":{"n":"麥金路","k":4},"geometry":{"type":"LineString","coordinates":[[121.72149,25.13524],[121.72162,25.13533],[121.72174,25.13553],[121.72172,25.13565]]}},{"type":"Feature","properties":{"n":"麥金路","k":4},"geometry":{"type":"LineString","coordinates":[[121.71965,25.13235],[121.72033,25.13307],[121.72087,25.13352],[121.72097,25.13385],[121.72088,25.13438],[121.72091,25.13465],[121.72103,25.13484],[121.72149,25.13524]]}},{"type":"Feature","properties":{"n":"麥金路3巷","k":5},"geometry":{"type":"LineString","coordinates":[[121.71602,25.11953],[121.71647,25.1186],[121.7164,25.11648],[121.71646,25.11637],[121.71657,25.11626],[121.71682,25.11622],[121.71784,25.11622],[121.71813,25.11614],[121.71893,25.11564],[121.71906,25.11551],[121.71917,25.11521],[121.71921,25.11431],[121.71927,25.11414],[121.72081,25.11258],[121.72102,25.11244],[121.72318,25.11205],[121.72347,25.11207],[121.72391,25.11229],[121.7241,25.11244],[121.7242,25.11261],[121.72433,25.11381],[121.72492,25.11495],[121.72519,25.11531],[121.72632,25.11623]]}},{"type":"Feature","properties":{"n":"八堵陸橋","k":2},"geometry":{"type":"LineString","coordinates":[[121.73198,25.10924],[121.73218,25.10939]]}},{"type":"Feature","properties":{"n":"八堵陸橋","k":2},"geometry":{"type":"LineString","coordinates":[[121.73227,25.10955],[121.73125,25.10917]]}},{"type":"Feature","properties":{"n":"金華街","k":5},"geometry":{"type":"LineString","coordinates":[[121.72779,25.10946],[121.72809,25.10921]]}},{"type":"Feature","properties":{"n":"金華街","k":5},"geometry":{"type":"LineString","coordinates":[[121.72809,25.10921],[121.72784,25.10898],[121.7276,25.10866],[121.72761,25.10857],[121.72747,25.10849],[121.72766,25.10826]]}},{"type":"Feature","properties":{"n":"金華街","k":5},"geometry":{"type":"LineString","coordinates":[[121.72809,25.10921],[121.72825,25.10928]]}},{"type":"Feature","properties":{"n":"金華街","k":5},"geometry":{"type":"LineString","coordinates":[[121.72669,25.11035],[121.72694,25.11016]]}},{"type":"Feature","properties":{"n":"金華街","k":5},"geometry":{"type":"LineString","coordinates":[[121.72988,25.11039],[121.73092,25.11067],[121.73113,25.11089],[121.73139,25.1109],[121.73197,25.11052],[121.73224,25.11017],[121.73229,25.11],[121.73227,25.10991],[121.73162,25.10962],[121.73157,25.10957],[121.7316,25.10948],[121.73175,25.10945],[121.7324,25.10978],[121.73252,25.10974],[121.7326,25.10961]]}},{"type":"Feature","properties":{"n":"寧靜街","k":5},"geometry":{"type":"LineString","coordinates":[[121.74043,25.10427],[121.74015,25.10423],[121.73857,25.10485],[121.73792,25.10526],[121.73761,25.10538],[121.73744,25.10534]]}},{"type":"Feature","properties":{"n":"暖中路","k":5},"geometry":{"type":"LineString","coordinates":[[121.73972,25.10405],[121.73995,25.10459],[121.73991,25.10486],[121.73974,25.10519],[121.73871,25.10642],[121.73801,25.10677],[121.73787,25.10748]]}},{"type":"Feature","properties":{"n":"國安路","k":4},"geometry":{"type":"LineString","coordinates":[[121.72945,25.11385],[121.72933,25.11357],[121.72921,25.11303],[121.72903,25.11264],[121.72846,25.11202],[121.72846,25.11176],[121.72853,25.11164],[121.72866,25.11157],[121.72883,25.11153],[121.72901,25.11155],[121.7303,25.11203],[121.73126,25.11215],[121.73403,25.11201],[121.73456,25.11185],[121.73494,25.11151]]}},{"type":"Feature","properties":{"n":"國安路","k":4},"geometry":{"type":"LineString","coordinates":[[121.73513,25.11123],[121.73531,25.11084],[121.73527,25.11074]]}},{"type":"Feature","properties":{"n":"南榮路","k":2},"geometry":{"type":"LineString","coordinates":[[121.74379,25.11719],[121.74383,25.1176],[121.74327,25.12051],[121.74311,25.12171],[121.74284,25.12464],[121.74292,25.12529],[121.74289,25.12546],[121.74269,25.12609],[121.74244,25.12652],[121.74204,25.12684],[121.74172,25.12697],[121.74178,25.12688],[121.74226,25.12656],[121.74244,25.12636],[121.74265,25.12595],[121.74283,25.1254],[121.74276,25.12454],[121.74306,25.1217],[121.74318,25.12066],[121.74368,25.11801],[121.74373,25.11747],[121.74352,25.11699],[121.74331,25.11604],[121.74317,25.11567],[121.74286,25.11511],[121.74245,25.11469],[121.74169,25.11408],[121.74018,25.11313],[121.73896,25.11226]]}},{"type":"Feature","properties":{"n":"南榮路","k":2},"geometry":{"type":"LineString","coordinates":[[121.73922,25.11208],[121.73999,25.11281],[121.74218,25.11433],[121.74281,25.11491],[121.74319,25.11544],[121.74351,25.11635]]}},{"type":"Feature","properties":{"n":"八堵橋","k":2},"geometry":{"type":"LineString","coordinates":[[121.73352,25.11019],[121.73268,25.10971]]}},{"type":"Feature","properties":{"n":"八堵橋","k":2},"geometry":{"type":"LineString","coordinates":[[121.73272,25.10966],[121.73356,25.11014]]}},{"type":"Feature","properties":{"n":"尚仁街","k":5},"geometry":{"type":"LineString","coordinates":[[121.72763,25.11084],[121.72786,25.11083],[121.72882,25.11122],[121.73027,25.11163],[121.73189,25.1118],[121.73284,25.11117],[121.73296,25.11079],[121.73357,25.10984],[121.734,25.10965]]}},{"type":"Feature","properties":{"n":"八德橋","k":5},"geometry":{"type":"LineString","coordinates":[[121.72694,25.11016],[121.72779,25.10946]]}},{"type":"Feature","properties":{"n":"尚仁橋","k":5},"geometry":{"type":"LineString","coordinates":[[121.72707,25.11097],[121.72763,25.11084]]}},{"type":"Feature","properties":{"n":"港口橋","k":5},"geometry":{"type":"LineString","coordinates":[[121.7287,25.11439],[121.72886,25.11458]]}},{"type":"Feature","properties":{"n":"港口橋","k":5},"geometry":{"type":"LineString","coordinates":[[121.7288,25.11463],[121.72862,25.11445]]}},{"type":"Feature","properties":{"n":"八堵隧道","k":2},"geometry":{"type":"LineString","coordinates":[[121.73777,25.11093],[121.73922,25.11208]]}},{"type":"Feature","properties":{"n":"八堵隧道","k":2},"geometry":{"type":"LineString","coordinates":[[121.73896,25.11226],[121.73745,25.11102]]}},{"type":"Feature","properties":{"n":"八堵路2巷","k":5},"geometry":{"type":"LineString","coordinates":[[121.7367,25.11076],[121.73648,25.11087],[121.73667,25.1111]]}},{"type":"Feature","properties":{"n":"暖暖1號橋","k":4},"geometry":{"type":"LineString","coordinates":[[121.73494,25.11151],[121.73513,25.11123]]}},{"type":"Feature","properties":{"n":"國安路30巷","k":5},"geometry":{"type":"LineString","coordinates":[[121.7345,25.11188],[121.7347,25.11205],[121.73604,25.11275],[121.73622,25.11261],[121.73622,25.11254],[121.73486,25.11184],[121.73463,25.11198]]}},{"type":"Feature","properties":{"n":"樂利二街62巷","k":5},"geometry":{"type":"LineString","coordinates":[[121.71545,25.12175],[121.71486,25.12157],[121.71452,25.12124]]}},{"type":"Feature","properties":{"n":"樂利二街62巷","k":5},"geometry":{"type":"LineString","coordinates":[[121.71567,25.12025],[121.71553,25.12046],[121.71515,25.12064],[121.71452,25.12112]]}},{"type":"Feature","properties":{"n":"樂利二街62巷","k":5},"geometry":{"type":"LineString","coordinates":[[121.71567,25.12025],[121.71574,25.12013]]}},{"type":"Feature","properties":{"n":"樂利二街62巷","k":5},"geometry":{"type":"LineString","coordinates":[[121.71554,25.12176],[121.71545,25.12175]]}},{"type":"Feature","properties":{"n":"樂利二街62巷","k":5},"geometry":{"type":"LineString","coordinates":[[121.71444,25.12119],[121.71452,25.12112]]}},{"type":"Feature","properties":{"n":"樂利二街62巷","k":5},"geometry":{"type":"LineString","coordinates":[[121.71452,25.12124],[121.71444,25.12119]]}},{"type":"Feature","properties":{"n":"樂利二街62巷","k":5},"geometry":{"type":"LineString","coordinates":[[121.71452,25.12124],[121.71473,25.12134],[121.71497,25.12157],[121.71545,25.12175]]}},{"type":"Feature","properties":{"n":"樂利二街62巷","k":5},"geometry":{"type":"LineString","coordinates":[[121.71452,25.12112],[121.71509,25.12059],[121.71534,25.12051],[121.71567,25.12025]]}},{"type":"Feature","properties":{"n":"樂利二街62巷","k":5},"geometry":{"type":"LineString","coordinates":[[121.71574,25.12013],[121.71602,25.11953]]}},{"type":"Feature","properties":{"n":"樂利二街62巷","k":5},"geometry":{"type":"LineString","coordinates":[[121.71574,25.12013],[121.71657,25.12039],[121.71693,25.12039],[121.71743,25.12055],[121.71766,25.12096],[121.71779,25.12146],[121.71765,25.12166],[121.71687,25.12184],[121.71665,25.12124],[121.71653,25.12111],[121.71618,25.12098],[121.716,25.12101],[121.71574,25.12119],[121.71554,25.12176]]}},{"type":"Feature","properties":{"n":"樂利二街62巷","k":5},"geometry":{"type":"LineString","coordinates":[[121.71554,25.12176],[121.71572,25.12285],[121.71598,25.12311],[121.71688,25.12346],[121.71698,25.1237],[121.71685,25.12402],[121.71655,25.12417],[121.71631,25.12413],[121.71372,25.12329],[121.71356,25.12311],[121.71356,25.12294],[121.71408,25.12155],[121.71444,25.12119]]}},{"type":"Feature","properties":{"n":"安樂路二段","k":4},"geometry":{"type":"LineString","coordinates":[[121.72262,25.1201],[121.72274,25.12023]]}},{"type":"Feature","properties":{"n":"安樂路二段","k":4},"geometry":{"type":"LineString","coordinates":[[121.72296,25.12042],[121.72649,25.1235],[121.72775,25.12415],[121.72815,25.12447],[121.72871,25.12477],[121.72905,25.12487]]}},{"type":"Feature","properties":{"n":"自強橋","k":4},"geometry":{"type":"LineString","coordinates":[[121.72274,25.12023],[121.72296,25.12042]]}},{"type":"Feature","properties":{"n":"得勝橋","k":5},"geometry":{"type":"LineString","coordinates":[[121.7247,25.11828],[121.72484,25.11848]]}},{"type":"Feature","properties":{"n":"安和一街6巷","k":5},"geometry":{"type":"LineString","coordinates":[[121.72316,25.12224],[121.72474,25.12356],[121.72483,25.12373],[121.72468,25.1239],[121.72368,25.12372],[121.72356,25.12377],[121.72357,25.12393],[121.72437,25.12433],[121.72484,25.12442]]}},{"type":"Feature","properties":{"n":"樂利二街","k":5},"geometry":{"type":"LineString","coordinates":[[121.72007,25.1244],[121.71968,25.12434],[121.7196,25.12381],[121.7195,25.12368],[121.71903,25.12329],[121.71888,25.12303],[121.71847,25.12275],[121.71823,25.1225],[121.71796,25.1224],[121.71685,25.12255],[121.71649,25.12243],[121.71655,25.12217],[121.71687,25.12184]]}},{"type":"Feature","properties":{"n":"安和一街","k":5},"geometry":{"type":"LineString","coordinates":[[121.72405,25.12137],[121.72316,25.12224],[121.72305,25.12248],[121.72295,25.12314],[121.72289,25.12462],[121.72323,25.12473],[121.72336,25.12485],[121.72342,25.12512],[121.72337,25.12561],[121.72349,25.12582],[121.72443,25.12644],[121.72475,25.12676],[121.72494,25.1276],[121.7248,25.12847],[121.7246,25.12877],[121.72443,25.12882],[121.72248,25.12827],[121.7222,25.12762],[121.72203,25.12652],[121.72202,25.12604],[121.72217,25.12551],[121.7224,25.12512],[121.72249,25.1248],[121.72289,25.12462]]}},{"type":"Feature","properties":{"n":"孝二路","k":4},"geometry":{"type":"LineString","coordinates":[[121.74097,25.13096],[121.73923,25.12834]]}},{"type":"Feature","properties":{"n":"孝二路","k":4},"geometry":{"type":"LineString","coordinates":[[121.73974,25.12901],[121.741,25.13094]]}},{"type":"Feature","properties":{"n":"忠三路","k":5},"geometry":{"type":"LineString","coordinates":[[121.74046,25.12862],[121.73813,25.12989]]}},{"type":"Feature","properties":{"n":"中興隧道","k":0},"geometry":{"type":"LineString","coordinates":[[121.73529,25.12236],[121.73271,25.1196]]}},{"type":"Feature","properties":{"n":"安樂路一段","k":4},"geometry":{"type":"LineString","coordinates":[[121.73167,25.12644],[121.73306,25.12844],[121.73363,25.12891],[121.73407,25.12909],[121.7353,25.12932],[121.7362,25.12929]]}},{"type":"Feature","properties":{"n":"忠四路","k":2},"geometry":{"type":"LineString","coordinates":[[121.74023,25.12777],[121.74036,25.1277]]}},{"type":"Feature","properties":{"n":"忠四路","k":2},"geometry":{"type":"LineString","coordinates":[[121.73902,25.12842],[121.74,25.12789]]}},{"type":"Feature","properties":{"n":"大業隧道","k":0},"geometry":{"type":"LineString","coordinates":[[121.73195,25.1185],[121.73555,25.12222]]}},{"type":"Feature","properties":{"n":"成功二路","k":2},"geometry":{"type":"LineString","coordinates":[[121.73544,25.13163],[121.73562,25.13038],[121.73568,25.13024],[121.73582,25.1301],[121.73659,25.12972]]}},{"type":"Feature","properties":{"n":"孝三路","k":5},"geometry":{"type":"LineString","coordinates":[[121.73846,25.1288],[121.7401,25.13129]]}},{"type":"Feature","properties":{"n":"公園街","k":5},"geometry":{"type":"LineString","coordinates":[[121.73813,25.12989],[121.73818,25.12904],[121.73826,25.12891],[121.73846,25.1288]]}},{"type":"Feature","properties":{"n":"成功陸橋","k":4},"geometry":{"type":"LineString","coordinates":[[121.73943,25.12628],[121.74036,25.1277]]}},{"type":"Feature","properties":{"n":"成功陸橋","k":4},"geometry":{"type":"LineString","coordinates":[[121.73943,25.12628],[121.73843,25.12681]]}},{"type":"Feature","properties":{"n":"成功陸橋","k":4},"geometry":{"type":"LineString","coordinates":[[121.73905,25.12574],[121.73943,25.12628]]}},{"type":"Feature","properties":{"n":"中山一路","k":4},"geometry":{"type":"LineString","coordinates":[[121.73637,25.1294],[121.73698,25.1303]]}},{"type":"Feature","properties":{"n":"中山一路","k":4},"geometry":{"type":"LineString","coordinates":[[121.73963,25.13394],[121.73953,25.134]]}},{"type":"Feature","properties":{"n":"中山一路","k":4},"geometry":{"type":"LineString","coordinates":[[121.73942,25.13406],[121.7377,25.13134],[121.73698,25.1303]]}},{"type":"Feature","properties":{"n":"中山一路","k":4},"geometry":{"type":"LineString","coordinates":[[121.73698,25.1303],[121.73767,25.13105],[121.73963,25.13394]]}},{"type":"Feature","properties":{"n":"中山一路","k":4},"geometry":{"type":"LineString","coordinates":[[121.73953,25.134],[121.73942,25.13406]]}},{"type":"Feature","properties":{"n":"中山一路","k":4},"geometry":{"type":"LineString","coordinates":[[121.74114,25.13668],[121.73942,25.13406]]}},{"type":"Feature","properties":{"n":"中山一路","k":4},"geometry":{"type":"LineString","coordinates":[[121.73963,25.13394],[121.74135,25.13658]]}},{"type":"Feature","properties":{"n":"中山一路","k":4},"geometry":{"type":"LineString","coordinates":[[121.73953,25.134],[121.74124,25.13662]]}},{"type":"Feature","properties":{"n":"樂一路","k":5},"geometry":{"type":"LineString","coordinates":[[121.73484,25.13179],[121.73462,25.13147],[121.73385,25.13073],[121.73382,25.13061],[121.73394,25.1299],[121.73383,25.12953],[121.73343,25.12926],[121.73325,25.12908],[121.73314,25.12885],[121.7325,25.12845],[121.73243,25.12778],[121.73167,25.12744],[121.73165,25.12716],[121.73145,25.12666],[121.73147,25.1263]]}},{"type":"Feature","properties":{"n":"樂一路","k":5},"geometry":{"type":"LineString","coordinates":[[121.73256,25.12772],[121.73243,25.12778]]}},{"type":"Feature","properties":{"n":"自來街","k":5},"geometry":{"type":"LineString","coordinates":[[121.73819,25.12901],[121.73803,25.12875],[121.7381,25.12849],[121.73873,25.12818],[121.73955,25.12745],[121.73978,25.1276],[121.73995,25.12785]]}},{"type":"Feature","properties":{"n":"自來街","k":5},"geometry":{"type":"LineString","coordinates":[[121.73882,25.12746],[121.73919,25.12735],[121.73939,25.12735],[121.73955,25.12745]]}},{"type":"Feature","properties":{"n":"崇德路","k":5},"geometry":{"type":"LineString","coordinates":[[121.72983,25.13212],[121.73052,25.13111],[121.73089,25.13093],[121.73181,25.13087],[121.7326,25.13066],[121.73315,25.13037],[121.7333,25.12998],[121.73326,25.12964],[121.73307,25.12931],[121.73266,25.12885],[121.73208,25.12845],[121.73156,25.12739],[121.73136,25.12646],[121.73185,25.12558]]}},{"type":"Feature","properties":{"n":"西定高架道路","k":4},"geometry":{"type":"LineString","coordinates":[[121.7362,25.12929],[121.73616,25.12944],[121.73525,25.13056],[121.73498,25.13108],[121.73494,25.13136],[121.73508,25.13217],[121.73503,25.1328],[121.73498,25.13314],[121.73476,25.13381],[121.73371,25.13497],[121.73311,25.13544],[121.73278,25.13558],[121.73268,25.13568],[121.73262,25.13582],[121.73259,25.13623],[121.7325,25.13646],[121.73182,25.13712],[121.7315,25.13752],[121.73134,25.13764],[121.72982,25.13841],[121.7292,25.13891],[121.72902,25.13925],[121.72856,25.13948],[121.72799,25.13985],[121.72768,25.14015],[121.72703,25.14042],[121.72685,25.14059],[121.72667,25.14108],[121.72654,25.14129],[121.72619,25.14155],[121.72604,25.14173],[121.72562,25.14261],[121.72546,25.14391]]}},{"type":"Feature","properties":{"n":"自強隧道","k":4},"geometry":{"type":"LineString","coordinates":[[121.72905,25.12487],[121.73014,25.12533],[121.73069,25.12565],[121.73167,25.12644]]}},{"type":"Feature","properties":{"n":"光二路","k":5},"geometry":{"type":"LineString","coordinates":[[121.73722,25.12748],[121.73625,25.12608]]}},{"type":"Feature","properties":{"n":"華二街","k":5},"geometry":{"type":"LineString","coordinates":[[121.73643,25.127],[121.73678,25.12681]]}},{"type":"Feature","properties":{"n":"華三街","k":5},"geometry":{"type":"LineString","coordinates":[[121.73617,25.12665],[121.73749,25.12592]]}},{"type":"Feature","properties":{"n":"成功一路133巷","k":5},"geometry":{"type":"LineString","coordinates":[[121.73653,25.12849],[121.7361,25.12844],[121.73579,25.12881],[121.73571,25.12881],[121.73564,25.12851],[121.73575,25.12825],[121.73545,25.12806],[121.73499,25.12867],[121.73484,25.12855]]}},{"type":"Feature","properties":{"n":"光一路","k":5},"geometry":{"type":"LineString","coordinates":[[121.73815,25.12697],[121.73646,25.12435]]}},{"type":"Feature","properties":{"n":"光一路","k":5},"geometry":{"type":"LineString","coordinates":[[121.73664,25.12426],[121.73838,25.12683]]}},{"type":"Feature","properties":{"n":"安樂橋","k":4},"geometry":{"type":"LineString","coordinates":[[121.7362,25.12929],[121.73637,25.1294]]}},{"type":"Feature","properties":{"n":"三十一號橋","k":2},"geometry":{"type":"LineString","coordinates":[[121.73659,25.12972],[121.73902,25.12842]]}},{"type":"Feature","properties":{"n":"獅球路","k":5},"geometry":{"type":"LineString","coordinates":[[121.73837,25.12507],[121.73769,25.1258],[121.73749,25.12592]]}},{"type":"Feature","properties":{"n":"獅球路","k":5},"geometry":{"type":"LineString","coordinates":[[121.73694,25.12445],[121.73779,25.12458],[121.7383,25.12497],[121.73905,25.12574]]}},{"type":"Feature","properties":{"n":"獅球路10巷","k":5},"geometry":{"type":"LineString","coordinates":[[121.73779,25.12458],[121.73727,25.12517]]}},{"type":"Feature","properties":{"n":"成功一路","k":4},"geometry":{"type":"LineString","coordinates":[[121.73843,25.12681],[121.73722,25.12748],[121.73671,25.12782],[121.73661,25.12805],[121.73647,25.12877],[121.7362,25.12929]]}},{"type":"Feature","properties":{"n":"忠四路","k":5},"geometry":{"type":"LineString","coordinates":[[121.73846,25.1288],[121.73923,25.12834]]}},{"type":"Feature","properties":{"n":"華六街","k":5},"geometry":{"type":"LineString","coordinates":[[121.73678,25.12484],[121.73594,25.12535],[121.73593,25.12554],[121.73625,25.12608]]}},{"type":"Feature","properties":{"n":"華一街","k":5},"geometry":{"type":"LineString","coordinates":[[121.73664,25.12725],[121.73695,25.12708]]}},{"type":"Feature","properties":{"n":"成功一路118巷","k":5},"geometry":{"type":"LineString","coordinates":[[121.73741,25.12857],[121.73758,25.12809],[121.73722,25.12748]]}},{"type":"Feature","properties":{"n":"獅球路111巷","k":5},"geometry":{"type":"LineString","coordinates":[[121.7378,25.12446],[121.73779,25.12458]]}},{"type":"Feature","properties":{"n":"豐年橋","k":5},"geometry":{"type":"LineString","coordinates":[[121.64672,25.13957],[121.6468,25.13956]]}},{"type":"Feature","properties":{"n":"烏基產業道路","k":5},"geometry":{"type":"LineString","coordinates":[[121.64281,25.14415],[121.64306,25.14426],[121.64309,25.14491],[121.64294,25.14513],[121.64239,25.14543]]}},{"type":"Feature","properties":{"n":"富民橋","k":5},"geometry":{"type":"LineString","coordinates":[[121.67391,25.13304],[121.67398,25.1329]]}},{"type":"Feature","properties":{"n":"福民橋","k":5},"geometry":{"type":"LineString","coordinates":[[121.67173,25.13767],[121.67195,25.13759]]}},{"type":"Feature","properties":{"n":"瑪安橋","k":5},"geometry":{"type":"LineString","coordinates":[[121.68809,25.13332],[121.68803,25.13333]]}},{"type":"Feature","properties":{"n":"基隆隧道","k":0},"geometry":{"type":"LineString","coordinates":[[121.70825,25.13691],[121.7066,25.13642],[121.70566,25.13606],[121.70484,25.13568],[121.70398,25.13516],[121.70309,25.13455],[121.70012,25.13224],[121.69922,25.1314],[121.69871,25.13083]]}},{"type":"Feature","properties":{"n":"基隆隧道","k":0},"geometry":{"type":"LineString","coordinates":[[121.69876,25.13003],[121.69901,25.1305],[121.69934,25.13092],[121.70041,25.13194],[121.70414,25.1348],[121.70498,25.13531],[121.7058,25.13573],[121.70679,25.1361],[121.70837,25.13658]]}},{"type":"Feature","properties":{"n":"武訓街","k":5},"geometry":{"type":"LineString","coordinates":[[121.69677,25.14284],[121.70047,25.14339],[121.70068,25.14352]]}},{"type":"Feature","properties":{"n":"武訓街","k":5},"geometry":{"type":"LineString","coordinates":[[121.70133,25.14264],[121.70073,25.14331],[121.70068,25.14352]]}},{"type":"Feature","properties":{"n":"武訓街","k":5},"geometry":{"type":"LineString","coordinates":[[121.70156,25.14176],[121.70154,25.14237],[121.7014,25.14252]]}},{"type":"Feature","properties":{"n":"武訓街","k":5},"geometry":{"type":"LineString","coordinates":[[121.69946,25.14868],[121.69982,25.14677],[121.70111,25.14477],[121.70112,25.14462],[121.70068,25.14352]]}},{"type":"Feature","properties":{"n":"武訓街","k":5},"geometry":{"type":"LineString","coordinates":[[121.70073,25.14331],[121.70047,25.14339]]}},{"type":"Feature","properties":{"n":"七安產業道路","k":5},"geometry":{"type":"LineString","coordinates":[[121.69512,25.12983],[121.69462,25.13027],[121.69425,25.13073],[121.69398,25.13117],[121.69393,25.13144],[121.69388,25.1318],[121.69394,25.13219],[121.69423,25.1327],[121.69438,25.13332],[121.69459,25.13351],[121.69455,25.13359],[121.69444,25.13362],[121.69414,25.13358],[121.69395,25.13371],[121.69371,25.13453],[121.69373,25.13523],[121.69394,25.13607],[121.6939,25.13643],[121.69394,25.1365],[121.69412,25.13651],[121.69419,25.13643],[121.69432,25.1362],[121.69434,25.13558],[121.69464,25.13515],[121.69484,25.13525],[121.69507,25.13603],[121.69521,25.13623],[121.6954,25.13623],[121.69579,25.13589],[121.69621,25.13569],[121.69682,25.13572],[121.6972,25.13539],[121.69757,25.13532],[121.69791,25.13517],[121.69828,25.13476],[121.69855,25.13472],[121.69869,25.1348],[121.69898,25.13512],[121.69899,25.13526],[121.69869,25.13582],[121.69868,25.136],[121.69909,25.13665],[121.69929,25.13744],[121.69927,25.13816],[121.69897,25.13854],[121.69882,25.13906],[121.69899,25.13971],[121.69927,25.14019],[121.69945,25.14033],[121.70001,25.1411],[121.70037,25.14125],[121.70107,25.14136],[121.70156,25.14176]]}},{"type":"Feature","properties":{"n":"基金二路3巷","k":5},"geometry":{"type":"LineString","coordinates":[[121.68738,25.14156],[121.6875,25.14151],[121.68771,25.14117],[121.68825,25.14083],[121.68854,25.14083],[121.68882,25.14053],[121.68896,25.14048],[121.68942,25.1405],[121.68978,25.14035],[121.68996,25.14035],[121.6903,25.14048],[121.69062,25.14081],[121.69077,25.14129],[121.69095,25.14154],[121.69184,25.14234],[121.69188,25.14257],[121.69172,25.14261],[121.69162,25.14239],[121.69113,25.1422],[121.69074,25.14196],[121.69025,25.1414],[121.69008,25.14137],[121.6897,25.14161],[121.68966,25.1417],[121.68975,25.14197],[121.69003,25.14239],[121.68999,25.14298],[121.69015,25.14331],[121.69019,25.14384],[121.69051,25.14409],[121.69055,25.14419],[121.69048,25.14481],[121.69006,25.14476],[121.68993,25.14494],[121.69003,25.14585],[121.69009,25.14589],[121.69033,25.14582],[121.69048,25.14567],[121.6918,25.14516],[121.69306,25.14533],[121.69392,25.1453],[121.69546,25.14416],[121.69585,25.14343],[121.69605,25.14322],[121.6965,25.14292],[121.69677,25.14284]]}},{"type":"Feature","properties":{"n":"基金一路208巷","k":5},"geometry":{"type":"LineString","coordinates":[[121.70602,25.15694],[121.70672,25.15567],[121.70729,25.15513],[121.70746,25.15476],[121.70776,25.15438],[121.70788,25.15391],[121.70812,25.15295],[121.70802,25.1519],[121.70833,25.15112],[121.70837,25.15041],[121.70851,25.15013],[121.70852,25.14992],[121.70829,25.14943],[121.70818,25.14889],[121.70847,25.14786],[121.70907,25.14622],[121.7093,25.14535],[121.70982,25.14438],[121.71018,25.14393],[121.71018,25.14257],[121.70995,25.1422],[121.70985,25.14191]]}},{"type":"Feature","properties":{"n":"基金一路208巷","k":5},"geometry":{"type":"LineString","coordinates":[[121.70847,25.14786],[121.70822,25.14782],[121.70814,25.1477],[121.70826,25.14669],[121.70865,25.1459]]}},{"type":"Feature","properties":{"n":"基金一路208巷","k":5},"geometry":{"type":"LineString","coordinates":[[121.70922,25.15856],[121.70919,25.15852]]}},{"type":"Feature","properties":{"n":"基金一路","k":2},"geometry":{"type":"LineString","coordinates":[[121.72229,25.13573],[121.7221,25.13562],[121.72189,25.13561],[121.72053,25.13603],[121.72031,25.13623],[121.71992,25.13688],[121.71973,25.13729],[121.71903,25.13771],[121.71894,25.13781],[121.71878,25.13845],[121.71856,25.13869],[121.71739,25.13894],[121.71645,25.13925],[121.71557,25.13969],[121.71469,25.13991],[121.71395,25.14028],[121.7136,25.1403],[121.71302,25.14013],[121.71283,25.14012],[121.71149,25.14052],[121.71113,25.14069],[121.70985,25.14191],[121.70948,25.14215],[121.70927,25.14222],[121.70888,25.14219],[121.70777,25.14186],[121.70676,25.14196],[121.70554,25.14175],[121.70438,25.1419],[121.7038,25.14201],[121.70362,25.1421]]}},{"type":"Feature","properties":{"n":"基金一路","k":2},"geometry":{"type":"LineString","coordinates":[[121.72229,25.13573],[121.72247,25.13594],[121.72263,25.13624],[121.7228,25.1364],[121.72291,25.13646],[121.72311,25.13648],[121.72346,25.13638],[121.72399,25.13589],[121.72502,25.13516],[121.72543,25.13476],[121.72557,25.13452],[121.72565,25.13403],[121.72572,25.13388]]}},{"type":"Feature","properties":{"n":"基金一路","k":2},"geometry":{"type":"LineString","coordinates":[[121.70352,25.14203],[121.70369,25.14194],[121.70541,25.14167],[121.70674,25.14187],[121.70754,25.14178],[121.70784,25.14179],[121.70891,25.14211],[121.70935,25.14212],[121.7097,25.14194],[121.71101,25.14066],[121.71159,25.14039],[121.71282,25.14003],[121.71314,25.14006],[121.71363,25.14023],[121.71392,25.14021],[121.71444,25.1399],[121.71551,25.13961],[121.71642,25.13916],[121.71736,25.13885],[121.71851,25.13861],[121.71868,25.13842],[121.71878,25.1379],[121.71885,25.13776],[121.71896,25.13764],[121.71965,25.13723],[121.72022,25.13618],[121.72048,25.13595],[121.72129,25.13573],[121.72166,25.13553],[121.72209,25.13556],[121.72229,25.13573]]}},{"type":"Feature","properties":{"n":"武嶺隧道","k":5},"geometry":{"type":"LineString","coordinates":[[121.70632,25.13803],[121.70745,25.13772]]}},{"type":"Feature","properties":{"n":"基金一路129巷","k":5},"geometry":{"type":"LineString","coordinates":[[121.71278,25.1399],[121.71283,25.14012]]}},{"type":"Feature","properties":{"n":"基金一路129巷","k":5},"geometry":{"type":"LineString","coordinates":[[121.71275,25.13976],[121.71259,25.1391],[121.7137,25.13874],[121.71454,25.13909],[121.71523,25.13946],[121.71532,25.13966]]}},{"type":"Feature","properties":{"n":"武崙街","k":5},"geometry":{"type":"LineString","coordinates":[[121.70708,25.14155],[121.70693,25.14079],[121.70666,25.14007],[121.70568,25.1382],[121.70632,25.13803]]}},{"type":"Feature","properties":{"n":"基金二路","k":2},"geometry":{"type":"LineString","coordinates":[[121.70066,25.14658],[121.70171,25.14498],[121.70213,25.14416],[121.70274,25.14338],[121.70352,25.14203]]}},{"type":"Feature","properties":{"n":"基金二路","k":2},"geometry":{"type":"LineString","coordinates":[[121.70362,25.1421],[121.70279,25.14343],[121.70218,25.14425],[121.70183,25.14493],[121.70084,25.14639],[121.70075,25.14661]]}},{"type":"Feature","properties":{"n":"基金二路1巷","k":5},"geometry":{"type":"LineString","coordinates":[[121.70156,25.14176],[121.70267,25.14196],[121.70341,25.14196]]}},{"type":"Feature","properties":{"n":"武嶺街","k":5},"geometry":{"type":"LineString","coordinates":[[121.70745,25.13772],[121.70796,25.13773],[121.70904,25.13819],[121.71019,25.13841]]}},{"type":"Feature","properties":{"n":"武嶺街","k":5},"geometry":{"type":"LineString","coordinates":[[121.71103,25.14056],[121.71113,25.14069]]}},{"type":"Feature","properties":{"n":"武嶺街","k":5},"geometry":{"type":"LineString","coordinates":[[121.70781,25.13876],[121.70793,25.13848],[121.70824,25.13841],[121.71034,25.13882]]}},{"type":"Feature","properties":{"n":"武崙路","k":5},"geometry":{"type":"LineString","coordinates":[[121.70719,25.14191],[121.70714,25.14177]]}},{"type":"Feature","properties":{"n":"安樂6橋","k":5},"geometry":{"type":"LineString","coordinates":[[121.71094,25.1403],[121.71103,25.14056]]}},{"type":"Feature","properties":{"n":"基金一路135巷21弄","k":5},"geometry":{"type":"LineString","coordinates":[[121.70966,25.14021],[121.70896,25.13855]]}},{"type":"Feature","properties":{"n":"基金一路135巷","k":5},"geometry":{"type":"LineString","coordinates":[[121.70951,25.14175],[121.70926,25.14151],[121.70868,25.14052],[121.70839,25.13954],[121.70804,25.13908]]}},{"type":"Feature","properties":{"n":"安樂5橋","k":5},"geometry":{"type":"LineString","coordinates":[[121.70965,25.14189],[121.70951,25.14175]]}},{"type":"Feature","properties":{"n":"安樂4橋","k":5},"geometry":{"type":"LineString","coordinates":[[121.70714,25.14177],[121.70708,25.14155]]}},{"type":"Feature","properties":{"n":"奮起橋","k":5},"geometry":{"type":"LineString","coordinates":[[121.71275,25.13976],[121.71278,25.1399]]}},{"type":"Feature","properties":{"n":"基金三路","k":5},"geometry":{"type":"LineString","coordinates":[[121.6967,25.15515],[121.69641,25.15562],[121.69614,25.15646],[121.69571,25.15685],[121.69476,25.15746],[121.69451,25.15782],[121.69445,25.15842],[121.69463,25.15988],[121.69446,25.16042],[121.69424,25.16062],[121.69375,25.16086],[121.69231,25.16115],[121.69003,25.16138],[121.68977,25.16149],[121.68861,25.16226],[121.68839,25.16232],[121.68972,25.16144],[121.69002,25.16131],[121.69238,25.16107],[121.69371,25.16079],[121.69419,25.16057],[121.69439,25.16037],[121.69453,25.16005],[121.69436,25.15824],[121.69444,25.15779],[121.69477,25.15736],[121.69604,25.15646],[121.69614,25.15624],[121.69622,25.15573],[121.69632,25.15554]]}},{"type":"Feature","properties":{"n":"基金三路","k":5},"geometry":{"type":"LineString","coordinates":[[121.69717,25.15212],[121.69745,25.15229]]}},{"type":"Feature","properties":{"n":"基金三路","k":2},"geometry":{"type":"LineString","coordinates":[[121.70075,25.14661],[121.70053,25.14785],[121.70047,25.148],[121.70014,25.14842],[121.69991,25.14885],[121.69975,25.14944],[121.69922,25.15084],[121.69901,25.15115],[121.69885,25.15129],[121.69754,25.15219],[121.69734,25.15252],[121.69726,25.15338],[121.69684,25.15448],[121.6967,25.15515]]}},{"type":"Feature","properties":{"n":"基金三路","k":2},"geometry":{"type":"LineString","coordinates":[[121.69632,25.15554],[121.69659,25.15512],[121.69677,25.15439],[121.69716,25.15334],[121.69725,25.15251],[121.69737,25.15222],[121.69781,25.15187],[121.69896,25.1511],[121.69908,25.15096],[121.69968,25.14942],[121.69985,25.14883],[121.70004,25.14844],[121.70044,25.14789],[121.70066,25.14658]]}},{"type":"Feature","properties":{"n":"武隆街","k":5},"geometry":{"type":"LineString","coordinates":[[121.6965,25.15388],[121.69591,25.15374]]}},{"type":"Feature","properties":{"n":"武隆街","k":5},"geometry":{"type":"LineString","coordinates":[[121.69732,25.15286],[121.69694,25.15289],[121.69683,25.153],[121.69627,25.15447],[121.69619,25.15489],[121.69577,25.15549],[121.69568,25.15616],[121.69559,25.15629],[121.69423,25.15722],[121.69394,25.15772],[121.69387,25.15843],[121.69283,25.15998]]}},{"type":"Feature","properties":{"n":"基金公路","k":2},"geometry":{"type":"LineString","coordinates":[[121.69783,25.1588],[121.69774,25.15847],[121.69769,25.15778],[121.69759,25.15747],[121.6975,25.15732],[121.69667,25.15649],[121.69635,25.15581],[121.69632,25.15554]]}},{"type":"Feature","properties":{"n":"基金公路","k":2},"geometry":{"type":"LineString","coordinates":[[121.6967,25.15515],[121.69659,25.15592],[121.69667,25.15632],[121.69676,25.1565],[121.69749,25.15716],[121.69761,25.15733],[121.69772,25.15755],[121.69778,25.15784],[121.69781,25.15849],[121.69789,25.15874]]}},{"type":"Feature","properties":{"n":"基金公路","k":2},"geometry":{"type":"LineString","coordinates":[[121.70331,25.16385],[121.70306,25.16348],[121.70279,25.16323],[121.70212,25.16283],[121.70183,25.1626],[121.70165,25.16232],[121.70112,25.16119],[121.70088,25.16095],[121.69844,25.15947]]}},{"type":"Feature","properties":{"n":"基金公路","k":2},"geometry":{"type":"LineString","coordinates":[[121.6985,25.15941],[121.70095,25.16091],[121.7012,25.16117],[121.70138,25.16146],[121.7017,25.16231],[121.70188,25.16256],[121.70215,25.16278],[121.70281,25.16319],[121.70308,25.16342],[121.70337,25.16382]]}},{"type":"Feature","properties":{"n":"基金公路","k":2},"geometry":{"type":"LineString","coordinates":[[121.70411,25.16476],[121.7048,25.16508],[121.70502,25.16528],[121.70514,25.16558],[121.70513,25.16626],[121.70528,25.16676],[121.70556,25.16705],[121.70629,25.16755],[121.70647,25.16772],[121.7069,25.16847]]}},{"type":"Feature","properties":{"n":"基金公路","k":2},"geometry":{"type":"LineString","coordinates":[[121.70683,25.16851],[121.70642,25.16775],[121.7055,25.16709],[121.70522,25.16678],[121.70507,25.16628],[121.70508,25.16559],[121.70497,25.1653],[121.70467,25.16507],[121.7041,25.16481]]}},{"type":"Feature","properties":{"n":"基金公路","k":2},"geometry":{"type":"LineString","coordinates":[[121.70506,25.17509],[121.70564,25.1747],[121.7059,25.17462],[121.7064,25.17464],[121.70713,25.17477],[121.70761,25.17472],[121.70789,25.17458],[121.70817,25.17427],[121.70831,25.17388],[121.70832,25.17347],[121.70803,25.17233],[121.70799,25.1715],[121.70818,25.17059],[121.7082,25.17018],[121.70817,25.16995],[121.70797,25.16959]]}},{"type":"Feature","properties":{"n":"基金公路","k":2},"geometry":{"type":"LineString","coordinates":[[121.70803,25.16955],[121.70823,25.16993],[121.70827,25.17019],[121.70826,25.17059],[121.70812,25.17121],[121.70806,25.17183],[121.70811,25.17235],[121.7084,25.17347],[121.70836,25.17394],[121.70825,25.17426],[121.70808,25.17452],[121.70767,25.17477],[121.70711,25.17483],[121.70639,25.1747],[121.70591,25.17468],[121.70567,25.17476],[121.7051,25.17514]]}},{"type":"Feature","properties":{"n":"武聖街","k":5},"geometry":{"type":"LineString","coordinates":[[121.70133,25.16244],[121.70105,25.1621],[121.70102,25.16196],[121.69937,25.16076],[121.69919,25.16072],[121.69836,25.1608],[121.69793,25.16056],[121.69638,25.15829],[121.6963,25.15755],[121.69539,25.15643],[121.69471,25.15597]]}},{"type":"Feature","properties":{"n":"武隆街59巷","k":5},"geometry":{"type":"LineString","coordinates":[[121.69482,25.1557],[121.69498,25.15502],[121.69589,25.1553]]}},{"type":"Feature","properties":{"n":"武隆街13巷","k":5},"geometry":{"type":"LineString","coordinates":[[121.69591,25.15374],[121.69563,25.15451],[121.69623,25.15468]]}},{"type":"Feature","properties":{"n":"武隆街113巷","k":5},"geometry":{"type":"LineString","coordinates":[[121.6949,25.15533],[121.69433,25.15536],[121.69405,25.15566],[121.69471,25.15597]]}},{"type":"Feature","properties":{"n":"基金一路208巷138弄","k":5},"geometry":{"type":"LineString","coordinates":[[121.70844,25.14632],[121.70736,25.14596]]}},{"type":"Feature","properties":{"n":"基金一路208巷148弄","k":5},"geometry":{"type":"LineString","coordinates":[[121.70719,25.14623],[121.70829,25.1466]]}},{"type":"Feature","properties":{"n":"基金一路208巷154弄","k":5},"geometry":{"type":"LineString","coordinates":[[121.70824,25.14681],[121.70706,25.14648]]}},{"type":"Feature","properties":{"n":"基金一路208巷164弄","k":5},"geometry":{"type":"LineString","coordinates":[[121.7082,25.14718],[121.70647,25.1466]]}},{"type":"Feature","properties":{"n":"基金一路208巷174弄","k":5},"geometry":{"type":"LineString","coordinates":[[121.70649,25.14693],[121.70817,25.14748]]}},{"type":"Feature","properties":{"n":"第三號橋","k":4},"geometry":{"type":"LineString","coordinates":[[121.71965,25.13235],[121.71946,25.13213]]}},{"type":"Feature","properties":{"n":"安一路","k":2},"geometry":{"type":"LineString","coordinates":[[121.73505,25.13174],[121.73544,25.13163]]}},{"type":"Feature","properties":{"n":"安一路","k":2},"geometry":{"type":"LineString","coordinates":[[121.72572,25.13388],[121.72601,25.13367],[121.72637,25.13362],[121.72658,25.13365],[121.72794,25.13425],[121.72817,25.13431],[121.73008,25.13426],[121.73019,25.13414],[121.7302,25.13401],[121.73013,25.1339],[121.72998,25.13383],[121.72927,25.13388],[121.72889,25.13386],[121.72842,25.1338],[121.72816,25.13368],[121.72759,25.13316],[121.7276,25.1328],[121.72779,25.13257],[121.72939,25.1321],[121.72971,25.13208],[121.72995,25.13218],[121.73058,25.13269],[121.73096,25.13276],[121.73289,25.13234],[121.73497,25.13176]]}},{"type":"Feature","properties":{"n":"大武崙隧道","k":2},"geometry":{"type":"LineString","coordinates":[[121.71916,25.14349],[121.71868,25.14266],[121.71817,25.14209],[121.71762,25.14161],[121.7163,25.14073]]}},{"type":"Feature","properties":{"n":"大竿林隧道","k":2},"geometry":{"type":"LineString","coordinates":[[121.71654,25.14067],[121.71751,25.14118],[121.71851,25.14191],[121.7191,25.14255],[121.71961,25.14337]]}},{"type":"Feature","properties":{"n":"復興路","k":4},"geometry":{"type":"LineString","coordinates":[[121.72904,25.15223],[121.72875,25.15192],[121.72829,25.15111],[121.7276,25.1501],[121.72588,25.14878],[121.72585,25.14866],[121.72572,25.14705],[121.72581,25.14687],[121.72642,25.1462],[121.72658,25.14593],[121.72663,25.14573],[121.72649,25.1451],[121.72604,25.14462],[121.72595,25.14437],[121.72595,25.14394],[121.72613,25.14297],[121.72629,25.14247],[121.72698,25.1414],[121.72709,25.14125],[121.72768,25.14072]]}},{"type":"Feature","properties":{"n":"新西街","k":5},"geometry":{"type":"LineString","coordinates":[[121.7265,25.14101],[121.72657,25.14064],[121.7269,25.14014],[121.72711,25.13998],[121.72719,25.13943],[121.72787,25.13936],[121.72843,25.13951]]}},{"type":"Feature","properties":{"n":"新西街","k":5},"geometry":{"type":"LineString","coordinates":[[121.72666,25.14099],[121.7265,25.14101],[121.72625,25.14118],[121.7258,25.14135],[121.72549,25.14136],[121.72511,25.14147],[121.72502,25.14157],[121.725,25.14172]]}},{"type":"Feature","properties":{"n":"新西街","k":5},"geometry":{"type":"LineString","coordinates":[[121.72964,25.13844],[121.73135,25.13754],[121.73157,25.13727]]}},{"type":"Feature","properties":{"n":"中和路","k":5},"geometry":{"type":"LineString","coordinates":[[121.72501,25.14184],[121.72501,25.14218],[121.7249,25.14237],[121.72383,25.14334],[121.72357,25.14351],[121.72298,25.14413]]}},{"type":"Feature","properties":{"n":"中和路","k":5},"geometry":{"type":"LineString","coordinates":[[121.71802,25.14938],[121.71843,25.149],[121.71942,25.14893],[121.71976,25.14847],[121.71959,25.14789],[121.7197,25.14753],[121.71982,25.14742],[121.72048,25.14725],[121.72065,25.14699],[121.7208,25.14653],[121.72083,25.14593],[121.72091,25.1457],[121.72104,25.14561],[121.72152,25.14553],[121.72166,25.14545],[121.72176,25.14508],[121.72231,25.14454],[121.72298,25.14413],[121.72355,25.14407],[121.72424,25.14386],[121.72546,25.14391]]}},{"type":"Feature","properties":{"n":"中和路","k":5},"geometry":{"type":"LineString","coordinates":[[121.71688,25.15638],[121.71744,25.15611],[121.71758,25.15661],[121.71775,25.15671],[121.71792,25.1567],[121.71801,25.15664],[121.71803,25.15634],[121.71828,25.15576],[121.7181,25.15337],[121.71805,25.15307],[121.71791,25.15275],[121.71788,25.15204],[121.71748,25.15146]]}},{"type":"Feature","properties":{"n":"基金一路121巷","k":5},"geometry":{"type":"LineString","coordinates":[[121.71704,25.13626],[121.71719,25.13714],[121.71736,25.13773],[121.71774,25.1377],[121.71785,25.13776],[121.71803,25.13881]]}},{"type":"Feature","properties":{"n":"基隆港西岸聯外道路","k":2},"geometry":{"type":"LineString","coordinates":[[121.71472,25.13966],[121.71532,25.14003],[121.71654,25.14067]]}},{"type":"Feature","properties":{"n":"基隆港西岸聯外道路","k":2},"geometry":{"type":"LineString","coordinates":[[121.7163,25.14073],[121.71468,25.13975]]}},{"type":"Feature","properties":{"n":"基隆港西岸聯外道路","k":2},"geometry":{"type":"LineString","coordinates":[[121.72074,25.145],[121.71992,25.14443],[121.71956,25.14412],[121.71939,25.14392],[121.71916,25.14349]]}},{"type":"Feature","properties":{"n":"基隆港西岸聯外道路","k":2},"geometry":{"type":"LineString","coordinates":[[121.72308,25.14771],[121.72373,25.149]]}},{"type":"Feature","properties":{"n":"基隆港西岸聯外道路","k":2},"geometry":{"type":"LineString","coordinates":[[121.72186,25.1462],[121.72159,25.14575]]}},{"type":"Feature","properties":{"n":"基隆港西岸聯外道路","k":2},"geometry":{"type":"LineString","coordinates":[[121.72348,25.14914],[121.72309,25.1484]]}},{"type":"Feature","properties":{"n":"基隆港西岸聯外道路","k":2},"geometry":{"type":"LineString","coordinates":[[121.72184,25.14565],[121.72219,25.14611]]}},{"type":"Feature","properties":{"n":"基隆港西岸聯外道路","k":2},"geometry":{"type":"LineString","coordinates":[[121.71961,25.14337],[121.71992,25.1439],[121.72031,25.14443],[121.72084,25.1449]]}},{"type":"Feature","properties":{"n":"基隆港西岸聯外道路","k":2},"geometry":{"type":"LineString","coordinates":[[121.72812,25.15235],[121.72765,25.15235],[121.72722,25.15224],[121.72683,25.15201],[121.72643,25.15164]]}},{"type":"Feature","properties":{"n":"基隆港西岸聯外道路","k":2},"geometry":{"type":"LineString","coordinates":[[121.72645,25.15147],[121.72693,25.15195],[121.72725,25.15213],[121.72762,25.15224],[121.72808,25.15224]]}},{"type":"Feature","properties":{"n":"基隆港西岸聯外道路","k":2},"geometry":{"type":"LineString","coordinates":[[121.73209,25.15313],[121.73084,25.15229],[121.73037,25.15212],[121.72956,25.15205],[121.72915,25.15211]]}},{"type":"Feature","properties":{"n":"基隆港西岸聯外道路","k":2},"geometry":{"type":"LineString","coordinates":[[121.7291,25.15201],[121.72993,25.15195],[121.73065,25.1521],[121.73105,25.15228],[121.73217,25.15306]]}},{"type":"Feature","properties":{"n":"基金一路112巷","k":5},"geometry":{"type":"LineString","coordinates":[[121.71501,25.1423],[121.71489,25.14134],[121.71478,25.14106],[121.714,25.14119],[121.71385,25.14114],[121.71382,25.14098],[121.71389,25.1409],[121.71435,25.14082],[121.71441,25.14072],[121.71435,25.14065],[121.71397,25.14068],[121.71379,25.1406],[121.71369,25.14038],[121.71371,25.14024]]}},{"type":"Feature","properties":{"n":"基金一路112巷110弄","k":5},"geometry":{"type":"LineString","coordinates":[[121.71532,25.13996],[121.7152,25.14011],[121.71493,25.1401],[121.71488,25.14021],[121.71491,25.14033],[121.71574,25.14089],[121.7161,25.14167],[121.71601,25.1418],[121.71558,25.14182],[121.71553,25.14234]]}},{"type":"Feature","properties":{"n":"基金一路112巷116弄","k":5},"geometry":{"type":"LineString","coordinates":[[121.71489,25.14134],[121.71529,25.14127]]}},{"type":"Feature","properties":{"n":"基金一路112巷91弄","k":5},"geometry":{"type":"LineString","coordinates":[[121.71413,25.14145],[121.71489,25.14134]]}},{"type":"Feature","properties":{"n":"中平街","k":5},"geometry":{"type":"LineString","coordinates":[[121.72503,25.14207],[121.72451,25.14229],[121.7241,25.14237],[121.72352,25.14168],[121.7234,25.14166],[121.72328,25.14173],[121.7232,25.14188],[121.72343,25.14229],[121.72325,25.1424],[121.72296,25.14241],[121.72266,25.14195],[121.72249,25.14186],[121.72243,25.14157],[121.72255,25.14105],[121.72277,25.14092],[121.72342,25.1409]]}},{"type":"Feature","properties":{"n":"中平街","k":5},"geometry":{"type":"LineString","coordinates":[[121.72479,25.14217],[121.72495,25.14217],[121.72498,25.14226]]}},{"type":"Feature","properties":{"n":"中和橋","k":5},"geometry":{"type":"LineString","coordinates":[[121.725,25.14172],[121.72501,25.14184]]}},{"type":"Feature","properties":{"n":"安一路177巷","k":5},"geometry":{"type":"LineString","coordinates":[[121.73289,25.13234],[121.73269,25.13225],[121.73204,25.13221],[121.7317,25.1323],[121.73135,25.13227],[121.73098,25.13244]]}},{"type":"Feature","properties":{"n":"安一路","k":4},"geometry":{"type":"LineString","coordinates":[[121.73742,25.13146],[121.73686,25.13152],[121.73602,25.13149],[121.73544,25.13163]]}},{"type":"Feature","properties":{"n":"孝四路","k":5},"geometry":{"type":"LineString","coordinates":[[121.73987,25.13157],[121.739,25.13153],[121.73847,25.13072],[121.73813,25.12989]]}},{"type":"Feature","properties":{"n":"新民路","k":5},"geometry":{"type":"LineString","coordinates":[[121.73602,25.13149],[121.73602,25.13113],[121.73608,25.13102],[121.73634,25.13076],[121.73698,25.1303]]}},{"type":"Feature","properties":{"n":"新生路","k":5},"geometry":{"type":"LineString","coordinates":[[121.73673,25.12995],[121.73631,25.13023],[121.73534,25.13105],[121.73548,25.1313]]}},{"type":"Feature","properties":{"n":"中山橋","k":4},"geometry":{"type":"LineString","coordinates":[[121.73813,25.12989],[121.7382,25.13026],[121.7385,25.13095],[121.73765,25.13142]]}},{"type":"Feature","properties":{"n":"觀音橋","k":2},"geometry":{"type":"LineString","coordinates":[[121.73497,25.13176],[121.73505,25.13174]]}},{"type":"Feature","properties":{"n":"忠一路","k":4},"geometry":{"type":"LineString","coordinates":[[121.74181,25.13048],[121.73834,25.13238]]}},{"type":"Feature","properties":{"n":"忠一路","k":4},"geometry":{"type":"LineString","coordinates":[[121.73828,25.13229],[121.74174,25.13037]]}},{"type":"Feature","properties":{"n":"忠二路","k":5},"geometry":{"type":"LineString","coordinates":[[121.73859,25.13092],[121.74107,25.12956]]}},{"type":"Feature","properties":{"n":"通仁街","k":5},"geometry":{"type":"LineString","coordinates":[[121.7334,25.14101],[121.73327,25.14151],[121.7338,25.14196],[121.73379,25.14223],[121.73396,25.14265],[121.73381,25.14288],[121.73321,25.14261],[121.73299,25.14262],[121.73296,25.14272],[121.73301,25.14313],[121.73325,25.14346],[121.73329,25.14373],[121.73346,25.14412],[121.73344,25.14466],[121.73371,25.14454],[121.73402,25.1438],[121.73444,25.14379],[121.73464,25.14391],[121.73471,25.14437],[121.7353,25.14489],[121.73586,25.14503],[121.73657,25.14542],[121.73807,25.14588],[121.73871,25.14549]]}},{"type":"Feature","properties":{"n":"安一路100巷","k":5},"geometry":{"type":"LineString","coordinates":[[121.7349,25.13178],[121.73493,25.1319],[121.73435,25.13284],[121.73382,25.13342],[121.73339,25.13347],[121.73272,25.13339]]}},{"type":"Feature","properties":{"n":"西定路","k":4},"geometry":{"type":"LineString","coordinates":[[121.72768,25.14072],[121.72786,25.14052],[121.72862,25.14],[121.72895,25.13958],[121.72937,25.13924],[121.72966,25.13878],[121.73014,25.13853],[121.73058,25.13822],[121.73114,25.13804],[121.73147,25.13782],[121.73248,25.13677],[121.7327,25.1363],[121.73297,25.13597],[121.73387,25.13509],[121.73455,25.13457],[121.73501,25.13389],[121.73517,25.13355],[121.73523,25.13334],[121.73544,25.13163]]}},{"type":"Feature","properties":{"n":"中山二路","k":4},"geometry":{"type":"LineString","coordinates":[[121.73893,25.14463],[121.73873,25.14445],[121.7383,25.14348],[121.7382,25.14313],[121.73822,25.14292],[121.74116,25.13687],[121.74114,25.13668]]}},{"type":"Feature","properties":{"n":"中山二路","k":4},"geometry":{"type":"LineString","coordinates":[[121.74135,25.13658],[121.7414,25.13677],[121.74134,25.13706],[121.74039,25.13884],[121.73842,25.14291],[121.73839,25.14309],[121.73842,25.14332],[121.73891,25.14439],[121.73893,25.14463]]}},{"type":"Feature","properties":{"n":"中山二路","k":4},"geometry":{"type":"LineString","coordinates":[[121.74124,25.13662],[121.74129,25.13681],[121.74125,25.137],[121.73929,25.14089],[121.73834,25.14291],[121.73832,25.14327],[121.73893,25.14463]]}},{"type":"Feature","properties":{"n":"中山二路","k":4},"geometry":{"type":"LineString","coordinates":[[121.73999,25.1452],[121.73968,25.14513],[121.73912,25.1448],[121.73893,25.14463]]}},{"type":"Feature","properties":{"n":"中山二路65巷","k":5},"geometry":{"type":"LineString","coordinates":[[121.7396,25.13744],[121.73995,25.13786],[121.7404,25.13816],[121.74068,25.13827]]}},{"type":"Feature","properties":{"n":"西定路","k":5},"geometry":{"type":"LineString","coordinates":[[121.72768,25.14072],[121.72704,25.14097],[121.72679,25.141]]}},{"type":"Feature","properties":{"n":"德義橋","k":5},"geometry":{"type":"LineString","coordinates":[[121.7314,25.13748],[121.73162,25.13767]]}},{"type":"Feature","properties":{"n":"西定橋","k":5},"geometry":{"type":"LineString","coordinates":[[121.72679,25.141],[121.72666,25.14099]]}},{"type":"Feature","properties":{"n":"德興橋","k":5},"geometry":{"type":"LineString","coordinates":[[121.72973,25.13854],[121.72964,25.13844]]}},{"type":"Feature","properties":{"n":"健民街","k":5},"geometry":{"type":"LineString","coordinates":[[121.73753,25.13951],[121.73749,25.1398],[121.73705,25.14051],[121.73704,25.14114],[121.73717,25.14119],[121.7376,25.14102],[121.73786,25.14105],[121.73792,25.14119],[121.73745,25.14151],[121.73679,25.14231],[121.73645,25.14246],[121.73639,25.14257],[121.73643,25.14264],[121.73763,25.14253],[121.73796,25.14222],[121.73865,25.14174],[121.73883,25.14149],[121.73908,25.14152]]}},{"type":"Feature","properties":{"n":"華興街","k":5},"geometry":{"type":"LineString","coordinates":[[121.73753,25.13951],[121.73654,25.13714],[121.73636,25.13696],[121.73605,25.13703],[121.73594,25.13707],[121.73582,25.13731],[121.73615,25.13809],[121.73579,25.13899],[121.7359,25.13956],[121.7353,25.13985],[121.73424,25.14022],[121.7334,25.14101]]}},{"type":"Feature","properties":{"n":"中和路164巷","k":5},"geometry":{"type":"LineString","coordinates":[[121.71802,25.1487],[121.71852,25.14898]]}},{"type":"Feature","properties":{"n":"中和路164巷","k":5},"geometry":{"type":"LineString","coordinates":[[121.71963,25.14741],[121.71889,25.14738],[121.7186,25.14747],[121.71766,25.14854]]}},{"type":"Feature","properties":{"n":"中和路164巷","k":5},"geometry":{"type":"LineString","coordinates":[[121.71404,25.15003],[121.71714,25.14891],[121.71766,25.14854],[121.7179,25.14867]]}},{"type":"Feature","properties":{"n":"信義隧道","k":2},"geometry":{"type":"LineString","coordinates":[[121.72309,25.1484],[121.72186,25.1462]]}},{"type":"Feature","properties":{"n":"和平隧道","k":2},"geometry":{"type":"LineString","coordinates":[[121.72219,25.14611],[121.72308,25.14771]]}},{"type":"Feature","properties":{"n":"中和路85巷","k":5},"geometry":{"type":"LineString","coordinates":[[121.7208,25.14653],[121.72117,25.14661],[121.72128,25.1469],[121.72097,25.14695],[121.7209,25.14701],[121.72087,25.1472],[121.72138,25.14905],[121.72165,25.14911],[121.72178,25.14908],[121.72187,25.14896],[121.72179,25.14828],[121.72239,25.14818],[121.72244,25.14809],[121.7222,25.14743],[121.72158,25.14688],[121.72128,25.1469]]}},{"type":"Feature","properties":{"n":"復興路201巷","k":5},"geometry":{"type":"LineString","coordinates":[[121.72572,25.14705],[121.7256,25.1457],[121.72545,25.1456],[121.72462,25.14533],[121.72473,25.14434],[121.72464,25.14387]]}},{"type":"Feature","properties":{"n":"復興路201巷","k":5},"geometry":{"type":"LineString","coordinates":[[121.72509,25.14653],[121.72515,25.14658],[121.72511,25.14698],[121.72536,25.147],[121.72543,25.14596],[121.72537,25.14585],[121.72512,25.1458],[121.72509,25.14653],[121.72452,25.1465],[121.72462,25.14533],[121.72424,25.14531]]}},{"type":"Feature","properties":{"n":"復興路201巷","k":5},"geometry":{"type":"LineString","coordinates":[[121.7244,25.14398],[121.72424,25.14531],[121.72416,25.14691]]}},{"type":"Feature","properties":{"n":"復興路201巷","k":5},"geometry":{"type":"LineString","coordinates":[[121.7257,25.14684],[121.72581,25.14687]]}},{"type":"Feature","properties":{"n":"德和橋","k":2},"geometry":{"type":"LineString","coordinates":[[121.72159,25.14575],[121.72133,25.14543],[121.72074,25.145]]}},{"type":"Feature","properties":{"n":"德和橋","k":2},"geometry":{"type":"LineString","coordinates":[[121.72084,25.1449],[121.72149,25.14533],[121.72184,25.14565]]}},{"type":"Feature","properties":{"n":"復興路120巷","k":5},"geometry":{"type":"LineString","coordinates":[[121.72597,25.14444],[121.72654,25.14444],[121.72729,25.1447],[121.72724,25.14511],[121.72738,25.14535],[121.72776,25.14522],[121.728,25.14502]]}},{"type":"Feature","properties":{"n":"中和路","k":4},"geometry":{"type":"LineString","coordinates":[[121.72546,25.14391],[121.72595,25.14394]]}},{"type":"Feature","properties":{"n":"德安路","k":5},"geometry":{"type":"LineString","coordinates":[[121.72588,25.14878],[121.72556,25.14906],[121.72395,25.15272],[121.72356,25.1529],[121.72308,25.15372],[121.72275,25.15489],[121.72295,25.15556],[121.72278,25.15609],[121.72241,25.15637],[121.72229,25.15688],[121.72229,25.1573],[121.72222,25.15737],[121.72208,25.15738],[121.72155,25.15712],[121.72121,25.15765],[121.7206,25.15783],[121.72059,25.15771],[121.72098,25.15732],[121.72106,25.15698],[121.72084,25.15686],[121.72031,25.15702],[121.72009,25.15696],[121.72005,25.15689],[121.72012,25.15672],[121.7201,25.15657],[121.71963,25.15628],[121.71926,25.15653],[121.71878,25.15719],[121.71881,25.15741],[121.71937,25.15753],[121.71946,25.15786],[121.71933,25.15867],[121.71956,25.15941],[121.71913,25.16015],[121.71904,25.16068]]}},{"type":"Feature","properties":{"n":"復興路259巷","k":5},"geometry":{"type":"LineString","coordinates":[[121.72577,25.14886],[121.72579,25.15065],[121.72563,25.15176]]}},{"type":"Feature","properties":{"n":"中和路200巷","k":5},"geometry":{"type":"LineString","coordinates":[[121.71802,25.14938],[121.71808,25.14952],[121.71784,25.15042],[121.71778,25.15094],[121.71748,25.15146],[121.71691,25.152]]}},{"type":"Feature","properties":{"n":"復興路（舊路）","k":5},"geometry":{"type":"LineString","coordinates":[[121.72625,25.14638],[121.72643,25.14644],[121.7269,25.14635],[121.72717,25.1462],[121.72727,25.14601],[121.72723,25.14579],[121.72649,25.1451]]}},{"type":"Feature","properties":{"n":"德安橋","k":2},"geometry":{"type":"LineString","coordinates":[[121.72643,25.15164],[121.72591,25.15102],[121.72564,25.15079],[121.72445,25.15021],[121.72418,25.15003],[121.72389,25.14973],[121.72348,25.14914]]}},{"type":"Feature","properties":{"n":"德安橋","k":2},"geometry":{"type":"LineString","coordinates":[[121.72373,25.149],[121.72435,25.14989],[121.72457,25.15008],[121.72554,25.1506],[121.72586,25.15082],[121.72645,25.15147]]}},{"type":"Feature","properties":{"n":"復興路212巷5弄","k":5},"geometry":{"type":"LineString","coordinates":[[121.72676,25.14687],[121.72616,25.14704]]}},{"type":"Feature","properties":{"n":"復興路230巷","k":5},"geometry":{"type":"LineString","coordinates":[[121.72601,25.14665],[121.7267,25.14861]]}},{"type":"Feature","properties":{"n":"復興路212巷7弄","k":5},"geometry":{"type":"LineString","coordinates":[[121.72622,25.14721],[121.72691,25.14702]]}},{"type":"Feature","properties":{"n":"復興路297巷","k":5},"geometry":{"type":"LineString","coordinates":[[121.72578,25.14902],[121.7263,25.14952],[121.72631,25.14965],[121.72671,25.14986],[121.72744,25.14934]]}},{"type":"Feature","properties":{"n":"中和路168巷","k":5},"geometry":{"type":"LineString","coordinates":[[121.71361,25.15092],[121.71802,25.14938]]}},{"type":"Feature","properties":{"n":"復興路212巷","k":5},"geometry":{"type":"LineString","coordinates":[[121.7269,25.14635],[121.72699,25.14687]]}},{"type":"Feature","properties":{"n":"復興路212巷","k":5},"geometry":{"type":"LineString","coordinates":[[121.72666,25.14641],[121.72676,25.14687],[121.72691,25.14702],[121.72726,25.14717],[121.72769,25.14835]]}},{"type":"Feature","properties":{"n":"復興路212巷","k":5},"geometry":{"type":"LineString","coordinates":[[121.72676,25.14687],[121.7275,25.14689]]}},{"type":"Feature","properties":{"n":"復興路212巷10弄","k":5},"geometry":{"type":"LineString","coordinates":[[121.72768,25.14773],[121.72977,25.14618]]}},{"type":"Feature","properties":{"n":"復興路212巷12弄","k":5},"geometry":{"type":"LineString","coordinates":[[121.7275,25.14689],[121.72802,25.14747]]}},{"type":"Feature","properties":{"n":"復興路212巷12弄","k":5},"geometry":{"type":"LineString","coordinates":[[121.72782,25.14725],[121.72755,25.14746]]}},{"type":"Feature","properties":{"n":"復興路212巷8弄","k":5},"geometry":{"type":"LineString","coordinates":[[121.72779,25.1472],[121.72872,25.14655],[121.72876,25.14661]]}},{"type":"Feature","properties":{"n":"復興路212巷6弄","k":5},"geometry":{"type":"LineString","coordinates":[[121.7275,25.14689],[121.72804,25.14644],[121.72825,25.14615],[121.72846,25.14627],[121.72872,25.14655]]}},{"type":"Feature","properties":{"n":"復興路212巷4弄","k":5},"geometry":{"type":"LineString","coordinates":[[121.7275,25.14689],[121.72732,25.14658],[121.72779,25.14626],[121.72814,25.14562],[121.72844,25.14574]]}},{"type":"Feature","properties":{"n":"復興路212巷19弄","k":5},"geometry":{"type":"LineString","coordinates":[[121.7267,25.14861],[121.72769,25.14835]]}},{"type":"Feature","properties":{"n":"復興路212巷19弄","k":5},"geometry":{"type":"LineString","coordinates":[[121.72757,25.14803],[121.7266,25.14831]]}},{"type":"Feature","properties":{"n":"復興路212巷21弄","k":5},"geometry":{"type":"LineString","coordinates":[[121.72769,25.14835],[121.72782,25.14832],[121.72878,25.14765],[121.72886,25.14742],[121.7295,25.14695]]}},{"type":"Feature","properties":{"n":"復興路212巷26弄","k":5},"geometry":{"type":"LineString","coordinates":[[121.72763,25.14818],[121.72665,25.14844]]}},{"type":"Feature","properties":{"n":"中華路","k":4},"geometry":{"type":"LineString","coordinates":[[121.73893,25.14463],[121.73888,25.1447],[121.73887,25.14501],[121.73871,25.14549],[121.73869,25.14602],[121.73798,25.14795],[121.73774,25.14845],[121.73749,25.14871],[121.73737,25.14894],[121.73708,25.14978],[121.73637,25.1505],[121.7363,25.15064],[121.7363,25.15085]]}},{"type":"Feature","properties":{"n":"光華隧道","k":5},"geometry":{"type":"LineString","coordinates":[[121.7419,25.15028],[121.7402,25.14814],[121.73939,25.14688]]}},{"type":"Feature","properties":{"n":"仁愛隧道","k":2},"geometry":{"type":"LineString","coordinates":[[121.74141,25.1516],[121.73743,25.15271]]}},{"type":"Feature","properties":{"n":"忠孝隧道","k":2},"geometry":{"type":"LineString","coordinates":[[121.73738,25.15245],[121.74131,25.15132]]}},{"type":"Feature","properties":{"n":"文化橋","k":2},"geometry":{"type":"LineString","coordinates":[[121.73743,25.15271],[121.737,25.15282],[121.73592,25.15296],[121.7353,25.15309],[121.73477,25.15329],[121.7339,25.15375],[121.73352,25.15381],[121.73306,25.15376],[121.73281,25.15366],[121.73209,25.15313]]}},{"type":"Feature","properties":{"n":"文化橋","k":2},"geometry":{"type":"LineString","coordinates":[[121.73217,25.15306],[121.73298,25.15362],[121.73339,25.1537],[121.73359,25.15369],[121.73405,25.15355],[121.73502,25.15308],[121.73738,25.15245]]}},{"type":"Feature","properties":{"n":"協和街","k":5},"geometry":{"type":"LineString","coordinates":[[121.7334,25.15422],[121.73375,25.15516],[121.73431,25.15715],[121.73432,25.15735],[121.73333,25.15724],[121.73296,25.15728],[121.73213,25.15768],[121.73175,25.158]]}},{"type":"Feature","properties":{"n":"協和街","k":5},"geometry":{"type":"LineString","coordinates":[[121.73211,25.16031],[121.73235,25.16018],[121.73257,25.15967],[121.73298,25.15918],[121.73302,25.15875],[121.73295,25.15857],[121.73365,25.1581]]}},{"type":"Feature","properties":{"n":"文明路","k":5},"geometry":{"type":"LineString","coordinates":[[121.73242,25.15446],[121.73189,25.15519],[121.73162,25.15543],[121.73116,25.15569],[121.73048,25.15579],[121.73019,25.15593],[121.72996,25.15618],[121.72989,25.15643],[121.72989,25.15702],[121.72993,25.15712],[121.73026,25.1574],[121.72925,25.15894],[121.72909,25.15898],[121.72894,25.15898],[121.72812,25.15852],[121.7279,25.15821],[121.72775,25.1577],[121.72778,25.15759],[121.72811,25.15727],[121.72815,25.15704],[121.72761,25.15625],[121.72796,25.15585],[121.72797,25.15575],[121.72763,25.15506],[121.72738,25.1549],[121.72736,25.15481]]}},{"type":"Feature","properties":{"n":"復興路334巷","k":5},"geometry":{"type":"LineString","coordinates":[[121.72736,25.1499],[121.7279,25.14935],[121.7286,25.1488]]}},{"type":"Feature","properties":{"n":"通明街","k":5},"geometry":{"type":"LineString","coordinates":[[121.7393,25.14676],[121.73907,25.14672],[121.73884,25.14679],[121.73868,25.14692],[121.7386,25.14711],[121.73865,25.14738],[121.73886,25.14779],[121.73886,25.14826],[121.73896,25.14869],[121.73931,25.1492],[121.73943,25.14949],[121.73944,25.1503],[121.73916,25.15078]]}},{"type":"Feature","properties":{"n":"復旦路","k":5},"geometry":{"type":"LineString","coordinates":[[121.73882,25.14516],[121.73968,25.14602]]}},{"type":"Feature","properties":{"n":"復旦路","k":5},"geometry":{"type":"LineString","coordinates":[[121.73976,25.1461],[121.73994,25.14631]]}},{"type":"Feature","properties":{"n":"復旦路","k":5},"geometry":{"type":"LineString","coordinates":[[121.74286,25.14921],[121.74352,25.14985],[121.74378,25.15041]]}},{"type":"Feature","properties":{"n":"文化路","k":4},"geometry":{"type":"LineString","coordinates":[[121.7363,25.15085],[121.73659,25.15151],[121.73663,25.1518],[121.73648,25.15213],[121.73606,25.1526],[121.73504,25.15327],[121.7334,25.15422],[121.73298,25.15439],[121.73256,25.15446],[121.73233,25.15444],[121.73165,25.15393],[121.7302,25.15313],[121.72904,25.15223]]}},{"type":"Feature","properties":{"n":"復興橋","k":2},"geometry":{"type":"LineString","coordinates":[[121.72915,25.15211],[121.72812,25.15235]]}},{"type":"Feature","properties":{"n":"復興橋","k":2},"geometry":{"type":"LineString","coordinates":[[121.72808,25.15224],[121.7291,25.15201]]}},{"type":"Feature","properties":{"n":"武隆街103巷59弄","k":5},"geometry":{"type":"LineString","coordinates":[[121.69265,25.16004],[121.69279,25.16047],[121.69267,25.16065]]}},{"type":"Feature","properties":{"n":"武隆街103巷55弄","k":5},"geometry":{"type":"LineString","coordinates":[[121.69251,25.15941],[121.69216,25.15965],[121.69078,25.15992]]}},{"type":"Feature","properties":{"n":"武隆街103巷","k":5},"geometry":{"type":"LineString","coordinates":[[121.69229,25.15956],[121.69265,25.16004],[121.69337,25.15973],[121.69371,25.15944],[121.69381,25.15927],[121.69387,25.15843]]}},{"type":"Feature","properties":{"n":"武隆街105巷","k":5},"geometry":{"type":"LineString","coordinates":[[121.69345,25.15789],[121.6934,25.15843],[121.69323,25.15877],[121.69305,25.15903],[121.69264,25.15932]]}},{"type":"Feature","properties":{"n":"武隆街111巷","k":5},"geometry":{"type":"LineString","coordinates":[[121.69345,25.15684],[121.69303,25.15692],[121.69277,25.15812]]}},{"type":"Feature","properties":{"n":"武隆街111巷","k":5},"geometry":{"type":"LineString","coordinates":[[121.69432,25.1567],[121.69345,25.15684]]}},{"type":"Feature","properties":{"n":"武隆街111巷","k":5},"geometry":{"type":"LineString","coordinates":[[121.69345,25.15684],[121.69335,25.15788],[121.69391,25.15794]]}},{"type":"Feature","properties":{"n":"武聖街49巷","k":5},"geometry":{"type":"LineString","coordinates":[[121.6971,25.15931],[121.69668,25.15957],[121.69668,25.15964],[121.69718,25.1601],[121.69748,25.16085],[121.69798,25.16103]]}},{"type":"Feature","properties":{"n":"武聖街49巷","k":5},"geometry":{"type":"LineString","coordinates":[[121.69638,25.15829],[121.69617,25.15837],[121.69614,25.15911],[121.69624,25.15919],[121.69679,25.15887]]}},{"type":"Feature","properties":{"n":"武聖街28巷","k":5},"geometry":{"type":"LineString","coordinates":[[121.6963,25.15755],[121.69704,25.15768],[121.69707,25.1581]]}},{"type":"Feature","properties":{"n":"基金三路80巷","k":5},"geometry":{"type":"LineString","coordinates":[[121.69508,25.15715],[121.69577,25.158],[121.69571,25.15927],[121.69625,25.15982]]}},{"type":"Feature","properties":{"n":"基金三路80巷","k":5},"geometry":{"type":"LineString","coordinates":[[121.69549,25.15765],[121.69521,25.15782],[121.69506,25.15803],[121.69501,25.15831],[121.6951,25.15884],[121.69506,25.15891],[121.69492,25.15894]]}},{"type":"Feature","properties":{"n":"武聖橋","k":2},"geometry":{"type":"LineString","coordinates":[[121.69789,25.15874],[121.69809,25.15907],[121.6985,25.15941]]}},{"type":"Feature","properties":{"n":"武聖橋","k":2},"geometry":{"type":"LineString","coordinates":[[121.69844,25.15947],[121.69807,25.15914],[121.69783,25.1588]]}},{"type":"Feature","properties":{"n":"內寮澳底產業道路","k":5},"geometry":{"type":"LineString","coordinates":[[121.70161,25.1621],[121.70139,25.16213],[121.70092,25.16153],[121.70063,25.16099],[121.69958,25.16043],[121.69848,25.15994],[121.69776,25.15943],[121.69767,25.15942],[121.6973,25.1596]]}},{"type":"Feature","properties":{"n":"基金三路196巷","k":5},"geometry":{"type":"LineString","coordinates":[[121.69444,25.15899],[121.69492,25.15894],[121.69555,25.15996],[121.69625,25.15982]]}},{"type":"Feature","properties":{"n":"基金三路196巷","k":5},"geometry":{"type":"LineString","coordinates":[[121.69506,25.15917],[121.69571,25.15905]]}},{"type":"Feature","properties":{"n":"基金三路196巷","k":5},"geometry":{"type":"LineString","coordinates":[[121.6953,25.15956],[121.69592,25.15946]]}},{"type":"Feature","properties":{"n":"武聖街50巷","k":5},"geometry":{"type":"LineString","coordinates":[[121.69638,25.15829],[121.69707,25.1581]]}},{"type":"Feature","properties":{"n":"湖海路二段","k":5},"geometry":{"type":"LineString","coordinates":[[121.71475,25.16521],[121.7129,25.16463],[121.71218,25.16404],[121.71175,25.16391],[121.711,25.16383],[121.70977,25.1639],[121.70772,25.16433],[121.70698,25.16481],[121.70671,25.16512],[121.70646,25.16564],[121.70639,25.16596],[121.70648,25.16621],[121.70745,25.16748],[121.70746,25.16776],[121.7073,25.16848],[121.70733,25.16866],[121.70774,25.16909],[121.70839,25.16951],[121.7085,25.16965],[121.70856,25.16997],[121.70852,25.17064]]}},{"type":"Feature","properties":{"n":"湖海路","k":5},"geometry":{"type":"LineString","coordinates":[[121.70161,25.1621],[121.7017,25.16211],[121.70202,25.16256],[121.70298,25.16316],[121.70318,25.16323],[121.70347,25.16313],[121.70359,25.1632],[121.70362,25.16339],[121.70353,25.16389],[121.70314,25.16431],[121.7032,25.16447],[121.70335,25.16445],[121.70381,25.16417],[121.704,25.16414],[121.70446,25.16414],[121.70601,25.1644],[121.70685,25.1642],[121.70772,25.16433]]}},{"type":"Feature","properties":{"n":"澳底橋","k":2},"geometry":{"type":"LineString","coordinates":[[121.7069,25.16847],[121.70721,25.16889],[121.70803,25.16955]]}},{"type":"Feature","properties":{"n":"澳底橋","k":2},"geometry":{"type":"LineString","coordinates":[[121.70797,25.16959],[121.7077,25.16932],[121.70715,25.16891],[121.70683,25.16851]]}},{"type":"Feature","properties":{"n":"安中橋","k":2},"geometry":{"type":"LineString","coordinates":[[121.7041,25.16481],[121.70372,25.16455],[121.70352,25.16427],[121.70331,25.16385]]}},{"type":"Feature","properties":{"n":"安中橋","k":2},"geometry":{"type":"LineString","coordinates":[[121.70337,25.16382],[121.70358,25.16426],[121.70377,25.16452],[121.70411,25.16476]]}},{"type":"Feature","properties":{"n":"湖海路一段","k":5},"geometry":{"type":"LineString","coordinates":[[121.71475,25.16521],[121.715,25.1651],[121.71638,25.16492],[121.71708,25.16463],[121.71797,25.16447],[121.71846,25.16415],[121.71866,25.16409],[121.71961,25.1641],[121.7204,25.16376],[121.72197,25.16388],[121.72387,25.16426],[121.72452,25.16433],[121.7248,25.16427],[121.72607,25.1632],[121.72643,25.16302],[121.72712,25.16292],[121.72756,25.16303],[121.72909,25.1627],[121.72961,25.16312],[121.72977,25.16317],[121.73002,25.1631],[121.73228,25.1609],[121.73228,25.16058],[121.732,25.16009],[121.73239,25.15915],[121.73237,25.15877],[121.73217,25.15843],[121.73097,25.15716],[121.73072,25.15659],[121.73015,25.15621],[121.73009,25.15604]]}},{"type":"Feature","properties":{"n":"碇內街","k":5},"geometry":{"type":"LineString","coordinates":[[121.75276,25.08832],[121.75272,25.08982]]}},{"type":"Feature","properties":{"n":"碇內街","k":5},"geometry":{"type":"LineString","coordinates":[[121.7546,25.09872],[121.75488,25.09743],[121.75532,25.09661],[121.75465,25.09629],[121.75479,25.09598],[121.75486,25.09521],[121.75455,25.09403],[121.75442,25.09285],[121.75453,25.09243],[121.75437,25.09205],[121.75433,25.09161],[121.75448,25.09057],[121.75423,25.09053],[121.75402,25.09063],[121.75382,25.09097],[121.75363,25.09103],[121.75343,25.09064],[121.75295,25.0906],[121.75274,25.08989]]}},{"type":"Feature","properties":{"n":"東勢街36巷","k":5},"geometry":{"type":"LineString","coordinates":[[121.74056,25.08785],[121.74064,25.08798],[121.74058,25.08855],[121.74038,25.08871],[121.74049,25.08897],[121.74047,25.08922],[121.74082,25.08959]]}},{"type":"Feature","properties":{"n":"東勢街36巷","k":5},"geometry":{"type":"LineString","coordinates":[[121.74082,25.08959],[121.74089,25.08962]]}},{"type":"Feature","properties":{"n":"東勢街36巷","k":5},"geometry":{"type":"LineString","coordinates":[[121.7421,25.08808],[121.74175,25.08773],[121.74176,25.08764]]}},{"type":"Feature","properties":{"n":"東勢街36巷","k":5},"geometry":{"type":"LineString","coordinates":[[121.74122,25.08979],[121.74131,25.08984]]}},{"type":"Feature","properties":{"n":"東勢街36巷","k":5},"geometry":{"type":"LineString","coordinates":[[121.74082,25.08959],[121.7421,25.08808],[121.74268,25.08761],[121.7427,25.08739],[121.74244,25.08714],[121.74242,25.08703],[121.74251,25.08679],[121.74296,25.0865],[121.74415,25.08614]]}},{"type":"Feature","properties":{"n":"來福橋","k":5},"geometry":{"type":"LineString","coordinates":[[121.74089,25.08962],[121.74122,25.08979]]}},{"type":"Feature","properties":{"n":"東勢坑產業道路","k":5},"geometry":{"type":"LineString","coordinates":[[121.75448,25.09057],[121.75478,25.08979],[121.75475,25.08911],[121.75485,25.08905],[121.75501,25.08907],[121.75537,25.08863],[121.75579,25.08846],[121.75603,25.08818],[121.75646,25.08792],[121.75636,25.08785],[121.75626,25.08787],[121.7557,25.08819],[121.75537,25.0883],[121.75516,25.08826],[121.75511,25.08797],[121.75524,25.08756],[121.75516,25.08716],[121.75505,25.08692],[121.75475,25.08685],[121.75452,25.08687],[121.75415,25.08719],[121.75407,25.08765],[121.75399,25.08772],[121.7539,25.0877],[121.75385,25.08734],[121.75408,25.08706],[121.7543,25.08651],[121.75439,25.08641],[121.75476,25.08639],[121.75513,25.08617],[121.75534,25.08616],[121.75571,25.08648],[121.75579,25.08667],[121.7559,25.08672],[121.75579,25.08629],[121.75559,25.08599],[121.75545,25.08589],[121.75499,25.08585],[121.75492,25.08578],[121.75495,25.08573],[121.75525,25.08578],[121.75602,25.08559],[121.75634,25.08564],[121.75649,25.08553],[121.75666,25.08521],[121.75677,25.08516],[121.75724,25.08505],[121.75749,25.08491],[121.75819,25.08481]]}},{"type":"Feature","properties":{"n":"粗坑口路1巷","k":5},"geometry":{"type":"LineString","coordinates":[[121.75819,25.08481],[121.75832,25.08462],[121.75847,25.08453],[121.75924,25.08444]]}},{"type":"Feature","properties":{"n":"暖碇路38巷","k":5},"geometry":{"type":"LineString","coordinates":[[121.7522,25.0969],[121.75192,25.09691],[121.75159,25.09672]]}},{"type":"Feature","properties":{"n":"暖碇路","k":5},"geometry":{"type":"LineString","coordinates":[[121.75198,25.09835],[121.7522,25.0969]]}},{"type":"Feature","properties":{"n":"暖碇路","k":5},"geometry":{"type":"LineString","coordinates":[[121.75532,25.09661],[121.75746,25.09768],[121.75803,25.09823]]}},{"type":"Feature","properties":{"n":"源遠路226巷","k":5},"geometry":{"type":"LineString","coordinates":[[121.75154,25.09833],[121.75159,25.09672]]}},{"type":"Feature","properties":{"n":"源遠路249巷","k":5},"geometry":{"type":"LineString","coordinates":[[121.75581,25.09963],[121.75298,25.09905],[121.75288,25.09907],[121.7527,25.09942],[121.75557,25.1006]]}},{"type":"Feature","properties":{"n":"源遠路249巷","k":5},"geometry":{"type":"LineString","coordinates":[[121.75428,25.10009],[121.7546,25.09872]]}},{"type":"Feature","properties":{"n":"興隆街","k":5},"geometry":{"type":"LineString","coordinates":[[121.74049,25.10336],[121.74415,25.10305],[121.74543,25.10316],[121.74595,25.10334],[121.74629,25.10335],[121.74755,25.10136],[121.74857,25.10092],[121.74934,25.10077],[121.75015,25.1007],[121.75093,25.10076],[121.75187,25.10105],[121.75304,25.10126],[121.75376,25.10156],[121.75539,25.10269],[121.7564,25.10312],[121.75653,25.10347],[121.75685,25.10388],[121.75708,25.10405]]}},{"type":"Feature","properties":{"n":"興隆街","k":5},"geometry":{"type":"LineString","coordinates":[[121.75093,25.10076],[121.75062,25.10117],[121.75026,25.10202],[121.75004,25.10212],[121.74933,25.10198],[121.74901,25.10202],[121.74763,25.10297],[121.74706,25.10328],[121.74677,25.10336],[121.74629,25.10335]]}},{"type":"Feature","properties":{"n":"源遠路152巷","k":5},"geometry":{"type":"LineString","coordinates":[[121.74871,25.09534],[121.74879,25.09828]]}},{"type":"Feature","properties":{"n":"暖碇路15巷","k":5},"geometry":{"type":"LineString","coordinates":[[121.75219,25.09699],[121.75267,25.0966],[121.75304,25.0965],[121.75323,25.09635],[121.75358,25.09585]]}},{"type":"Feature","properties":{"n":"暖江橋","k":4},"geometry":{"type":"LineString","coordinates":[[121.7403,25.10271],[121.74049,25.10336]]}},{"type":"Feature","properties":{"n":"源遠路152巷59弄","k":5},"geometry":{"type":"LineString","coordinates":[[121.74878,25.0973],[121.74953,25.09732],[121.74984,25.09718]]}},{"type":"Feature","properties":{"n":"源遠路193巷","k":5},"geometry":{"type":"LineString","coordinates":[[121.7527,25.09942],[121.75154,25.09897],[121.75154,25.09833]]}},{"type":"Feature","properties":{"n":"瑞泰橋","k":5},"geometry":{"type":"LineString","coordinates":[[121.75789,25.10369],[121.75913,25.1017]]}},{"type":"Feature","properties":{"n":"源遠路277巷","k":5},"geometry":{"type":"LineString","coordinates":[[121.75557,25.1006],[121.75597,25.099]]}},{"type":"Feature","properties":{"n":"源遠路292巷","k":5},"geometry":{"type":"LineString","coordinates":[[121.75803,25.09823],[121.75846,25.09874],[121.75826,25.09898],[121.75815,25.09945]]}},{"type":"Feature","properties":{"n":"源遠路292巷","k":5},"geometry":{"type":"LineString","coordinates":[[121.75852,25.09867],[121.7589,25.09824]]}},{"type":"Feature","properties":{"n":"源遠路325巷","k":5},"geometry":{"type":"LineString","coordinates":[[121.75815,25.09945],[121.75798,25.10005],[121.75764,25.10047],[121.75675,25.10064]]}},{"type":"Feature","properties":{"n":"源遠路297巷","k":5},"geometry":{"type":"LineString","coordinates":[[121.75675,25.10064],[121.75599,25.1007],[121.75557,25.1006]]}},{"type":"Feature","properties":{"n":"𫙮魚坑路過港巷","k":5},"geometry":{"type":"LineString","coordinates":[[121.79495,25.113],[121.7944,25.11315],[121.79375,25.11319],[121.79261,25.11306],[121.79199,25.11292],[121.79146,25.1129],[121.79073,25.11268],[121.79035,25.11253],[121.78982,25.11221],[121.78785,25.11084],[121.78687,25.11005],[121.78634,25.10936],[121.78606,25.10888],[121.78476,25.10633],[121.78413,25.10554],[121.78333,25.10475],[121.78334,25.10456],[121.78364,25.1041],[121.78352,25.1034],[121.78376,25.10299],[121.78379,25.10283],[121.78377,25.10273],[121.78341,25.10235],[121.78305,25.10207]]}},{"type":"Feature","properties":{"n":"過港路10巷","k":5},"geometry":{"type":"LineString","coordinates":[[121.7405,25.10361],[121.7409,25.10365],[121.74107,25.10387],[121.74105,25.10402],[121.74082,25.10446],[121.74146,25.1047],[121.74216,25.10443],[121.74248,25.10447],[121.74259,25.10466],[121.74253,25.10487],[121.74188,25.10533],[121.74189,25.10541],[121.74306,25.10593],[121.74309,25.10601]]}},{"type":"Feature","properties":{"n":"寧靜街60巷","k":5},"geometry":{"type":"LineString","coordinates":[[121.74043,25.10427],[121.74082,25.10446]]}},{"type":"Feature","properties":{"n":"龍安街","k":5},"geometry":{"type":"LineString","coordinates":[[121.74174,25.11401],[121.74163,25.11415],[121.74198,25.1145],[121.74259,25.11557],[121.74278,25.11613],[121.74287,25.11666],[121.74285,25.11754],[121.74214,25.12304]]}},{"type":"Feature","properties":{"n":"基隆隧道","k":2},"geometry":{"type":"LineString","coordinates":[[121.74351,25.11635],[121.74379,25.11719]]}},{"type":"Feature","properties":{"n":"紅淡山登山步道 - A3 線","k":5},"geometry":{"type":"LineString","coordinates":[[121.7452,25.11609],[121.74549,25.1155],[121.74575,25.1155],[121.74613,25.11581]]}},{"type":"Feature","properties":{"n":"南榮路509巷","k":5},"geometry":{"type":"LineString","coordinates":[[121.74023,25.11316],[121.74053,25.11287],[121.74087,25.11287],[121.74095,25.1128],[121.74089,25.11261],[121.74053,25.11253],[121.74046,25.11243],[121.7405,25.11228],[121.74075,25.1121],[121.74122,25.11241],[121.7418,25.11254],[121.74207,25.11257],[121.7431,25.11243]]}},{"type":"Feature","properties":{"n":"六和街","k":5},"geometry":{"type":"LineString","coordinates":[[121.76408,25.11864],[121.76341,25.11804],[121.76334,25.11784],[121.76337,25.11763],[121.76349,25.1175],[121.76402,25.11738],[121.7641,25.11724],[121.76405,25.11686],[121.76372,25.11646],[121.76369,25.11629],[121.76377,25.11579],[121.76337,25.11547],[121.76277,25.11514],[121.76198,25.11419],[121.7617,25.1137],[121.76126,25.11264],[121.76112,25.11186],[121.76099,25.1115]]}},{"type":"Feature","properties":{"n":"六和街","k":5},"geometry":{"type":"LineString","coordinates":[[121.75878,25.12787],[121.75874,25.12623],[121.75867,25.12585],[121.75804,25.12403]]}},{"type":"Feature","properties":{"n":"月眉路","k":5},"geometry":{"type":"LineString","coordinates":[[121.75792,25.1245],[121.7581,25.12384],[121.75885,25.12375],[121.75905,25.12367],[121.75945,25.12327],[121.75952,25.12333],[121.75924,25.1238],[121.7592,25.12396],[121.75926,25.124],[121.75952,25.12368],[121.75989,25.1235],[121.7602,25.12323],[121.76026,25.12294],[121.76023,25.12273],[121.7603,25.12256],[121.76062,25.12233],[121.76097,25.12191],[121.76106,25.12189],[121.76117,25.12196],[121.76098,25.12264],[121.76103,25.12277],[121.76142,25.12289],[121.76165,25.12284],[121.76178,25.12266],[121.76187,25.12232],[121.76261,25.1214],[121.76285,25.12101],[121.76323,25.12008],[121.76335,25.11954],[121.76335,25.11862],[121.76314,25.11783],[121.7627,25.11697],[121.76136,25.11524],[121.76107,25.11465],[121.76097,25.11376],[121.76099,25.1115]]}},{"type":"Feature","properties":{"n":"月眉路","k":5},"geometry":{"type":"LineString","coordinates":[[121.75786,25.12451],[121.75817,25.12449]]}},{"type":"Feature","properties":{"n":"愛四路","k":5},"geometry":{"type":"LineString","coordinates":[[121.74302,25.12765],[121.74322,25.12775],[121.74472,25.13006]]}},{"type":"Feature","properties":{"n":"愛二路","k":5},"geometry":{"type":"LineString","coordinates":[[121.74268,25.12993],[121.74097,25.12734]]}},{"type":"Feature","properties":{"n":"南新街","k":5},"geometry":{"type":"LineString","coordinates":[[121.74656,25.12776],[121.74662,25.12615],[121.7459,25.12615],[121.74582,25.12633],[121.74572,25.12627],[121.74571,25.12593],[121.74613,25.12576]]}},{"type":"Feature","properties":{"n":"南新街","k":5},"geometry":{"type":"LineString","coordinates":[[121.74306,25.1217],[121.74324,25.12182],[121.74334,25.1224],[121.74437,25.12321],[121.74444,25.12345],[121.74441,25.1236],[121.74415,25.12367],[121.7441,25.12378],[121.7442,25.12397]]}},{"type":"Feature","properties":{"n":"義四路","k":5},"geometry":{"type":"LineString","coordinates":[[121.74783,25.12887],[121.74836,25.13003]]}},{"type":"Feature","properties":{"n":"壽山路","k":5},"geometry":{"type":"LineString","coordinates":[[121.74939,25.12979],[121.74945,25.13037],[121.7494,25.13055],[121.74905,25.13106],[121.74876,25.13114],[121.74867,25.13126],[121.74859,25.13174],[121.7481,25.13185],[121.74788,25.13176],[121.74774,25.13162],[121.74766,25.13163],[121.74764,25.1317],[121.74785,25.1319],[121.74814,25.13198],[121.74952,25.13186],[121.75017,25.13238],[121.74984,25.13244],[121.74945,25.13235]]}},{"type":"Feature","properties":{"n":"壽山路","k":5},"geometry":{"type":"LineString","coordinates":[[121.74944,25.13247],[121.75004,25.13258],[121.75155,25.13322],[121.75223,25.13372],[121.7534,25.13375],[121.75428,25.13397],[121.75504,25.13385],[121.75579,25.13405],[121.75618,25.13403],[121.75712,25.13441],[121.7573,25.13436],[121.75757,25.13406],[121.75809,25.13408]]}},{"type":"Feature","properties":{"n":"壽山路","k":5},"geometry":{"type":"LineString","coordinates":[[121.75836,25.13397],[121.75839,25.13378],[121.75825,25.13296],[121.75842,25.13265],[121.75862,25.13256],[121.76037,25.13249]]}},{"type":"Feature","properties":{"n":"義三路","k":5},"geometry":{"type":"LineString","coordinates":[[121.747,25.13061],[121.74637,25.12968]]}},{"type":"Feature","properties":{"n":"美猴橋","k":5},"geometry":{"type":"LineString","coordinates":[[121.74637,25.12968],[121.74613,25.12931]]}},{"type":"Feature","properties":{"n":"愛三路","k":2},"geometry":{"type":"LineString","coordinates":[[121.7434,25.12952],[121.74404,25.13043]]}},{"type":"Feature","properties":{"n":"愛三路","k":2},"geometry":{"type":"LineString","coordinates":[[121.74398,25.13046],[121.7434,25.12952]]}},{"type":"Feature","properties":{"n":"愛三路","k":2},"geometry":{"type":"LineString","coordinates":[[121.74172,25.12697],[121.7434,25.12952]]}},{"type":"Feature","properties":{"n":"信一路","k":4},"geometry":{"type":"LineString","coordinates":[[121.75791,25.12847],[121.75551,25.12845],[121.75358,25.1283],[121.74783,25.12887],[121.74332,25.13134]]}},{"type":"Feature","properties":{"n":"愛一路","k":5},"geometry":{"type":"LineString","coordinates":[[121.74205,25.13033],[121.74191,25.13028],[121.74035,25.12793],[121.74036,25.1277],[121.74201,25.13013],[121.74212,25.13016]]}},{"type":"Feature","properties":{"n":"仁一路","k":4},"geometry":{"type":"LineString","coordinates":[[121.7527,25.12794],[121.75398,25.12782],[121.7551,25.12795]]}},{"type":"Feature","properties":{"n":"仁一路","k":4},"geometry":{"type":"LineString","coordinates":[[121.7551,25.12795],[121.75402,25.12789],[121.75282,25.12798],[121.7527,25.12794]]}},{"type":"Feature","properties":{"n":"仁一路","k":4},"geometry":{"type":"LineString","coordinates":[[121.74313,25.13092],[121.74769,25.12844],[121.7527,25.12794]]}},{"type":"Feature","properties":{"n":"仁一路","k":4},"geometry":{"type":"LineString","coordinates":[[121.7551,25.12795],[121.75622,25.12805]]}},{"type":"Feature","properties":{"n":"孝一路","k":5},"geometry":{"type":"LineString","coordinates":[[121.73995,25.12785],[121.74164,25.13043]]}},{"type":"Feature","properties":{"n":"仁二路","k":4},"geometry":{"type":"LineString","coordinates":[[121.7434,25.12952],[121.74224,25.13017],[121.74181,25.13048]]}},{"type":"Feature","properties":{"n":"仁二路","k":4},"geometry":{"type":"LineString","coordinates":[[121.74174,25.13037],[121.74212,25.13016]]}},{"type":"Feature","properties":{"n":"義七路","k":5},"geometry":{"type":"LineString","coordinates":[[121.75284,25.12945],[121.75271,25.12839]]}},{"type":"Feature","properties":{"n":"義七路","k":5},"geometry":{"type":"LineString","coordinates":[[121.75504,25.13385],[121.7551,25.13337],[121.75487,25.13306],[121.75487,25.1327]]}},{"type":"Feature","properties":{"n":"仁二路","k":5},"geometry":{"type":"LineString","coordinates":[[121.75089,25.12759],[121.7492,25.12775],[121.74755,25.1274],[121.74722,25.12744],[121.7434,25.12952]]}},{"type":"Feature","properties":{"n":"義六路","k":5},"geometry":{"type":"LineString","coordinates":[[121.75129,25.13098],[121.75099,25.12857]]}},{"type":"Feature","properties":{"n":"信二路","k":3},"geometry":{"type":"LineString","coordinates":[[121.74486,25.13177],[121.7474,25.1304],[121.74894,25.12983],[121.75456,25.12928],[121.75764,25.12891],[121.75775,25.12889],[121.75787,25.12879],[121.75791,25.12847]]}},{"type":"Feature","properties":{"n":"復興街","k":5},"geometry":{"type":"LineString","coordinates":[[121.75288,25.12685],[121.752,25.12695]]}},{"type":"Feature","properties":{"n":"仁三路","k":5},"geometry":{"type":"LineString","coordinates":[[121.74107,25.12956],[121.74278,25.1286]]}},{"type":"Feature","properties":{"n":"仁三路","k":5},"geometry":{"type":"LineString","coordinates":[[121.74522,25.1279],[121.74497,25.12783],[121.74434,25.12807],[121.74378,25.12805],[121.74351,25.1282]]}},{"type":"Feature","properties":{"n":"精一路","k":5},"geometry":{"type":"LineString","coordinates":[[121.74101,25.12591],[121.74172,25.12697]]}},{"type":"Feature","properties":{"n":"仁四路","k":5},"geometry":{"type":"LineString","coordinates":[[121.74302,25.12765],[121.74237,25.12757],[121.74072,25.12848]]}},{"type":"Feature","properties":{"n":"仁五路","k":2},"geometry":{"type":"LineString","coordinates":[[121.74036,25.1277],[121.74172,25.12697]]}},{"type":"Feature","properties":{"n":"愛五路","k":5},"geometry":{"type":"LineString","coordinates":[[121.74613,25.12931],[121.74522,25.1279]]}},{"type":"Feature","properties":{"n":"南新街31巷","k":5},"geometry":{"type":"LineString","coordinates":[[121.7442,25.12397],[121.74496,25.12449],[121.74543,25.12518],[121.74516,25.12542],[121.74507,25.1256],[121.74502,25.12578],[121.74505,25.1261],[121.74521,25.12586],[121.74555,25.12571],[121.74605,25.12565],[121.74613,25.12576]]}},{"type":"Feature","properties":{"n":"仁愛橋","k":2},"geometry":{"type":"LineString","coordinates":[[121.74,25.12789],[121.74023,25.12777]]}},{"type":"Feature","properties":{"n":"祥龍橋","k":5},"geometry":{"type":"LineString","coordinates":[[121.75271,25.12839],[121.75265,25.12795]]}},{"type":"Feature","properties":{"n":"劉銘傳路","k":5},"geometry":{"type":"LineString","coordinates":[[121.75053,25.1244],[121.75094,25.12811]]}},{"type":"Feature","properties":{"n":"愛六路","k":5},"geometry":{"type":"LineString","coordinates":[[121.74722,25.12744],[121.74769,25.12844]]}},{"type":"Feature","properties":{"n":"愛九路","k":5},"geometry":{"type":"LineString","coordinates":[[121.75265,25.12795],[121.75252,25.12689]]}},{"type":"Feature","properties":{"n":"銀蛇橋","k":5},"geometry":{"type":"LineString","coordinates":[[121.75099,25.12857],[121.75094,25.12811]]}},{"type":"Feature","properties":{"n":"寶馬橋","k":5},"geometry":{"type":"LineString","coordinates":[[121.74926,25.12872],[121.74923,25.12827]]}},{"type":"Feature","properties":{"n":"吉羊橋","k":5},"geometry":{"type":"LineString","coordinates":[[121.74769,25.12844],[121.74783,25.12887]]}},{"type":"Feature","properties":{"n":"愛七路","k":5},"geometry":{"type":"LineString","coordinates":[[121.74923,25.12827],[121.7492,25.12775]]}},{"type":"Feature","properties":{"n":"義五路","k":5},"geometry":{"type":"LineString","coordinates":[[121.74926,25.12872],[121.74939,25.12979]]}},{"type":"Feature","properties":{"n":"月眉路65巷","k":5},"geometry":{"type":"LineString","coordinates":[[121.76271,25.12125],[121.76273,25.12045],[121.76279,25.12027],[121.76316,25.11995],[121.76321,25.11949],[121.76349,25.11919],[121.76354,25.11887],[121.76368,25.11884],[121.76386,25.11898],[121.76395,25.11892],[121.76356,25.1185],[121.76362,25.11846],[121.76398,25.11867],[121.76408,25.11864]]}},{"type":"Feature","properties":{"n":"正信路","k":5},"geometry":{"type":"LineString","coordinates":[[121.76037,25.13249],[121.76043,25.13204],[121.76039,25.13187],[121.75978,25.13147],[121.75968,25.13132],[121.75966,25.13114],[121.75975,25.13097],[121.75991,25.13087],[121.76052,25.13085],[121.76065,25.13091],[121.76111,25.13143],[121.76126,25.13148],[121.76146,25.1314],[121.7615,25.13121],[121.76114,25.13076],[121.76109,25.13056],[121.76119,25.13028],[121.76148,25.12994],[121.7615,25.12977],[121.76145,25.12966],[121.76135,25.12962],[121.76098,25.12976],[121.76066,25.12965],[121.76019,25.12858]]}},{"type":"Feature","properties":{"n":"正信路","k":5},"geometry":{"type":"LineString","coordinates":[[121.7602,25.13405],[121.76045,25.13417],[121.7609,25.13461],[121.76166,25.13492],[121.76195,25.13496],[121.76242,25.13485],[121.76248,25.13466],[121.76251,25.13357],[121.76473,25.13163],[121.7649,25.13159]]}},{"type":"Feature","properties":{"n":"東信路","k":3},"geometry":{"type":"LineString","coordinates":[[121.7678,25.12779],[121.76716,25.12745],[121.766,25.12741],[121.76574,25.12751],[121.76486,25.12805],[121.76451,25.12818],[121.76415,25.12825],[121.76382,25.12825],[121.76239,25.12799],[121.76224,25.12801],[121.7613,25.1287],[121.75878,25.12848],[121.75791,25.12847]]}},{"type":"Feature","properties":{"n":"東明路","k":4},"geometry":{"type":"LineString","coordinates":[[121.75622,25.12805],[121.76016,25.12778],[121.76274,25.12768],[121.76451,25.12818]]}},{"type":"Feature","properties":{"n":"崇法街","k":5},"geometry":{"type":"LineString","coordinates":[[121.76558,25.13137],[121.76524,25.13104],[121.76474,25.12895],[121.76438,25.12815]]}},{"type":"Feature","properties":{"n":"崇法街","k":5},"geometry":{"type":"LineString","coordinates":[[121.76558,25.13137],[121.76529,25.13119],[121.76513,25.13119],[121.76479,25.13137],[121.76473,25.13163]]}},{"type":"Feature","properties":{"n":"崇法街","k":5},"geometry":{"type":"LineString","coordinates":[[121.76436,25.1343],[121.76495,25.134],[121.76542,25.13365],[121.76604,25.13366]]}},{"type":"Feature","properties":{"n":"崇法街","k":5},"geometry":{"type":"LineString","coordinates":[[121.76604,25.13366],[121.76601,25.13333],[121.76621,25.13309],[121.76623,25.13249],[121.76631,25.13232],[121.76579,25.13186],[121.76558,25.13137]]}},{"type":"Feature","properties":{"n":"崇法街","k":5},"geometry":{"type":"LineString","coordinates":[[121.76604,25.13366],[121.76735,25.13355],[121.76769,25.13371],[121.76846,25.13432],[121.76857,25.13446],[121.76851,25.13485],[121.76796,25.13536],[121.76804,25.13554],[121.76825,25.1357],[121.76848,25.13574],[121.76887,25.13564],[121.7692,25.13536],[121.76946,25.13524],[121.76967,25.13532],[121.76985,25.13565],[121.77013,25.13586],[121.77039,25.13587],[121.77087,25.13576]]}},{"type":"Feature","properties":{"n":"義九路","k":5},"geometry":{"type":"LineString","coordinates":[[121.75613,25.12908],[121.75619,25.12847]]}},{"type":"Feature","properties":{"n":"旺牛橋","k":5},"geometry":{"type":"LineString","coordinates":[[121.75791,25.12847],[121.75795,25.12791]]}},{"type":"Feature","properties":{"n":"福虎橋","k":5},"geometry":{"type":"LineString","coordinates":[[121.75619,25.12847],[121.75622,25.12805]]}},{"type":"Feature","properties":{"n":"中興路","k":5},"geometry":{"type":"LineString","coordinates":[[121.75456,25.12928],[121.75445,25.12835]]}},{"type":"Feature","properties":{"n":"財鼠橋","k":5},"geometry":{"type":"LineString","coordinates":[[121.76023,25.12823],[121.76019,25.12858]]}},{"type":"Feature","properties":{"n":"東橋","k":5},"geometry":{"type":"LineString","coordinates":[[121.76188,25.12806],[121.7619,25.12816]]}},{"type":"Feature","properties":{"n":"三號隧道","k":1},"geometry":{"type":"LineString","coordinates":[[121.77562,25.11543],[121.77574,25.11573],[121.7761,25.11627],[121.77657,25.11671],[121.77709,25.11703],[121.77891,25.11791],[121.77975,25.11856],[121.78034,25.11929],[121.78063,25.1198],[121.78085,25.12047],[121.78093,25.12103],[121.78091,25.12165],[121.78082,25.12216],[121.78067,25.12266],[121.78034,25.12333],[121.77962,25.12435]]}},{"type":"Feature","properties":{"n":"三號隧道","k":1},"geometry":{"type":"LineString","coordinates":[[121.77949,25.12427],[121.78021,25.1232],[121.78052,25.12248],[121.78063,25.12202],[121.78067,25.12151],[121.78063,25.12074],[121.78036,25.11992],[121.78001,25.11934],[121.77968,25.11892],[121.779,25.11834],[121.7782,25.11788],[121.77694,25.11727],[121.77636,25.11684],[121.77585,25.11625],[121.77558,25.11576],[121.77546,25.11544]]}},{"type":"Feature","properties":{"n":"東光路","k":4},"geometry":{"type":"LineString","coordinates":[[121.7664,25.12742],[121.76674,25.12767],[121.76708,25.128],[121.76732,25.12813],[121.76804,25.12867],[121.76807,25.12874],[121.76806,25.12896],[121.76735,25.12967],[121.76727,25.12979],[121.76731,25.12991],[121.76852,25.13073],[121.76882,25.13106],[121.76911,25.13151],[121.76931,25.13169],[121.77051,25.13192],[121.77064,25.13199],[121.77069,25.13208],[121.77065,25.13274],[121.77074,25.13287],[121.77109,25.13299],[121.77119,25.13324],[121.77111,25.13357],[121.77111,25.13394],[121.7707,25.13438],[121.7706,25.13466],[121.77061,25.13491],[121.77087,25.13576]]}},{"type":"Feature","properties":{"n":"培德路","k":5},"geometry":{"type":"LineString","coordinates":[[121.7728,25.12908],[121.77322,25.12927],[121.77385,25.12919],[121.77402,25.12905],[121.7741,25.12889],[121.77398,25.12836],[121.77423,25.12808],[121.77449,25.12803],[121.77467,25.12816],[121.7746,25.1284],[121.77464,25.12927],[121.77455,25.12945],[121.77421,25.12969],[121.77343,25.13088],[121.77352,25.13126],[121.77351,25.13174],[121.77338,25.13202],[121.77298,25.13233],[121.77284,25.13254],[121.77288,25.13272],[121.77318,25.13291],[121.77328,25.13311],[121.77328,25.13325],[121.77311,25.13368],[121.773,25.13435],[121.77219,25.13499],[121.77203,25.13538],[121.77153,25.13576],[121.77131,25.13582],[121.77087,25.13576]]}},{"type":"Feature","properties":{"n":"培德路","k":5},"geometry":{"type":"LineString","coordinates":[[121.77467,25.12824],[121.7753,25.12804],[121.77535,25.12774],[121.77511,25.1275],[121.77512,25.12733],[121.7756,25.12695],[121.7757,25.12677],[121.7757,25.12667],[121.77557,25.12648],[121.77551,25.1261],[121.77506,25.12574],[121.77505,25.12562],[121.77523,25.12553],[121.77582,25.12549],[121.77596,25.1254],[121.77572,25.12519],[121.77528,25.12445],[121.7745,25.12239],[121.77462,25.12227],[121.77509,25.12207],[121.77542,25.12201],[121.77573,25.12206]]}},{"type":"Feature","properties":{"n":"深澳坑路","k":4},"geometry":{"type":"LineString","coordinates":[[121.77087,25.13576],[121.77091,25.13586],[121.77088,25.13639],[121.77095,25.13659],[121.77132,25.13726],[121.77164,25.13741],[121.772,25.13736],[121.77282,25.13687],[121.77396,25.13648],[121.775,25.13593],[121.77527,25.1357],[121.77592,25.13498],[121.7762,25.13477],[121.7774,25.13254],[121.77777,25.13207],[121.77755,25.13158],[121.77757,25.13084],[121.77747,25.13068],[121.77712,25.13039],[121.777,25.13007],[121.77701,25.12988],[121.77746,25.12917],[121.77759,25.12908],[121.77778,25.12903],[121.77828,25.12923],[121.77839,25.12923],[121.77934,25.1288],[121.78027,25.12853],[121.78042,25.12843],[121.7804,25.12837]]}},{"type":"Feature","properties":{"n":"孝東路","k":3},"geometry":{"type":"LineString","coordinates":[[121.78042,25.12843],[121.77889,25.12853],[121.77829,25.12814],[121.77804,25.12806],[121.7776,25.12803],[121.77648,25.12824],[121.7754,25.12827],[121.77464,25.12798],[121.77442,25.12794],[121.77412,25.12802],[121.77297,25.12903],[121.7728,25.12908],[121.77388,25.12808],[121.77407,25.12794],[121.77436,25.12786],[121.77474,25.12794],[121.77535,25.1282],[121.77643,25.12818],[121.77762,25.12793],[121.77788,25.12794],[121.77824,25.12804],[121.7789,25.12846],[121.7804,25.12837]]}},{"type":"Feature","properties":{"n":"培德路","k":3},"geometry":{"type":"LineString","coordinates":[[121.7728,25.12908],[121.7722,25.12937],[121.77083,25.12928],[121.77037,25.12891],[121.76984,25.12886],[121.76919,25.12836],[121.76853,25.128],[121.7678,25.12779]]}},{"type":"Feature","properties":{"n":"基隆港東岸聯外道路","k":1},"geometry":{"type":"LineString","coordinates":[[121.76449,25.13713],[121.76659,25.13686],[121.76926,25.13643],[121.76977,25.13627],[121.7704,25.13593],[121.77068,25.13567],[121.77096,25.1352],[121.7718,25.13275],[121.77213,25.13212],[121.77244,25.13178],[121.77294,25.1314],[121.77313,25.13131],[121.77624,25.13008],[121.77663,25.12981],[121.77699,25.12945],[121.77723,25.12902],[121.77733,25.12872],[121.77761,25.12725],[121.7779,25.12658],[121.77831,25.12591],[121.77949,25.12427]]}},{"type":"Feature","properties":{"n":"基隆港東岸聯外道路","k":1},"geometry":{"type":"LineString","coordinates":[[121.75857,25.13919],[121.75706,25.14058],[121.75658,25.14083],[121.75625,25.14089],[121.75571,25.14081],[121.75537,25.14065],[121.75513,25.14047],[121.75479,25.14009],[121.7543,25.13976],[121.75339,25.13946],[121.75318,25.13951],[121.75302,25.13963]]}},{"type":"Feature","properties":{"n":"基隆港東岸聯外道路","k":1},"geometry":{"type":"LineString","coordinates":[[121.75285,25.13953],[121.75312,25.13935],[121.75336,25.13928],[121.75431,25.13957],[121.75484,25.1399],[121.75517,25.1403],[121.7556,25.14067],[121.75594,25.14078],[121.75638,25.14079],[121.75667,25.1407],[121.75695,25.14052],[121.75846,25.1391]]}},{"type":"Feature","properties":{"n":"基隆港東岸聯外道路","k":1},"geometry":{"type":"LineString","coordinates":[[121.76146,25.13795],[121.75996,25.13823],[121.75957,25.13838]]}},{"type":"Feature","properties":{"n":"基隆港東岸聯外道路","k":1},"geometry":{"type":"LineString","coordinates":[[121.75947,25.13827],[121.76056,25.13782],[121.76143,25.13767]]}},{"type":"Feature","properties":{"n":"基隆港東岸聯外道路","k":1},"geometry":{"type":"LineString","coordinates":[[121.77962,25.12435],[121.77846,25.12586],[121.77786,25.12689],[121.77764,25.12755],[121.77743,25.12875],[121.77727,25.12915],[121.77705,25.12952],[121.77671,25.12987],[121.77634,25.13013],[121.77299,25.13148],[121.7723,25.13206],[121.77214,25.13228],[121.77181,25.133],[121.77105,25.13527],[121.77086,25.1356],[121.77062,25.13589],[121.77037,25.13608],[121.7698,25.13637],[121.76927,25.13652],[121.76683,25.13695],[121.76448,25.13744]]}},{"type":"Feature","properties":{"n":"東信路","k":5},"geometry":{"type":"LineString","coordinates":[[121.76857,25.12874],[121.76814,25.1281],[121.7678,25.12779]]}},{"type":"Feature","properties":{"n":"深澳坑路","k":3},"geometry":{"type":"LineString","coordinates":[[121.79768,25.11989],[121.79694,25.12021],[121.79624,25.12024],[121.79561,25.12034],[121.79543,25.12042],[121.79526,25.12057],[121.79499,25.12104],[121.79488,25.1216],[121.79436,25.12199],[121.79403,25.12201],[121.79328,25.12174],[121.79302,25.12172],[121.79261,25.12185],[121.79203,25.12243],[121.79166,25.12349],[121.79138,25.12377],[121.79018,25.12434],[121.78946,25.12449],[121.78921,25.12459]]}},{"type":"Feature","properties":{"n":"深澳坑路","k":3},"geometry":{"type":"LineString","coordinates":[[121.78584,25.1259],[121.78479,25.12679],[121.78462,25.12689],[121.78417,25.12703],[121.78306,25.127],[121.78257,25.12688],[121.78214,25.12691],[121.78194,25.12697]]}},{"type":"Feature","properties":{"n":"深澳坑路","k":3},"geometry":{"type":"LineString","coordinates":[[121.78194,25.12697],[121.7817,25.12721],[121.78149,25.12756],[121.781,25.12797],[121.78079,25.12831],[121.78042,25.12843]]}},{"type":"Feature","properties":{"n":"深澳坑路","k":3},"geometry":{"type":"LineString","coordinates":[[121.7804,25.12837],[121.78059,25.12834],[121.78077,25.12823],[121.78098,25.12788],[121.78145,25.12751],[121.78175,25.12703],[121.78186,25.12695],[121.78194,25.12697]]}},{"type":"Feature","properties":{"n":"深澳坑路","k":3},"geometry":{"type":"LineString","coordinates":[[121.78921,25.12459],[121.78911,25.12467],[121.78884,25.12474],[121.78788,25.12476],[121.78693,25.12517],[121.78584,25.1259]]}},{"type":"Feature","properties":{"n":"深澳坑路","k":3},"geometry":{"type":"LineString","coordinates":[[121.78584,25.1259],[121.78672,25.12521],[121.7876,25.12479],[121.78802,25.12467],[121.78867,25.12468],[121.78921,25.12459]]}},{"type":"Feature","properties":{"n":"深溪路","k":5},"geometry":{"type":"LineString","coordinates":[[121.78042,25.12843],[121.78081,25.12918],[121.78109,25.13058],[121.78214,25.13177],[121.78275,25.13506]]}},{"type":"Feature","properties":{"n":"深澳坑路168巷","k":5},"geometry":{"type":"LineString","coordinates":[[121.78478,25.12555],[121.7848,25.12618],[121.78509,25.12656]]}},{"type":"Feature","properties":{"n":"深澳坑路","k":5},"geometry":{"type":"LineString","coordinates":[[121.79758,25.11772],[121.79745,25.11774],[121.79723,25.11724],[121.79722,25.11703],[121.79756,25.11651],[121.7976,25.1162],[121.7974,25.11588],[121.79721,25.11494],[121.79682,25.11454],[121.79641,25.11444],[121.79577,25.11484],[121.7955,25.11478],[121.79536,25.11453],[121.79538,25.1139],[121.79525,25.11355],[121.79539,25.11341]]}},{"type":"Feature","properties":{"n":"逢甲路","k":3},"geometry":{"type":"LineString","coordinates":[[121.79813,25.1167],[121.79814,25.11637]]}},{"type":"Feature","properties":{"n":"逢甲路","k":3},"geometry":{"type":"LineString","coordinates":[[121.79768,25.11989],[121.79835,25.11974],[121.79854,25.11965],[121.79876,25.11947],[121.79893,25.11927],[121.799,25.11911],[121.79901,25.11887],[121.7989,25.11849],[121.79823,25.11771],[121.79814,25.11734],[121.79813,25.1168]]}},{"type":"Feature","properties":{"n":"龍潭二號橋","k":3},"geometry":{"type":"LineString","coordinates":[[121.79814,25.11637],[121.79814,25.11625]]}},{"type":"Feature","properties":{"n":"龍安橋","k":5},"geometry":{"type":"LineString","coordinates":[[121.79524,25.1129],[121.79495,25.113]]}},{"type":"Feature","properties":{"n":"明燈路三段","k":5},"geometry":{"type":"LineString","coordinates":[[121.79539,25.11341],[121.79549,25.11337]]}},{"type":"Feature","properties":{"n":"逢甲路","k":5},"geometry":{"type":"LineString","coordinates":[[121.79758,25.11772],[121.79784,25.11764]]}},{"type":"Feature","properties":{"n":"龍潭一號橋","k":3},"geometry":{"type":"LineString","coordinates":[[121.79813,25.1168],[121.79813,25.1167]]}},{"type":"Feature","properties":{"n":"調和街290巷","k":5},"geometry":{"type":"LineString","coordinates":[[121.7957,25.12672],[121.79599,25.12681],[121.79634,25.12677],[121.79991,25.12568]]}},{"type":"Feature","properties":{"n":"調和街","k":5},"geometry":{"type":"LineString","coordinates":[[121.79621,25.13643],[121.79608,25.13597],[121.79617,25.13553],[121.79695,25.13446],[121.79747,25.13405],[121.79774,25.13371],[121.7983,25.13234],[121.79951,25.12985],[121.79958,25.1292],[121.79931,25.12797],[121.79929,25.12754],[121.79947,25.12696],[121.79991,25.1262],[121.79995,25.12587],[121.79984,25.12549],[121.79953,25.12513],[121.79903,25.1247],[121.7989,25.12443]]}},{"type":"Feature","properties":{"n":"調和街","k":5},"geometry":{"type":"LineString","coordinates":[[121.79567,25.13959],[121.79579,25.13914],[121.79615,25.13863],[121.79614,25.13808],[121.79624,25.13779]]}},{"type":"Feature","properties":{"n":"調和街","k":5},"geometry":{"type":"LineString","coordinates":[[121.79624,25.13779],[121.79626,25.13838],[121.7964,25.13884],[121.79624,25.13941],[121.79609,25.13958]]}},{"type":"Feature","properties":{"n":"調和街","k":5},"geometry":{"type":"LineString","coordinates":[[121.79624,25.13779],[121.79632,25.13706],[121.79622,25.13646]]}},{"type":"Feature","properties":{"n":"逢甲路","k":4},"geometry":{"type":"LineString","coordinates":[[121.7989,25.12443],[121.79881,25.12396],[121.79869,25.12366],[121.79811,25.12312],[121.79792,25.12287],[121.79787,25.12261],[121.79791,25.12173],[121.79785,25.12091],[121.79768,25.11989]]}},{"type":"Feature","properties":{"n":"調和街226巷","k":5},"geometry":{"type":"LineString","coordinates":[[121.79938,25.13019],[121.79886,25.1295]]}},{"type":"Feature","properties":{"n":"調和街266巷","k":5},"geometry":{"type":"LineString","coordinates":[[121.79834,25.12779],[121.79867,25.12774],[121.79866,25.12797],[121.79931,25.12797]]}},{"type":"Feature","properties":{"n":"調和街266巷","k":5},"geometry":{"type":"LineString","coordinates":[[121.79866,25.12781],[121.79834,25.12779]]}},{"type":"Feature","properties":{"n":"調和街266巷","k":5},"geometry":{"type":"LineString","coordinates":[[121.79753,25.12747],[121.79687,25.12744],[121.79656,25.12811],[121.79665,25.12858],[121.79674,25.12868],[121.79697,25.12872],[121.79721,25.12836],[121.79755,25.12827],[121.79834,25.12779]]}},{"type":"Feature","properties":{"n":"港西街","k":4},"geometry":{"type":"LineString","coordinates":[[121.74074,25.13607],[121.74138,25.13572],[121.7406,25.13456],[121.74074,25.13403],[121.73994,25.13278],[121.73988,25.13262]]}},{"type":"Feature","properties":{"n":"港西街","k":4},"geometry":{"type":"LineString","coordinates":[[121.73988,25.13174],[121.73988,25.13262]]}},{"type":"Feature","properties":{"n":"港西街","k":4},"geometry":{"type":"LineString","coordinates":[[121.73988,25.13174],[121.73987,25.13142]]}},{"type":"Feature","properties":{"n":"港西街","k":4},"geometry":{"type":"LineString","coordinates":[[121.73988,25.13262],[121.73988,25.13174]]}},{"type":"Feature","properties":{"n":"信三路","k":5},"geometry":{"type":"LineString","coordinates":[[121.7462,25.13227],[121.74462,25.13319]]}},{"type":"Feature","properties":{"n":"義一路","k":2},"geometry":{"type":"LineString","coordinates":[[121.7443,25.13081],[121.74817,25.13665],[121.74815,25.13706]]}},{"type":"Feature","properties":{"n":"義一路","k":2},"geometry":{"type":"LineString","coordinates":[[121.7481,25.13705],[121.74812,25.13667],[121.74424,25.13084]]}},{"type":"Feature","properties":{"n":"喜豬橋","k":4},"geometry":{"type":"LineString","coordinates":[[121.74313,25.13101],[121.74332,25.13134],[121.74323,25.13129],[121.74306,25.13104]]}},{"type":"Feature","properties":{"n":"喜豬橋","k":4},"geometry":{"type":"LineString","coordinates":[[121.74319,25.13097],[121.74342,25.13129]]}},{"type":"Feature","properties":{"n":"富狗橋","k":2},"geometry":{"type":"LineString","coordinates":[[121.74404,25.13043],[121.7443,25.13081]]}},{"type":"Feature","properties":{"n":"富狗橋","k":2},"geometry":{"type":"LineString","coordinates":[[121.74424,25.13084],[121.74398,25.13046]]}},{"type":"Feature","properties":{"n":"愛一路","k":4},"geometry":{"type":"LineString","coordinates":[[121.74306,25.13104],[121.74265,25.1305],[121.74205,25.13033]]}},{"type":"Feature","properties":{"n":"愛一路","k":4},"geometry":{"type":"LineString","coordinates":[[121.74212,25.13016],[121.74247,25.13021],[121.74276,25.13033],[121.74292,25.13046]]}},{"type":"Feature","properties":{"n":"愛一路","k":4},"geometry":{"type":"LineString","coordinates":[[121.74313,25.13101],[121.74308,25.13094]]}},{"type":"Feature","properties":{"n":"愛一路","k":4},"geometry":{"type":"LineString","coordinates":[[121.74268,25.12993],[121.74266,25.13006],[121.74292,25.13046]]}},{"type":"Feature","properties":{"n":"愛一路","k":4},"geometry":{"type":"LineString","coordinates":[[121.74292,25.13046],[121.74319,25.13089],[121.74319,25.13097],[121.74313,25.13092]]}},{"type":"Feature","properties":{"n":"信二路","k":4},"geometry":{"type":"LineString","coordinates":[[121.74405,25.13221],[121.74486,25.13177]]}},{"type":"Feature","properties":{"n":"金雞橋","k":5},"geometry":{"type":"LineString","coordinates":[[121.74472,25.13006],[121.74499,25.13043]]}},{"type":"Feature","properties":{"n":"信七路","k":5},"geometry":{"type":"LineString","coordinates":[[121.74855,25.13581],[121.7478,25.13619]]}},{"type":"Feature","properties":{"n":"信六路","k":5},"geometry":{"type":"LineString","coordinates":[[121.74729,25.13542],[121.74862,25.13469]]}},{"type":"Feature","properties":{"n":"正義路","k":5},"geometry":{"type":"LineString","coordinates":[[121.74862,25.13469],[121.7477,25.13322],[121.74705,25.13307],[121.74683,25.13318]]}},{"type":"Feature","properties":{"n":"義二路","k":5},"geometry":{"type":"LineString","coordinates":[[121.74499,25.13043],[121.74892,25.1364],[121.74987,25.13703]]}},{"type":"Feature","properties":{"n":"半山圓環","k":5},"geometry":{"type":"LineString","coordinates":[[121.74933,25.13234],[121.74931,25.13245],[121.74944,25.13247],[121.74946,25.13236],[121.74933,25.13234]]}},{"type":"Feature","properties":{"n":"信五路","k":5},"geometry":{"type":"LineString","coordinates":[[121.74833,25.13361],[121.74581,25.135]]}},{"type":"Feature","properties":{"n":"中山隧道","k":5},"geometry":{"type":"LineString","coordinates":[[121.74651,25.14247],[121.74312,25.14276]]}},{"type":"Feature","properties":{"n":"中山三路","k":4},"geometry":{"type":"LineString","coordinates":[[121.74691,25.14205],[121.7464,25.14107],[121.74566,25.14063],[121.74488,25.14033],[121.74453,25.14029],[121.74415,25.14032],[121.74382,25.14043],[121.74327,25.14076],[121.74303,25.14109],[121.743,25.14124],[121.74306,25.14179],[121.74302,25.14194],[121.74237,25.14325],[121.74102,25.14476],[121.74065,25.14501],[121.73999,25.1452]]}},{"type":"Feature","properties":{"n":"中山三路","k":4},"geometry":{"type":"LineString","coordinates":[[121.74691,25.14205],[121.74723,25.14247],[121.74785,25.14293],[121.74862,25.14319],[121.7492,25.14372]]}},{"type":"Feature","properties":{"n":"中山三路","k":4},"geometry":{"type":"LineString","coordinates":[[121.7492,25.14372],[121.74838,25.14316],[121.74793,25.14305],[121.74769,25.14291],[121.74717,25.14252],[121.74691,25.14205]]}},{"type":"Feature","properties":{"n":"中山三路","k":4},"geometry":{"type":"LineString","coordinates":[[121.74854,25.14554],[121.74873,25.14553],[121.74913,25.14538],[121.7495,25.1451],[121.74974,25.14476],[121.74979,25.14459],[121.74966,25.14413],[121.7492,25.14372]]}},{"type":"Feature","properties":{"n":"信四路","k":5},"geometry":{"type":"LineString","coordinates":[[121.74528,25.13404],[121.74683,25.13318]]}},{"type":"Feature","properties":{"n":"中船路112巷","k":5},"geometry":{"type":"LineString","coordinates":[[121.75115,25.13785],[121.75342,25.13919]]}},{"type":"Feature","properties":{"n":"中船路36巷","k":5},"geometry":{"type":"LineString","coordinates":[[121.75022,25.13726],[121.75053,25.13648],[121.75099,25.13618],[121.75116,25.13587],[121.75159,25.13542],[121.75272,25.13467],[121.75296,25.13473]]}},{"type":"Feature","properties":{"n":"中正路","k":4},"geometry":{"type":"LineString","coordinates":[[121.74342,25.13129],[121.74524,25.13397],[121.74614,25.13536],[121.74663,25.13624],[121.74703,25.13651],[121.74782,25.13691],[121.74817,25.13697]]}},{"type":"Feature","properties":{"n":"中正路","k":4},"geometry":{"type":"LineString","coordinates":[[121.7481,25.13705],[121.74778,25.13696],[121.747,25.13656],[121.74658,25.13628],[121.74606,25.13539],[121.74462,25.13319],[121.74332,25.13134]]}},{"type":"Feature","properties":{"n":"中山三路103巷","k":5},"geometry":{"type":"LineString","coordinates":[[121.74673,25.14173],[121.74653,25.14183],[121.74649,25.14211],[121.74618,25.14258],[121.74604,25.1427],[121.74558,25.14286],[121.74546,25.14275],[121.74549,25.14265],[121.74593,25.14258],[121.74601,25.14246],[121.74603,25.14229],[121.74618,25.14205],[121.7461,25.14186],[121.74585,25.14184],[121.74514,25.14213],[121.74465,25.14179],[121.74435,25.14211],[121.74492,25.14253],[121.74487,25.14267],[121.74469,25.14282],[121.74404,25.14234],[121.74415,25.14219],[121.74374,25.14187]]}},{"type":"Feature","properties":{"n":"中山三路103巷","k":5},"geometry":{"type":"LineString","coordinates":[[121.74469,25.14282],[121.7447,25.14293]]}},{"type":"Feature","properties":{"n":"中山三路103巷","k":5},"geometry":{"type":"LineString","coordinates":[[121.74465,25.14179],[121.74395,25.14124]]}},{"type":"Feature","properties":{"n":"中山三路103巷","k":5},"geometry":{"type":"LineString","coordinates":[[121.74445,25.14197],[121.74396,25.14158]]}},{"type":"Feature","properties":{"n":"中山三路103巷","k":5},"geometry":{"type":"LineString","coordinates":[[121.74463,25.14349],[121.74486,25.14376],[121.74496,25.14504],[121.74505,25.14522]]}},{"type":"Feature","properties":{"n":"中山三路103巷","k":5},"geometry":{"type":"LineString","coordinates":[[121.74492,25.14448],[121.74551,25.14443],[121.7463,25.14419],[121.74681,25.14422],[121.74704,25.14416],[121.74729,25.14401],[121.74739,25.14377],[121.74763,25.14379],[121.74787,25.14412]]}},{"type":"Feature","properties":{"n":"中正路","k":2},"geometry":{"type":"LineString","coordinates":[[121.75599,25.14068],[121.7553,25.14049],[121.75496,25.14012],[121.75458,25.1398],[121.75353,25.1394],[121.75327,25.13938],[121.75304,25.13949],[121.75286,25.13968],[121.75277,25.13964],[121.7481,25.13705]]}},{"type":"Feature","properties":{"n":"中正路","k":2},"geometry":{"type":"LineString","coordinates":[[121.74817,25.13697],[121.74838,25.13705],[121.75285,25.13953],[121.75296,25.13932],[121.75319,25.13921],[121.75342,25.13919],[121.75454,25.13956],[121.75496,25.13982],[121.7554,25.14036],[121.75599,25.14068]]}},{"type":"Feature","properties":{"n":"中正路","k":2},"geometry":{"type":"LineString","coordinates":[[121.75599,25.14068],[121.75661,25.14092],[121.75685,25.14092],[121.75783,25.14058],[121.75818,25.14057],[121.75971,25.14153],[121.76052,25.14193],[121.76135,25.14353],[121.76156,25.14397],[121.76162,25.1442],[121.76165,25.14505],[121.76152,25.14602],[121.76152,25.14649],[121.76167,25.14735],[121.76204,25.14825],[121.76236,25.14851],[121.76282,25.14867],[121.76578,25.15066],[121.76735,25.15119],[121.76767,25.15162],[121.76817,25.1525],[121.7683,25.15255],[121.76849,25.15253],[121.77161,25.15136],[121.7721,25.151],[121.77226,25.15095],[121.77248,25.15096]]}},{"type":"Feature","properties":{"n":"中船路","k":5},"geometry":{"type":"LineString","coordinates":[[121.74938,25.13774],[121.74987,25.13703]]}},{"type":"Feature","properties":{"n":"中船路7巷","k":5},"geometry":{"type":"LineString","coordinates":[[121.75115,25.13785],[121.74987,25.13703]]}},{"type":"Feature","properties":{"n":"正信路227巷","k":5},"geometry":{"type":"LineString","coordinates":[[121.76247,25.13472],[121.76312,25.13458],[121.76325,25.13462],[121.76357,25.13497],[121.76407,25.13504],[121.76419,25.13459]]}},{"type":"Feature","properties":{"n":"花源七街","k":5},"geometry":{"type":"LineString","coordinates":[[121.76422,25.13334],[121.76447,25.13312],[121.76524,25.13379]]}},{"type":"Feature","properties":{"n":"花源五街","k":5},"geometry":{"type":"LineString","coordinates":[[121.76351,25.13269],[121.76495,25.134]]}},{"type":"Feature","properties":{"n":"花源三街","k":5},"geometry":{"type":"LineString","coordinates":[[121.76334,25.13284],[121.76475,25.13411]]}},{"type":"Feature","properties":{"n":"花源一街","k":5},"geometry":{"type":"LineString","coordinates":[[121.76306,25.13308],[121.76429,25.1343],[121.76436,25.1343]]}},{"type":"Feature","properties":{"n":"正信隧道","k":5},"geometry":{"type":"LineString","coordinates":[[121.76015,25.13459],[121.76012,25.13503]]}},{"type":"Feature","properties":{"n":"花源九街","k":5},"geometry":{"type":"LineString","coordinates":[[121.76542,25.13365],[121.76401,25.13229]]}},{"type":"Feature","properties":{"n":"一號隧道","k":1},"geometry":{"type":"LineString","coordinates":[[121.75846,25.1391],[121.75892,25.13867],[121.75947,25.13827]]}},{"type":"Feature","properties":{"n":"一號隧道","k":1},"geometry":{"type":"LineString","coordinates":[[121.75957,25.13838],[121.75897,25.13881],[121.75857,25.13919]]}},{"type":"Feature","properties":{"n":"正豐街","k":4},"geometry":{"type":"LineString","coordinates":[[121.75818,25.14057],[121.75853,25.1406],[121.75928,25.14052],[121.75977,25.14057],[121.76209,25.1413]]}},{"type":"Feature","properties":{"n":"豐稔街","k":5},"geometry":{"type":"LineString","coordinates":[[121.76012,25.13503],[121.76005,25.13538],[121.75958,25.13557],[121.75943,25.13577],[121.75947,25.13594],[121.75984,25.13608],[121.75994,25.13621],[121.75998,25.13707],[121.75978,25.13774],[121.75999,25.13787],[121.7607,25.13789],[121.76092,25.13803],[121.76128,25.13889],[121.76142,25.1394],[121.76139,25.13968],[121.76052,25.14193]]}},{"type":"Feature","properties":{"n":"東海街","k":5},"geometry":{"type":"LineString","coordinates":[[121.75662,25.14151],[121.75626,25.14148],[121.75593,25.14137],[121.75286,25.13968]]}},{"type":"Feature","properties":{"n":"東海街","k":5},"geometry":{"type":"LineString","coordinates":[[121.75285,25.13953],[121.75594,25.14129],[121.75662,25.14151]]}},{"type":"Feature","properties":{"n":"東海街","k":5},"geometry":{"type":"LineString","coordinates":[[121.75755,25.14136],[121.75658,25.14091]]}},{"type":"Feature","properties":{"n":"東海街","k":5},"geometry":{"type":"LineString","coordinates":[[121.75662,25.14151],[121.75755,25.14136],[121.75902,25.14228],[121.75941,25.1424],[121.76079,25.14341],[121.76086,25.14381],[121.76004,25.14648]]}},{"type":"Feature","properties":{"n":"祥豐街","k":4},"geometry":{"type":"LineString","coordinates":[[121.76052,25.14193],[121.76121,25.14146],[121.76197,25.14129],[121.76209,25.1413],[121.76401,25.14212],[121.76447,25.14237],[121.76661,25.14409],[121.76788,25.14471],[121.769,25.1456],[121.76961,25.14594],[121.7703,25.1466],[121.77123,25.14817],[121.7718,25.14951],[121.77224,25.14994],[121.77229,25.15006],[121.77225,25.15066],[121.77204,25.15103]]}},{"type":"Feature","properties":{"n":"正榮街","k":5},"geometry":{"type":"LineString","coordinates":[[121.7613,25.14345],[121.76139,25.14343],[121.76175,25.14368],[121.76198,25.14418],[121.76211,25.14464],[121.76225,25.14582],[121.76247,25.14635],[121.7625,25.14729],[121.76261,25.14741],[121.76275,25.14741],[121.76294,25.14714],[121.76299,25.14695],[121.76282,25.14625],[121.76286,25.14571],[121.7628,25.1449],[121.76235,25.14339],[121.76247,25.14327],[121.76298,25.14338],[121.76337,25.14322],[121.76356,25.14291],[121.76367,25.14198]]}},{"type":"Feature","properties":{"n":"中正路182巷","k":5},"geometry":{"type":"LineString","coordinates":[[121.75464,25.13961],[121.75499,25.13894],[121.75554,25.13862],[121.7558,25.13827]]}},{"type":"Feature","properties":{"n":"中正路170巷","k":5},"geometry":{"type":"LineString","coordinates":[[121.75431,25.13948],[121.75453,25.13886],[121.75469,25.13869],[121.75526,25.13834]]}},{"type":"Feature","properties":{"n":"二號隧道","k":1},"geometry":{"type":"LineString","coordinates":[[121.76143,25.13767],[121.76449,25.13713]]}},{"type":"Feature","properties":{"n":"二號隧道","k":1},"geometry":{"type":"LineString","coordinates":[[121.76448,25.13744],[121.76146,25.13795]]}},{"type":"Feature","properties":{"n":"復興隧道","k":5},"geometry":{"type":"LineString","coordinates":[[121.74013,25.1465],[121.74286,25.14921]]}},{"type":"Feature","properties":{"n":"高遠橋","k":5},"geometry":{"type":"LineString","coordinates":[[121.7447,25.14293],[121.74471,25.1431],[121.74458,25.14342],[121.74463,25.14349]]}},{"type":"Feature","properties":{"n":"中山1橋","k":5},"geometry":{"type":"LineString","coordinates":[[121.73968,25.14602],[121.73976,25.1461]]}},{"type":"Feature","properties":{"n":"貨櫃專用道","k":5},"geometry":{"type":"LineString","coordinates":[[121.74737,25.14699],[121.74752,25.14677],[121.74774,25.14617],[121.74805,25.14578],[121.74826,25.14566],[121.74882,25.14563],[121.749,25.14555],[121.74913,25.14538]]}},{"type":"Feature","properties":{"n":"貨櫃專用道","k":5},"geometry":{"type":"LineString","coordinates":[[121.74639,25.14898],[121.7465,25.14896],[121.7466,25.14905],[121.74658,25.14914],[121.74642,25.14922],[121.74612,25.14933],[121.74574,25.14934],[121.74457,25.14988],[121.74397,25.15]]}},{"type":"Feature","properties":{"n":"仁安街","k":5},"geometry":{"type":"LineString","coordinates":[[121.7483,25.14546],[121.74834,25.14531],[121.74819,25.14525],[121.74756,25.14531],[121.74726,25.14573],[121.74723,25.14603],[121.74733,25.14627],[121.74717,25.14669],[121.74716,25.1476]]}},{"type":"Feature","properties":{"n":"光華橋","k":2},"geometry":{"type":"LineString","coordinates":[[121.74639,25.14903],[121.74537,25.14944],[121.74449,25.14987],[121.74374,25.15061],[121.7432,25.151],[121.74141,25.1516]]}},{"type":"Feature","properties":{"n":"光華橋","k":2},"geometry":{"type":"LineString","coordinates":[[121.74131,25.15132],[121.74238,25.15114],[121.74322,25.15088],[121.74361,25.15062],[121.74412,25.15006],[121.74437,25.14985],[121.74473,25.14966],[121.74639,25.14898]]}},{"type":"Feature","properties":{"n":"中山四路(貨櫃專用道)","k":4},"geometry":{"type":"LineString","coordinates":[[121.74854,25.14554],[121.74808,25.14561],[121.74769,25.14604],[121.74758,25.14625],[121.74738,25.14688],[121.74736,25.14733],[121.74743,25.14765],[121.74731,25.14788],[121.74673,25.14817],[121.74651,25.14834],[121.74605,25.14885],[121.74569,25.1491],[121.74469,25.14952],[121.74397,25.15]]}},{"type":"Feature","properties":{"n":"中山四路","k":4},"geometry":{"type":"LineString","coordinates":[[121.74397,25.15],[121.74408,25.14956],[121.74428,25.14917],[121.74439,25.14907],[121.74462,25.14899],[121.74511,25.14895],[121.7457,25.14874],[121.74599,25.14856],[121.74655,25.14801],[121.74724,25.14768],[121.74729,25.14759],[121.74725,25.14732],[121.74727,25.14704],[121.74742,25.14629],[121.74767,25.14574],[121.74791,25.14553],[121.74808,25.14548],[121.7483,25.14546],[121.74854,25.14554]]}},{"type":"Feature","properties":{"n":"光華路","k":5},"geometry":{"type":"LineString","coordinates":[[121.74269,25.15124],[121.74198,25.15051],[121.7419,25.15028],[121.7423,25.15067],[121.74272,25.15079]]}},{"type":"Feature","properties":{"n":"光華路","k":5},"geometry":{"type":"LineString","coordinates":[[121.75197,25.15526],[121.74914,25.15565],[121.74552,25.15313],[121.74295,25.15143]]}},{"type":"Feature","properties":{"n":"太白街","k":5},"geometry":{"type":"LineString","coordinates":[[121.74729,25.14759],[121.74619,25.1476],[121.74612,25.14824],[121.74575,25.14857],[121.74557,25.14864],[121.74427,25.14885],[121.7438,25.14915],[121.74357,25.14918],[121.74296,25.1491],[121.74275,25.14894]]}},{"type":"Feature","properties":{"n":"光華路37巷","k":5},"geometry":{"type":"LineString","coordinates":[[121.74552,25.15313],[121.74541,25.15323],[121.74519,25.15311],[121.74505,25.15313],[121.74489,25.15352],[121.74369,25.15413],[121.7443,25.15445],[121.74429,25.15454],[121.74369,25.15481],[121.74326,25.15485],[121.74289,25.15502],[121.74248,25.15507]]}},{"type":"Feature","properties":{"n":"光華路15巷","k":5},"geometry":{"type":"LineString","coordinates":[[121.74447,25.15311],[121.74453,25.15301],[121.74436,25.15284],[121.74462,25.15253]]}},{"type":"Feature","properties":{"n":"正榮街77巷","k":5},"geometry":{"type":"LineString","coordinates":[[121.76245,25.14628],[121.76208,25.14635],[121.76208,25.14683],[121.76221,25.14686]]}},{"type":"Feature","properties":{"n":"平三路","k":5},"geometry":{"type":"LineString","coordinates":[[121.76327,25.15502],[121.76329,25.15603]]}},{"type":"Feature","properties":{"n":"平一路","k":5},"geometry":{"type":"LineString","coordinates":[[121.76631,25.15493],[121.7649,25.15618],[121.76402,25.15724],[121.76342,25.15856],[121.76367,25.15934],[121.76378,25.16002],[121.76024,25.1603],[121.75963,25.16113],[121.75764,25.16078],[121.75734,25.15969],[121.75684,25.15959]]}},{"type":"Feature","properties":{"n":"和一路","k":5},"geometry":{"type":"LineString","coordinates":[[121.76327,25.15502],[121.76791,25.15487],[121.76856,25.15446],[121.76867,25.1543]]}},{"type":"Feature","properties":{"n":"和一路","k":5},"geometry":{"type":"LineString","coordinates":[[121.76824,25.15468],[121.76806,25.15435],[121.76815,25.15419]]}},{"type":"Feature","properties":{"n":"平二路","k":5},"geometry":{"type":"LineString","coordinates":[[121.76398,25.15601],[121.7646,25.15511],[121.76462,25.15498]]}},{"type":"Feature","properties":{"n":"崇法街135巷1弄","k":5},"geometry":{"type":"LineString","coordinates":[[121.76824,25.13476],[121.76761,25.13523]]}},{"type":"Feature","properties":{"n":"崇法街135巷","k":5},"geometry":{"type":"LineString","coordinates":[[121.76843,25.13495],[121.76762,25.13411]]}},{"type":"Feature","properties":{"n":"崇法街135巷3弄","k":5},"geometry":{"type":"LineString","coordinates":[[121.76786,25.13436],[121.76731,25.13476],[121.7672,25.13463]]}},{"type":"Feature","properties":{"n":"崇法街135巷5弄","k":5},"geometry":{"type":"LineString","coordinates":[[121.76762,25.13411],[121.76709,25.13449],[121.7672,25.13463]]}},{"type":"Feature","properties":{"n":"崇法街135巷7弄","k":5},"geometry":{"type":"LineString","coordinates":[[121.76762,25.13411],[121.76732,25.13383],[121.76723,25.13383],[121.76686,25.13414]]}},{"type":"Feature","properties":{"n":"崇法街89巷","k":5},"geometry":{"type":"LineString","coordinates":[[121.76604,25.13366],[121.76615,25.13445],[121.76626,25.1346],[121.76731,25.13542],[121.76737,25.13575],[121.76724,25.13573]]}},{"type":"Feature","properties":{"n":"東峰街","k":5},"geometry":{"type":"LineString","coordinates":[[121.77712,25.13039],[121.77328,25.13325]]}},{"type":"Feature","properties":{"n":"東峰街42巷","k":5},"geometry":{"type":"LineString","coordinates":[[121.77465,25.13222],[121.77389,25.13139],[121.77393,25.13087],[121.77371,25.13047]]}},{"type":"Feature","properties":{"n":"福民街","k":5},"geometry":{"type":"LineString","coordinates":[[121.77758,25.13098],[121.77742,25.13104],[121.77425,25.13341]]}},{"type":"Feature","properties":{"n":"東峰街55巷","k":5},"geometry":{"type":"LineString","coordinates":[[121.77465,25.13222],[121.77515,25.13274]]}},{"type":"Feature","properties":{"n":"教忠街","k":5},"geometry":{"type":"LineString","coordinates":[[121.77977,25.13938],[121.7797,25.1385],[121.77947,25.13793],[121.77743,25.1343],[121.77736,25.13408],[121.77731,25.13331],[121.7771,25.13307]]}},{"type":"Feature","properties":{"n":"教忠街40巷","k":5},"geometry":{"type":"LineString","coordinates":[[121.77736,25.13408],[121.77854,25.13407]]}},{"type":"Feature","properties":{"n":"教忠街40巷","k":5},"geometry":{"type":"LineString","coordinates":[[121.77813,25.13407],[121.77829,25.13511]]}},{"type":"Feature","properties":{"n":"教忠街40巷56弄","k":5},"geometry":{"type":"LineString","coordinates":[[121.77815,25.13429],[121.7785,25.13426]]}},{"type":"Feature","properties":{"n":"立德路","k":5},"geometry":{"type":"LineString","coordinates":[[121.76759,25.14455],[121.76926,25.14424],[121.76959,25.14407],[121.76983,25.14378],[121.76997,25.14373],[121.77074,25.14372],[121.7716,25.14328],[121.77205,25.14334],[121.7723,25.14328],[121.77264,25.14277],[121.77299,25.14246],[121.773,25.1423],[121.77289,25.14194],[121.77304,25.14165],[121.77301,25.14147],[121.77266,25.14136],[121.77248,25.1412],[121.77232,25.14096],[121.77236,25.14083],[121.77259,25.14076],[121.77301,25.14107],[121.77339,25.14107],[121.77371,25.14098],[121.77403,25.14051],[121.77411,25.14031],[121.77399,25.14014],[121.77311,25.1402],[121.77287,25.14011],[121.77267,25.1393],[121.77251,25.13891],[121.77244,25.13846],[121.7716,25.13774],[121.7712,25.13752],[121.77114,25.13735],[121.77117,25.13725],[121.77128,25.1372]]}},{"type":"Feature","properties":{"n":"深美街","k":5},"geometry":{"type":"LineString","coordinates":[[121.78275,25.13506],[121.78129,25.13488],[121.78106,25.13498],[121.7787,25.13674],[121.77539,25.13738]]}},{"type":"Feature","properties":{"n":"深美街201巷","k":5},"geometry":{"type":"LineString","coordinates":[[121.77817,25.13565],[121.77769,25.13577],[121.7776,25.13588],[121.77695,25.13672],[121.77704,25.13707]]}},{"type":"Feature","properties":{"n":"教忠街25巷","k":5},"geometry":{"type":"LineString","coordinates":[[121.77773,25.13483],[121.77729,25.13504],[121.77796,25.1363],[121.77815,25.13687]]}},{"type":"Feature","properties":{"n":"教忠街100巷","k":5},"geometry":{"type":"LineString","coordinates":[[121.77854,25.13629],[121.78043,25.13487],[121.78076,25.13521]]}},{"type":"Feature","properties":{"n":"教忠街115巷","k":5},"geometry":{"type":"LineString","coordinates":[[121.7773,25.13834],[121.77744,25.13888],[121.7797,25.1385]]}},{"type":"Feature","properties":{"n":"教忠街95巷","k":5},"geometry":{"type":"LineString","coordinates":[[121.7773,25.13834],[121.77947,25.13793]]}},{"type":"Feature","properties":{"n":"東美一街","k":5},"geometry":{"type":"LineString","coordinates":[[121.77128,25.1372],[121.77383,25.13604],[121.77378,25.13587]]}},{"type":"Feature","properties":{"n":"東美二街","k":5},"geometry":{"type":"LineString","coordinates":[[121.77231,25.13718],[121.77193,25.13649],[121.7736,25.13574],[121.77378,25.13587]]}},{"type":"Feature","properties":{"n":"教忠街64巷","k":5},"geometry":{"type":"LineString","coordinates":[[121.77797,25.13527],[121.77829,25.13511],[121.77859,25.13505],[121.77911,25.13502],[121.77927,25.13516]]}},{"type":"Feature","properties":{"n":"教忠街80巷","k":5},"geometry":{"type":"LineString","coordinates":[[121.78043,25.13487],[121.78011,25.13453],[121.77905,25.13535],[121.77817,25.13565]]}},{"type":"Feature","properties":{"n":"教孝街","k":5},"geometry":{"type":"LineString","coordinates":[[121.77679,25.13711],[121.77683,25.1374],[121.7762,25.13812],[121.77596,25.13825],[121.77539,25.13738],[121.77465,25.13753],[121.77396,25.13648]]}},{"type":"Feature","properties":{"n":"教孝街55巷","k":5},"geometry":{"type":"LineString","coordinates":[[121.77531,25.1386],[121.77496,25.13803]]}},{"type":"Feature","properties":{"n":"教孝街55巷16弄","k":5},"geometry":{"type":"LineString","coordinates":[[121.77596,25.13825],[121.77531,25.1386]]}},{"type":"Feature","properties":{"n":"深美街200巷","k":5},"geometry":{"type":"LineString","coordinates":[[121.77704,25.13707],[121.7773,25.13834]]}},{"type":"Feature","properties":{"n":"新豐街303巷","k":5},"geometry":{"type":"LineString","coordinates":[[121.78851,25.13293],[121.7884,25.13299],[121.78812,25.13436],[121.78733,25.13574]]}},{"type":"Feature","properties":{"n":"新豐街303巷11弄","k":5},"geometry":{"type":"LineString","coordinates":[[121.78813,25.13428],[121.78899,25.1347]]}},{"type":"Feature","properties":{"n":"新豐街","k":5},"geometry":{"type":"LineString","coordinates":[[121.78825,25.14351],[121.78841,25.14308],[121.78938,25.1421],[121.78949,25.14192],[121.78963,25.14133],[121.78997,25.14083],[121.78938,25.1391],[121.78894,25.1389],[121.78908,25.13781],[121.78868,25.13744],[121.78733,25.13574],[121.78275,25.13506]]}},{"type":"Feature","properties":{"n":"新豐街333巷","k":5},"geometry":{"type":"LineString","coordinates":[[121.78461,25.13531],[121.78483,25.13407],[121.78493,25.13387],[121.78511,25.13375],[121.78556,25.13368],[121.78614,25.13379]]}},{"type":"Feature","properties":{"n":"新豐街251巷","k":5},"geometry":{"type":"LineString","coordinates":[[121.78788,25.13642],[121.78809,25.13617],[121.78883,25.13485]]}},{"type":"Feature","properties":{"n":"環港街","k":5},"geometry":{"type":"LineString","coordinates":[[121.79402,25.13967],[121.79041,25.14385]]}},{"type":"Feature","properties":{"n":"和豐街","k":5},"geometry":{"type":"LineString","coordinates":[[121.7961,25.1359],[121.79516,25.13629],[121.79489,25.13659],[121.79467,25.13668],[121.79384,25.13673],[121.79368,25.13668],[121.79319,25.13633],[121.79286,25.13637],[121.79255,25.13661],[121.79229,25.13714],[121.79143,25.13792],[121.79118,25.13804],[121.7909,25.13809],[121.78908,25.13781]]}},{"type":"Feature","properties":{"n":"漁港一街","k":5},"geometry":{"type":"LineString","coordinates":[[121.79041,25.14385],[121.78904,25.14289]]}},{"type":"Feature","properties":{"n":"漁港一街","k":5},"geometry":{"type":"LineString","coordinates":[[121.78912,25.14283],[121.79046,25.14379]]}},{"type":"Feature","properties":{"n":"北寧路","k":2},"geometry":{"type":"LineString","coordinates":[[121.77248,25.15096],[121.7734,25.15107],[121.77558,25.15086],[121.77613,25.15103],[121.77662,25.15127],[121.77698,25.15131],[121.77736,25.15124],[121.78017,25.15042],[121.78159,25.14978],[121.78225,25.14934],[121.78253,25.14907],[121.7827,25.14881],[121.78327,25.14772],[121.78363,25.14618],[121.78389,25.14573],[121.78643,25.14411],[121.78825,25.14351],[121.78961,25.14239],[121.79,25.14217],[121.79218,25.1412],[121.79231,25.14104],[121.79273,25.13989],[121.79311,25.13963],[121.79355,25.13959],[121.79453,25.13972],[121.79493,25.13972],[121.79567,25.13959],[121.79623,25.13958],[121.79655,25.13971],[121.79694,25.14003],[121.79712,25.1401],[121.79725,25.1401],[121.79778,25.13994],[121.79929,25.13995],[121.80027,25.14026],[121.80054,25.14024],[121.80175,25.13989],[121.80192,25.13978],[121.80217,25.1394],[121.80252,25.13878],[121.80259,25.13854],[121.80254,25.13839],[121.80203,25.13767],[121.80181,25.13659],[121.80183,25.13625],[121.80196,25.13602],[121.80229,25.13573],[121.803,25.13538]]}},{"type":"Feature","properties":{"n":"新豐街162巷","k":5},"geometry":{"type":"LineString","coordinates":[[121.78868,25.13744],[121.78747,25.1384],[121.78709,25.13847],[121.78503,25.13847],[121.78474,25.13858],[121.78452,25.1389],[121.78454,25.1397],[121.78428,25.14056]]}},{"type":"Feature","properties":{"n":"教忠街168巷","k":5},"geometry":{"type":"LineString","coordinates":[[121.78075,25.13892],[121.78089,25.13911]]}},{"type":"Feature","properties":{"n":"和一路2巷","k":5},"geometry":{"type":"LineString","coordinates":[[121.76867,25.1543],[121.77045,25.15614],[121.77085,25.15647],[121.77268,25.15722],[121.77314,25.15772],[121.77513,25.15859]]}},{"type":"Feature","properties":{"n":"和平街","k":5},"geometry":{"type":"LineString","coordinates":[[121.76805,25.15482],[121.76823,25.15535],[121.76868,25.15619],[121.76922,25.15688],[121.76922,25.15698],[121.76874,25.15758],[121.76813,25.15776],[121.76761,25.15769],[121.76701,25.15748]]}},{"type":"Feature","properties":{"n":"社寮橋","k":5},"geometry":{"type":"LineString","coordinates":[[121.77337,25.15514],[121.77285,25.15675]]}},{"type":"Feature","properties":{"n":"正濱路116巷","k":5},"geometry":{"type":"LineString","coordinates":[[121.76909,25.15352],[121.76938,25.15358],[121.76968,25.15342],[121.77019,25.15362],[121.77036,25.15363],[121.77197,25.15353],[121.77249,25.15336]]}},{"type":"Feature","properties":{"n":"正濱路116巷5弄","k":5},"geometry":{"type":"LineString","coordinates":[[121.77019,25.15362],[121.77045,25.15398],[121.77048,25.15418],[121.77078,25.15441],[121.77072,25.1547],[121.7708,25.15493],[121.77258,25.15526]]}},{"type":"Feature","properties":{"n":"正濱路","k":5},"geometry":{"type":"LineString","coordinates":[[121.7702,25.15187],[121.77047,25.15243],[121.76909,25.15352]]}},{"type":"Feature","properties":{"n":"正濱路116巷7弄","k":5},"geometry":{"type":"LineString","coordinates":[[121.77078,25.15441],[121.77209,25.15434]]}},{"type":"Feature","properties":{"n":"和一路41巷4弄","k":5},"geometry":{"type":"LineString","coordinates":[[121.76789,25.15452],[121.76729,25.15453]]}},{"type":"Feature","properties":{"n":"和平島聯外道路","k":5},"geometry":{"type":"LineString","coordinates":[[121.77528,25.15088],[121.77527,25.15111],[121.77404,25.1536],[121.77337,25.15514]]}},{"type":"Feature","properties":{"n":"和平島聯外道路","k":5},"geometry":{"type":"LineString","coordinates":[[121.77285,25.15675],[121.77268,25.15722]]}},{"type":"Feature","properties":{"n":"北寧路154巷","k":5},"geometry":{"type":"LineString","coordinates":[[121.78136,25.1499],[121.78127,25.14974],[121.78008,25.14986],[121.77941,25.14976]]}},{"type":"Feature","properties":{"n":"平一路33巷","k":5},"geometry":{"type":"LineString","coordinates":[[121.76444,25.15673],[121.76387,25.15643],[121.7633,25.15643],[121.76329,25.15603]]}},{"type":"Feature","properties":{"n":"和二路","k":5},"geometry":{"type":"LineString","coordinates":[[121.76329,25.15603],[121.76398,25.15601],[121.76469,25.15641]]}},{"type":"Feature","properties":{"n":"漁港二街","k":5},"geometry":{"type":"LineString","coordinates":[[121.79559,25.14148],[121.79585,25.14369],[121.79371,25.14624]]}},{"type":"Feature","properties":{"n":"漁港二街","k":5},"geometry":{"type":"LineString","coordinates":[[121.7937,25.14002],[121.7955,25.14135]]}},{"type":"Feature","properties":{"n":"漁港三街","k":5},"geometry":{"type":"LineString","coordinates":[[121.79453,25.13972],[121.7962,25.14101],[121.7964,25.14109],[121.79666,25.14333]]}},{"type":"Feature","properties":{"n":"八斗街","k":5},"geometry":{"type":"LineString","coordinates":[[121.79584,25.14351],[121.79729,25.14324],[121.7974,25.143],[121.79736,25.14265],[121.7971,25.14174],[121.79713,25.14152],[121.7964,25.14109],[121.79605,25.13966],[121.79609,25.13958]]}},{"type":"Feature","properties":{"n":"八斗街","k":5},"geometry":{"type":"LineString","coordinates":[[121.79644,25.1434],[121.79608,25.14373],[121.79602,25.14446],[121.7952,25.14501],[121.79483,25.14504],[121.79477,25.14499]]}},{"type":"Feature","properties":{"n":"北寧路369巷","k":5},"geometry":{"type":"LineString","coordinates":[[121.79989,25.14016],[121.79994,25.14081],[121.80032,25.14073],[121.80064,25.14074],[121.80117,25.14086],[121.80148,25.14114],[121.80188,25.1417],[121.80203,25.1421],[121.80244,25.14244],[121.80291,25.14297],[121.80316,25.14404]]}},{"type":"Feature","properties":{"n":"觀海街","k":5},"geometry":{"type":"LineString","coordinates":[[121.79513,25.13632],[121.79526,25.13665],[121.79524,25.13687],[121.79513,25.13701],[121.7947,25.13716],[121.79354,25.13721],[121.7935,25.13795],[121.79353,25.13806],[121.79365,25.13812],[121.79475,25.1382],[121.79478,25.13912],[121.79482,25.13928],[121.79493,25.13937],[121.79507,25.13937],[121.79512,25.13928],[121.79512,25.13855],[121.79527,25.1385],[121.79541,25.13856],[121.79545,25.13897],[121.79513,25.13968]]}},{"type":"Feature","properties":{"n":"北寧路446巷","k":5},"geometry":{"type":"LineString","coordinates":[[121.79868,25.13926],[121.79834,25.13943],[121.79834,25.13995]]}},{"type":"Feature","properties":{"n":"北寧路275巷","k":5},"geometry":{"type":"LineString","coordinates":[[121.79402,25.13967],[121.79357,25.13983],[121.79313,25.14009],[121.7928,25.14037],[121.79249,25.14075],[121.79242,25.14073]]}},{"type":"Feature","properties":{"n":"調和大橋","k":5},"geometry":{"type":"LineString","coordinates":[[121.79622,25.13646],[121.79621,25.13643]]}},{"type":"Feature","properties":{"n":"平浪橋","k":5},"geometry":{"type":"LineString","coordinates":[[121.80187,25.14058],[121.80187,25.14071]]}}]}