{"type":"FeatureCollection","features":[{"type":"Feature","properties":{"n":"中橫公路宜蘭支線","k":2},"geometry":{"type":"LineString","coordinates":[[121.3525,24.39144],[121.35312,24.39196],[121.35351,24.3926],[121.35353,24.39271],[121.35335,24.3932],[121.3534,24.39363],[121.35355,24.39396],[121.35593,24.39614],[121.35676,24.39683],[121.35709,24.39685],[121.3574,24.39673],[121.35752,24.39663],[121.35828,24.39634],[121.35882,24.3963],[121.35893,24.39634],[121.35934,24.39667],[121.35955,24.39667],[121.35974,24.39649],[121.35999,24.39578],[121.36015,24.39551],[121.36024,24.39544],[121.36101,24.39548],[121.36155,24.39531],[121.36198,24.39497],[121.36234,24.39486],[121.36253,24.39456],[121.36268,24.39443],[121.36286,24.39441],[121.36311,24.39459],[121.36343,24.39499],[121.36353,24.39524],[121.3636,24.39579],[121.36372,24.39602],[121.36388,24.39619],[121.36426,24.39637],[121.36445,24.39639],[121.36453,24.39646],[121.36493,24.39701],[121.36543,24.39752],[121.36554,24.39754],[121.36601,24.39742],[121.36644,24.39737],[121.36678,24.39724],[121.36698,24.39729],[121.36755,24.39767],[121.36805,24.39819],[121.36852,24.3983],[121.36912,24.39853],[121.36919,24.3986],[121.36919,24.3987],[121.36912,24.39877],[121.36899,24.39877],[121.36861,24.39851],[121.36796,24.39845],[121.36738,24.39808],[121.3667,24.39782],[121.36652,24.39786],[121.3659,24.39832],[121.36572,24.39841],[121.36537,24.39849],[121.3651,24.39865],[121.36487,24.39927],[121.36462,24.39943],[121.36444,24.39941],[121.36436,24.39933],[121.36438,24.39864],[121.36427,24.39857],[121.36414,24.3986],[121.36406,24.39879],[121.3641,24.39926],[121.36423,24.39969],[121.36429,24.3998],[121.36444,24.39984],[121.36468,24.39978],[121.36492,24.39958],[121.3653,24.3995],[121.36592,24.39898],[121.36658,24.39889],[121.36698,24.39872],[121.3673,24.39872],[121.36806,24.39914],[121.36837,24.39946],[121.36876,24.39963],[121.36886,24.39978],[121.3689,24.40015],[121.36875,24.40072],[121.36923,24.40134],[121.36927,24.40175],[121.36921,24.40212],[121.36914,24.40218],[121.36906,24.40218],[121.36901,24.40209],[121.36903,24.40171],[121.36897,24.40153],[121.36879,24.40126],[121.3684,24.40084],[121.36841,24.40018],[121.36822,24.40006],[121.36781,24.39999],[121.36738,24.4],[121.36723,24.40006],[121.36695,24.40035],[121.36676,24.40041],[121.36592,24.40026],[121.36565,24.40033],[121.36543,24.40063],[121.3653,24.4015],[121.36523,24.40161],[121.36467,24.40203],[121.36425,24.40214],[121.36416,24.40212],[121.36401,24.40199],[121.36376,24.40146],[121.36295,24.4009],[121.36282,24.4007],[121.36268,24.40016],[121.3625,24.39997],[121.36232,24.39988],[121.36194,24.39982],[121.36184,24.39995],[121.36204,24.40009],[121.36236,24.40015],[121.36248,24.40024],[121.36255,24.40088],[121.36266,24.40106],[121.36296,24.40134],[121.36305,24.40192],[121.36331,24.40227],[121.36342,24.40276],[121.36431,24.40336],[121.36457,24.40339],[121.36469,24.40331],[121.36478,24.40321],[121.36495,24.40283],[121.36599,24.4021],[121.36622,24.40182],[121.36629,24.40179],[121.36669,24.40202],[121.36681,24.40203],[121.36699,24.40194],[121.36709,24.40177],[121.36727,24.40162],[121.36743,24.40171],[121.36751,24.40184],[121.36758,24.40214],[121.36758,24.40252],[121.36734,24.40312],[121.36745,24.40375],[121.36736,24.40435],[121.36695,24.40469],[121.36691,24.40484],[121.36704,24.40542],[121.36695,24.40578],[121.36702,24.40619],[121.36698,24.40634],[121.36687,24.40639],[121.36676,24.40634],[121.36672,24.40624],[121.3668,24.40546],[121.3667,24.40503],[121.36676,24.40441],[121.36693,24.40422],[121.36698,24.40405],[121.36695,24.40387],[121.36665,24.40336],[121.36665,24.4028],[121.36661,24.40269],[121.3665,24.40261],[121.36633,24.40259],[121.36622,24.40263],[121.36593,24.40283],[121.36554,24.40345],[121.36517,24.40377],[121.36492,24.4042],[121.36483,24.40428],[121.36431,24.40449],[121.36369,24.40491],[121.36337,24.4054],[121.36313,24.40557],[121.36294,24.40557],[121.36288,24.40553],[121.36276,24.40527],[121.36279,24.40499],[121.36275,24.40484],[121.36262,24.40473],[121.36214,24.40451],[121.36205,24.40439],[121.36198,24.40398],[121.36189,24.40387],[121.36137,24.40362],[121.36115,24.4036]]}},{"type":"Feature","properties":{"n":"中橫公路宜蘭支線","k":2},"geometry":{"type":"LineString","coordinates":[[121.36087,24.40362],[121.36075,24.40364],[121.36066,24.40373],[121.36061,24.40402],[121.3603,24.40475],[121.36028,24.40508],[121.36045,24.40548],[121.36048,24.40603],[121.3604,24.40616],[121.36024,24.40627],[121.3598,24.40648],[121.35913,24.40661],[121.35841,24.40628],[121.35702,24.40612],[121.35675,24.40596],[121.35659,24.40593]]}},{"type":"Feature","properties":{"n":"中橫公路宜蘭支線","k":2},"geometry":{"type":"LineString","coordinates":[[121.35644,24.40599],[121.35629,24.40615],[121.35629,24.40628],[121.35641,24.40651],[121.3566,24.40672],[121.35783,24.40761],[121.35824,24.40772],[121.35876,24.4081],[121.35882,24.40832],[121.35882,24.40885],[121.35889,24.40905],[121.35916,24.40948],[121.35949,24.40984],[121.35974,24.41044],[121.35992,24.4107],[121.36043,24.41121],[121.36039,24.41134],[121.36028,24.41143],[121.3597,24.41149],[121.35878,24.41222],[121.35824,24.41233],[121.35818,24.41242]]}},{"type":"Feature","properties":{"n":"星文橋","k":2},"geometry":{"type":"LineString","coordinates":[[121.35659,24.40593],[121.35644,24.40599]]}},{"type":"Feature","properties":{"n":"章傑橋","k":2},"geometry":{"type":"LineString","coordinates":[[121.36115,24.4036],[121.36087,24.40362]]}},{"type":"Feature","properties":{"n":"家驤橋","k":2},"geometry":{"type":"LineString","coordinates":[[121.35818,24.41242],[121.35818,24.41261]]}},{"type":"Feature","properties":{"n":"泰雅路七段","k":2},"geometry":{"type":"LineString","coordinates":[[121.35818,24.41261],[121.35828,24.41276],[121.35854,24.41287],[121.35884,24.41284],[121.35929,24.41256],[121.35952,24.41249],[121.35975,24.4125],[121.36028,24.41277],[121.36082,24.41289],[121.36097,24.41284],[121.3612,24.41265],[121.36219,24.41247],[121.36247,24.4125],[121.36265,24.41257],[121.36385,24.41309],[121.36395,24.41315],[121.364,24.41325],[121.36361,24.41404],[121.36335,24.4144],[121.36333,24.41451],[121.36343,24.41467],[121.3639,24.41485],[121.3646,24.41498],[121.36503,24.415],[121.36525,24.41492],[121.36565,24.41421],[121.36581,24.41416],[121.36591,24.41419],[121.36664,24.41472],[121.36672,24.4149],[121.36683,24.41552],[121.36723,24.41648],[121.36723,24.4166],[121.36709,24.41672],[121.36665,24.41671],[121.36655,24.41689],[121.36665,24.41725],[121.36691,24.41767],[121.36734,24.41868],[121.36738,24.41881],[121.36736,24.4191],[121.36729,24.41919],[121.36688,24.41935],[121.36626,24.41973],[121.36614,24.41986],[121.36609,24.42001],[121.36615,24.42021],[121.36625,24.42032],[121.36648,24.42045],[121.36699,24.42058],[121.36785,24.42095],[121.36861,24.42175],[121.36876,24.42207],[121.36858,24.42253],[121.36857,24.4228],[121.36837,24.42333],[121.36832,24.42401],[121.36809,24.42444],[121.36769,24.42461],[121.36741,24.42503],[121.367,24.42543],[121.36683,24.42555],[121.36652,24.42561],[121.36621,24.42591],[121.36607,24.42627],[121.36605,24.42655],[121.36615,24.42676],[121.36668,24.42739],[121.3667,24.42762],[121.36658,24.42792],[121.3663,24.42816],[121.36578,24.42838],[121.36513,24.42888],[121.36488,24.42883],[121.36466,24.4287],[121.36438,24.42868],[121.36412,24.42872],[121.36378,24.42887],[121.36356,24.42904],[121.36333,24.42937],[121.36322,24.42968],[121.36323,24.42985]]}},{"type":"Feature","properties":{"n":"泰雅路七段","k":2},"geometry":{"type":"LineString","coordinates":[[121.3842,24.4443],[121.38506,24.44421],[121.38543,24.44408],[121.38558,24.44389],[121.38555,24.44367],[121.38547,24.44353],[121.38476,24.44261],[121.3846,24.44262],[121.38456,24.4427],[121.38478,24.44334],[121.38475,24.44346],[121.38458,24.44352],[121.38442,24.44345],[121.38422,24.44307],[121.38397,24.44283],[121.38321,24.4425],[121.38315,24.44232],[121.3832,24.44223],[121.384,24.44209],[121.38408,24.44196],[121.38407,24.44183],[121.38372,24.44148],[121.38338,24.44105],[121.38296,24.4409],[121.38243,24.44047],[121.38229,24.44048],[121.38224,24.44059],[121.38263,24.44114],[121.38261,24.44129],[121.3825,24.44135],[121.38089,24.44135],[121.3807,24.44125],[121.38051,24.44106],[121.379,24.43869],[121.37852,24.43751],[121.37804,24.43712],[121.3779,24.43694],[121.37779,24.43661],[121.37775,24.43629],[121.3778,24.43592],[121.37804,24.43549],[121.37806,24.43536],[121.37801,24.43516],[121.37739,24.43429],[121.3772,24.43412],[121.37686,24.43397],[121.37661,24.43373],[121.3766,24.4334],[121.37676,24.433],[121.37675,24.43264],[121.37644,24.43206],[121.37625,24.43181],[121.37611,24.43171],[121.37576,24.43156],[121.37535,24.43156],[121.37514,24.4316],[121.37404,24.43201],[121.37367,24.4319],[121.37336,24.43162],[121.37322,24.43117],[121.37305,24.43098],[121.37266,24.43083],[121.37229,24.43077],[121.37216,24.43071],[121.37199,24.43053],[121.37197,24.43042],[121.37202,24.43025],[121.37241,24.42987],[121.37245,24.42972],[121.37227,24.42958],[121.37198,24.42948],[121.37167,24.42947],[121.37114,24.42964],[121.37053,24.42956],[121.36965,24.42989],[121.36908,24.42996],[121.36867,24.43007],[121.36818,24.43008],[121.36719,24.43021],[121.36541,24.43065],[121.36385,24.43044],[121.36355,24.43034]]}},{"type":"Feature","properties":{"n":"泰雅路七段","k":2},"geometry":{"type":"LineString","coordinates":[[121.39523,24.46247],[121.39501,24.46256],[121.39469,24.46307],[121.39458,24.46316],[121.39447,24.46318],[121.39435,24.46312],[121.3944,24.46264],[121.39433,24.46252],[121.39425,24.46249],[121.39412,24.46256],[121.39396,24.46314],[121.39377,24.46319],[121.39361,24.46305],[121.39357,24.46279],[121.39365,24.46229],[121.39386,24.46205],[121.39428,24.46171],[121.39461,24.46129],[121.39452,24.46076],[121.3946,24.46035],[121.39458,24.46016],[121.39447,24.45996],[121.39405,24.45945],[121.39391,24.45887],[121.39393,24.45857],[121.39429,24.45795],[121.39431,24.45768],[121.39419,24.45754],[121.39361,24.45747],[121.39336,24.45739],[121.39324,24.45728],[121.39313,24.45706],[121.39312,24.45686],[121.39332,24.45631],[121.39332,24.45604],[121.39297,24.45537],[121.3923,24.45461],[121.39192,24.45402],[121.39171,24.45358],[121.39039,24.45231],[121.39027,24.45213],[121.39027,24.45195],[121.39047,24.45157],[121.39046,24.45129],[121.39017,24.45071],[121.38977,24.45029],[121.38975,24.45013],[121.38986,24.44991],[121.38983,24.44976],[121.38936,24.44924],[121.38935,24.44853],[121.3891,24.44806],[121.38825,24.44731],[121.38703,24.44668],[121.38684,24.44654],[121.38653,24.44621],[121.38636,24.44582],[121.38615,24.44562],[121.38527,24.44507],[121.38508,24.44502],[121.38472,24.44504],[121.38451,24.445],[121.38407,24.44472],[121.38402,24.44457]]}},{"type":"Feature","properties":{"n":"泰雅路七段351巷","k":5},"geometry":{"type":"LineString","coordinates":[[121.36626,24.41973],[121.36658,24.41981],[121.36747,24.41979],[121.36766,24.42],[121.36809,24.41999],[121.36899,24.41924],[121.36949,24.41941],[121.3698,24.41943],[121.3703,24.41982],[121.37103,24.42055],[121.37147,24.42074],[121.37177,24.42102],[121.37191,24.42107],[121.37224,24.42101],[121.37272,24.42078],[121.3735,24.42169]]}},{"type":"Feature","properties":{"n":"泰雅路七段331巷","k":5},"geometry":{"type":"LineString","coordinates":[[121.3667,24.42762],[121.36714,24.42745],[121.36743,24.42723],[121.36838,24.42704],[121.36948,24.42657],[121.37038,24.42594],[121.37095,24.42569],[121.37117,24.42545],[121.37174,24.42515],[121.37261,24.42493],[121.3729,24.425],[121.37366,24.42487],[121.37416,24.42504],[121.37433,24.425],[121.37472,24.42451],[121.37451,24.42389],[121.37391,24.42367],[121.37302,24.42373],[121.37289,24.42362],[121.37297,24.42346],[121.37419,24.42296],[121.37473,24.42279],[121.37548,24.42268],[121.37564,24.42149]]}},{"type":"Feature","properties":{"n":"可法橋","k":2},"geometry":{"type":"LineString","coordinates":[[121.36355,24.43034],[121.36327,24.42998],[121.36323,24.42985]]}},{"type":"Feature","properties":{"n":"開埤巷","k":5},"geometry":{"type":"LineString","coordinates":[[121.38209,24.44137],[121.38202,24.44118],[121.38144,24.44075],[121.38121,24.44049],[121.38091,24.43996],[121.38081,24.43948],[121.38061,24.43907],[121.37965,24.43769]]}},{"type":"Feature","properties":{"n":"米羅產業道路","k":5},"geometry":{"type":"LineString","coordinates":[[121.38404,24.44467],[121.38343,24.44416],[121.38322,24.44385],[121.38226,24.44289],[121.38193,24.44244],[121.38175,24.44234],[121.38141,24.44243],[121.38111,24.44274],[121.38039,24.4433],[121.38029,24.44348],[121.38079,24.44328],[121.38103,24.4433],[121.38136,24.44355],[121.38159,24.44389],[121.3818,24.4444],[121.3819,24.44499],[121.38183,24.44526],[121.382,24.44568],[121.38186,24.44603],[121.38214,24.44642],[121.38218,24.44669],[121.38228,24.44686],[121.38309,24.4474],[121.38303,24.4475],[121.38239,24.44728],[121.38226,24.44728],[121.38225,24.44734],[121.38287,24.44768],[121.38336,24.44809],[121.38366,24.44804],[121.3837,24.44797],[121.38366,24.44783],[121.38407,24.44781],[121.38448,24.4481],[121.38445,24.44814],[121.38416,24.44809],[121.38407,24.44837],[121.38365,24.44865],[121.38284,24.44861],[121.3829,24.4487],[121.38328,24.44885],[121.38396,24.44903],[121.38429,24.44896],[121.38444,24.449],[121.38502,24.44939],[121.38494,24.44944],[121.38454,24.44929],[121.38425,24.44936],[121.38392,24.44932],[121.3837,24.44957],[121.38336,24.44958],[121.38342,24.44969],[121.38378,24.44983],[121.3844,24.44997],[121.38448,24.4501],[121.38447,24.45023],[121.38427,24.45056],[121.38425,24.45096],[121.38407,24.45107],[121.38385,24.45108],[121.38366,24.45101],[121.38355,24.45105],[121.38331,24.45149],[121.38294,24.45168],[121.3829,24.45189],[121.38382,24.45297],[121.3837,24.4533],[121.38406,24.45346],[121.38456,24.45336],[121.38489,24.45345],[121.38505,24.45356],[121.3855,24.45366]]}},{"type":"Feature","properties":{"n":"美優橋","k":2},"geometry":{"type":"LineString","coordinates":[[121.38402,24.44457],[121.38409,24.44437],[121.3842,24.4443]]}},{"type":"Feature","properties":{"n":"則前橋","k":2},"geometry":{"type":"LineString","coordinates":[[121.39587,24.46246],[121.39523,24.46247]]}},{"type":"Feature","properties":{"n":"泰雅路六段","k":2},"geometry":{"type":"LineString","coordinates":[[121.41023,24.46915],[121.41013,24.46932],[121.41014,24.46945],[121.41054,24.47082],[121.4105,24.47175],[121.41044,24.47208],[121.41054,24.47262],[121.41046,24.47277],[121.41028,24.47282],[121.41013,24.47279],[121.40928,24.4719],[121.40908,24.47148],[121.40816,24.46996],[121.40786,24.46961],[121.40714,24.46894],[121.40687,24.4688],[121.40627,24.46863],[121.40513,24.46771],[121.4035,24.46676],[121.40254,24.46659],[121.40161,24.46599],[121.40128,24.46586],[121.4002,24.46553],[121.39952,24.46545],[121.39925,24.46527],[121.39903,24.46497],[121.39846,24.46471],[121.3982,24.46431],[121.3974,24.46388],[121.39709,24.46382],[121.3963,24.46382],[121.39602,24.46376],[121.39592,24.46367],[121.39588,24.46352],[121.39591,24.46342],[121.39607,24.4633],[121.39627,24.46327],[121.3974,24.46331],[121.39756,24.46325],[121.39758,24.46316],[121.39748,24.46308],[121.39597,24.46292],[121.39589,24.46279],[121.39603,24.46271],[121.39667,24.46284],[121.39677,24.46275],[121.39665,24.46264],[121.3963,24.46251],[121.39587,24.46246]]}},{"type":"Feature","properties":{"n":"泰雅路六段","k":2},"geometry":{"type":"LineString","coordinates":[[121.41698,24.47463],[121.41659,24.47434],[121.41641,24.4737],[121.41623,24.47334],[121.41552,24.47256],[121.41528,24.47221],[121.41467,24.47164],[121.4138,24.47097],[121.41336,24.47057],[121.41211,24.46816],[121.41192,24.46807],[121.41178,24.46812]]}},{"type":"Feature","properties":{"n":"泰雅路六段","k":2},"geometry":{"type":"LineString","coordinates":[[121.42552,24.48502],[121.42536,24.48492],[121.42459,24.48475],[121.42346,24.484],[121.423,24.48355],[121.42245,24.48196],[121.42174,24.48126],[121.42137,24.4807],[121.42128,24.48042],[121.4212,24.47962],[121.42066,24.47747],[121.41976,24.47636],[121.4191,24.47589],[121.41718,24.47476]]}},{"type":"Feature","properties":{"n":"泰雅路六段","k":2},"geometry":{"type":"LineString","coordinates":[[121.43079,24.4947],[121.43065,24.49443],[121.43017,24.49379],[121.43,24.49327],[121.42989,24.49308],[121.42967,24.49283],[121.42924,24.49248],[121.42825,24.49118],[121.42778,24.49067],[121.4273,24.48981],[121.42669,24.48934],[121.42608,24.48904],[121.42572,24.48865],[121.42484,24.48668],[121.42481,24.4865],[121.42487,24.48632],[121.42498,24.48618],[121.42562,24.48571],[121.42564,24.48555]]}},{"type":"Feature","properties":{"n":"泰雅路六段","k":2},"geometry":{"type":"LineString","coordinates":[[121.43687,24.50911],[121.43679,24.5089],[121.4367,24.50808],[121.43685,24.50664],[121.43672,24.50621],[121.43653,24.50584],[121.43649,24.50564],[121.43653,24.50426],[121.43629,24.50359],[121.43589,24.503],[121.43589,24.5022],[121.43556,24.50077],[121.43501,24.49987],[121.43476,24.49937],[121.43426,24.49869],[121.43386,24.49778],[121.43355,24.49689],[121.43332,24.49668],[121.43228,24.49608],[121.43146,24.49581],[121.43114,24.49532]]}},{"type":"Feature","properties":{"n":"泰雅路六段","k":2},"geometry":{"type":"LineString","coordinates":[[121.4481,24.52057],[121.448,24.5205],[121.44781,24.52049],[121.44678,24.52094],[121.44652,24.52096],[121.44635,24.52089],[121.44571,24.52023],[121.44535,24.51873],[121.44525,24.51853],[121.4445,24.51765],[121.44373,24.51724],[121.44339,24.51695],[121.44176,24.51489],[121.44139,24.51438],[121.4411,24.51388],[121.44047,24.51319],[121.44003,24.51287],[121.43907,24.51245],[121.43863,24.51232],[121.43764,24.51219],[121.43726,24.51203],[121.43688,24.51173],[121.43671,24.51151],[121.43671,24.51117],[121.43711,24.51056],[121.43738,24.51024],[121.4374,24.51]]}},{"type":"Feature","properties":{"n":"繼光橋","k":2},"geometry":{"type":"LineString","coordinates":[[121.41178,24.46812],[121.41023,24.46915]]}},{"type":"Feature","properties":{"n":"四季二橋","k":2},"geometry":{"type":"LineString","coordinates":[[121.41718,24.47476],[121.41698,24.47463]]}},{"type":"Feature","properties":{"n":"宜專一線","k":4},"geometry":{"type":"LineString","coordinates":[[121.53491,24.49766],[121.53446,24.49777],[121.53362,24.49781],[121.53347,24.49794],[121.53339,24.49821],[121.53305,24.49866],[121.53263,24.49883],[121.53251,24.49898],[121.53251,24.49909],[121.53297,24.49944],[121.53339,24.49986],[121.53346,24.5001],[121.53335,24.50021],[121.53301,24.50021],[121.53285,24.50026],[121.5327,24.50048],[121.53273,24.50095],[121.53269,24.50107],[121.53259,24.50114],[121.53207,24.50129],[121.53209,24.50142],[121.53225,24.50173],[121.53208,24.50225],[121.53205,24.50268],[121.53211,24.50307],[121.53198,24.5035],[121.53198,24.50418],[121.53182,24.50435],[121.53145,24.50448],[121.53101,24.50446],[121.53075,24.5043],[121.52992,24.50358],[121.52968,24.50348],[121.52926,24.50341],[121.52863,24.50285],[121.52848,24.50276],[121.52832,24.50278],[121.52816,24.5029],[121.52775,24.50336],[121.52732,24.50359],[121.52648,24.50432],[121.52618,24.50483],[121.52594,24.50542],[121.52555,24.5059],[121.5255,24.50632],[121.52559,24.50647],[121.52576,24.50662],[121.52577,24.50671],[121.5257,24.50689],[121.52556,24.50699],[121.52539,24.50694],[121.52522,24.50668],[121.5252,24.50592],[121.52503,24.50496],[121.52506,24.50462],[121.52502,24.50447],[121.52492,24.50451],[121.52487,24.50459],[121.52476,24.50564],[121.52457,24.50619],[121.52454,24.50681],[121.52461,24.50697],[121.52493,24.50737],[121.52479,24.50805],[121.52416,24.50966],[121.52361,24.51021],[121.52341,24.51056],[121.52335,24.51084],[121.52335,24.51097],[121.52342,24.51102],[121.52358,24.511],[121.52389,24.51084],[121.52412,24.51079],[121.52471,24.51086],[121.52482,24.511],[121.52476,24.51107],[121.52468,24.51107],[121.52425,24.51094],[121.52385,24.51106],[121.52345,24.51153],[121.523,24.51189],[121.5229,24.51209],[121.5228,24.51264],[121.52262,24.51285],[121.52251,24.51283],[121.52243,24.51272],[121.52231,24.51208],[121.52248,24.51168],[121.52273,24.51084],[121.52274,24.51074],[121.52267,24.51062],[121.52256,24.51067],[121.52236,24.51114],[121.52149,24.51186],[121.52133,24.51203],[121.52126,24.51219],[121.52125,24.51228],[121.5215,24.5131],[121.52157,24.51366],[121.5217,24.51396],[121.52163,24.51451],[121.52188,24.51496],[121.52185,24.51505],[121.52158,24.51535],[121.52153,24.51553],[121.52148,24.51608],[121.52155,24.51666],[121.52146,24.51685],[121.52148,24.51701],[121.5216,24.51711],[121.52178,24.51714],[121.52229,24.51707],[121.52254,24.51698],[121.52269,24.51683],[121.52282,24.51651],[121.52322,24.51626],[121.52314,24.51597],[121.5232,24.51584],[121.52336,24.51591],[121.52345,24.51614],[121.52345,24.51627],[121.52312,24.51691],[121.52229,24.5177],[121.52223,24.51791],[121.52229,24.51822],[121.52226,24.51839],[121.52217,24.51849],[121.52188,24.51865],[121.52182,24.51875],[121.52179,24.5192],[121.52187,24.51948],[121.52201,24.51974],[121.5219,24.51997],[121.52066,24.52115],[121.51994,24.52138],[121.51947,24.52137],[121.51929,24.5213],[121.51924,24.52119],[121.51933,24.52054],[121.51924,24.52044],[121.51911,24.52044],[121.51906,24.52053],[121.51906,24.52091],[121.5188,24.52146],[121.51879,24.52166],[121.51889,24.52189],[121.5194,24.52256],[121.51953,24.52259],[121.52004,24.52249],[121.52053,24.52254],[121.5214,24.52252],[121.52151,24.52264],[121.52144,24.52282],[121.52089,24.52303],[121.52053,24.52299],[121.52044,24.52302],[121.51939,24.52364],[121.51853,24.52365],[121.51842,24.52362],[121.51816,24.52332],[121.51771,24.52337],[121.51747,24.52331],[121.51737,24.52325],[121.5173,24.52307],[121.51703,24.52293],[121.51616,24.52288],[121.51592,24.52281],[121.51582,24.52275],[121.51578,24.52265],[121.51578,24.52204],[121.51563,24.522],[121.51547,24.52215],[121.51558,24.52285],[121.51573,24.52312],[121.51609,24.52323],[121.51661,24.5233],[121.51701,24.52383],[121.51756,24.52416],[121.51768,24.52449],[121.51781,24.52453],[121.51806,24.5245],[121.5182,24.52456],[121.51898,24.5254],[121.51918,24.52544],[121.51945,24.52535],[121.5196,24.52539],[121.51954,24.52556],[121.51917,24.52571],[121.51833,24.52551],[121.51814,24.52539],[121.51812,24.52513],[121.51805,24.52504],[121.51791,24.52499],[121.51757,24.5251],[121.51742,24.5251],[121.51729,24.525],[121.51723,24.52475],[121.51706,24.52468],[121.5162,24.52497],[121.51588,24.52494],[121.51544,24.5248],[121.51531,24.52483],[121.51527,24.52493],[121.51533,24.52502],[121.51556,24.52513],[121.51649,24.52518],[121.51671,24.52526],[121.51682,24.52539],[121.51687,24.52615],[121.51704,24.52628],[121.5172,24.52625],[121.51739,24.52614],[121.51759,24.52619],[121.51776,24.52679],[121.51853,24.52745],[121.51893,24.52754],[121.51908,24.52753],[121.51924,24.52742],[121.51942,24.52704],[121.51947,24.527],[121.51959,24.52703],[121.5196,24.52716],[121.51929,24.52766],[121.51927,24.528],[121.5192,24.52825],[121.51907,24.52844],[121.51876,24.52872],[121.51873,24.52883],[121.5188,24.52891],[121.51896,24.52894],[121.51919,24.52885],[121.51935,24.52846],[121.51955,24.52817],[121.51961,24.52777],[121.51968,24.52769],[121.51979,24.52774],[121.51984,24.52786],[121.51981,24.52821],[121.51966,24.52845],[121.51959,24.52886],[121.51949,24.52901],[121.51911,24.52932],[121.51886,24.52944],[121.51881,24.52953],[121.51885,24.52963],[121.519,24.52963],[121.51991,24.52887],[121.52021,24.52844],[121.52027,24.528],[121.52039,24.52797],[121.52046,24.52802],[121.52043,24.52857],[121.51999,24.52922],[121.51946,24.52984],[121.51931,24.53047],[121.51911,24.53069],[121.51894,24.53075],[121.51869,24.53076],[121.51863,24.53084],[121.51885,24.53173],[121.51894,24.53176],[121.51902,24.53172],[121.51908,24.53131],[121.51919,24.53107],[121.51971,24.53052],[121.52004,24.52995],[121.52075,24.52923],[121.52123,24.52892],[121.52143,24.52847],[121.52153,24.52844],[121.5216,24.5285],[121.52154,24.5288],[121.52109,24.52917],[121.52085,24.5295],[121.52061,24.52997],[121.52043,24.53063],[121.52018,24.53113],[121.52063,24.53219],[121.52088,24.53246],[121.52103,24.53273],[121.52132,24.53309],[121.52136,24.53322],[121.5213,24.53332],[121.52075,24.53363],[121.52056,24.53383],[121.52039,24.53411],[121.52027,24.53417],[121.51979,24.53425],[121.51904,24.53457],[121.51877,24.53476],[121.51863,24.53478],[121.51744,24.53447],[121.51722,24.53436],[121.51688,24.53376],[121.51678,24.53332],[121.51675,24.53288],[121.51664,24.53282],[121.51652,24.53282],[121.51643,24.53288],[121.51641,24.53298],[121.51657,24.53343],[121.51673,24.53412],[121.51711,24.53461],[121.51797,24.53524],[121.51813,24.5353],[121.51845,24.53532],[121.51925,24.53586],[121.51958,24.53581],[121.51993,24.53586],[121.52062,24.53569],[121.5212,24.53571],[121.52147,24.53553],[121.52198,24.53549],[121.52272,24.53531],[121.52283,24.53517],[121.52285,24.53504],[121.52278,24.53423],[121.52281,24.5341],[121.52316,24.53369],[121.52366,24.53335],[121.5239,24.53303],[121.52413,24.5323],[121.52408,24.53173],[121.52412,24.53166],[121.52422,24.53162],[121.5243,24.53168],[121.52434,24.53215],[121.52455,24.53235],[121.52462,24.5325],[121.5246,24.53289],[121.52438,24.5335],[121.5242,24.53369],[121.52381,24.53391],[121.52372,24.53406],[121.52373,24.53416],[121.52398,24.53437],[121.5241,24.53454],[121.5246,24.53563],[121.52514,24.53575],[121.5255,24.536],[121.52575,24.5361],[121.5264,24.53611],[121.52646,24.53616],[121.52648,24.53627],[121.52637,24.53634],[121.52506,24.53648],[121.5247,24.53662],[121.52407,24.53663],[121.5237,24.53678],[121.52335,24.53672],[121.52305,24.53651],[121.52281,24.53643],[121.52253,24.53649],[121.52196,24.53672],[121.52186,24.53693],[121.52173,24.53778],[121.52176,24.53846],[121.52203,24.53909],[121.52204,24.5394],[121.52162,24.54038],[121.52128,24.54069],[121.52106,24.54079],[121.52086,24.54078],[121.52024,24.54049],[121.52,24.54011],[121.51891,24.53934],[121.5186,24.53884],[121.51837,24.5382],[121.518,24.53795],[121.51778,24.53788],[121.51759,24.53789],[121.51718,24.53834],[121.51676,24.53852],[121.51653,24.53904],[121.51602,24.53923],[121.51576,24.53958],[121.51561,24.5397],[121.51548,24.53972],[121.51492,24.53963],[121.51462,24.53968],[121.51316,24.54047],[121.51296,24.54042],[121.5127,24.54001],[121.51228,24.53964],[121.51224,24.53949],[121.51238,24.53919],[121.51236,24.53901],[121.51225,24.53896],[121.51207,24.53902],[121.51189,24.53925],[121.5119,24.53952],[121.51203,24.53972],[121.51243,24.54007],[121.51252,24.5407],[121.51268,24.54103],[121.51321,24.54184],[121.51332,24.54224],[121.51326,24.54235],[121.51313,24.54241],[121.513,24.54241],[121.51285,24.54231],[121.51283,24.54191],[121.51247,24.54158],[121.51228,24.54127],[121.51224,24.54074],[121.51219,24.54062],[121.51169,24.5403],[121.51156,24.54015],[121.51131,24.5393],[121.51116,24.53897],[121.51116,24.53883],[121.51123,24.5387],[121.51173,24.53832],[121.51173,24.53817],[121.51159,24.53812],[121.51152,24.53815],[121.51092,24.53868],[121.51087,24.53898],[121.51113,24.53949],[121.51115,24.53986],[121.51104,24.54027],[121.51115,24.54094],[121.51147,24.54116],[121.5115,24.54168],[121.51185,24.54223],[121.51212,24.54288],[121.5121,24.54301],[121.51203,24.54309],[121.51186,24.54306],[121.51155,24.54227],[121.51114,24.54195],[121.51093,24.54156],[121.51064,24.54129],[121.51057,24.54115],[121.51052,24.54073],[121.5104,24.54064],[121.5102,24.54072],[121.51016,24.54087],[121.5102,24.54106],[121.51052,24.54161],[121.5107,24.54219],[121.51077,24.54231],[121.51101,24.5425],[121.51112,24.5427],[121.51119,24.54319],[121.51093,24.54364],[121.51092,24.54382],[121.51097,24.54392],[121.51116,24.54408],[121.51169,24.54446],[121.51223,24.5445],[121.51241,24.54457],[121.51285,24.54509],[121.51299,24.54543],[121.51296,24.54564],[121.51272,24.54633],[121.51247,24.54663],[121.5125,24.54714],[121.51214,24.54763],[121.51213,24.54804],[121.51204,24.54861],[121.51179,24.54914],[121.51148,24.54921],[121.51094,24.54904],[121.51075,24.54905],[121.51062,24.54913],[121.51031,24.54953],[121.50984,24.54974],[121.50961,24.55],[121.50959,24.55017],[121.50979,24.55084],[121.51003,24.55126],[121.50998,24.55207],[121.51014,24.5532],[121.50995,24.5538],[121.50971,24.55392],[121.50934,24.55426],[121.50836,24.55434],[121.50776,24.55421],[121.50757,24.55426],[121.50738,24.55441],[121.50723,24.55479],[121.5071,24.55498],[121.50674,24.55521],[121.50644,24.55553],[121.50587,24.55575],[121.50531,24.55554],[121.50479,24.55553],[121.50454,24.5557],[121.50428,24.55596],[121.50392,24.55614],[121.50311,24.55609],[121.50243,24.5558],[121.50229,24.55586],[121.50215,24.55605],[121.50201,24.55615],[121.50065,24.55619],[121.50006,24.55605],[121.49987,24.55609],[121.49957,24.55633],[121.49952,24.5565],[121.49975,24.55681],[121.49976,24.55693],[121.49953,24.55767],[121.49952,24.55784],[121.49957,24.55803],[121.49978,24.55833],[121.49984,24.55853],[121.49983,24.55906],[121.50019,24.55957],[121.50011,24.55977],[121.49997,24.55992],[121.49994,24.56024],[121.5001,24.56041],[121.50081,24.56064],[121.50099,24.56081],[121.50102,24.56094],[121.50049,24.56198],[121.50045,24.56216],[121.50052,24.56257],[121.50031,24.56287],[121.50017,24.56351],[121.49972,24.56414],[121.49952,24.56517],[121.49937,24.56535],[121.49876,24.56584],[121.49875,24.56601],[121.49911,24.56642],[121.49932,24.56692],[121.4993,24.56719],[121.49918,24.5676],[121.49919,24.56774],[121.49948,24.56821],[121.49956,24.56843],[121.4997,24.56909],[121.49974,24.56994],[121.49964,24.57031],[121.49918,24.57062],[121.49884,24.57108]]}},{"type":"Feature","properties":{"n":"宜專一線","k":4},"geometry":{"type":"LineString","coordinates":[[121.49831,24.57123],[121.49866,24.57118],[121.49884,24.57108]]}},{"type":"Feature","properties":{"n":"宜專一線","k":4},"geometry":{"type":"LineString","coordinates":[[121.49884,24.57108],[121.4987,24.57126],[121.49832,24.57132]]}},{"type":"Feature","properties":{"n":"光勳巷","k":5},"geometry":{"type":"LineString","coordinates":[[121.42597,24.48784],[121.42635,24.48705],[121.42641,24.48648],[121.42622,24.48636],[121.42591,24.48635],[121.42582,24.48743]]}},{"type":"Feature","properties":{"n":"和勳巷","k":5},"geometry":{"type":"LineString","coordinates":[[121.42853,24.48588],[121.42818,24.48567],[121.4279,24.48559],[121.42723,24.48585],[121.42654,24.48712],[121.42583,24.48806],[121.42585,24.48829],[121.42621,24.48882],[121.42695,24.48936],[121.42716,24.48958],[121.42721,24.48972]]}},{"type":"Feature","properties":{"n":"四季一橋","k":2},"geometry":{"type":"LineString","coordinates":[[121.42564,24.48555],[121.42552,24.48502]]}},{"type":"Feature","properties":{"n":"立勳巷","k":5},"geometry":{"type":"LineString","coordinates":[[121.43024,24.48736],[121.42994,24.48692],[121.42978,24.48682],[121.42897,24.48661],[121.4288,24.48645],[121.42853,24.48588]]}},{"type":"Feature","properties":{"n":"碧水橋","k":2},"geometry":{"type":"LineString","coordinates":[[121.43114,24.49532],[121.43079,24.4947]]}},{"type":"Feature","properties":{"n":"泰雅路五段","k":2},"geometry":{"type":"LineString","coordinates":[[121.47014,24.55392],[121.4695,24.55397],[121.46811,24.55443],[121.46605,24.5548],[121.4646,24.55461],[121.46317,24.55409],[121.46307,24.55398],[121.46292,24.55364],[121.46271,24.55347],[121.46213,24.55314],[121.46181,24.55253],[121.46151,24.55218],[121.46112,24.55202],[121.46031,24.55145],[121.45902,24.55118],[121.4583,24.55053],[121.45781,24.55032],[121.45775,24.55018],[121.45785,24.54995],[121.45861,24.5489],[121.45872,24.54839],[121.45872,24.54781],[121.45866,24.54759],[121.45802,24.54657],[121.45783,24.54594],[121.45759,24.5454],[121.45757,24.54403],[121.45753,24.5438],[121.45662,24.5424],[121.45647,24.54211],[121.45622,24.54141],[121.45585,24.5407],[121.45583,24.54033],[121.45588,24.54012],[121.45604,24.53987],[121.45635,24.53954],[121.45634,24.53937],[121.45621,24.53923]]}},{"type":"Feature","properties":{"n":"泰雅路五段","k":2},"geometry":{"type":"LineString","coordinates":[[121.4515,24.53104],[121.45153,24.531],[121.45144,24.5307],[121.4514,24.53017],[121.45106,24.52973],[121.451,24.52888],[121.45087,24.52795],[121.45054,24.5274],[121.45076,24.52642],[121.45076,24.52623],[121.45041,24.52567],[121.44988,24.52523],[121.44958,24.52485],[121.44955,24.52469],[121.4497,24.52432],[121.44969,24.52412],[121.4488,24.52311],[121.44825,24.52291],[121.44803,24.52263],[121.44796,24.52233],[121.44799,24.52216],[121.44821,24.52176],[121.44839,24.52115],[121.4484,24.52103],[121.44827,24.52081]]}},{"type":"Feature","properties":{"n":"泰雅路五段","k":2},"geometry":{"type":"LineString","coordinates":[[121.45607,24.53915],[121.45512,24.5386],[121.45459,24.53791],[121.45435,24.53773],[121.45398,24.53757],[121.45382,24.53741],[121.45343,24.53668],[121.45332,24.53598],[121.4529,24.53528],[121.45272,24.53518],[121.45253,24.53497],[121.45224,24.53407],[121.45204,24.5337],[121.45187,24.53201],[121.45166,24.53136]]}},{"type":"Feature","properties":{"n":"泰雅路五段","k":2},"geometry":{"type":"LineString","coordinates":[[121.4767,24.55758],[121.47651,24.55675],[121.47627,24.55623],[121.47533,24.55508],[121.47497,24.55482]]}},{"type":"Feature","properties":{"n":"泰雅路五段","k":2},"geometry":{"type":"LineString","coordinates":[[121.47365,24.55415],[121.47343,24.55407],[121.47276,24.55399],[121.47156,24.55393]]}},{"type":"Feature","properties":{"n":"敦厚橋","k":2},"geometry":{"type":"LineString","coordinates":[[121.4374,24.51],[121.43687,24.50911]]}},{"type":"Feature","properties":{"n":"有澗橋","k":2},"geometry":{"type":"LineString","coordinates":[[121.44827,24.52081],[121.4481,24.52057]]}},{"type":"Feature","properties":{"n":"志航橋","k":2},"geometry":{"type":"LineString","coordinates":[[121.45166,24.53136],[121.4515,24.53104]]}},{"type":"Feature","properties":{"n":"德荃橋","k":2},"geometry":{"type":"LineString","coordinates":[[121.45621,24.53923],[121.45607,24.53915]]}},{"type":"Feature","properties":{"n":"燒水巷","k":5},"geometry":{"type":"LineString","coordinates":[[121.50776,24.55421],[121.50791,24.55412],[121.50848,24.55421],[121.50905,24.55395],[121.5095,24.55354],[121.50964,24.55331],[121.50963,24.55303],[121.50927,24.55235],[121.5092,24.55176],[121.50876,24.55122],[121.50834,24.55054],[121.50827,24.55031],[121.5084,24.54953],[121.5091,24.54923],[121.50921,24.54877],[121.50929,24.54795],[121.50937,24.54782],[121.50968,24.54762],[121.50962,24.54753],[121.50922,24.5474],[121.5091,24.54726],[121.5089,24.54653],[121.50915,24.54588],[121.50911,24.54558],[121.50898,24.54543],[121.50868,24.54527],[121.50847,24.54561],[121.50771,24.54559],[121.50689,24.54582]]}},{"type":"Feature","properties":{"n":"復興路十段","k":2},"geometry":{"type":"LineString","coordinates":[[121.40841,24.65402],[121.40862,24.65391],[121.40887,24.65354],[121.40926,24.65334],[121.40984,24.65323],[121.40993,24.65313],[121.40995,24.65305],[121.40987,24.65268],[121.40972,24.65228],[121.40952,24.65206],[121.40946,24.6519],[121.40952,24.65158],[121.40963,24.65135],[121.40961,24.6506],[121.40971,24.6504],[121.4099,24.65025],[121.41054,24.65005],[121.41065,24.64987],[121.41072,24.64939],[121.41086,24.64914],[121.41101,24.64903],[121.41182,24.64896],[121.41226,24.64874],[121.41294,24.64829],[121.41395,24.64812],[121.41418,24.64778],[121.41464,24.64747],[121.4151,24.64705],[121.41517,24.64682],[121.41516,24.64638],[121.41533,24.64617],[121.41638,24.64582],[121.41654,24.64563],[121.41661,24.64528],[121.41718,24.64506],[121.41745,24.6448],[121.41801,24.64446],[121.41818,24.64425],[121.41833,24.6439],[121.41829,24.6429],[121.41834,24.64256],[121.41828,24.64207],[121.41839,24.6419],[121.41862,24.64177],[121.41884,24.64178],[121.41898,24.6419],[121.41904,24.64202],[121.41904,24.64224],[121.41895,24.64266],[121.41898,24.64289],[121.41913,24.64316],[121.41924,24.64363],[121.41937,24.64386],[121.41951,24.64433],[121.41978,24.64497],[121.41956,24.6457],[121.41975,24.64634],[121.41996,24.64667],[121.42004,24.64695],[121.42019,24.64706],[121.42051,24.64715],[121.42078,24.64738],[121.4208,24.6476],[121.42072,24.64814],[121.42075,24.64827],[121.42078,24.64835],[121.42139,24.64881],[121.42139,24.64935],[121.42145,24.64942],[121.42159,24.64944],[121.42185,24.64924],[121.42212,24.64914],[121.42279,24.64921],[121.42347,24.64984],[121.42339,24.65055],[121.4235,24.65087],[121.42358,24.65089],[121.42374,24.65069],[121.42379,24.65047],[121.42411,24.65003],[121.42417,24.64988],[121.42421,24.64917],[121.42436,24.64901],[121.42454,24.64893],[121.42504,24.64902],[121.42513,24.64913],[121.42515,24.64991],[121.42547,24.65074],[121.42561,24.65083],[121.42595,24.65083],[121.42604,24.65087],[121.42613,24.65129],[121.42634,24.65129],[121.42687,24.65087],[121.42733,24.6509],[121.42772,24.65083],[121.42791,24.65092],[121.42807,24.65136],[121.42818,24.65154],[121.42832,24.65165],[121.42845,24.65161],[121.4285,24.65125],[121.42874,24.65102],[121.42885,24.65078],[121.42883,24.65036],[121.42855,24.64994],[121.42847,24.64986],[121.4283,24.6498],[121.42823,24.64965],[121.42825,24.64959],[121.42869,24.64934],[121.42912,24.64917],[121.42968,24.64907],[121.43021,24.64916],[121.4303,24.6491],[121.43027,24.64874],[121.42982,24.64835],[121.42978,24.64813],[121.42968,24.64796],[121.42921,24.6474],[121.42918,24.6473],[121.42926,24.64714],[121.42946,24.64708],[121.42967,24.6472],[121.43016,24.64714],[121.431,24.64748],[121.43136,24.64746],[121.43162,24.64738],[121.43171,24.64746],[121.43172,24.64777],[121.43176,24.64784],[121.43228,24.64803],[121.43247,24.64834],[121.43263,24.64847],[121.43285,24.64846],[121.43328,24.64789],[121.4336,24.64779],[121.43375,24.64741],[121.43394,24.64709],[121.43409,24.64693],[121.4343,24.6468],[121.43441,24.64644],[121.43443,24.64608],[121.43464,24.64565],[121.43509,24.6453],[121.43539,24.64524],[121.43555,24.6453],[121.43571,24.64547],[121.4358,24.64575],[121.43624,24.64619],[121.43647,24.64616],[121.43672,24.64597],[121.43703,24.64585],[121.43722,24.64583],[121.43734,24.64602],[121.43737,24.64618],[121.43727,24.64646],[121.43741,24.64665],[121.4377,24.64732],[121.43759,24.64782],[121.43759,24.64811],[121.43773,24.64843],[121.43786,24.64854],[121.43801,24.64853],[121.43807,24.64848],[121.43813,24.64828],[121.43812,24.64793],[121.43852,24.64767],[121.43855,24.64756],[121.43851,24.64741],[121.43864,24.64711],[121.43855,24.64685],[121.43863,24.64674],[121.43918,24.64666],[121.43942,24.64675],[121.43957,24.64675],[121.43991,24.64628],[121.43999,24.64625],[121.44019,24.6463],[121.4403,24.64626],[121.4406,24.64597],[121.44061,24.64583],[121.44056,24.64573],[121.4406,24.64561],[121.44097,24.64554],[121.44123,24.64524],[121.44147,24.64527],[121.44168,24.64521],[121.44199,24.64493],[121.44217,24.64467],[121.44244,24.64453],[121.44255,24.64455],[121.44257,24.64464],[121.44249,24.645],[121.44273,24.64553],[121.44355,24.64635],[121.44366,24.6465],[121.44379,24.6469],[121.44402,24.64731],[121.44406,24.64736],[121.4442,24.64736],[121.44448,24.64656],[121.44452,24.64618],[121.44436,24.64588],[121.44434,24.64568],[121.44442,24.64554],[121.44424,24.64517],[121.44415,24.64484],[121.44432,24.64459],[121.44432,24.64432],[121.44437,24.64419],[121.44455,24.6441],[121.44465,24.64399],[121.44471,24.64354],[121.44466,24.64313],[121.44483,24.64275],[121.44494,24.64263]]}},{"type":"Feature","properties":{"n":"泰雅路四段","k":2},"geometry":{"type":"LineString","coordinates":[[121.49163,24.57702],[121.49146,24.57706],[121.49112,24.57734],[121.4905,24.57742],[121.49027,24.57751],[121.48971,24.57785],[121.48934,24.5782],[121.48908,24.57834],[121.4878,24.57847],[121.48626,24.57878],[121.48566,24.57885],[121.48491,24.57886],[121.48422,24.57873],[121.48351,24.57869],[121.48331,24.57863],[121.48239,24.5779],[121.48214,24.57734],[121.48213,24.57683],[121.48187,24.57619],[121.48157,24.57587],[121.47836,24.57495],[121.47536,24.57503],[121.47512,24.57493],[121.47437,24.57432],[121.47382,24.57402],[121.47332,24.57296],[121.47286,24.57255],[121.47268,24.57181],[121.4727,24.57159],[121.47284,24.57114],[121.47276,24.57084],[121.47278,24.57072],[121.47307,24.57044],[121.47317,24.57027],[121.47318,24.56989],[121.47359,24.56894],[121.4735,24.56867],[121.47351,24.56855],[121.47375,24.56819],[121.47382,24.5678],[121.47364,24.56723],[121.47332,24.56679],[121.47315,24.56647],[121.47305,24.56614],[121.47303,24.56585],[121.47311,24.56576],[121.47346,24.56575],[121.47361,24.5657],[121.4742,24.56527],[121.47433,24.56504],[121.47456,24.56434],[121.47449,24.56386],[121.47456,24.56338],[121.47447,24.56312],[121.47446,24.56285],[121.47499,24.56246],[121.47519,24.5619],[121.47541,24.56161],[121.47547,24.56135],[121.47557,24.56119],[121.47664,24.56024],[121.47684,24.55999],[121.47696,24.55961],[121.47702,24.55898],[121.47692,24.55853]]}},{"type":"Feature","properties":{"n":"泰雅路四段","k":2},"geometry":{"type":"LineString","coordinates":[[121.49375,24.57942],[121.49167,24.57712],[121.49163,24.57702]]}},{"type":"Feature","properties":{"n":"泰雅路四段","k":2},"geometry":{"type":"LineString","coordinates":[[121.49163,24.57702],[121.4918,24.57715],[121.49375,24.57942]]}},{"type":"Feature","properties":{"n":"泰雅路四段","k":2},"geometry":{"type":"LineString","coordinates":[[121.51294,24.59705],[121.51251,24.59681],[121.51201,24.59662],[121.51181,24.59648],[121.51052,24.59529],[121.5098,24.59483],[121.50912,24.59413],[121.50875,24.59338],[121.50843,24.59314],[121.50791,24.5929],[121.50771,24.59275],[121.50734,24.59199],[121.50687,24.59122],[121.50684,24.59062],[121.50661,24.59017],[121.50652,24.58984],[121.50607,24.58927],[121.50589,24.58883],[121.5053,24.58846],[121.50457,24.58834],[121.50346,24.58784],[121.50322,24.58766],[121.50254,24.58679],[121.50226,24.58651],[121.50107,24.5863],[121.49977,24.58546],[121.49948,24.585],[121.4994,24.58474],[121.49936,24.58423],[121.49922,24.58402],[121.49911,24.58399],[121.49877,24.58402],[121.49824,24.5842],[121.49808,24.58416],[121.49802,24.58408],[121.49802,24.58392],[121.49828,24.58363],[121.49832,24.58338],[121.49822,24.5833],[121.49794,24.58322],[121.49782,24.58312],[121.49751,24.58258],[121.49684,24.5819],[121.49666,24.58145],[121.4963,24.58094],[121.49583,24.5807],[121.49542,24.58042],[121.49525,24.58038],[121.49511,24.58045],[121.49492,24.58081],[121.49454,24.58108],[121.49441,24.58116],[121.49418,24.58113],[121.49411,24.58103],[121.49424,24.58065],[121.49428,24.58009],[121.49409,24.57976],[121.49375,24.57942]]}},{"type":"Feature","properties":{"n":"北部橫貫公路","k":2},"geometry":{"type":"LineString","coordinates":[[121.44494,24.64263],[121.44509,24.64256],[121.44525,24.64256],[121.4454,24.64288],[121.44599,24.64304],[121.44628,24.64302],[121.44685,24.64312],[121.44699,24.64303],[121.44716,24.643],[121.44763,24.64339],[121.44851,24.6434],[121.44868,24.64324],[121.44879,24.64298],[121.44882,24.64266],[121.44877,24.64258],[121.44874,24.64228],[121.44926,24.64198],[121.44949,24.64174],[121.45008,24.64146],[121.45011,24.64135],[121.45001,24.64112],[121.44995,24.64079],[121.45027,24.64067],[121.45108,24.64002],[121.45121,24.64],[121.45141,24.6401],[121.45155,24.6403],[121.45228,24.6403],[121.45255,24.64049],[121.45265,24.64042],[121.4527,24.64018],[121.45289,24.63997],[121.45302,24.63973],[121.45334,24.63974],[121.45416,24.63957],[121.4545,24.63957],[121.45482,24.63945],[121.45547,24.6395],[121.45563,24.63962],[121.45558,24.64004],[121.45541,24.64028],[121.45523,24.64031],[121.45503,24.64047],[121.45481,24.64086],[121.45449,24.64118],[121.45426,24.64179],[121.4543,24.6426],[121.45477,24.64347],[121.45494,24.64405],[121.45495,24.64431],[121.45487,24.64493],[121.45496,24.64513],[121.45513,24.6453],[121.45528,24.64534],[121.45598,24.64526],[121.45663,24.64459],[121.45732,24.6443],[121.45805,24.64364],[121.45856,24.64338],[121.45878,24.64332],[121.45929,24.64329],[121.45939,24.64333],[121.45956,24.64385],[121.45956,24.6443],[121.45961,24.64439],[121.45967,24.64447],[121.46017,24.64457],[121.4604,24.6448],[121.46039,24.64491],[121.4603,24.64499],[121.46025,24.64516],[121.46045,24.64596],[121.46059,24.64606],[121.4608,24.64611],[121.46167,24.64611],[121.46192,24.64601],[121.46247,24.6452],[121.46267,24.64428],[121.46277,24.6442],[121.46294,24.64425],[121.46359,24.64467],[121.46393,24.64498],[121.46433,24.64507],[121.46459,24.64521],[121.46493,24.6456],[121.46525,24.64587],[121.46542,24.64703],[121.46539,24.64738],[121.46544,24.64762],[121.4654,24.64788],[121.46543,24.64804],[121.46599,24.64874],[121.46715,24.64966],[121.46749,24.6503],[121.46749,24.65054],[121.46738,24.65101],[121.46742,24.6512],[121.46851,24.65278],[121.46899,24.65308],[121.46926,24.65318],[121.46954,24.65315],[121.47002,24.65301],[121.47088,24.65308],[121.47145,24.65284],[121.47204,24.65231],[121.47177,24.65161],[121.47174,24.65149],[121.4718,24.65138],[121.47302,24.6511],[121.47335,24.6505],[121.47397,24.65026],[121.47449,24.64958],[121.47517,24.64968],[121.47524,24.64964],[121.47532,24.64921],[121.47522,24.64883],[121.47524,24.64863],[121.47556,24.64798],[121.47562,24.64755],[121.47554,24.6468],[121.47602,24.64593],[121.47611,24.6456],[121.47636,24.64514],[121.47666,24.64473],[121.47675,24.64467],[121.47695,24.64465],[121.4771,24.64473],[121.47715,24.64486],[121.47713,24.645],[121.47697,24.6453],[121.47698,24.64555],[121.47715,24.64673],[121.47729,24.64699],[121.47742,24.64715],[121.47819,24.64725],[121.47842,24.64711],[121.47882,24.64653],[121.47896,24.64609],[121.47902,24.64602],[121.47937,24.64595],[121.47966,24.64576],[121.48028,24.64458],[121.48041,24.64455],[121.48066,24.64459],[121.48101,24.64416],[121.48122,24.64418],[121.48154,24.64437],[121.48195,24.64444],[121.48228,24.64441],[121.48285,24.64417],[121.48313,24.64423],[121.48346,24.64437],[121.48364,24.64434],[121.48378,24.64421],[121.48376,24.64383],[121.48352,24.64355],[121.48349,24.64342],[121.48326,24.64312],[121.48324,24.64303],[121.48327,24.64296],[121.48361,24.6427],[121.48395,24.64255],[121.48404,24.64243],[121.48402,24.64233],[121.48372,24.64196],[121.48346,24.64151],[121.48306,24.64135],[121.48196,24.64073],[121.48191,24.6405],[121.48168,24.64027],[121.4816,24.6399],[121.48131,24.63967],[121.48124,24.63955],[121.48114,24.63913],[121.48122,24.63865],[121.48114,24.63824],[121.48024,24.63808],[121.48016,24.63803],[121.48014,24.63792],[121.48038,24.63754],[121.48038,24.63747],[121.48029,24.63736],[121.48008,24.63724],[121.4797,24.63679],[121.47954,24.6359],[121.47943,24.63569],[121.47945,24.63549],[121.47957,24.63527],[121.47939,24.63467],[121.4794,24.63429],[121.47951,24.63417],[121.47966,24.63416],[121.47982,24.63405],[121.47992,24.63358],[121.48008,24.63335],[121.48021,24.63328],[121.48078,24.63342],[121.48085,24.63339],[121.48113,24.63301],[121.4816,24.63302],[121.48172,24.63293],[121.48183,24.63263],[121.48185,24.6322],[121.48191,24.63195],[121.4818,24.6315],[121.48173,24.63078],[121.48183,24.6307],[121.4824,24.63066],[121.48321,24.63107],[121.48358,24.63115],[121.48387,24.6313],[121.48417,24.63157],[121.48456,24.63217],[121.4849,24.63236],[121.48516,24.63268],[121.48583,24.63303],[121.4862,24.633],[121.4871,24.63269],[121.48726,24.63242],[121.48793,24.63214],[121.48817,24.63211],[121.48844,24.63216],[121.48877,24.63212],[121.48926,24.63199],[121.48951,24.63201],[121.49006,24.63187],[121.49007,24.63172],[121.48979,24.6315],[121.48933,24.63094],[121.48897,24.63084],[121.48856,24.63036],[121.48846,24.6303],[121.48819,24.63028],[121.4874,24.63004],[121.48709,24.62986],[121.48686,24.62982],[121.48669,24.62971],[121.4866,24.62949],[121.48676,24.62922],[121.48678,24.629],[121.48667,24.62845],[121.48651,24.62824],[121.48597,24.62782],[121.48589,24.62769],[121.4859,24.62763],[121.48619,24.6274],[121.4866,24.62652],[121.48664,24.62629],[121.48628,24.62583],[121.48606,24.62575],[121.48538,24.62572],[121.48517,24.62559],[121.4848,24.62525],[121.48484,24.62516],[121.48504,24.6251],[121.48549,24.62481],[121.48565,24.62459],[121.48635,24.62442],[121.48656,24.62429],[121.48672,24.62406],[121.4869,24.62405],[121.48722,24.6242],[121.48792,24.62419],[121.48805,24.62409],[121.4881,24.6239],[121.48823,24.62377],[121.48876,24.62369],[121.48887,24.62341],[121.4889,24.62303],[121.48879,24.62272],[121.48859,24.62248],[121.48856,24.62224],[121.48873,24.6219],[121.48874,24.62158],[121.48894,24.62103],[121.48924,24.62064],[121.48946,24.62016],[121.48954,24.61974],[121.4897,24.61942],[121.48996,24.61918],[121.49022,24.61872],[121.49089,24.61864],[121.49118,24.61851],[121.49143,24.61833],[121.49186,24.61827],[121.49202,24.61817],[121.49212,24.618],[121.49219,24.61759],[121.49231,24.61725],[121.49231,24.61692],[121.49221,24.61687],[121.49145,24.61702],[121.49104,24.61691],[121.49066,24.61688],[121.49041,24.61671],[121.49026,24.61652],[121.48961,24.61624],[121.48906,24.61628],[121.48879,24.61624],[121.48872,24.61612],[121.48873,24.6157],[121.48858,24.6156],[121.48747,24.61534],[121.48711,24.61533],[121.48676,24.6157],[121.48655,24.61584],[121.48575,24.61594],[121.48546,24.61577],[121.4853,24.61576],[121.48501,24.61588],[121.48472,24.61608],[121.48457,24.61608],[121.48451,24.61599],[121.48445,24.61562],[121.48426,24.61521],[121.48383,24.61497],[121.48361,24.61435],[121.48344,24.61428],[121.48291,24.61384],[121.48224,24.61365],[121.48212,24.61355],[121.48215,24.61347],[121.48229,24.61342],[121.48268,24.61344],[121.48329,24.61361],[121.48374,24.61383],[121.48393,24.61386],[121.48398,24.6138],[121.48395,24.61369],[121.48372,24.61348],[121.48324,24.6132],[121.48288,24.61307],[121.4828,24.61298],[121.48284,24.6129],[121.48292,24.61288],[121.48401,24.61316],[121.48408,24.61308],[121.48405,24.61297],[121.48353,24.61286],[121.48341,24.61278],[121.4834,24.61271],[121.48344,24.61264],[121.4836,24.6126],[121.48397,24.61269],[121.48423,24.61289],[121.48434,24.61324],[121.48449,24.61345],[121.48467,24.61359],[121.48474,24.6138],[121.485,24.6139],[121.48511,24.61427],[121.48535,24.61432],[121.48558,24.61425],[121.48578,24.6138],[121.48622,24.6133],[121.48625,24.61269],[121.48647,24.61238],[121.48672,24.61237],[121.48696,24.61244],[121.48727,24.61274],[121.48774,24.61273],[121.488,24.61283],[121.48809,24.61279],[121.4881,24.61266],[121.48797,24.61256],[121.48748,24.6126],[121.48727,24.61246],[121.48709,24.61223],[121.48674,24.61207],[121.48642,24.61214],[121.48629,24.61213],[121.48622,24.61207],[121.48623,24.61193],[121.48631,24.61192],[121.487,24.612],[121.48735,24.6122],[121.48798,24.61214],[121.48829,24.61218],[121.48836,24.61217],[121.4884,24.6121],[121.48834,24.61199],[121.48826,24.61197],[121.48776,24.61198],[121.48757,24.61193],[121.48677,24.61149],[121.48671,24.61143],[121.48671,24.61133],[121.48681,24.61125],[121.4875,24.61151],[121.48766,24.61152],[121.4877,24.61143],[121.48769,24.61136],[121.48751,24.61115],[121.48681,24.61091],[121.48676,24.61082],[121.48684,24.61072],[121.48745,24.61088],[121.4879,24.61115],[121.48806,24.61112],[121.48809,24.61107],[121.48806,24.61094],[121.48701,24.6104],[121.48647,24.61037],[121.48641,24.6102],[121.48653,24.61014],[121.48733,24.61031],[121.48772,24.61033],[121.48816,24.61048],[121.48832,24.61047],[121.48837,24.61033],[121.48827,24.61025],[121.48755,24.61014],[121.48727,24.60995],[121.48646,24.60977],[121.48636,24.60965],[121.48639,24.6096],[121.48653,24.60958],[121.48789,24.60986],[121.48803,24.60984],[121.48802,24.60969],[121.48745,24.60958],[121.48741,24.60953],[121.48742,24.60942],[121.48804,24.60945],[121.48813,24.60934],[121.4882,24.60913],[121.48824,24.60853],[121.48831,24.60827],[121.48857,24.60812],[121.48919,24.60811],[121.48925,24.60804],[121.48918,24.60792],[121.48906,24.60787],[121.48873,24.60786],[121.48844,24.60791],[121.48808,24.60809],[121.48768,24.60869],[121.48748,24.60873],[121.48724,24.60858],[121.48725,24.60845],[121.48762,24.60836],[121.48767,24.6083],[121.48811,24.60738],[121.48796,24.60733],[121.48784,24.60743],[121.48778,24.60773],[121.48759,24.60792],[121.48693,24.60784],[121.48661,24.60793],[121.48654,24.60786],[121.48653,24.60776],[121.48665,24.60767],[121.487,24.60768],[121.48723,24.60774],[121.48747,24.60766],[121.48755,24.60754],[121.48756,24.60721],[121.48775,24.60695],[121.48792,24.60684],[121.48932,24.60689],[121.48949,24.60686],[121.48968,24.60675],[121.48991,24.60646],[121.49003,24.6064],[121.49012,24.60641],[121.49023,24.60652],[121.49031,24.60693],[121.49077,24.60727],[121.49091,24.60727],[121.49097,24.60722],[121.49098,24.60709],[121.49048,24.60673],[121.49054,24.60635],[121.49047,24.60608],[121.49059,24.60576],[121.49072,24.60493],[121.49081,24.60487],[121.49089,24.60487],[121.49096,24.60494],[121.49088,24.60551],[121.49093,24.60577],[121.49091,24.60645],[121.49099,24.60655],[121.49149,24.60675],[121.49157,24.60709],[121.49161,24.60716],[121.49175,24.60722],[121.49189,24.60718],[121.49204,24.60695],[121.49233,24.60677],[121.49276,24.60672],[121.49299,24.60656],[121.49325,24.60661],[121.49339,24.60658],[121.49354,24.60639],[121.49359,24.60596],[121.49373,24.60558],[121.49416,24.60534],[121.49453,24.60487],[121.49473,24.60476],[121.49489,24.60478],[121.4952,24.60492],[121.49528,24.60493],[121.49533,24.60488],[121.49527,24.60474],[121.49492,24.60453],[121.49473,24.60448],[121.4944,24.60459],[121.4943,24.60451],[121.4943,24.60444],[121.49443,24.60433],[121.49485,24.60433],[121.49532,24.60409],[121.4956,24.604],[121.49642,24.60426],[121.49648,24.60437],[121.49648,24.60457],[121.49656,24.60465],[121.49666,24.60464],[121.4969,24.60441],[121.49705,24.60435],[121.49735,24.6044],[121.49759,24.60432],[121.49784,24.60431],[121.49848,24.60441],[121.49884,24.60464],[121.499,24.60495],[121.49949,24.60522],[121.49987,24.60568],[121.50011,24.60587],[121.50023,24.6059],[121.50031,24.60586],[121.50031,24.60571],[121.50011,24.60556],[121.49988,24.60551],[121.49981,24.60545],[121.49957,24.60498],[121.4992,24.60474],[121.49909,24.60449],[121.49872,24.604],[121.49851,24.60384],[121.49818,24.6038],[121.49817,24.60367],[121.49829,24.60363],[121.49866,24.60374],[121.49952,24.60451],[121.49983,24.60455],[121.50004,24.60472],[121.50045,24.60474],[121.50127,24.60502],[121.50151,24.60536],[121.50186,24.60571],[121.50187,24.60583],[121.50166,24.60631],[121.5017,24.60642],[121.50187,24.60644],[121.50243,24.60633],[121.50266,24.60633],[121.50295,24.60643],[121.50332,24.60686],[121.50341,24.6071],[121.50337,24.60731],[121.50322,24.60759],[121.50328,24.60776],[121.50347,24.60775],[121.50404,24.60747],[121.5043,24.60751],[121.50449,24.6077],[121.50467,24.6078],[121.50536,24.6076],[121.50544,24.60749],[121.5056,24.60649],[121.50585,24.60626],[121.50585,24.60565],[121.50595,24.60541],[121.50608,24.60534],[121.50662,24.60542],[121.50698,24.6053],[121.50738,24.6053],[121.50774,24.60502],[121.50817,24.60434],[121.50886,24.60399],[121.50909,24.60368],[121.50969,24.60323],[121.50986,24.60319],[121.5103,24.60326],[121.51039,24.60321],[121.51041,24.6029],[121.51058,24.6026],[121.51042,24.60226],[121.51043,24.60213],[121.51098,24.60149],[121.51137,24.60131],[121.51178,24.60124],[121.5124,24.60092],[121.51297,24.60095],[121.51339,24.60092],[121.51356,24.6008],[121.51397,24.60028],[121.514,24.60012],[121.51385,24.59975],[121.51383,24.59955],[121.51365,24.59942],[121.51348,24.59946],[121.51305,24.60002],[121.51283,24.60014],[121.51253,24.60014],[121.51185,24.59989],[121.51171,24.59979],[121.51157,24.59958],[121.51159,24.59942],[121.51179,24.5991],[121.51194,24.59873],[121.51194,24.59832],[121.51187,24.59812],[121.51194,24.59788],[121.51217,24.59778],[121.51255,24.5977],[121.51308,24.59774],[121.5134,24.59734]]}},{"type":"Feature","properties":{"n":"嘉興橋","k":2},"geometry":{"type":"LineString","coordinates":[[121.47497,24.55482],[121.47365,24.55415]]}},{"type":"Feature","properties":{"n":"嘉惠橋","k":2},"geometry":{"type":"LineString","coordinates":[[121.47156,24.55393],[121.47014,24.55392]]}},{"type":"Feature","properties":{"n":"土場巷","k":4},"geometry":{"type":"LineString","coordinates":[[121.49663,24.57135],[121.49623,24.57141]]}},{"type":"Feature","properties":{"n":"土場巷","k":4},"geometry":{"type":"LineString","coordinates":[[121.49623,24.57141],[121.49635,24.57129],[121.49663,24.57125]]}},{"type":"Feature","properties":{"n":"土場巷","k":4},"geometry":{"type":"LineString","coordinates":[[121.49623,24.57141],[121.4964,24.57191],[121.4963,24.57299],[121.49633,24.57385],[121.49629,24.57408],[121.49612,24.57467],[121.49578,24.57506],[121.49538,24.57536],[121.49528,24.57553],[121.4952,24.57629],[121.49516,24.57635],[121.49494,24.57645],[121.49435,24.57645],[121.49392,24.5767],[121.49303,24.57681],[121.49244,24.57679],[121.49163,24.57702]]}},{"type":"Feature","properties":{"n":"樂水路","k":4},"geometry":{"type":"LineString","coordinates":[[121.49857,24.57307],[121.49841,24.57295],[121.49828,24.57272],[121.49834,24.57214],[121.49849,24.57174],[121.49848,24.57122]]}},{"type":"Feature","properties":{"n":"樂水路","k":4},"geometry":{"type":"LineString","coordinates":[[121.52814,24.60015],[121.523,24.59455],[121.51956,24.59178],[121.51873,24.59124],[121.51822,24.59103],[121.51796,24.59087],[121.51786,24.59072],[121.51775,24.5901],[121.51755,24.58985],[121.51685,24.58942],[121.51586,24.58869],[121.51564,24.5884],[121.51532,24.5882],[121.51515,24.58791],[121.51488,24.58765],[121.5148,24.58692],[121.51466,24.58656],[121.51508,24.5859],[121.51524,24.58548],[121.51558,24.58504],[121.51542,24.58492],[121.5146,24.58545],[121.51442,24.58562],[121.51429,24.58566],[121.51415,24.58562],[121.51409,24.58552],[121.51415,24.58509],[121.51368,24.58454],[121.51323,24.58422],[121.51303,24.5837],[121.51283,24.58344],[121.51222,24.58287],[121.51213,24.58272],[121.51222,24.58247],[121.51256,24.58226],[121.5127,24.58207],[121.51276,24.58166],[121.51268,24.58155],[121.51247,24.58152],[121.51202,24.58184],[121.51161,24.58185],[121.51132,24.58177],[121.51078,24.58113],[121.5105,24.58035],[121.51041,24.58026],[121.50977,24.58019],[121.50923,24.58006],[121.50849,24.57967],[121.50797,24.57975],[121.50773,24.57972],[121.5076,24.57963],[121.50755,24.57955],[121.50752,24.57901],[121.50732,24.57872],[121.50727,24.57857],[121.50732,24.57843],[121.50754,24.57831],[121.50812,24.57823],[121.50825,24.57813],[121.50825,24.578],[121.50794,24.57748],[121.50756,24.57722],[121.50754,24.57714],[121.50767,24.57676],[121.50761,24.57662],[121.50736,24.57654],[121.50718,24.57659],[121.50702,24.5767],[121.5068,24.57693],[121.50653,24.57734],[121.50591,24.5779],[121.50572,24.57795],[121.50547,24.57785],[121.50444,24.57725],[121.50368,24.57665],[121.50342,24.5765]]}},{"type":"Feature","properties":{"n":"樂水路","k":4},"geometry":{"type":"LineString","coordinates":[[121.5484,24.61501],[121.54831,24.61495],[121.54819,24.61495],[121.54751,24.61509],[121.54682,24.61592],[121.54664,24.61601],[121.54634,24.61595],[121.54623,24.61586],[121.54617,24.61572],[121.54607,24.61531],[121.54604,24.61483],[121.54585,24.61447],[121.54566,24.61381],[121.54556,24.61362],[121.54534,24.61341],[121.54504,24.61328],[121.54453,24.61326],[121.5438,24.61313],[121.54364,24.61301],[121.54315,24.61241],[121.54274,24.61221],[121.54192,24.61192],[121.54187,24.61184],[121.54182,24.61132],[121.54192,24.61067],[121.54189,24.61051],[121.54144,24.61009],[121.54131,24.6097],[121.54118,24.60951],[121.54024,24.60854],[121.53889,24.60751],[121.53858,24.60737],[121.53676,24.60698],[121.53534,24.60597],[121.53478,24.60575],[121.53021,24.60463]]}},{"type":"Feature","properties":{"n":"多望大橋","k":4},"geometry":{"type":"LineString","coordinates":[[121.49663,24.57125],[121.49831,24.57123]]}},{"type":"Feature","properties":{"n":"多望大橋","k":4},"geometry":{"type":"LineString","coordinates":[[121.49832,24.57132],[121.49663,24.57135]]}},{"type":"Feature","properties":{"n":"田古爾橋","k":4},"geometry":{"type":"LineString","coordinates":[[121.50084,24.57498],[121.49857,24.57307]]}},{"type":"Feature","properties":{"n":"百韜橋","k":2},"geometry":{"type":"LineString","coordinates":[[121.51337,24.59733],[121.51294,24.59705]]}},{"type":"Feature","properties":{"n":"泰雅路三段","k":2},"geometry":{"type":"LineString","coordinates":[[121.52566,24.61055],[121.52556,24.61025],[121.52555,24.60997],[121.52557,24.6098],[121.52586,24.60931],[121.52588,24.60919],[121.52583,24.60905],[121.52511,24.60843],[121.52424,24.60786],[121.52384,24.60742],[121.52269,24.60654],[121.52217,24.60602],[121.52182,24.60546],[121.52161,24.60527],[121.52059,24.60457],[121.51962,24.60404],[121.51903,24.60366],[121.51798,24.60341],[121.51711,24.60299],[121.51616,24.60287],[121.51597,24.60278],[121.51565,24.6025],[121.51526,24.60198],[121.51469,24.60102],[121.51466,24.60062],[121.51443,24.59976],[121.51437,24.59911],[121.51401,24.59848],[121.51392,24.59797],[121.5138,24.59768],[121.51367,24.59753],[121.51337,24.59733]]}},{"type":"Feature","properties":{"n":"泰雅路三段","k":2},"geometry":{"type":"LineString","coordinates":[[121.52735,24.61091],[121.52778,24.6102],[121.52797,24.61019],[121.52804,24.61026],[121.52827,24.61092],[121.52832,24.61128],[121.52853,24.61175],[121.52869,24.6128],[121.52886,24.61339],[121.52932,24.61459],[121.5297,24.61515],[121.53039,24.61573],[121.53269,24.61746],[121.53372,24.61842],[121.53462,24.61909],[121.53507,24.61985],[121.53567,24.62025],[121.53579,24.62039],[121.53589,24.62083]]}},{"type":"Feature","properties":{"n":"泰雅路三段","k":2},"geometry":{"type":"LineString","coordinates":[[121.54019,24.62582],[121.54073,24.62631],[121.54124,24.62712],[121.54164,24.62739],[121.54257,24.6282],[121.543,24.6285],[121.54336,24.6286],[121.54408,24.62849],[121.54427,24.62842],[121.54458,24.62818],[121.54472,24.62813],[121.54489,24.62819],[121.54506,24.62835]]}},{"type":"Feature","properties":{"n":"泰雅路三段","k":2},"geometry":{"type":"LineString","coordinates":[[121.5359,24.62099],[121.53599,24.62123],[121.53614,24.62139],[121.53683,24.62161],[121.53695,24.62171],[121.53709,24.6221],[121.53707,24.6229],[121.53739,24.62355],[121.53776,24.62403],[121.53815,24.62468],[121.53857,24.62498],[121.53952,24.62538],[121.53989,24.6256]]}},{"type":"Feature","properties":{"n":"泰雅路三段","k":2},"geometry":{"type":"LineString","coordinates":[[121.5455,24.62925],[121.54562,24.62947],[121.54611,24.62982],[121.54747,24.6314],[121.54751,24.63159],[121.54754,24.63314],[121.54774,24.63337],[121.54789,24.63345],[121.54876,24.63354],[121.54924,24.63353],[121.54997,24.63368],[121.55038,24.63359],[121.55099,24.63369],[121.55133,24.63384],[121.55168,24.63413],[121.55216,24.63435],[121.55262,24.63476],[121.55301,24.63524],[121.55312,24.63573],[121.55301,24.6363],[121.55318,24.63706],[121.55305,24.63739]]}},{"type":"Feature","properties":{"n":"泰雅路三段","k":2},"geometry":{"type":"LineString","coordinates":[[121.55395,24.63908],[121.5546,24.6389],[121.555,24.63868],[121.55523,24.63873],[121.55643,24.63944],[121.55774,24.64044],[121.55918,24.64097],[121.55972,24.64137],[121.56007,24.64153],[121.56047,24.64159],[121.56188,24.64155],[121.56334,24.64121],[121.56356,24.64121],[121.5637,24.64129],[121.56384,24.64145],[121.56442,24.64265],[121.56443,24.64291],[121.56422,24.64332],[121.56419,24.64359],[121.56424,24.6438],[121.56445,24.64413]]}},{"type":"Feature","properties":{"n":"樂水大橋","k":4},"geometry":{"type":"LineString","coordinates":[[121.53021,24.60463],[121.52968,24.60442],[121.52949,24.60427],[121.52906,24.60374],[121.52896,24.60347],[121.52861,24.60105],[121.52841,24.60053],[121.52814,24.60015]]}},{"type":"Feature","properties":{"n":"樂水路","k":5},"geometry":{"type":"LineString","coordinates":[[121.53108,24.60485],[121.53085,24.60474],[121.53024,24.60411],[121.52995,24.60357]]}},{"type":"Feature","properties":{"n":"樂水路","k":5},"geometry":{"type":"LineString","coordinates":[[121.5293,24.6014],[121.52922,24.60114],[121.52908,24.60094],[121.52814,24.60015]]}},{"type":"Feature","properties":{"n":"碼崙橋","k":5},"geometry":{"type":"LineString","coordinates":[[121.52995,24.60357],[121.5293,24.6014]]}},{"type":"Feature","properties":{"n":"英士橋","k":2},"geometry":{"type":"LineString","coordinates":[[121.52594,24.61088],[121.52585,24.61086],[121.52572,24.61074],[121.52566,24.61055],[121.52596,24.61079],[121.52713,24.61103],[121.52724,24.61101],[121.52735,24.61091],[121.52729,24.61107],[121.5272,24.61113],[121.52594,24.61088]]}},{"type":"Feature","properties":{"n":"200線林道","k":5},"geometry":{"type":"LineString","coordinates":[[121.53494,24.6236],[121.535,24.62377],[121.53517,24.62384],[121.53563,24.62367],[121.53576,24.62355],[121.53599,24.62359],[121.53603,24.62377],[121.53586,24.62412],[121.53585,24.62433],[121.53596,24.62451],[121.53628,24.62458],[121.53634,24.62477],[121.53624,24.6254],[121.53612,24.62565],[121.53649,24.62587],[121.53665,24.6261],[121.53703,24.62628],[121.53705,24.62642],[121.53688,24.62645],[121.53636,24.62621],[121.53616,24.62601],[121.53579,24.62595],[121.53573,24.62582],[121.53575,24.62539],[121.53557,24.625],[121.53532,24.6249],[121.53501,24.62496],[121.53479,24.6248],[121.53451,24.62476],[121.53424,24.62459],[121.53403,24.62458],[121.53401,24.6247],[121.53484,24.62504],[121.53514,24.62586],[121.53508,24.62619],[121.53519,24.62633],[121.53562,24.62649],[121.53562,24.62669],[121.53531,24.6269],[121.53525,24.62712],[121.53505,24.62734],[121.53506,24.62779],[121.53536,24.62794],[121.53536,24.62801],[121.53524,24.62806],[121.53474,24.62786],[121.53481,24.62715],[121.53477,24.62691],[121.53448,24.62672],[121.53427,24.62613],[121.53406,24.62603],[121.53388,24.62583],[121.53385,24.6259],[121.53408,24.62636],[121.53418,24.62681],[121.53436,24.6272],[121.53434,24.62733],[121.53414,24.62754],[121.53353,24.62793],[121.53329,24.62824],[121.53302,24.62895],[121.53309,24.62942],[121.53305,24.62964],[121.53295,24.62964],[121.53286,24.6292],[121.53261,24.62887],[121.53256,24.6284],[121.5328,24.62823],[121.53301,24.62797],[121.53307,24.62748],[121.53291,24.62717],[121.53266,24.6269],[121.53243,24.62673],[121.53224,24.62668],[121.53219,24.62675],[121.53248,24.62691],[121.5325,24.6271],[121.53225,24.62689],[121.53151,24.6268],[121.53137,24.62687],[121.53139,24.62692],[121.53171,24.62693],[121.5319,24.62701],[121.53222,24.62724],[121.53219,24.62735],[121.53187,24.62712],[121.53151,24.62708],[121.53127,24.62715],[121.53096,24.62747],[121.5303,24.62767],[121.52995,24.62791],[121.52973,24.62821],[121.52931,24.62857],[121.52921,24.62882],[121.52899,24.62895],[121.52905,24.62905],[121.52926,24.629],[121.52949,24.62856],[121.52982,24.62844],[121.53019,24.62811],[121.5308,24.628],[121.53117,24.62802],[121.53144,24.62821],[121.531,24.62823],[121.5306,24.62843],[121.5303,24.62881],[121.53001,24.62895],[121.52962,24.62965],[121.52925,24.6299],[121.52922,24.63015],[121.5291,24.63025]]}},{"type":"Feature","properties":{"n":"202線林道","k":5},"geometry":{"type":"LineString","coordinates":[[121.5291,24.63025],[121.52878,24.63022],[121.52781,24.63057],[121.52765,24.63047],[121.52752,24.63008],[121.52729,24.62998],[121.52715,24.62997],[121.52687,24.6301],[121.52645,24.63013],[121.52539,24.62984],[121.52518,24.63002],[121.52485,24.63073],[121.52489,24.63098],[121.52461,24.63112],[121.52434,24.63097],[121.52388,24.63106],[121.52394,24.63071],[121.5241,24.63057],[121.52413,24.63024],[121.52404,24.62998],[121.5242,24.62981],[121.52427,24.62935],[121.52389,24.62901],[121.52377,24.62878],[121.52359,24.6288],[121.52331,24.62855],[121.52278,24.62849],[121.52263,24.62855],[121.52251,24.62871],[121.5222,24.62878],[121.52207,24.62908],[121.52184,24.62927],[121.52156,24.62966],[121.52097,24.62968],[121.52073,24.62989],[121.52033,24.63011],[121.52024,24.63046],[121.51958,24.63052],[121.51935,24.63098],[121.51937,24.63105]]}},{"type":"Feature","properties":{"n":"大同產業道路","k":4},"geometry":{"type":"LineString","coordinates":[[121.57116,24.64086],[121.56993,24.64077],[121.56943,24.64062],[121.56925,24.64051],[121.56918,24.64029],[121.56921,24.63998],[121.56915,24.63964],[121.56893,24.63912],[121.56875,24.63893],[121.56815,24.63851],[121.56787,24.63822],[121.56781,24.63804],[121.56785,24.63747],[121.56782,24.63709],[121.56753,24.63693],[121.56677,24.63671],[121.56658,24.63661],[121.56652,24.63649],[121.56653,24.63617],[121.56649,24.63606],[121.56631,24.63598],[121.56621,24.63601],[121.56618,24.63609],[121.56633,24.63682],[121.5665,24.63693],[121.56691,24.63699],[121.56704,24.6371],[121.56721,24.63737],[121.56717,24.63854],[121.56732,24.63899],[121.56727,24.6391],[121.56704,24.63911],[121.56698,24.63904],[121.56696,24.63858],[121.56688,24.63824],[121.56652,24.63765],[121.56637,24.63759],[121.56588,24.63761],[121.56571,24.63756],[121.56556,24.63742],[121.56547,24.63713],[121.56551,24.6367],[121.56525,24.63619],[121.56519,24.63579],[121.56503,24.63559],[121.56482,24.63553],[121.56409,24.63555],[121.56388,24.63548],[121.56339,24.63519],[121.56306,24.63515],[121.56288,24.63508],[121.56255,24.63438],[121.5621,24.63395],[121.56203,24.63376],[121.562,24.6333],[121.56192,24.63323],[121.56175,24.63321],[121.56167,24.63329],[121.56169,24.63345],[121.56231,24.63524],[121.56247,24.63542],[121.56346,24.63611],[121.56352,24.63626],[121.56347,24.63634],[121.56336,24.63639],[121.56324,24.63637],[121.56299,24.63599],[121.56209,24.63533],[121.56181,24.63487],[121.56113,24.63401],[121.56043,24.63335],[121.56029,24.63315],[121.56008,24.63255],[121.55956,24.63207],[121.5592,24.63147],[121.55911,24.63143],[121.55903,24.63146],[121.55898,24.6316],[121.55903,24.63173],[121.55927,24.63198],[121.55933,24.63218],[121.55924,24.63225],[121.55914,24.63224],[121.55896,24.6321],[121.55825,24.63074],[121.55805,24.62992],[121.558,24.62933],[121.55837,24.62883],[121.55855,24.62815],[121.55871,24.62797],[121.55938,24.62743],[121.55952,24.62693],[121.5595,24.62678],[121.55942,24.62669],[121.55875,24.62643],[121.55852,24.62625],[121.55807,24.62568],[121.55787,24.62559],[121.55757,24.62565],[121.55644,24.62622],[121.55612,24.62625],[121.55584,24.62618],[121.55546,24.62591],[121.55525,24.62528],[121.55504,24.62509],[121.55478,24.62502],[121.55436,24.62499],[121.55423,24.6249],[121.55394,24.62379],[121.55335,24.62315],[121.5531,24.62271],[121.55247,24.62241],[121.55223,24.62245],[121.55198,24.62262],[121.55173,24.62271],[121.55106,24.62263],[121.55058,24.62263],[121.55022,24.62269],[121.55004,24.62287],[121.54985,24.62378],[121.5497,24.62396],[121.54891,24.62394],[121.54867,24.62387],[121.54858,24.62379],[121.54841,24.62348],[121.5484,24.62332],[121.5486,24.62293],[121.54866,24.62258],[121.54861,24.62241],[121.54832,24.62198],[121.5483,24.62183],[121.54838,24.62149],[121.54829,24.62125],[121.54758,24.62082],[121.5472,24.62003],[121.54612,24.61917],[121.5456,24.61863],[121.54506,24.61838],[121.54471,24.618],[121.54472,24.61789],[121.54478,24.61783],[121.54492,24.6178],[121.54548,24.618],[121.54607,24.61814],[121.54654,24.61815],[121.54667,24.61803],[121.54681,24.61778],[121.54735,24.61763],[121.54771,24.61716],[121.54792,24.61711],[121.54835,24.61729],[121.54844,24.61728],[121.5485,24.61717],[121.54847,24.61701],[121.54826,24.61684],[121.54801,24.61653],[121.54798,24.61643],[121.54804,24.61624],[121.54832,24.61587],[121.54851,24.6155],[121.54853,24.61525]]}},{"type":"Feature","properties":{"n":"東溪橋","k":4},"geometry":{"type":"LineString","coordinates":[[121.54853,24.61525],[121.5484,24.61501]]}},{"type":"Feature","properties":{"n":"赤水橋","k":2},"geometry":{"type":"LineString","coordinates":[[121.53589,24.62083],[121.5359,24.62099]]}},{"type":"Feature","properties":{"n":"泰雅路三段21巷","k":5},"geometry":{"type":"LineString","coordinates":[[121.54025,24.62586],[121.54051,24.62558],[121.54092,24.62531],[121.54106,24.62497],[121.54125,24.6249],[121.54173,24.62495],[121.54208,24.62513],[121.54228,24.62538]]}},{"type":"Feature","properties":{"n":"石頭橋","k":2},"geometry":{"type":"LineString","coordinates":[[121.53989,24.6256],[121.54019,24.62582]]}},{"type":"Feature","properties":{"n":"泰雅路三段15巷","k":5},"geometry":{"type":"LineString","coordinates":[[121.54085,24.62649],[121.54099,24.62658],[121.54123,24.6269],[121.54181,24.62713]]}},{"type":"Feature","properties":{"n":"泰雅路三段15巷","k":5},"geometry":{"type":"LineString","coordinates":[[121.54109,24.62672],[121.54134,24.62656],[121.54156,24.62653]]}},{"type":"Feature","properties":{"n":"執信橋","k":2},"geometry":{"type":"LineString","coordinates":[[121.55298,24.6377],[121.55299,24.63751],[121.55305,24.63739],[121.55304,24.63758],[121.5534,24.63848],[121.55373,24.63898],[121.55395,24.63908],[121.55365,24.639],[121.55343,24.63871],[121.55298,24.6377]]}},{"type":"Feature","properties":{"n":"泰雅路二段","k":2},"geometry":{"type":"LineString","coordinates":[[121.56445,24.64413],[121.56491,24.64482],[121.56537,24.64603],[121.56565,24.6464],[121.56623,24.64685],[121.56714,24.64737],[121.56768,24.64789],[121.56833,24.64821],[121.56875,24.64835],[121.57001,24.64821],[121.5728,24.64852],[121.57405,24.64855],[121.57524,24.6488],[121.57586,24.64901],[121.57604,24.64919],[121.57627,24.64982],[121.57637,24.64992],[121.57677,24.65014],[121.57686,24.65062],[121.5772,24.65104],[121.57792,24.65164],[121.57864,24.65207],[121.57916,24.65227],[121.57941,24.65243],[121.57982,24.65284],[121.57997,24.65341]]}},{"type":"Feature","properties":{"n":"泰雅路二段","k":2},"geometry":{"type":"LineString","coordinates":[[121.58006,24.65397],[121.5802,24.65463],[121.58033,24.65499],[121.58071,24.65565],[121.58091,24.65584],[121.58114,24.65591],[121.58149,24.65588],[121.58261,24.65561],[121.58329,24.6553],[121.58358,24.65525],[121.58373,24.65531],[121.58419,24.6558],[121.58633,24.65724],[121.58653,24.65748],[121.58666,24.65812],[121.58674,24.65831],[121.58715,24.65881],[121.58756,24.65964],[121.5876,24.65986],[121.58745,24.66092],[121.58757,24.6612],[121.58835,24.66166],[121.58912,24.66228],[121.59031,24.66339],[121.59056,24.66357],[121.5913,24.66395],[121.59253,24.66435],[121.59286,24.66459]]}},{"type":"Feature","properties":{"n":"泰雅路二段","k":2},"geometry":{"type":"LineString","coordinates":[[121.59305,24.66477],[121.59404,24.66568],[121.59437,24.66591],[121.59715,24.6668],[121.5974,24.66686],[121.5981,24.66689],[121.59888,24.66727]]}},{"type":"Feature","properties":{"n":"泰雅一路","k":2},"geometry":{"type":"LineString","coordinates":[[121.56922,24.64145],[121.57116,24.64086],[121.57242,24.64074],[121.57458,24.64033],[121.57619,24.64001],[121.57768,24.6396],[121.57817,24.63951],[121.57889,24.6396],[121.581,24.64016],[121.5816,24.64024],[121.58285,24.64029],[121.58342,24.64029],[121.58371,24.64024],[121.58472,24.6397],[121.58532,24.63961],[121.58587,24.63961],[121.58621,24.63972],[121.58652,24.63993],[121.58766,24.64085],[121.58881,24.642],[121.5902,24.64289],[121.5912,24.64373],[121.59211,24.64405],[121.59276,24.64455],[121.59308,24.64474],[121.59486,24.64514],[121.59611,24.64506],[121.59773,24.64487],[121.59798,24.64479],[121.59872,24.64428],[121.59898,24.64403],[121.59911,24.64382],[121.59958,24.64202],[121.60007,24.6397],[121.60021,24.63924],[121.60067,24.63826],[121.60209,24.63614],[121.60249,24.63584],[121.60331,24.6354],[121.60496,24.63424],[121.60649,24.63274],[121.60755,24.63148],[121.60778,24.63142],[121.60804,24.63147],[121.60827,24.63162],[121.60875,24.63214]]}},{"type":"Feature","properties":{"n":"牛鬥橋","k":2},"geometry":{"type":"LineString","coordinates":[[121.56445,24.64413],[121.56515,24.64365],[121.56797,24.64194],[121.56922,24.64145]]}},{"type":"Feature","properties":{"n":"松羅橋","k":2},"geometry":{"type":"LineString","coordinates":[[121.57997,24.65341],[121.58006,24.65397]]}},{"type":"Feature","properties":{"n":"松羅中巷","k":5},"geometry":{"type":"LineString","coordinates":[[121.58002,24.65691],[121.57992,24.657],[121.5798,24.65701],[121.57932,24.65686],[121.57902,24.65627],[121.57844,24.65649]]}},{"type":"Feature","properties":{"n":"松羅東巷","k":5},"geometry":{"type":"LineString","coordinates":[[121.58071,24.65565],[121.57902,24.65627]]}},{"type":"Feature","properties":{"n":"松羅東巷","k":5},"geometry":{"type":"LineString","coordinates":[[121.57931,24.65617],[121.57962,24.65677],[121.58002,24.65691]]}},{"type":"Feature","properties":{"n":"松羅西巷","k":5},"geometry":{"type":"LineString","coordinates":[[121.57844,24.65649],[121.57853,24.6567],[121.57894,24.6571],[121.5792,24.65722],[121.57908,24.65729]]}},{"type":"Feature","properties":{"n":"泰雅一路13巷","k":5},"geometry":{"type":"LineString","coordinates":[[121.60794,24.63144],[121.60852,24.63107],[121.60964,24.63086],[121.61239,24.63078],[121.61278,24.63055],[121.61292,24.63003],[121.6132,24.62971],[121.6133,24.62946],[121.61326,24.62937],[121.61279,24.62946],[121.61279,24.62932],[121.6137,24.6289],[121.61442,24.62879]]}},{"type":"Feature","properties":{"n":"泰雅一路85巷","k":5},"geometry":{"type":"LineString","coordinates":[[121.60335,24.63479],[121.60327,24.63493],[121.60322,24.63544]]}},{"type":"Feature","properties":{"n":"復興橋","k":5},"geometry":{"type":"LineString","coordinates":[[121.60362,24.63464],[121.60335,24.63479]]}},{"type":"Feature","properties":{"n":"三星路八段","k":2},"geometry":{"type":"LineString","coordinates":[[121.61371,24.63753],[121.61398,24.63784],[121.61404,24.6382],[121.61369,24.63944],[121.61359,24.63965],[121.61249,24.64113],[121.61152,24.64186],[121.61123,24.64214],[121.61089,24.64274],[121.61081,24.64302],[121.61082,24.64314],[121.61095,24.64333],[121.61201,24.64382],[121.61225,24.644],[121.61271,24.64459],[121.61305,24.64519],[121.61348,24.64637],[121.61385,24.64718],[121.61407,24.64779],[121.61474,24.65006],[121.61495,24.65068],[121.61507,24.65086],[121.61527,24.65102],[121.61543,24.65106],[121.61708,24.65122],[121.61745,24.6513],[121.6176,24.65141],[121.61767,24.65154],[121.61773,24.65184],[121.61772,24.65195],[121.61759,24.6521],[121.61735,24.65222],[121.61638,24.65208],[121.61571,24.65214],[121.61531,24.65229],[121.61497,24.65262],[121.61415,24.65399],[121.61409,24.65431],[121.61416,24.65468],[121.61572,24.65838],[121.61597,24.65857],[121.61625,24.6586],[121.61802,24.65805],[121.6183,24.658],[121.61919,24.65815],[121.61947,24.65825],[121.61977,24.65846],[121.62002,24.65871],[121.62011,24.65884],[121.62024,24.65929],[121.62032,24.65937],[121.62096,24.65962],[121.62103,24.65971],[121.62145,24.66172]]}},{"type":"Feature","properties":{"n":"清水橋","k":2},"geometry":{"type":"LineString","coordinates":[[121.60875,24.63214],[121.61127,24.63496],[121.61371,24.63753]]}},{"type":"Feature","properties":{"n":"電力路","k":5},"geometry":{"type":"LineString","coordinates":[[121.62096,24.65962],[121.62081,24.65917],[121.62044,24.65846],[121.6195,24.6577],[121.6183,24.65691],[121.61774,24.65625]]}},{"type":"Feature","properties":{"n":"泰雅路二段88巷","k":5},"geometry":{"type":"LineString","coordinates":[[121.57436,24.65834],[121.57434,24.65847],[121.57361,24.65956],[121.57314,24.66044],[121.57226,24.66122],[121.57134,24.66165],[121.5709,24.66166],[121.5687,24.66207],[121.56736,24.66178],[121.56479,24.66169],[121.56403,24.66207],[121.56366,24.6624],[121.56336,24.66287],[121.56331,24.66343],[121.56366,24.66397],[121.56377,24.66455],[121.56389,24.66476],[121.56376,24.66507],[121.56323,24.66544],[121.5631,24.6657],[121.56321,24.66583],[121.56394,24.66617],[121.5641,24.66661],[121.56427,24.66685],[121.56444,24.66799],[121.56427,24.66847],[121.56386,24.6688]]}},{"type":"Feature","properties":{"n":"玉蘭農路","k":5},"geometry":{"type":"LineString","coordinates":[[121.59028,24.6687],[121.59032,24.66876],[121.59078,24.66866],[121.59128,24.66878],[121.59174,24.66874],[121.59275,24.66922],[121.5929,24.66936],[121.59285,24.6694],[121.59226,24.66922],[121.59191,24.66926],[121.5914,24.66946],[121.59101,24.66998],[121.59043,24.67013],[121.5898,24.67008],[121.58926,24.67024],[121.58888,24.67045],[121.58864,24.67069],[121.58818,24.67149],[121.58808,24.67156],[121.58778,24.67152],[121.58781,24.67171],[121.58799,24.67174],[121.58841,24.67154],[121.58901,24.67137],[121.59015,24.6714],[121.59008,24.6715],[121.58977,24.67164],[121.58891,24.67254],[121.5887,24.67265],[121.588,24.67285],[121.58745,24.67311],[121.58711,24.67299],[121.58691,24.67299],[121.58683,24.67305],[121.58681,24.67317],[121.58687,24.67327],[121.58795,24.67346],[121.58812,24.6736],[121.58811,24.67416],[121.58836,24.67445],[121.58844,24.67478],[121.58841,24.67498],[121.58826,24.67525],[121.58816,24.67522],[121.58826,24.67489],[121.58791,24.67448],[121.58775,24.67419],[121.5876,24.67411],[121.58747,24.67415],[121.58729,24.6744],[121.58678,24.67466],[121.5854,24.67479]]}},{"type":"Feature","properties":{"n":"鹿場路","k":5},"geometry":{"type":"LineString","coordinates":[[121.5948,24.66606],[121.59389,24.6666],[121.59368,24.6669],[121.59341,24.66714],[121.59341,24.66751],[121.59295,24.66786],[121.59279,24.66783],[121.59269,24.66746],[121.59243,24.66727],[121.59226,24.66703],[121.59185,24.66705],[121.59175,24.66774],[121.59163,24.66798],[121.59137,24.66815],[121.59126,24.66839],[121.59064,24.66848],[121.58952,24.66905],[121.5886,24.66911],[121.58799,24.66944],[121.58729,24.66966],[121.58693,24.66997],[121.58665,24.67005],[121.58643,24.66999],[121.58623,24.66981],[121.58625,24.66971],[121.58676,24.66972],[121.58742,24.66904],[121.58784,24.66887],[121.5885,24.66835],[121.58883,24.66825],[121.59014,24.66753],[121.5906,24.66715],[121.59091,24.66668],[121.59119,24.66651],[121.59134,24.66612],[121.59208,24.66596],[121.5925,24.66577],[121.59296,24.6657],[121.59362,24.6653]]}},{"type":"Feature","properties":{"n":"員山路三段","k":2},"geometry":{"type":"LineString","coordinates":[[121.62692,24.68717],[121.62872,24.68827],[121.63176,24.69039],[121.63387,24.69327],[121.63462,24.69397],[121.63555,24.69515],[121.63603,24.69554],[121.63796,24.69661],[121.63847,24.69677],[121.64025,24.6971],[121.64087,24.69737],[121.64133,24.69779],[121.6415,24.69843],[121.64161,24.69856],[121.64289,24.69935],[121.64319,24.69943],[121.64591,24.69968],[121.64864,24.70144],[121.64874,24.70161],[121.64872,24.70181],[121.64826,24.70311],[121.64828,24.70423],[121.64808,24.70478],[121.64766,24.70556],[121.64765,24.70588],[121.64771,24.70614],[121.64737,24.70693],[121.64753,24.70731],[121.64767,24.70744],[121.64846,24.70777],[121.64867,24.70791],[121.64971,24.70946],[121.64997,24.70978]]}},{"type":"Feature","properties":{"n":"員山路三段","k":2},"geometry":{"type":"LineString","coordinates":[[121.61031,24.67812],[121.61079,24.67828],[121.61169,24.67886],[121.61351,24.67949],[121.61576,24.68083],[121.61623,24.681],[121.61734,24.68112],[121.6179,24.68154],[121.6181,24.68162],[121.61865,24.68168],[121.62051,24.68156],[121.62083,24.68162],[121.62141,24.68184],[121.62177,24.68182],[121.62222,24.68191],[121.62246,24.68208],[121.6226,24.68234],[121.62258,24.6835],[121.62261,24.68374],[121.62271,24.68391],[121.6253,24.68617],[121.62633,24.68682]]}},{"type":"Feature","properties":{"n":"員山路三段","k":2},"geometry":{"type":"LineString","coordinates":[[121.60983,24.6773],[121.60988,24.67787],[121.61016,24.67807]]}},{"type":"Feature","properties":{"n":"員山路三段","k":2},"geometry":{"type":"LineString","coordinates":[[121.67178,24.71215],[121.67164,24.71236],[121.67138,24.71313],[121.67118,24.71334],[121.67094,24.71342],[121.67055,24.71338],[121.66967,24.71289],[121.66937,24.71284],[121.66844,24.71284],[121.66799,24.71275],[121.66666,24.71172],[121.66556,24.71124],[121.66449,24.71036],[121.66296,24.70836],[121.66274,24.70785],[121.66253,24.70757],[121.66188,24.70709],[121.66106,24.70666],[121.66051,24.70647],[121.66017,24.70641],[121.65967,24.70645],[121.65915,24.70669],[121.65904,24.70686],[121.65888,24.70773],[121.65846,24.70837],[121.65636,24.71],[121.65612,24.71013],[121.65414,24.71093],[121.65379,24.71103],[121.65157,24.71113],[121.65106,24.71108],[121.65073,24.71089],[121.65043,24.71049]]}},{"type":"Feature","properties":{"n":"員山路三段","k":2},"geometry":{"type":"LineString","coordinates":[[121.67178,24.71215],[121.67241,24.71161],[121.67345,24.71088],[121.6748,24.71006],[121.67583,24.70952],[121.67782,24.70873]]}},{"type":"Feature","properties":{"n":"員山路三段","k":2},"geometry":{"type":"LineString","coordinates":[[121.67786,24.70876],[121.67586,24.70957],[121.67484,24.7101],[121.6735,24.71091],[121.67244,24.71163],[121.67178,24.71215]]}},{"type":"Feature","properties":{"n":"上將路七段","k":5},"geometry":{"type":"LineString","coordinates":[[121.63468,24.67717],[121.65062,24.67706],[121.65303,24.67709]]}},{"type":"Feature","properties":{"n":"玉蘭橋","k":2},"geometry":{"type":"LineString","coordinates":[[121.59286,24.66459],[121.59305,24.66477]]}},{"type":"Feature","properties":{"n":"泰雅路一段","k":2},"geometry":{"type":"LineString","coordinates":[[121.59888,24.66727],[121.60159,24.66841],[121.60247,24.66907],[121.60282,24.66922],[121.60322,24.66951],[121.60365,24.66991],[121.6042,24.67058],[121.60442,24.67097],[121.60498,24.6716]]}},{"type":"Feature","properties":{"n":"泰雅路一段","k":2},"geometry":{"type":"LineString","coordinates":[[121.60568,24.67203],[121.60619,24.67228],[121.60668,24.67245],[121.60773,24.67262],[121.60833,24.67284],[121.60876,24.6731],[121.6097,24.67388],[121.60989,24.6742],[121.60991,24.6744],[121.60985,24.67546],[121.60983,24.6773]]}},{"type":"Feature","properties":{"n":"東興路","k":5},"geometry":{"type":"LineString","coordinates":[[121.6184,24.6625],[121.61752,24.66244],[121.61697,24.66233],[121.61483,24.66151],[121.61402,24.66137],[121.61274,24.66101],[121.61145,24.66036],[121.6081,24.65917],[121.60784,24.65898],[121.60743,24.65841]]}},{"type":"Feature","properties":{"n":"東興路","k":5},"geometry":{"type":"LineString","coordinates":[[121.63176,24.66697],[121.62643,24.66387],[121.62514,24.66282]]}},{"type":"Feature","properties":{"n":"東興路","k":5},"geometry":{"type":"LineString","coordinates":[[121.61805,24.66344],[121.61873,24.66358],[121.61957,24.66398],[121.62016,24.66442],[121.62139,24.66506],[121.62238,24.66566],[121.62434,24.66627],[121.62564,24.66684],[121.62656,24.66686],[121.62689,24.66694],[121.6271,24.66712],[121.62735,24.66761],[121.62743,24.66766],[121.63032,24.66757],[121.63132,24.66743],[121.6318,24.66748]]}},{"type":"Feature","properties":{"n":"東興路","k":5},"geometry":{"type":"LineString","coordinates":[[121.80716,24.62962],[121.80708,24.63088],[121.80698,24.6313],[121.80667,24.63168],[121.80632,24.63194],[121.80541,24.63229],[121.8056,24.63286]]}},{"type":"Feature","properties":{"n":"泰雅大橋","k":4},"geometry":{"type":"LineString","coordinates":[[121.60627,24.67126],[121.61615,24.66594]]}},{"type":"Feature","properties":{"n":"泰雅大橋","k":4},"geometry":{"type":"LineString","coordinates":[[121.60627,24.67126],[121.60559,24.6715],[121.60503,24.67149],[121.60479,24.67143]]}},{"type":"Feature","properties":{"n":"泰雅大橋","k":4},"geometry":{"type":"LineString","coordinates":[[121.60584,24.67212],[121.60589,24.67179],[121.60607,24.67147],[121.60627,24.67126]]}},{"type":"Feature","properties":{"n":"羅裕橋","k":2},"geometry":{"type":"LineString","coordinates":[[121.60498,24.6716],[121.60568,24.67203]]}},{"type":"Feature","properties":{"n":"朝陽巷","k":5},"geometry":{"type":"LineString","coordinates":[[121.60983,24.67627],[121.60968,24.67624],[121.60937,24.67715],[121.60898,24.67801],[121.60603,24.6811]]}},{"type":"Feature","properties":{"n":"崙埤二號橋","k":5},"geometry":{"type":"LineString","coordinates":[[121.60601,24.68113],[121.60591,24.68127]]}},{"type":"Feature","properties":{"n":"朝長聯絡道","k":5},"geometry":{"type":"LineString","coordinates":[[121.60603,24.6811],[121.60601,24.68113]]}},{"type":"Feature","properties":{"n":"福山街","k":4},"geometry":{"type":"LineString","coordinates":[[121.62145,24.66172],[121.62059,24.66169]]}},{"type":"Feature","properties":{"n":"福山街","k":4},"geometry":{"type":"LineString","coordinates":[[121.61615,24.66594],[121.61682,24.66553],[121.61738,24.66495],[121.6177,24.66432],[121.61873,24.66166],[121.6205,24.66169]]}},{"type":"Feature","properties":{"n":"福山街","k":5},"geometry":{"type":"LineString","coordinates":[[121.61873,24.66166],[121.61637,24.66161],[121.61607,24.66175],[121.61587,24.66177],[121.61507,24.66159]]}},{"type":"Feature","properties":{"n":"福山街","k":5},"geometry":{"type":"LineString","coordinates":[[121.61329,24.66737],[121.61608,24.66588],[121.61628,24.66587],[121.6162,24.666],[121.61342,24.66749]]}},{"type":"Feature","properties":{"n":"天送埤二號橋","k":4},"geometry":{"type":"LineString","coordinates":[[121.62059,24.66169],[121.6205,24.66169]]}},{"type":"Feature","properties":{"n":"南湖路","k":5},"geometry":{"type":"LineString","coordinates":[[121.61628,24.66165],[121.61617,24.66151],[121.61598,24.66144],[121.616,24.66134],[121.61634,24.66104],[121.61662,24.66091]]}},{"type":"Feature","properties":{"n":"三星路七段","k":2},"geometry":{"type":"LineString","coordinates":[[121.62145,24.66172],[121.63051,24.66256]]}},{"type":"Feature","properties":{"n":"三星路八段1巷","k":5},"geometry":{"type":"LineString","coordinates":[[121.62137,24.66134],[121.62175,24.66129],[121.623,24.66061],[121.62348,24.66052]]}},{"type":"Feature","properties":{"n":"福山橫巷","k":5},"geometry":{"type":"LineString","coordinates":[[121.62514,24.66282],[121.62461,24.66266],[121.6184,24.6625]]}},{"type":"Feature","properties":{"n":"雙和三路","k":5},"geometry":{"type":"LineString","coordinates":[[121.6324,24.66289],[121.63159,24.66325],[121.63131,24.66357],[121.6318,24.66748],[121.63114,24.66965],[121.63083,24.67077],[121.63084,24.6709],[121.63302,24.67399],[121.63434,24.6767],[121.63599,24.67902],[121.63626,24.67916],[121.63618,24.67931],[121.63705,24.68052]]}},{"type":"Feature","properties":{"n":"三星路六段","k":2},"geometry":{"type":"LineString","coordinates":[[121.63051,24.66256],[121.64181,24.6646],[121.64777,24.6655]]}},{"type":"Feature","properties":{"n":"雙和中路","k":5},"geometry":{"type":"LineString","coordinates":[[121.6318,24.66748],[121.63352,24.66744],[121.63762,24.66784],[121.63962,24.66796],[121.64111,24.66818],[121.64198,24.66823],[121.64224,24.66817],[121.6442,24.66855],[121.64743,24.66882],[121.65081,24.66741]]}},{"type":"Feature","properties":{"n":"星平路","k":5},"geometry":{"type":"LineString","coordinates":[[121.63083,24.67084],[121.63067,24.67083],[121.63056,24.67092],[121.63016,24.67192],[121.62983,24.67211],[121.62957,24.6726],[121.62877,24.67336],[121.62866,24.67379],[121.62834,24.67419]]}},{"type":"Feature","properties":{"n":"崙埤一號橋","k":2},"geometry":{"type":"LineString","coordinates":[[121.61016,24.67807],[121.61031,24.67812]]}},{"type":"Feature","properties":{"n":"安平路五段","k":5},"geometry":{"type":"LineString","coordinates":[[121.62793,24.67414],[121.62854,24.67477],[121.62997,24.67597],[121.63342,24.67871],[121.6336,24.67875],[121.63405,24.67854],[121.63442,24.67851],[121.63463,24.67861],[121.63487,24.67894]]}},{"type":"Feature","properties":{"n":"冷水坑橋","k":2},"geometry":{"type":"LineString","coordinates":[[121.62633,24.68682],[121.62692,24.68717]]}},{"type":"Feature","properties":{"n":"雙連埤產業道路","k":2},"geometry":{"type":"LineString","coordinates":[[121.65465,24.75439],[121.65441,24.75404],[121.65406,24.75386],[121.65395,24.75374],[121.65393,24.7535],[121.65422,24.75304],[121.6542,24.75284],[121.65398,24.75267],[121.65351,24.75253],[121.65335,24.75216],[121.65319,24.75202],[121.65272,24.75182],[121.65219,24.75185],[121.65172,24.752],[121.65144,24.75224],[121.65115,24.75232],[121.64955,24.75183],[121.64945,24.75171],[121.64946,24.75159],[121.64965,24.7515],[121.64992,24.75159],[121.65031,24.75182],[121.65075,24.75195],[121.65095,24.75196],[121.65107,24.75187],[121.65108,24.75175],[121.65098,24.75164],[121.65059,24.75152],[121.65011,24.75123],[121.64956,24.75117],[121.64945,24.75109],[121.64923,24.75039],[121.64928,24.75029],[121.6496,24.75003],[121.64982,24.74938],[121.65003,24.74915],[121.65003,24.749],[121.64994,24.74879],[121.65,24.74853],[121.64996,24.74823],[121.65002,24.74795],[121.6507,24.74712],[121.65108,24.74683],[121.65108,24.74668],[121.65095,24.74658],[121.65074,24.74663],[121.65048,24.74691],[121.65032,24.74699],[121.64899,24.74681],[121.6488,24.74686],[121.64802,24.74724],[121.64791,24.74734],[121.64777,24.74773],[121.64673,24.74831],[121.64643,24.7484],[121.64635,24.74855],[121.64631,24.74898],[121.64625,24.74915],[121.6459,24.74962],[121.64577,24.74968],[121.64515,24.74978],[121.64475,24.75013],[121.64413,24.7502],[121.64377,24.75032],[121.64365,24.75046],[121.64353,24.75088],[121.64343,24.75098],[121.64264,24.7511],[121.64252,24.75117],[121.64241,24.75158],[121.64219,24.75177],[121.64213,24.75193],[121.64216,24.75273],[121.64188,24.75303],[121.64169,24.75351],[121.64147,24.7537],[121.64104,24.7538],[121.64031,24.75413],[121.63989,24.75421],[121.63912,24.75422],[121.63794,24.75466],[121.63758,24.75473],[121.63734,24.75469],[121.6364,24.75427],[121.63386,24.75372],[121.63363,24.75372],[121.63298,24.75397],[121.63278,24.75398],[121.63195,24.75368]]}},{"type":"Feature","properties":{"n":"雙連埤產業道路","k":5},"geometry":{"type":"LineString","coordinates":[[121.63195,24.75368],[121.63162,24.7535],[121.63162,24.75325],[121.63214,24.75294],[121.63252,24.75241],[121.63367,24.75204],[121.63392,24.75141],[121.63316,24.75107],[121.63204,24.75073],[121.63147,24.75084],[121.63074,24.75055],[121.63022,24.75054],[121.62971,24.75035],[121.62932,24.75035],[121.62827,24.75016],[121.6278,24.75019],[121.62711,24.75046],[121.62649,24.75054],[121.62539,24.75132],[121.62476,24.75256],[121.62374,24.75356],[121.6236,24.75396],[121.62335,24.75433],[121.62338,24.7549],[121.62326,24.75546],[121.62287,24.75573],[121.62253,24.75586],[121.62241,24.75601],[121.62244,24.75614],[121.62271,24.7564],[121.62272,24.75662],[121.62246,24.75741],[121.62247,24.75757],[121.62282,24.75786]]}},{"type":"Feature","properties":{"n":"中央路","k":5},"geometry":{"type":"LineString","coordinates":[[121.74077,24.32992],[121.73992,24.32966],[121.73811,24.32886],[121.7379,24.32866],[121.73791,24.32825]]}},{"type":"Feature","properties":{"n":"中央路","k":5},"geometry":{"type":"LineString","coordinates":[[121.74617,24.32591],[121.74562,24.32638],[121.74519,24.32658],[121.7439,24.32783],[121.74373,24.32809],[121.74346,24.32975],[121.74339,24.33001],[121.74314,24.33032],[121.74304,24.33076],[121.74305,24.33134]]}},{"type":"Feature","properties":{"n":"中央路","k":5},"geometry":{"type":"LineString","coordinates":[[121.74314,24.33032],[121.74202,24.33014]]}},{"type":"Feature","properties":{"n":"谷風隧道","k":2},"geometry":{"type":"LineString","coordinates":[[121.77939,24.36776],[121.77868,24.3662],[121.77772,24.36447],[121.77567,24.3611],[121.7739,24.35862],[121.77017,24.35379],[121.76753,24.35027],[121.76617,24.3479],[121.76517,24.34581],[121.76439,24.34332],[121.76392,24.34099],[121.76372,24.33875],[121.76386,24.33556],[121.76412,24.33396],[121.76506,24.32954]]}},{"type":"Feature","properties":{"n":"谷風隧道","k":2},"geometry":{"type":"LineString","coordinates":[[121.76535,24.33007],[121.76453,24.33401],[121.76427,24.33562],[121.76412,24.33749],[121.76412,24.33877],[121.76431,24.34096],[121.76472,24.3431],[121.76526,24.34492],[121.76573,24.34613],[121.7662,24.34717],[121.76651,24.34779],[121.76757,24.34962],[121.76847,24.35095],[121.77046,24.35365],[121.7724,24.3561],[121.77427,24.35859],[121.77603,24.36112],[121.77716,24.36281],[121.77811,24.36443],[121.77976,24.36759]]}},{"type":"Feature","properties":{"n":"蘇花路一段","k":2},"geometry":{"type":"LineString","coordinates":[[121.7707,24.34244],[121.77073,24.34209],[121.77066,24.34183],[121.77039,24.34127],[121.7702,24.34098],[121.76948,24.34026],[121.76936,24.33986],[121.76915,24.33854],[121.76864,24.33682],[121.76825,24.33612],[121.7681,24.33557],[121.76765,24.33439],[121.76731,24.33309],[121.76622,24.33031],[121.76577,24.32882],[121.76543,24.32813],[121.76486,24.3263],[121.76446,24.32555],[121.76394,24.32489],[121.7637,24.3242],[121.76305,24.32328],[121.76288,24.32279],[121.76261,24.32236],[121.76235,24.32207],[121.76162,24.32182],[121.76077,24.32182],[121.76028,24.3216],[121.76011,24.32158],[121.75745,24.32163],[121.75438,24.32126],[121.75368,24.321],[121.75284,24.32101],[121.75268,24.32106],[121.7525,24.32137],[121.75241,24.32144],[121.75186,24.3216],[121.75138,24.32195],[121.75104,24.32233],[121.74975,24.32283]]}},{"type":"Feature","properties":{"n":"蘇花路一段","k":2},"geometry":{"type":"LineString","coordinates":[[121.77068,24.34535],[121.77076,24.34516],[121.77122,24.34466],[121.77127,24.34441],[121.77125,24.34422],[121.77075,24.34293],[121.77068,24.34261]]}},{"type":"Feature","properties":{"n":"蘇花路一段","k":2},"geometry":{"type":"LineString","coordinates":[[121.78619,24.40088],[121.78635,24.40072],[121.78689,24.40047],[121.78699,24.40038],[121.78706,24.40017],[121.78705,24.39979],[121.78692,24.39942],[121.78687,24.3991],[121.78676,24.39891],[121.78669,24.39862],[121.78675,24.39833],[121.78673,24.39823],[121.7863,24.39769],[121.78565,24.39739],[121.78558,24.39732],[121.78538,24.39692],[121.78515,24.39626],[121.78485,24.39593],[121.7844,24.39555],[121.78432,24.39535],[121.78433,24.39519],[121.78455,24.39479],[121.78459,24.39446],[121.78472,24.39427],[121.78515,24.39404],[121.78531,24.39385],[121.78522,24.39326],[121.78513,24.39304],[121.78506,24.39298],[121.78492,24.3929],[121.78423,24.39272],[121.78402,24.39253],[121.78359,24.39201],[121.78348,24.39151],[121.7835,24.39139],[121.78364,24.39123],[121.78469,24.3908],[121.78485,24.39064],[121.78489,24.39053],[121.78486,24.39028],[121.78466,24.3899],[121.78454,24.38951],[121.78454,24.38892],[121.78422,24.38857],[121.78419,24.38835],[121.78421,24.3882],[121.78455,24.38772],[121.78463,24.38653],[121.78455,24.38612],[121.78486,24.38486],[121.78478,24.3842],[121.78405,24.38288],[121.78407,24.38255],[121.78442,24.38131],[121.78455,24.38037],[121.78446,24.38026],[121.78404,24.38006],[121.78392,24.37993],[121.78376,24.37923],[121.78347,24.37858],[121.78322,24.37823],[121.7832,24.37813],[121.78329,24.37792],[121.7842,24.37689],[121.78422,24.37674],[121.78394,24.37619],[121.78395,24.37609],[121.78431,24.37533],[121.78445,24.37458],[121.78479,24.37432],[121.78494,24.37406],[121.78517,24.37311],[121.78515,24.373],[121.78511,24.3729],[121.78501,24.37284],[121.78469,24.37273],[121.78442,24.37279],[121.78423,24.37276],[121.78397,24.3726],[121.78296,24.37217],[121.78268,24.37214],[121.78234,24.37203],[121.7823,24.37196],[121.7823,24.37159],[121.78207,24.37102],[121.78213,24.37064],[121.78211,24.37051],[121.78188,24.3699],[121.78176,24.36978],[121.78093,24.36939],[121.78072,24.36936],[121.78043,24.36923],[121.78019,24.36921],[121.7798,24.36941],[121.77917,24.36952],[121.77876,24.36986],[121.77853,24.36995],[121.77831,24.36983],[121.77827,24.36972],[121.77833,24.36937],[121.77825,24.36922],[121.77814,24.36914]]}},{"type":"Feature","properties":{"n":"蘇花路一段","k":2},"geometry":{"type":"LineString","coordinates":[[121.77174,24.34694],[121.77167,24.34674],[121.77193,24.34643],[121.77197,24.34631],[121.77177,24.34574],[121.77166,24.34565],[121.77149,24.34561],[121.77088,24.3456],[121.77076,24.34553]]}},{"type":"Feature","properties":{"n":"蘇花路一段","k":2},"geometry":{"type":"LineString","coordinates":[[121.77539,24.36639],[121.77547,24.36633],[121.77567,24.36633],[121.77614,24.36677],[121.77671,24.36717],[121.77687,24.36723],[121.77727,24.36723],[121.77803,24.367],[121.77934,24.3671],[121.77994,24.36684],[121.78019,24.36654],[121.78075,24.36614],[121.7809,24.36587],[121.78094,24.36563],[121.78089,24.36551],[121.78051,24.3652],[121.78019,24.36481],[121.77942,24.36431],[121.77923,24.36408],[121.77918,24.36375],[121.7792,24.36301],[121.78003,24.36171],[121.78011,24.36142],[121.77985,24.3608],[121.77957,24.36043],[121.77932,24.35994],[121.77878,24.35954],[121.7786,24.35875],[121.7781,24.35805],[121.77738,24.3567],[121.77732,24.35627],[121.77739,24.3554],[121.77716,24.35479],[121.77673,24.35425],[121.77658,24.35376],[121.77571,24.35271],[121.77561,24.35238],[121.7756,24.3521],[121.77593,24.3512],[121.77594,24.35087],[121.77567,24.35044],[121.77495,24.35014],[121.77482,24.35003],[121.77453,24.3492],[121.7742,24.34876],[121.77404,24.34866],[121.77372,24.34865],[121.77334,24.34851],[121.77325,24.34811],[121.77324,24.34765],[121.77321,24.34752],[121.77312,24.34742],[121.77257,24.3471],[121.77185,24.34702]]}},{"type":"Feature","properties":{"n":"蘇花路一段","k":2},"geometry":{"type":"LineString","coordinates":[[121.77806,24.36907],[121.77788,24.36896],[121.77738,24.36905],[121.77722,24.36901],[121.77623,24.36845],[121.776,24.36837],[121.77581,24.36821],[121.77559,24.36784],[121.77498,24.36749]]}},{"type":"Feature","properties":{"n":"蘇花路一段","k":2},"geometry":{"type":"LineString","coordinates":[[121.77493,24.36729],[121.7753,24.36654]]}},{"type":"Feature","properties":{"n":"蘇花路一段","k":2},"geometry":{"type":"LineString","coordinates":[[121.78182,24.44029],[121.78179,24.44009],[121.78187,24.43973],[121.78212,24.43941],[121.78541,24.43742],[121.78567,24.43719],[121.78571,24.43695],[121.78566,24.43678],[121.78559,24.43661],[121.78534,24.43635],[121.78506,24.43629],[121.78475,24.43631],[121.78438,24.43644],[121.78411,24.43644],[121.78382,24.43628],[121.78376,24.43613],[121.78379,24.43598],[121.78387,24.43582],[121.78412,24.43556],[121.78471,24.4352],[121.78505,24.43508],[121.78518,24.43498],[121.78527,24.43479],[121.78528,24.43401],[121.78552,24.43334],[121.7857,24.43298],[121.78585,24.43283],[121.78597,24.43277],[121.78648,24.43273],[121.78683,24.43265],[121.7874,24.43237],[121.78759,24.43222],[121.78768,24.43205],[121.78766,24.43185],[121.78731,24.43129],[121.78725,24.43106],[121.78731,24.43058],[121.78732,24.42986],[121.78748,24.42941],[121.78836,24.42859],[121.78841,24.42843],[121.78836,24.42802],[121.78844,24.42792],[121.78928,24.42732],[121.78943,24.42716],[121.78951,24.42702],[121.78952,24.42687],[121.78945,24.4263],[121.78959,24.42607],[121.79016,24.42571],[121.79047,24.4253],[121.79148,24.42477],[121.79169,24.42448],[121.79168,24.42421],[121.79163,24.42408],[121.79151,24.42397],[121.79132,24.42391],[121.78991,24.42389],[121.78977,24.42385],[121.7896,24.4237],[121.78951,24.42351],[121.7895,24.42335],[121.78962,24.42287],[121.78992,24.42252],[121.78998,24.42237],[121.78994,24.42211],[121.78973,24.4218],[121.78975,24.42167],[121.79001,24.42131],[121.79014,24.42103],[121.79013,24.42093],[121.79003,24.42079],[121.78966,24.42047],[121.78955,24.42031],[121.78949,24.42008],[121.79027,24.41743],[121.7903,24.41666],[121.79013,24.41569],[121.79015,24.41554],[121.79023,24.4154],[121.79056,24.4151],[121.79057,24.4148],[121.79037,24.41399],[121.7901,24.41361],[121.78967,24.41281],[121.78891,24.41233],[121.78855,24.41169],[121.78846,24.41142],[121.78822,24.41113],[121.78813,24.4109],[121.78804,24.41077],[121.78764,24.41043],[121.78755,24.41029],[121.78743,24.4099],[121.78716,24.40939],[121.78738,24.40861],[121.78737,24.4078]]}},{"type":"Feature","properties":{"n":"蘇花路一段","k":2},"geometry":{"type":"LineString","coordinates":[[121.78739,24.40769],[121.78769,24.40708],[121.78805,24.40666],[121.78808,24.40647],[121.78771,24.40598],[121.78761,24.4056],[121.78733,24.40509],[121.78731,24.40495],[121.78746,24.4046],[121.78746,24.40449],[121.78731,24.40429],[121.78692,24.40409],[121.78679,24.4039],[121.7867,24.40355],[121.78675,24.40298],[121.78671,24.40271],[121.7861,24.40132],[121.78607,24.4011]]}},{"type":"Feature","properties":{"n":"蘇花路一段","k":2},"geometry":{"type":"LineString","coordinates":[[121.78108,24.44929],[121.78128,24.4491],[121.78194,24.44824],[121.78211,24.44812],[121.78236,24.44803],[121.78262,24.44784],[121.78299,24.44745],[121.78356,24.44698],[121.78379,24.44641],[121.78367,24.44582],[121.78353,24.44546],[121.7829,24.44482],[121.78285,24.44454],[121.78296,24.44419],[121.78293,24.444],[121.78277,24.44364],[121.78257,24.44338],[121.78216,24.44266],[121.78218,24.44184],[121.78225,24.44145],[121.78185,24.44037]]}},{"type":"Feature","properties":{"n":"和平溪橋","k":2},"geometry":{"type":"LineString","coordinates":[[121.76429,24.31965],[121.76361,24.3185],[121.7614,24.31525],[121.76092,24.31441],[121.76033,24.31307],[121.75992,24.31198],[121.75975,24.3117],[121.75937,24.31129],[121.75894,24.31104],[121.75869,24.31095],[121.75817,24.31086],[121.75767,24.3109],[121.7574,24.31098],[121.75547,24.31186],[121.75407,24.31233],[121.75319,24.31252],[121.75227,24.31264],[121.75137,24.31267],[121.74987,24.31255]]}},{"type":"Feature","properties":{"n":"和平溪橋","k":2},"geometry":{"type":"LineString","coordinates":[[121.74989,24.31245],[121.75138,24.31254],[121.75299,24.31245],[121.75395,24.31225],[121.755,24.31195],[121.75548,24.31178],[121.75735,24.31093],[121.75765,24.31085],[121.75816,24.31079],[121.75839,24.31081],[121.75909,24.31102],[121.75935,24.31118],[121.75964,24.31145],[121.75995,24.31189],[121.76069,24.31376],[121.761,24.31441],[121.76148,24.31523],[121.76394,24.31888],[121.76435,24.31963]]}},{"type":"Feature","properties":{"n":"澳花隧道","k":2},"geometry":{"type":"LineString","coordinates":[[121.74975,24.32283],[121.74793,24.32513],[121.74762,24.32537],[121.74731,24.32551],[121.74617,24.32591]]}},{"type":"Feature","properties":{"n":"大濁水橋","k":2},"geometry":{"type":"LineString","coordinates":[[121.74099,24.32085],[121.74097,24.3213],[121.74103,24.32162],[121.74128,24.32213],[121.74412,24.3253],[121.74445,24.32558],[121.74491,24.32581],[121.74549,24.32593],[121.74589,24.32591]]}},{"type":"Feature","properties":{"n":"大濁水橋","k":2},"geometry":{"type":"LineString","coordinates":[[121.74591,24.32598],[121.7455,24.32599],[121.74489,24.32587],[121.74445,24.32565],[121.74406,24.32533],[121.74122,24.32216],[121.74096,24.32164],[121.7409,24.32132],[121.74094,24.32085]]}},{"type":"Feature","properties":{"n":"蘇花公路","k":2},"geometry":{"type":"LineString","coordinates":[[121.74589,24.32591],[121.74617,24.32591],[121.74591,24.32598]]}},{"type":"Feature","properties":{"n":"澳花橋","k":5},"geometry":{"type":"LineString","coordinates":[[121.74202,24.33014],[121.74077,24.32992]]}},{"type":"Feature","properties":{"n":"蘇花改","k":2},"geometry":{"type":"LineString","coordinates":[[121.76547,24.32438],[121.76541,24.3235],[121.76513,24.32201],[121.76494,24.3213],[121.76464,24.32045],[121.76429,24.31965]]}},{"type":"Feature","properties":{"n":"蘇花改","k":2},"geometry":{"type":"LineString","coordinates":[[121.76435,24.31963],[121.76473,24.32041],[121.76503,24.32128],[121.76542,24.32282],[121.76564,24.32438]]}},{"type":"Feature","properties":{"n":"蘇花改","k":2},"geometry":{"type":"LineString","coordinates":[[121.76454,24.31998],[121.76468,24.32016],[121.76487,24.32061],[121.76541,24.32238],[121.76571,24.32436]]}},{"type":"Feature","properties":{"n":"蘇花改","k":2},"geometry":{"type":"LineString","coordinates":[[121.77463,24.43614],[121.7745,24.43704]]}},{"type":"Feature","properties":{"n":"蘇花改","k":2},"geometry":{"type":"LineString","coordinates":[[121.77414,24.43702],[121.77429,24.43607]]}},{"type":"Feature","properties":{"n":"蘇花改","k":2},"geometry":{"type":"LineString","coordinates":[[121.78463,24.46023],[121.78407,24.45986],[121.78159,24.45851],[121.78048,24.45765],[121.77982,24.457],[121.77952,24.45664],[121.77899,24.45592],[121.77835,24.45468],[121.77805,24.45395],[121.7778,24.45314],[121.77731,24.4511]]}},{"type":"Feature","properties":{"n":"蘇花改","k":2},"geometry":{"type":"LineString","coordinates":[[121.77749,24.45105],[121.77799,24.45335],[121.77829,24.4543],[121.77875,24.45532],[121.77905,24.45584],[121.77956,24.45657],[121.78023,24.45733],[121.78139,24.45829],[121.782,24.45868],[121.7847,24.46014]]}},{"type":"Feature","properties":{"n":"蘇花改","k":2},"geometry":{"type":"LineString","coordinates":[[121.78973,24.4635],[121.78862,24.46312],[121.78807,24.46279],[121.78741,24.46228]]}},{"type":"Feature","properties":{"n":"蘇花改","k":2},"geometry":{"type":"LineString","coordinates":[[121.78749,24.4622],[121.78798,24.46261],[121.78871,24.46309],[121.7892,24.46329],[121.78975,24.46342]]}},{"type":"Feature","properties":{"n":"蘇花改","k":2},"geometry":{"type":"LineString","coordinates":[[121.79701,24.46435],[121.79605,24.46436],[121.7956,24.46445]]}},{"type":"Feature","properties":{"n":"蘇花改","k":2},"geometry":{"type":"LineString","coordinates":[[121.79817,24.46388],[121.79803,24.46391],[121.79745,24.46429],[121.79724,24.46436],[121.79701,24.46435]]}},{"type":"Feature","properties":{"n":"蘇花改","k":2},"geometry":{"type":"LineString","coordinates":[[121.79557,24.46436],[121.79637,24.46425],[121.79688,24.46429],[121.79701,24.46435]]}},{"type":"Feature","properties":{"n":"蘇花改","k":2},"geometry":{"type":"LineString","coordinates":[[121.83013,24.51693],[121.82915,24.51824],[121.8286,24.5194]]}},{"type":"Feature","properties":{"n":"蘇花改","k":2},"geometry":{"type":"LineString","coordinates":[[121.8285,24.51936],[121.82877,24.51875],[121.82925,24.5179],[121.83006,24.51684]]}},{"type":"Feature","properties":{"n":"蘇花改","k":2},"geometry":{"type":"LineString","coordinates":[[121.83499,24.53295],[121.83528,24.53358]]}},{"type":"Feature","properties":{"n":"蘇花改","k":2},"geometry":{"type":"LineString","coordinates":[[121.83494,24.5337],[121.8348,24.53337]]}},{"type":"Feature","properties":{"n":"蘇花改","k":2},"geometry":{"type":"LineString","coordinates":[[121.8431,24.563],[121.84304,24.56287]]}},{"type":"Feature","properties":{"n":"蘇花改","k":2},"geometry":{"type":"LineString","coordinates":[[121.84775,24.57095],[121.8477,24.57033]]}},{"type":"Feature","properties":{"n":"蘇花改","k":2},"geometry":{"type":"LineString","coordinates":[[121.84778,24.57022],[121.84782,24.57095]]}},{"type":"Feature","properties":{"n":"蘇花改","k":2},"geometry":{"type":"LineString","coordinates":[[121.84697,24.59175],[121.84821,24.59113],[121.84862,24.59081],[121.84912,24.59019],[121.84935,24.58973]]}},{"type":"Feature","properties":{"n":"蘇花改","k":2},"geometry":{"type":"LineString","coordinates":[[121.84942,24.58975],[121.84908,24.59042],[121.84894,24.59062],[121.84852,24.59104],[121.84808,24.59132],[121.84755,24.59155],[121.84707,24.59184]]}},{"type":"Feature","properties":{"n":"蘇花改","k":2},"geometry":{"type":"LineString","coordinates":[[121.84619,24.5937],[121.84615,24.59422]]}},{"type":"Feature","properties":{"n":"蘇花改","k":2},"geometry":{"type":"LineString","coordinates":[[121.84615,24.59422],[121.84605,24.59372]]}},{"type":"Feature","properties":{"n":"蘇花改","k":2},"geometry":{"type":"LineString","coordinates":[[121.84615,24.59422],[121.84616,24.59431]]}},{"type":"Feature","properties":{"n":"漢本高架橋","k":2},"geometry":{"type":"LineString","coordinates":[[121.76506,24.32954],[121.7654,24.32755],[121.76552,24.32582],[121.76547,24.32438]]}},{"type":"Feature","properties":{"n":"漢本高架橋","k":2},"geometry":{"type":"LineString","coordinates":[[121.76564,24.32438],[121.76575,24.32648],[121.76563,24.32815],[121.76535,24.33007],[121.76546,24.32958],[121.76574,24.32696],[121.7658,24.32574],[121.76571,24.32436]]}},{"type":"Feature","properties":{"n":"和平路","k":5},"geometry":{"type":"LineString","coordinates":[[121.74478,24.33186],[121.74417,24.33335]]}},{"type":"Feature","properties":{"n":"和平路","k":5},"geometry":{"type":"LineString","coordinates":[[121.74589,24.33337],[121.74469,24.33298]]}},{"type":"Feature","properties":{"n":"和平路","k":5},"geometry":{"type":"LineString","coordinates":[[121.74562,24.33238],[121.74525,24.33342]]}},{"type":"Feature","properties":{"n":"和平路","k":5},"geometry":{"type":"LineString","coordinates":[[121.74305,24.33134],[121.74369,24.33144],[121.74432,24.33168],[121.7451,24.33185],[121.74359,24.33575],[121.74301,24.33627],[121.74274,24.33633],[121.74241,24.33619],[121.74238,24.33555],[121.74272,24.33443],[121.7428,24.3343],[121.74314,24.33407],[121.74341,24.33366],[121.7434,24.33347],[121.74328,24.33331],[121.74289,24.3332],[121.74291,24.33282],[121.74312,24.33211],[121.74305,24.33134]]}},{"type":"Feature","properties":{"n":"和平路","k":5},"geometry":{"type":"LineString","coordinates":[[121.74488,24.3325],[121.74631,24.33297],[121.74665,24.33289],[121.74682,24.33278],[121.74499,24.33219]]}},{"type":"Feature","properties":{"n":"和平路","k":5},"geometry":{"type":"LineString","coordinates":[[121.84419,24.61524],[121.83888,24.61921],[121.83665,24.6208],[121.8364,24.62092],[121.83597,24.62099],[121.83434,24.62102]]}},{"type":"Feature","properties":{"n":"和平路","k":5},"geometry":{"type":"LineString","coordinates":[[121.76636,24.6684],[121.76809,24.66753]]}},{"type":"Feature","properties":{"n":"和平路","k":5},"geometry":{"type":"LineString","coordinates":[[121.77276,24.67799],[121.77122,24.67298],[121.77103,24.67303]]}},{"type":"Feature","properties":{"n":"和平路","k":5},"geometry":{"type":"LineString","coordinates":[[121.76556,24.82393],[121.76629,24.82344],[121.77006,24.82234]]}},{"type":"Feature","properties":{"n":"和平路9巷","k":5},"geometry":{"type":"LineString","coordinates":[[121.74507,24.33193],[121.74469,24.33184],[121.74444,24.3319],[121.74395,24.33305],[121.7438,24.33316],[121.74337,24.33296],[121.74343,24.33258],[121.74357,24.33233],[121.74394,24.33199],[121.74389,24.33183],[121.74395,24.33153]]}},{"type":"Feature","properties":{"n":"和平路2巷","k":5},"geometry":{"type":"LineString","coordinates":[[121.74417,24.33161],[121.7452,24.3317],[121.7457,24.33167],[121.74617,24.3319],[121.74632,24.33191],[121.74707,24.33173],[121.74814,24.3318],[121.7484,24.33186],[121.74876,24.33208],[121.74896,24.3321],[121.75084,24.33177],[121.75115,24.33177],[121.75219,24.33199],[121.75266,24.332]]}},{"type":"Feature","properties":{"n":"碧海路","k":5},"geometry":{"type":"LineString","coordinates":[[121.76846,24.33236],[121.76844,24.3316],[121.76837,24.33129],[121.76847,24.33121],[121.76859,24.33126],[121.76857,24.33142],[121.76844,24.3316]]}},{"type":"Feature","properties":{"n":"碧海路","k":5},"geometry":{"type":"LineString","coordinates":[[121.76785,24.32545],[121.76882,24.32709],[121.76925,24.3276],[121.76995,24.32825],[121.77012,24.32853],[121.76993,24.32942],[121.76979,24.32977],[121.76957,24.33111],[121.76948,24.33135],[121.76908,24.33187],[121.76825,24.33253],[121.76811,24.33234],[121.76783,24.33162],[121.76727,24.3307],[121.76637,24.33068]]}},{"type":"Feature","properties":{"n":"谷風一橋","k":2},"geometry":{"type":"LineString","coordinates":[[121.77068,24.34261],[121.7707,24.34244]]}},{"type":"Feature","properties":{"n":"安平坑林道","k":5},"geometry":{"type":"LineString","coordinates":[[121.77781,24.61502],[121.77763,24.61503],[121.77752,24.61526],[121.77707,24.61539],[121.7771,24.6158],[121.777,24.61586],[121.77669,24.61526],[121.77685,24.61481],[121.77661,24.61492],[121.7764,24.61493],[121.77586,24.61486],[121.77533,24.61466],[121.77529,24.61475],[121.77588,24.61525],[121.77587,24.61542],[121.77577,24.61543],[121.77551,24.61517],[121.7746,24.61491],[121.77458,24.61502],[121.77518,24.61537],[121.77516,24.61544],[121.77507,24.61545],[121.77427,24.61515],[121.77404,24.6147],[121.77402,24.61429],[121.77297,24.61343],[121.77264,24.61286],[121.77245,24.61284],[121.77203,24.61298],[121.771,24.6129],[121.77064,24.6121],[121.77066,24.61191],[121.77093,24.61141],[121.7709,24.61137],[121.77077,24.61141],[121.77043,24.6117],[121.77015,24.61168],[121.76984,24.61151],[121.76951,24.61022],[121.76919,24.60982],[121.76892,24.60928],[121.76867,24.60909],[121.76853,24.60853],[121.76831,24.60829],[121.76834,24.60822],[121.76849,24.60826],[121.76866,24.60838],[121.76888,24.60869],[121.76906,24.60877],[121.76948,24.60867],[121.76986,24.60871],[121.77013,24.60852],[121.77012,24.60831],[121.76973,24.60777],[121.76965,24.60742],[121.76952,24.60718],[121.76924,24.60694],[121.76908,24.60644],[121.7691,24.60622],[121.76919,24.60614],[121.76947,24.6061],[121.76947,24.60598],[121.76918,24.60599],[121.76894,24.60611],[121.76881,24.60635],[121.76879,24.60662],[121.76872,24.60669],[121.7686,24.60651],[121.7688,24.60587],[121.76876,24.60582],[121.76807,24.60622],[121.7676,24.60637],[121.76722,24.60637],[121.7668,24.60647],[121.76661,24.6064],[121.76617,24.60583],[121.76599,24.60577],[121.76468,24.60626],[121.76419,24.60664],[121.76384,24.60675],[121.76368,24.60669],[121.7635,24.60645],[121.76356,24.60618],[121.76332,24.60541],[121.76304,24.60542],[121.76252,24.60532],[121.76199,24.60495],[121.76124,24.60466],[121.76073,24.60413],[121.76087,24.6038],[121.76089,24.60354],[121.76111,24.60328],[121.761,24.60324],[121.76063,24.60347],[121.76049,24.60347],[121.76038,24.6033],[121.76037,24.60302],[121.76023,24.60267],[121.75996,24.60247],[121.75986,24.6023],[121.75984,24.60206],[121.75994,24.60145],[121.75966,24.60062],[121.75969,24.60029],[121.75949,24.59989],[121.75872,24.5995],[121.75739,24.5986],[121.75727,24.59839],[121.75735,24.59822],[121.75731,24.59807],[121.75693,24.59798],[121.75661,24.59777],[121.75623,24.59769],[121.75574,24.59718],[121.75508,24.59689],[121.75447,24.5969],[121.75428,24.59696],[121.75389,24.59693],[121.75369,24.59688],[121.75352,24.59668],[121.75283,24.59661],[121.75269,24.59629],[121.75236,24.5961],[121.75222,24.59567],[121.75162,24.59511],[121.7518,24.59479],[121.75241,24.59463],[121.75257,24.59453],[121.75279,24.59425],[121.75276,24.59412],[121.75253,24.59394],[121.75272,24.59324],[121.7526,24.59256],[121.7521,24.5925],[121.75189,24.59196],[121.75155,24.59172],[121.75144,24.5915],[121.75113,24.59136],[121.75088,24.59106],[121.75069,24.59095],[121.75052,24.59097],[121.75037,24.59115],[121.75032,24.59134],[121.74984,24.59193],[121.74934,24.59172],[121.74906,24.59174],[121.74867,24.59159],[121.74858,24.59147],[121.74848,24.59053],[121.74828,24.59007],[121.74842,24.58954],[121.74817,24.589],[121.748,24.58886],[121.74778,24.58853],[121.7475,24.5879],[121.74722,24.5876],[121.74724,24.58744],[121.74751,24.58717],[121.74748,24.58703],[121.74735,24.58699],[121.7467,24.5871],[121.74617,24.58733],[121.74598,24.58735],[121.74566,24.58712],[121.74558,24.58687],[121.74527,24.58675],[121.74525,24.58663],[121.7455,24.58638],[121.7455,24.58625],[121.74489,24.58557],[121.7447,24.58513],[121.74528,24.5848],[121.74535,24.58465],[121.74535,24.58448],[121.74517,24.58412],[121.74534,24.58326],[121.74519,24.58298],[121.74511,24.5825],[121.74551,24.58195],[121.74574,24.58124],[121.74576,24.58049],[121.74605,24.58012],[121.74613,24.57992],[121.74613,24.57979],[121.74605,24.57974],[121.7459,24.57999],[121.74582,24.58],[121.74575,24.57982],[121.74596,24.57952],[121.74633,24.57934],[121.74659,24.57901],[121.747,24.57878],[121.74711,24.57827],[121.74735,24.57809],[121.74749,24.57786],[121.74774,24.57779],[121.7483,24.57784],[121.74836,24.57779],[121.74763,24.57751],[121.74711,24.57755],[121.74696,24.57749],[121.74697,24.57722],[121.74723,24.57705],[121.74734,24.57674],[121.7476,24.57662],[121.74788,24.57557],[121.74727,24.57525],[121.74686,24.57488],[121.74684,24.57475],[121.74696,24.57444],[121.74686,24.57425],[121.74652,24.57407],[121.74637,24.57406],[121.74553,24.57429],[121.74536,24.57426],[121.74519,24.57408],[121.74542,24.57338],[121.74534,24.57325],[121.7449,24.5731],[121.7443,24.5731],[121.74402,24.57291],[121.74393,24.57271],[121.74415,24.57214],[121.74382,24.57133],[121.74384,24.571],[121.74374,24.57053],[121.74365,24.57037],[121.74297,24.56995],[121.74294,24.56974],[121.74319,24.56927],[121.74349,24.56915],[121.74383,24.56889],[121.74394,24.5687],[121.74397,24.56846],[121.74408,24.56833],[121.74449,24.56829],[121.74489,24.56841],[121.74504,24.56833],[121.74499,24.5678],[121.7449,24.56752],[121.7449,24.56696],[121.74523,24.56668],[121.74567,24.56606],[121.74598,24.56584],[121.74622,24.56535],[121.74645,24.56507],[121.74647,24.56488],[121.74604,24.56438],[121.74601,24.56421],[121.74602,24.56406],[121.74622,24.56376],[121.74644,24.56364],[121.74728,24.5637],[121.74782,24.56332],[121.74822,24.56345],[121.74884,24.56355],[121.74902,24.56352],[121.74937,24.56303],[121.75004,24.56248],[121.75003,24.56199],[121.75051,24.56158],[121.75069,24.56123],[121.75116,24.56084],[121.7513,24.56057],[121.75136,24.56024],[121.7515,24.56009],[121.75173,24.56005],[121.752,24.56012],[121.75265,24.56055],[121.75311,24.56048],[121.75337,24.56036],[121.75346,24.56013],[121.75345,24.55973],[121.75357,24.55943],[121.75347,24.55907],[121.75381,24.55876],[121.75396,24.55842],[121.75402,24.55732],[121.75458,24.55675],[121.75465,24.55648],[121.7546,24.55598],[121.75476,24.55566],[121.75482,24.55525],[121.75515,24.55503],[121.7552,24.55471],[121.75494,24.55419],[121.75473,24.55414],[121.75421,24.5542],[121.75368,24.55377],[121.75308,24.55365],[121.75262,24.55297],[121.7522,24.55264],[121.75192,24.55209],[121.75195,24.55196],[121.75231,24.55187],[121.753,24.55182],[121.75318,24.55166],[121.75288,24.55112],[121.75205,24.55031],[121.75193,24.54999],[121.75153,24.54947],[121.75143,24.54911],[121.75177,24.54859],[121.75214,24.54838],[121.75218,24.5485],[121.75194,24.54872],[121.75186,24.54892],[121.75225,24.54964],[121.75241,24.54966],[121.75223,24.549],[121.75233,24.54873],[121.75253,24.54859],[121.75292,24.54855],[121.75315,24.54833],[121.7536,24.54831],[121.7538,24.54801],[121.75383,24.54789],[121.75373,24.54772],[121.75342,24.54758],[121.75341,24.54751],[121.75362,24.54734],[121.75357,24.54707],[121.75335,24.54691],[121.75274,24.5468],[121.75237,24.54635],[121.75219,24.54626],[121.75125,24.54618],[121.75054,24.54646],[121.75015,24.54626],[121.75001,24.54604],[121.74991,24.54602],[121.74974,24.5462],[121.74974,24.54632],[121.74984,24.54644],[121.75016,24.54657],[121.75051,24.54681],[121.75083,24.54679],[121.75105,24.54669],[121.75112,24.5467],[121.75115,24.54679],[121.75083,24.54696],[121.7503,24.54705],[121.7498,24.54677],[121.74943,24.54668],[121.74914,24.54642],[121.74906,24.54614],[121.7494,24.5454],[121.7492,24.54492],[121.74871,24.54417],[121.74848,24.54402],[121.74816,24.54396],[121.74782,24.54363],[121.74743,24.54353],[121.7472,24.54334],[121.74702,24.54333],[121.74668,24.54308],[121.74651,24.54285],[121.74637,24.54281],[121.74596,24.54301],[121.74547,24.54291],[121.74501,24.54295],[121.74485,24.54302],[121.74464,24.54357],[121.74486,24.54408],[121.74487,24.54425],[121.74436,24.54477],[121.74438,24.54506],[121.74428,24.54519],[121.74353,24.54483],[121.74307,24.54488],[121.74244,24.54388],[121.74227,24.54386],[121.7418,24.54417],[121.74166,24.54435],[121.74132,24.54444]]}},{"type":"Feature","properties":{"n":"金洋路","k":5},"geometry":{"type":"LineString","coordinates":[[121.7398,24.41967],[121.73942,24.41971],[121.73905,24.41957],[121.73823,24.41947]]}},{"type":"Feature","properties":{"n":"金洋路","k":5},"geometry":{"type":"LineString","coordinates":[[121.75182,24.42641],[121.75081,24.42636]]}},{"type":"Feature","properties":{"n":"金洋路","k":5},"geometry":{"type":"LineString","coordinates":[[121.7505,24.42633],[121.74874,24.42626]]}},{"type":"Feature","properties":{"n":"觀音隧道","k":2},"geometry":{"type":"LineString","coordinates":[[121.77429,24.43607],[121.7749,24.43306],[121.77567,24.43108],[121.77627,24.42994],[121.77712,24.42871],[121.77805,24.4276],[121.78149,24.42419],[121.78286,24.42256],[121.78398,24.42088],[121.78488,24.4192],[121.78544,24.41788],[121.78605,24.41609],[121.78645,24.41423],[121.7867,24.41201],[121.78671,24.41099],[121.78659,24.40868],[121.78477,24.38849],[121.78412,24.383],[121.78375,24.38078],[121.78344,24.37931],[121.78235,24.3752],[121.78186,24.37367],[121.78084,24.37089],[121.77962,24.36825]]}},{"type":"Feature","properties":{"n":"觀音隧道","k":2},"geometry":{"type":"LineString","coordinates":[[121.78003,24.36815],[121.78097,24.37025],[121.78202,24.37301],[121.7829,24.37574],[121.78356,24.37823],[121.78406,24.3805],[121.78446,24.38293],[121.78477,24.38526],[121.78693,24.40864],[121.78706,24.41067],[121.78705,24.41217],[121.78696,24.41341],[121.78657,24.4156],[121.78627,24.41667],[121.78592,24.41776],[121.78483,24.4202],[121.7837,24.42204],[121.78207,24.42414],[121.78037,24.42587],[121.77903,24.42715],[121.77759,24.42869],[121.77651,24.43023],[121.77585,24.43149],[121.77531,24.43285],[121.77493,24.43425],[121.77463,24.43614]]}},{"type":"Feature","properties":{"n":"關戶橋","k":2},"geometry":{"type":"LineString","coordinates":[[121.77185,24.34702],[121.77174,24.34694]]}},{"type":"Feature","properties":{"n":"谷風橋","k":2},"geometry":{"type":"LineString","coordinates":[[121.77076,24.34553],[121.77068,24.34535]]}},{"type":"Feature","properties":{"n":"半邊橋","k":2},"geometry":{"type":"LineString","coordinates":[[121.77814,24.36914],[121.77806,24.36907]]}},{"type":"Feature","properties":{"n":"第一觀音橋","k":2},"geometry":{"type":"LineString","coordinates":[[121.77498,24.36749],[121.77493,24.36729]]}},{"type":"Feature","properties":{"n":"臺9丁線","k":2},"geometry":{"type":"LineString","coordinates":[[121.7753,24.36654],[121.77539,24.36639]]}},{"type":"Feature","properties":{"n":"鼓音橋","k":2},"geometry":{"type":"LineString","coordinates":[[121.77962,24.36825],[121.77939,24.36776]]}},{"type":"Feature","properties":{"n":"鼓音橋","k":2},"geometry":{"type":"LineString","coordinates":[[121.77976,24.36759],[121.78003,24.36815]]}},{"type":"Feature","properties":{"n":"高峰路","k":5},"geometry":{"type":"LineString","coordinates":[[121.78001,24.39052],[121.78031,24.39052],[121.78042,24.39046],[121.78044,24.39035],[121.78018,24.39006],[121.78015,24.3899],[121.78029,24.38956],[121.78027,24.38934],[121.78041,24.38872],[121.78078,24.38872],[121.78109,24.38855],[121.78133,24.38855],[121.78128,24.38875],[121.78103,24.38896],[121.78095,24.38916],[121.78105,24.3892],[121.78129,24.38905],[121.78155,24.38911],[121.78176,24.38899],[121.78199,24.38873],[121.782,24.38828],[121.78242,24.38739],[121.78255,24.38675],[121.78278,24.38647],[121.7827,24.38585],[121.78283,24.38572],[121.78311,24.38566],[121.78324,24.38556],[121.78316,24.38515],[121.78323,24.38495],[121.78365,24.3846],[121.78364,24.38441],[121.78334,24.38405],[121.78352,24.38376],[121.78355,24.38358],[121.78348,24.38341],[121.78308,24.38294],[121.78298,24.38246],[121.78278,24.38226],[121.78277,24.3821],[121.78285,24.38203],[121.78339,24.38195],[121.78372,24.38172],[121.78416,24.38124],[121.78418,24.3814],[121.78407,24.3816],[121.78407,24.38203],[121.78394,24.3823],[121.78394,24.38241],[121.78407,24.38255]]}},{"type":"Feature","properties":{"n":"高峰路","k":5},"geometry":{"type":"LineString","coordinates":[[121.7783,24.39902],[121.77791,24.39901],[121.77767,24.39915],[121.77741,24.39908],[121.77702,24.3991],[121.77693,24.39908],[121.77666,24.39877],[121.77596,24.3988],[121.77571,24.39868],[121.77571,24.39851],[121.77591,24.39802],[121.77596,24.39743],[121.77626,24.3971],[121.77669,24.39686],[121.77682,24.39669],[121.77664,24.39622],[121.77646,24.39599],[121.77674,24.39536],[121.77665,24.3948],[121.77656,24.39466],[121.77651,24.39377],[121.77581,24.39328],[121.77579,24.39308],[121.77605,24.39294],[121.77639,24.3929],[121.77662,24.39267],[121.77659,24.39223],[121.77698,24.39195],[121.77708,24.39164],[121.77751,24.39147],[121.77774,24.39131],[121.77883,24.391],[121.77963,24.39055],[121.78001,24.39052]]}},{"type":"Feature","properties":{"n":"高峰路","k":5},"geometry":{"type":"LineString","coordinates":[[121.77722,24.38875],[121.77748,24.38873],[121.77808,24.38838],[121.77824,24.38854],[121.77834,24.38856],[121.77886,24.38814],[121.7791,24.38818],[121.77922,24.38829],[121.7792,24.38843],[121.77876,24.38908],[121.77873,24.38935],[121.77826,24.38979],[121.7781,24.39003],[121.77761,24.39031],[121.77756,24.39051],[121.77806,24.39069],[121.77894,24.39074],[121.77943,24.39047],[121.77961,24.39025],[121.77976,24.3902],[121.78001,24.39052]]}},{"type":"Feature","properties":{"n":"橫山路","k":4},"geometry":{"type":"LineString","coordinates":[[121.78179,24.44009],[121.77993,24.43931],[121.77848,24.43852],[121.77656,24.43756],[121.77617,24.43746],[121.77524,24.43741],[121.77464,24.43752],[121.77392,24.43747],[121.77264,24.43773],[121.77156,24.43788],[121.7707,24.43775],[121.77027,24.43782],[121.76882,24.4383],[121.76718,24.43906],[121.76683,24.43933],[121.76635,24.44016],[121.76622,24.44025],[121.76553,24.4405],[121.76538,24.4405],[121.76531,24.44046],[121.76471,24.43954],[121.76387,24.43896],[121.76355,24.43887],[121.76314,24.43885],[121.76204,24.43913],[121.76164,24.43942],[121.76138,24.43951],[121.76102,24.43954],[121.76082,24.43946],[121.76063,24.43924],[121.76054,24.43897],[121.76055,24.4387],[121.76065,24.4383],[121.76064,24.438],[121.7605,24.43777],[121.76012,24.43764],[121.75981,24.43743]]}},{"type":"Feature","properties":{"n":"金洋路","k":4},"geometry":{"type":"LineString","coordinates":[[121.75108,24.42495],[121.75051,24.42469],[121.75034,24.42467],[121.74991,24.42475],[121.74909,24.42475],[121.74855,24.42507],[121.74811,24.42525],[121.74796,24.42525],[121.74729,24.42462],[121.74729,24.42452],[121.74744,24.42424],[121.7474,24.424],[121.74736,24.42392],[121.747,24.42363],[121.74668,24.42308],[121.74656,24.42301],[121.74615,24.42314],[121.74587,24.42312],[121.74512,24.42286],[121.74495,24.42276],[121.74482,24.42239],[121.74515,24.42179],[121.74519,24.4216],[121.74519,24.42143],[121.74515,24.42138],[121.74476,24.42117],[121.74421,24.42071],[121.74331,24.42068],[121.7427,24.42048],[121.74255,24.42033],[121.74254,24.41988],[121.7424,24.41973],[121.74129,24.4193],[121.74094,24.41928],[121.74078,24.41932]]}},{"type":"Feature","properties":{"n":"金洋路","k":4},"geometry":{"type":"LineString","coordinates":[[121.74042,24.41946],[121.7398,24.41967]]}},{"type":"Feature","properties":{"n":"金洋路","k":4},"geometry":{"type":"LineString","coordinates":[[121.75826,24.43621],[121.75794,24.43613],[121.75774,24.43617],[121.7574,24.43634],[121.75707,24.43641],[121.75555,24.43657],[121.75481,24.43673],[121.75464,24.4368],[121.75394,24.43735],[121.75374,24.43768],[121.75317,24.43803],[121.75287,24.43847],[121.75256,24.43855],[121.75185,24.43842],[121.75149,24.43825],[121.75077,24.43705],[121.75016,24.43629],[121.75013,24.43607],[121.75031,24.43531],[121.75076,24.43479],[121.75136,24.4343],[121.75166,24.43395],[121.75205,24.43329],[121.75215,24.43301],[121.75219,24.43271],[121.75322,24.43158],[121.75332,24.4314],[121.7534,24.43121],[121.7535,24.43059],[121.75343,24.43017],[121.75342,24.4295],[121.75349,24.42919],[121.75348,24.429],[121.7534,24.42873],[121.75315,24.42849],[121.75289,24.42814],[121.75259,24.42788],[121.75248,24.4277],[121.7521,24.42702],[121.75161,24.42588],[121.75152,24.42518],[121.75133,24.42504]]}},{"type":"Feature","properties":{"n":"金洋三號橋","k":4},"geometry":{"type":"LineString","coordinates":[[121.74078,24.41932],[121.74042,24.41946]]}},{"type":"Feature","properties":{"n":"利眾橋","k":2},"geometry":{"type":"LineString","coordinates":[[121.78607,24.4011],[121.78619,24.40088]]}},{"type":"Feature","properties":{"n":"高峰橋","k":2},"geometry":{"type":"LineString","coordinates":[[121.78737,24.4078],[121.78739,24.40769]]}},{"type":"Feature","properties":{"n":"博愛路","k":5},"geometry":{"type":"LineString","coordinates":[[121.74937,24.42474],[121.74912,24.42483],[121.74881,24.42519],[121.74874,24.42626],[121.74884,24.42763]]}},{"type":"Feature","properties":{"n":"博愛路","k":5},"geometry":{"type":"LineString","coordinates":[[121.72409,24.74596],[121.72446,24.74537],[121.72383,24.74434]]}},{"type":"Feature","properties":{"n":"博愛路","k":5},"geometry":{"type":"LineString","coordinates":[[121.77223,24.67194],[121.77305,24.66845]]}},{"type":"Feature","properties":{"n":"金洋一號橋","k":4},"geometry":{"type":"LineString","coordinates":[[121.75133,24.42504],[121.75108,24.42495]]}},{"type":"Feature","properties":{"n":"伊沙默橋","k":5},"geometry":{"type":"LineString","coordinates":[[121.75081,24.42636],[121.7505,24.42633]]}},{"type":"Feature","properties":{"n":"金洋二號橋","k":4},"geometry":{"type":"LineString","coordinates":[[121.75874,24.43636],[121.75826,24.43621]]}},{"type":"Feature","properties":{"n":"金洋產業道路","k":4},"geometry":{"type":"LineString","coordinates":[[121.75981,24.43743],[121.7596,24.43724],[121.75922,24.43702],[121.75902,24.43675],[121.75891,24.43642],[121.75874,24.43636]]}},{"type":"Feature","properties":{"n":"新溪路","k":5},"geometry":{"type":"LineString","coordinates":[[121.77712,24.44972],[121.77738,24.44551],[121.77749,24.44523],[121.77732,24.44488],[121.77734,24.4447],[121.77608,24.44293]]}},{"type":"Feature","properties":{"n":"南澳南溪橋","k":2},"geometry":{"type":"LineString","coordinates":[[121.77382,24.4429],[121.77371,24.44208],[121.7737,24.44092],[121.77377,24.43995],[121.77414,24.43702]]}},{"type":"Feature","properties":{"n":"南澳南溪橋","k":2},"geometry":{"type":"LineString","coordinates":[[121.7745,24.43704],[121.77414,24.43991],[121.77407,24.44103],[121.7741,24.44229],[121.77416,24.44277]]}},{"type":"Feature","properties":{"n":"南澳南溪橋","k":2},"geometry":{"type":"LineString","coordinates":[[121.77377,24.4425],[121.77365,24.44206],[121.77365,24.44034],[121.77387,24.43849],[121.77403,24.43777]]}},{"type":"Feature","properties":{"n":"武塔高架橋","k":2},"geometry":{"type":"LineString","coordinates":[[121.77552,24.44667],[121.77675,24.44886],[121.77722,24.45004],[121.77749,24.45105]]}},{"type":"Feature","properties":{"n":"武塔高架橋","k":2},"geometry":{"type":"LineString","coordinates":[[121.77731,24.4511],[121.77711,24.45037],[121.77644,24.44881],[121.77527,24.44682]]}},{"type":"Feature","properties":{"n":"莎韻橋","k":5},"geometry":{"type":"LineString","coordinates":[[121.76926,24.44359],[121.76765,24.44366],[121.76738,24.44361]]}},{"type":"Feature","properties":{"n":"武塔隧道","k":2},"geometry":{"type":"LineString","coordinates":[[121.77527,24.44682],[121.77433,24.44474],[121.77382,24.4429]]}},{"type":"Feature","properties":{"n":"武塔隧道","k":2},"geometry":{"type":"LineString","coordinates":[[121.77416,24.44277],[121.77457,24.44455],[121.7751,24.44583],[121.77552,24.44667]]}},{"type":"Feature","properties":{"n":"新溪路溫泉巷","k":5},"geometry":{"type":"LineString","coordinates":[[121.77771,24.44315],[121.77807,24.4438],[121.77732,24.44488]]}},{"type":"Feature","properties":{"n":"新溪路溫泉巷","k":5},"geometry":{"type":"LineString","coordinates":[[121.77682,24.44335],[121.77762,24.44447]]}},{"type":"Feature","properties":{"n":"新溪路溫泉巷","k":5},"geometry":{"type":"LineString","coordinates":[[121.77782,24.44417],[121.7771,24.44323]]}},{"type":"Feature","properties":{"n":"新溪路60巷","k":5},"geometry":{"type":"LineString","coordinates":[[121.77651,24.44421],[121.77613,24.44367],[121.77613,24.44346],[121.77636,24.44332]]}},{"type":"Feature","properties":{"n":"新溪路26巷","k":5},"geometry":{"type":"LineString","coordinates":[[121.77732,24.44488],[121.7771,24.44502],[121.77651,24.44421]]}},{"type":"Feature","properties":{"n":"高峰一橋","k":2},"geometry":{"type":"LineString","coordinates":[[121.78185,24.44037],[121.78184,24.44033]]}},{"type":"Feature","properties":{"n":"高峰二橋","k":2},"geometry":{"type":"LineString","coordinates":[[121.78184,24.44033],[121.78182,24.44029]]}},{"type":"Feature","properties":{"n":"海岸路","k":4},"geometry":{"type":"LineString","coordinates":[[121.78108,24.44929],[121.78077,24.44966],[121.78068,24.45005],[121.78041,24.45057],[121.78075,24.45152],[121.78151,24.45262],[121.7818,24.45284],[121.78214,24.45301],[121.78274,24.4537],[121.78285,24.4539],[121.78308,24.4546],[121.7836,24.45575],[121.78371,24.45588],[121.78386,24.4559],[121.79139,24.45308],[121.79168,24.45293],[121.79309,24.45123],[121.79408,24.45017],[121.795,24.44905],[121.79621,24.44835],[121.79694,24.44774],[121.79719,24.44768],[121.79773,24.44776],[121.79797,24.44784],[121.79929,24.44856],[121.79953,24.44858],[121.79981,24.44849],[121.79988,24.44869]]}},{"type":"Feature","properties":{"n":"海岸路","k":5},"geometry":{"type":"LineString","coordinates":[[121.80453,24.44501],[121.80243,24.44646],[121.80096,24.44792],[121.79981,24.44849]]}},{"type":"Feature","properties":{"n":"金岳路","k":5},"geometry":{"type":"LineString","coordinates":[[121.78143,24.47853],[121.78159,24.47913],[121.78154,24.47995],[121.78168,24.48066],[121.78168,24.48103],[121.7816,24.48134],[121.78128,24.48177],[121.78103,24.4823],[121.78084,24.48305],[121.78069,24.48331],[121.77993,24.48414],[121.77958,24.48438],[121.77842,24.48551],[121.77791,24.48575],[121.77726,24.48656],[121.77443,24.48923],[121.77382,24.48993],[121.77308,24.49105],[121.77229,24.49184],[121.77202,24.49329],[121.77147,24.49415],[121.77094,24.49463],[121.77084,24.4949],[121.76975,24.49572],[121.76923,24.49632],[121.76862,24.49686],[121.76809,24.49769],[121.76792,24.49837],[121.76803,24.4989],[121.76796,24.4994],[121.76802,24.49964],[121.76786,24.49993],[121.76771,24.50048],[121.76746,24.50196],[121.76708,24.50279],[121.76678,24.50315],[121.76646,24.50329],[121.76613,24.50334],[121.76517,24.5032],[121.76432,24.50327],[121.7639,24.50345],[121.76344,24.50379],[121.76338,24.50391],[121.76344,24.50421],[121.76296,24.50479],[121.76183,24.50543],[121.76146,24.50553],[121.76088,24.50554],[121.76068,24.50545],[121.75955,24.50435],[121.7588,24.50383],[121.75834,24.50367]]}},{"type":"Feature","properties":{"n":"鹿皮路","k":5},"geometry":{"type":"LineString","coordinates":[[121.75716,24.46733],[121.75682,24.46693],[121.75713,24.46644],[121.75737,24.4663],[121.75771,24.46627]]}},{"type":"Feature","properties":{"n":"鹿皮路","k":5},"geometry":{"type":"LineString","coordinates":[[121.76242,24.46862],[121.76079,24.46835],[121.76018,24.46798],[121.76001,24.46781],[121.75894,24.4673],[121.75838,24.46712],[121.75823,24.46713],[121.75753,24.4677],[121.75743,24.46767]]}},{"type":"Feature","properties":{"n":"鹿皮路","k":5},"geometry":{"type":"LineString","coordinates":[[121.77259,24.46975],[121.77205,24.46985],[121.77136,24.46979],[121.77099,24.46941],[121.77075,24.46934],[121.7695,24.46905],[121.76851,24.46906],[121.76843,24.4687],[121.76838,24.46862],[121.76821,24.46858],[121.76782,24.46865],[121.7662,24.46916],[121.76568,24.46921],[121.76446,24.4686],[121.76422,24.46857],[121.76395,24.46864]]}},{"type":"Feature","properties":{"n":"鹿皮路","k":5},"geometry":{"type":"LineString","coordinates":[[121.76721,24.46617],[121.76576,24.46609],[121.76524,24.46615],[121.76505,24.4662],[121.76475,24.4664],[121.76439,24.46673],[121.76416,24.46674],[121.76391,24.46665],[121.76378,24.46652],[121.76274,24.46679],[121.76187,24.4666],[121.76152,24.46646],[121.7612,24.46619],[121.76107,24.46596],[121.76055,24.46556]]}},{"type":"Feature","properties":{"n":"鹿皮路","k":5},"geometry":{"type":"LineString","coordinates":[[121.76041,24.46549],[121.76003,24.4654],[121.75936,24.46552],[121.75834,24.46603],[121.75791,24.46618]]}},{"type":"Feature","properties":{"n":"鹿皮路","k":5},"geometry":{"type":"LineString","coordinates":[[121.76373,24.4687],[121.76336,24.46878],[121.76263,24.46866]]}},{"type":"Feature","properties":{"n":"鹿皮路","k":5},"geometry":{"type":"LineString","coordinates":[[121.77216,24.46569],[121.7718,24.46573],[121.77123,24.46608],[121.77018,24.46619],[121.76731,24.46617]]}},{"type":"Feature","properties":{"n":"鹿皮路","k":5},"geometry":{"type":"LineString","coordinates":[[121.7797,24.46576],[121.7791,24.46569],[121.77784,24.46528],[121.77713,24.46531],[121.77653,24.46551],[121.77455,24.46543],[121.77393,24.46515],[121.77351,24.46523],[121.77296,24.46549],[121.77234,24.46565]]}},{"type":"Feature","properties":{"n":"鹿皮路","k":5},"geometry":{"type":"LineString","coordinates":[[121.77767,24.4705],[121.77744,24.47046],[121.77657,24.47061],[121.77387,24.47088],[121.77363,24.47078],[121.77356,24.47061],[121.77332,24.47041],[121.7729,24.46982],[121.77273,24.46976]]}},{"type":"Feature","properties":{"n":"鹿皮橋","k":5},"geometry":{"type":"LineString","coordinates":[[121.76263,24.46866],[121.76242,24.46862]]}},{"type":"Feature","properties":{"n":"蘇花路二段","k":2},"geometry":{"type":"LineString","coordinates":[[121.78795,24.45933],[121.78784,24.45927],[121.78769,24.45929],[121.78566,24.46023],[121.78466,24.46038],[121.78379,24.46037],[121.78273,24.46011],[121.78168,24.45962],[121.78085,24.45906],[121.77986,24.4581],[121.77944,24.45752],[121.77906,24.45685],[121.77876,24.45601],[121.77784,24.45392],[121.77686,24.45211],[121.77676,24.45156],[121.77669,24.45046],[121.77686,24.45],[121.77695,24.4499],[121.77712,24.44972],[121.77787,24.44921],[121.77837,24.44902],[121.77884,24.44902],[121.77944,24.44909]]}},{"type":"Feature","properties":{"n":"蘇花路二段","k":2},"geometry":{"type":"LineString","coordinates":[[121.78096,24.44929],[121.78108,24.44929]]}},{"type":"Feature","properties":{"n":"蘇花路二段","k":2},"geometry":{"type":"LineString","coordinates":[[121.79023,24.46154],[121.78972,24.46139],[121.78928,24.46112],[121.78882,24.46052]]}},{"type":"Feature","properties":{"n":"蘇花路二段","k":2},"geometry":{"type":"LineString","coordinates":[[121.802,24.46499],[121.79034,24.46157]]}},{"type":"Feature","properties":{"n":"蘇花路二段","k":2},"geometry":{"type":"LineString","coordinates":[[121.8165,24.47528],[121.8162,24.47523],[121.81588,24.47504],[121.81574,24.4749],[121.81489,24.47364],[121.81482,24.47346],[121.81484,24.47256],[121.81467,24.47229],[121.81387,24.47155],[121.81278,24.471],[121.81222,24.47089],[121.81192,24.47075],[121.81167,24.47045],[121.81101,24.4693],[121.81093,24.46924],[121.81072,24.4692],[121.8101,24.46937],[121.80971,24.46994],[121.80951,24.47012],[121.8092,24.47024],[121.80904,24.47023],[121.80791,24.46987],[121.80759,24.46969],[121.80746,24.46948],[121.80749,24.46884],[121.80728,24.46829],[121.80656,24.4676],[121.80589,24.46709],[121.80375,24.46573],[121.80307,24.46537],[121.80233,24.46509]]}},{"type":"Feature","properties":{"n":"蘇花路二段","k":2},"geometry":{"type":"LineString","coordinates":[[121.82369,24.48384],[121.82349,24.48358],[121.82338,24.48297],[121.82341,24.48269],[121.82365,24.48243],[121.8238,24.48217],[121.82377,24.48199],[121.82333,24.48159],[121.82345,24.48067],[121.82344,24.48043],[121.8233,24.48026],[121.82264,24.47974],[121.82259,24.47958],[121.82281,24.47896],[121.82329,24.47856],[121.82329,24.4784],[121.82312,24.47827],[121.8224,24.47823],[121.82189,24.47801],[121.82172,24.478],[121.82112,24.47816],[121.82079,24.47818],[121.82053,24.47812],[121.82037,24.47795],[121.82043,24.47748],[121.82079,24.47676],[121.821,24.47576],[121.82167,24.47514],[121.82246,24.47478],[121.82261,24.47469],[121.82271,24.47453],[121.82273,24.47443],[121.82245,24.47384],[121.8219,24.47313],[121.82154,24.47288],[121.82084,24.47273],[121.82003,24.47263],[121.81961,24.47249],[121.81957,24.47233],[121.81976,24.47158],[121.81982,24.47113],[121.81975,24.47096],[121.81967,24.47087],[121.81898,24.47045],[121.81886,24.47039],[121.81865,24.47038],[121.81853,24.47044],[121.81848,24.47053],[121.81851,24.47079],[121.81873,24.47091],[121.81934,24.47099],[121.81951,24.47115],[121.81952,24.47134],[121.8192,24.47262],[121.81933,24.47279],[121.82004,24.47322],[121.82016,24.47348],[121.82016,24.47361],[121.82005,24.47385],[121.81987,24.47402],[121.81845,24.47509],[121.81827,24.47521],[121.81799,24.47531],[121.81757,24.47534]]}},{"type":"Feature","properties":{"n":"蘇花路二段","k":2},"geometry":{"type":"LineString","coordinates":[[121.83148,24.49136],[121.83155,24.49181],[121.83175,24.49212],[121.8316,24.49204],[121.83147,24.49189],[121.83124,24.49137]]}},{"type":"Feature","properties":{"n":"澳尾橋","k":2},"geometry":{"type":"LineString","coordinates":[[121.77944,24.44909],[121.78096,24.44929]]}},{"type":"Feature","properties":{"n":"南澳北溪橋","k":2},"geometry":{"type":"LineString","coordinates":[[121.78741,24.46228],[121.78613,24.46126],[121.78463,24.46023]]}},{"type":"Feature","properties":{"n":"南澳北溪橋","k":2},"geometry":{"type":"LineString","coordinates":[[121.7847,24.46014],[121.78629,24.46124],[121.78749,24.4622]]}},{"type":"Feature","properties":{"n":"南澳橋","k":2},"geometry":{"type":"LineString","coordinates":[[121.78882,24.46052],[121.78795,24.45933]]}},{"type":"Feature","properties":{"n":"金岳路","k":4},"geometry":{"type":"LineString","coordinates":[[121.77933,24.46747],[121.7789,24.46939],[121.77883,24.46953],[121.77826,24.47036],[121.77804,24.47047],[121.77767,24.4705],[121.77766,24.47071],[121.77807,24.4717],[121.77835,24.47199],[121.77851,24.47225],[121.77843,24.47435],[121.7785,24.47465],[121.77989,24.47615],[121.78059,24.47731],[121.78115,24.47805],[121.78143,24.47853],[121.78156,24.4785]]}},{"type":"Feature","properties":{"n":"金岳二號橋","k":4},"geometry":{"type":"LineString","coordinates":[[121.77968,24.46584],[121.77933,24.46747]]}},{"type":"Feature","properties":{"n":"公務車專用道","k":2},"geometry":{"type":"LineString","coordinates":[[121.78982,24.46319],[121.78967,24.46327],[121.78975,24.46342]]}},{"type":"Feature","properties":{"n":"八十八號橋","k":2},"geometry":{"type":"LineString","coordinates":[[121.79034,24.46157],[121.79023,24.46154]]}},{"type":"Feature","properties":{"n":"信義路陽明巷","k":4},"geometry":{"type":"LineString","coordinates":[[121.78272,24.47828],[121.78477,24.47787],[121.78491,24.47777],[121.78497,24.4776],[121.78491,24.47566],[121.78569,24.47455],[121.78588,24.47445],[121.78624,24.4738],[121.78626,24.47358],[121.78598,24.47321],[121.786,24.47314],[121.78868,24.4704]]}},{"type":"Feature","properties":{"n":"長春產業道路","k":4},"geometry":{"type":"LineString","coordinates":[[121.79701,24.46435],[121.79698,24.46463],[121.7966,24.46462],[121.79623,24.46476],[121.78983,24.46923],[121.78868,24.4704]]}},{"type":"Feature","properties":{"n":"大南澳陸橋","k":2},"geometry":{"type":"LineString","coordinates":[[121.7956,24.46445],[121.79427,24.46491],[121.79373,24.46498],[121.79296,24.4649],[121.79231,24.46465],[121.79129,24.46404],[121.79082,24.46382],[121.78973,24.4635]]}},{"type":"Feature","properties":{"n":"大南澳陸橋","k":2},"geometry":{"type":"LineString","coordinates":[[121.78975,24.46342],[121.79101,24.46381],[121.79236,24.46457],[121.79299,24.46482],[121.79343,24.46489],[121.79399,24.46488],[121.79462,24.46471],[121.79557,24.46436]]}},{"type":"Feature","properties":{"n":"金岳大橋","k":4},"geometry":{"type":"LineString","coordinates":[[121.78156,24.4785],[121.78272,24.47828]]}},{"type":"Feature","properties":{"n":"海岸大橋","k":4},"geometry":{"type":"LineString","coordinates":[[121.79988,24.44869],[121.80118,24.4526]]}},{"type":"Feature","properties":{"n":"南澳南路","k":4},"geometry":{"type":"LineString","coordinates":[[121.80118,24.4526],[121.80124,24.45287],[121.8037,24.45597],[121.80404,24.45711],[121.80458,24.45799]]}},{"type":"Feature","properties":{"n":"南澳南路","k":4},"geometry":{"type":"LineString","coordinates":[[121.8041,24.45817],[121.8043,24.45863],[121.80468,24.4613],[121.80644,24.46322]]}},{"type":"Feature","properties":{"n":"南強路","k":5},"geometry":{"type":"LineString","coordinates":[[121.79331,24.46244],[121.79373,24.46204],[121.8005,24.45738],[121.80266,24.45597],[121.8037,24.45597]]}},{"type":"Feature","properties":{"n":"娜娘路","k":5},"geometry":{"type":"LineString","coordinates":[[121.81784,24.47534],[121.81702,24.47436],[121.81626,24.47323],[121.81531,24.47144],[121.81451,24.47042],[121.81382,24.46928],[121.81348,24.46865],[121.81332,24.46814],[121.81324,24.46773],[121.81339,24.46567],[121.81327,24.46406],[121.81353,24.4634],[121.81353,24.46302],[121.81382,24.46083]]}},{"type":"Feature","properties":{"n":"蘇花路三段","k":2},"geometry":{"type":"LineString","coordinates":[[121.82967,24.51529],[121.83016,24.51436],[121.83028,24.51425],[121.83077,24.514],[121.83088,24.51384],[121.83103,24.51332],[121.83122,24.51287],[121.83124,24.51249],[121.8313,24.51235],[121.83152,24.51227],[121.83214,24.5123],[121.83233,24.51223],[121.83251,24.51201],[121.83259,24.51155],[121.83227,24.51105],[121.83221,24.5109],[121.83222,24.51075],[121.83232,24.51065],[121.83271,24.51052],[121.83286,24.51034],[121.83289,24.51016],[121.83283,24.50954],[121.83314,24.50849],[121.83306,24.50829],[121.83269,24.5081],[121.83255,24.50795],[121.83258,24.50772],[121.83301,24.50733],[121.83313,24.50711],[121.83306,24.50677],[121.8326,24.5063],[121.83255,24.50605],[121.83313,24.50515],[121.8339,24.50377],[121.83398,24.50365],[121.83412,24.50357],[121.83435,24.50357],[121.8345,24.50363],[121.83484,24.50403],[121.83544,24.50505],[121.83567,24.50519],[121.83585,24.50516],[121.83598,24.50506],[121.83626,24.50476],[121.83635,24.50456],[121.83627,24.50388],[121.83638,24.50274],[121.83617,24.50199],[121.83613,24.50167],[121.83623,24.5012],[121.83604,24.5005],[121.83603,24.49982],[121.83583,24.49948],[121.83587,24.49898],[121.83581,24.49884],[121.83528,24.49811],[121.83535,24.49787],[121.83546,24.49778],[121.83586,24.49762],[121.83628,24.49711],[121.83628,24.49692],[121.83604,24.49621],[121.83601,24.49581],[121.83594,24.49569],[121.83581,24.49561],[121.83523,24.49555],[121.83501,24.49537],[121.83493,24.49524],[121.83486,24.49478],[121.83511,24.49371],[121.8351,24.49353],[121.83455,24.49324],[121.83414,24.49287],[121.83373,24.49264],[121.83356,24.49264],[121.83264,24.49284],[121.83235,24.4928],[121.83221,24.4927],[121.83198,24.4923],[121.83175,24.49212]]}},{"type":"Feature","properties":{"n":"蘇花路三段","k":2},"geometry":{"type":"LineString","coordinates":[[121.84482,24.52528],[121.84462,24.52502],[121.84438,24.52481],[121.84438,24.52466],[121.84449,24.52429],[121.84443,24.52408],[121.84429,24.52396],[121.84345,24.52361],[121.84323,24.52331],[121.84288,24.52302],[121.84277,24.52286],[121.84266,24.52247],[121.84252,24.5223],[121.84194,24.52187],[121.84171,24.52174],[121.84141,24.52166],[121.84117,24.52175],[121.84102,24.52195],[121.84113,24.52223],[121.84149,24.52248],[121.84159,24.52273],[121.84158,24.52288],[121.84108,24.52382],[121.84085,24.52414],[121.8405,24.52441],[121.83975,24.52486],[121.83957,24.52492],[121.83915,24.52483],[121.83901,24.52473],[121.83889,24.52453],[121.83865,24.52391],[121.83852,24.52386],[121.83808,24.52397],[121.83791,24.52395],[121.8378,24.52383],[121.83765,24.52326],[121.83757,24.52316],[121.83696,24.52305],[121.83678,24.52284],[121.83668,24.52168],[121.83686,24.52111],[121.83688,24.52091],[121.83684,24.52076],[121.83661,24.52053]]}},{"type":"Feature","properties":{"n":"蘇花路三段","k":2},"geometry":{"type":"LineString","coordinates":[[121.83363,24.52099],[121.83296,24.52031],[121.83,24.51677],[121.82948,24.51605],[121.82944,24.51588],[121.8295,24.5156]]}},{"type":"Feature","properties":{"n":"蘇花路三段","k":2},"geometry":{"type":"LineString","coordinates":[[121.85336,24.52954],[121.85322,24.52945],[121.85306,24.52907],[121.85316,24.52858],[121.85312,24.52833],[121.85288,24.5281],[121.85262,24.52798],[121.85192,24.52782],[121.85177,24.52772],[121.85168,24.52758],[121.85172,24.527],[121.85186,24.52628],[121.85158,24.52573],[121.85139,24.5256],[121.85082,24.52548],[121.85046,24.52496],[121.85036,24.52489],[121.85018,24.52483],[121.84982,24.52481],[121.8494,24.52506],[121.8491,24.52506],[121.84887,24.52486],[121.84859,24.52435],[121.84839,24.52411],[121.84819,24.52405],[121.84755,24.52425],[121.8474,24.5242],[121.84694,24.52387],[121.84655,24.52373],[121.84622,24.52382],[121.84596,24.52444],[121.84587,24.52456],[121.84544,24.52484],[121.84536,24.52506]]}},{"type":"Feature","properties":{"n":"蘇花路三段","k":2},"geometry":{"type":"LineString","coordinates":[[121.86595,24.53887],[121.86548,24.53853],[121.86545,24.53846],[121.86545,24.5382],[121.86554,24.53802],[121.86555,24.53762],[121.86564,24.53741],[121.86639,24.5366],[121.86661,24.53628],[121.86689,24.53603],[121.86725,24.53582],[121.86768,24.53539],[121.86832,24.53457],[121.86833,24.53421],[121.86819,24.53398],[121.86766,24.53348],[121.86677,24.5333],[121.86639,24.533],[121.86608,24.53283],[121.86578,24.53275],[121.86548,24.53253],[121.86531,24.53222],[121.86535,24.53173],[121.86531,24.53156],[121.86515,24.53122],[121.86507,24.53115],[121.86421,24.53102],[121.86402,24.53107],[121.86368,24.53139],[121.8629,24.53148],[121.86247,24.53237],[121.86227,24.53311],[121.86219,24.53322],[121.86205,24.53326],[121.8617,24.53301],[121.86123,24.53256],[121.861,24.53217],[121.86065,24.53195],[121.8606,24.53182],[121.86059,24.53144],[121.86051,24.53128],[121.86011,24.53093],[121.85978,24.53044],[121.85964,24.53035],[121.85939,24.5303],[121.85834,24.53055],[121.8581,24.53054],[121.85788,24.53042],[121.85769,24.5302],[121.85754,24.52966],[121.85729,24.52942],[121.85712,24.52892],[121.85696,24.52869],[121.85617,24.52827],[121.85587,24.52799],[121.85562,24.52796],[121.85551,24.52803],[121.85512,24.52867],[121.85495,24.52887],[121.85414,24.52948],[121.85387,24.52959]]}},{"type":"Feature","properties":{"n":"蘇花路三段","k":2},"geometry":{"type":"LineString","coordinates":[[121.8672,24.54224],[121.86758,24.54163],[121.86772,24.54119],[121.86786,24.54045],[121.86781,24.54011],[121.86762,24.53975],[121.8675,24.53965],[121.86709,24.53948],[121.86671,24.53904],[121.86661,24.53898],[121.86622,24.53902],[121.86606,24.53896]]}},{"type":"Feature","properties":{"n":"龜山橋","k":5},"geometry":{"type":"LineString","coordinates":[[121.81256,24.44995],[121.81273,24.45012]]}},{"type":"Feature","properties":{"n":"朝陽路","k":4},"geometry":{"type":"LineString","coordinates":[[121.8096,24.46125],[121.81084,24.46081],[121.81142,24.46073],[121.81215,24.4607],[121.81382,24.46083],[121.8186,24.46137],[121.81974,24.46107],[121.81989,24.46098]]}},{"type":"Feature","properties":{"n":"朝陽路","k":4},"geometry":{"type":"LineString","coordinates":[[121.80644,24.46322],[121.80854,24.46176],[121.80925,24.46139]]}},{"type":"Feature","properties":{"n":"朝陽一巷","k":5},"geometry":{"type":"LineString","coordinates":[[121.81532,24.46101],[121.81513,24.46381],[121.81504,24.46386],[121.81371,24.46313],[121.81354,24.46312]]}},{"type":"Feature","properties":{"n":"朝陽一巷","k":5},"geometry":{"type":"LineString","coordinates":[[121.81563,24.46105],[121.81561,24.4613],[121.81576,24.46245]]}},{"type":"Feature","properties":{"n":"朝陽二巷","k":5},"geometry":{"type":"LineString","coordinates":[[121.81458,24.46093],[121.81443,24.46246]]}},{"type":"Feature","properties":{"n":"朝陽三巷","k":5},"geometry":{"type":"LineString","coordinates":[[121.81422,24.46088],[121.81403,24.46245]]}},{"type":"Feature","properties":{"n":"朝陽三巷","k":5},"geometry":{"type":"LineString","coordinates":[[121.81361,24.46243],[121.8152,24.46248]]}},{"type":"Feature","properties":{"n":"朝陽路105巷","k":5},"geometry":{"type":"LineString","coordinates":[[121.81387,24.46047],[121.81399,24.45952],[121.81361,24.45928],[121.81352,24.45908],[121.81324,24.45883],[121.81337,24.45848],[121.81336,24.45815],[121.8131,24.45796],[121.81291,24.4575],[121.81283,24.45747],[121.81202,24.45747],[121.81139,24.458],[121.81104,24.45817],[121.81078,24.45842],[121.81067,24.45862],[121.81042,24.45879],[121.80983,24.45903],[121.80976,24.45915]]}},{"type":"Feature","properties":{"n":"朝陽橋","k":4},"geometry":{"type":"LineString","coordinates":[[121.80925,24.46139],[121.8096,24.46125]]}},{"type":"Feature","properties":{"n":"朝陽路","k":5},"geometry":{"type":"LineString","coordinates":[[121.81387,24.46047],[121.81557,24.46058],[121.81719,24.46083],[121.81747,24.46092],[121.81779,24.46114],[121.81783,24.4613]]}},{"type":"Feature","properties":{"n":"朝陽路","k":5},"geometry":{"type":"LineString","coordinates":[[121.81532,24.46101],[121.81537,24.46057]]}},{"type":"Feature","properties":{"n":"朝陽路","k":5},"geometry":{"type":"LineString","coordinates":[[121.82891,24.86388],[121.83256,24.86516]]}},{"type":"Feature","properties":{"n":"大通路","k":5},"geometry":{"type":"LineString","coordinates":[[121.80057,24.46458],[121.8008,24.46389]]}},{"type":"Feature","properties":{"n":"蘇花路二段427巷","k":5},"geometry":{"type":"LineString","coordinates":[[121.80468,24.46634],[121.80447,24.46658],[121.80416,24.46712],[121.80427,24.46722]]}},{"type":"Feature","properties":{"n":"中正路","k":5},"geometry":{"type":"LineString","coordinates":[[121.79864,24.46737],[121.80229,24.46748],[121.80231,24.46711]]}},{"type":"Feature","properties":{"n":"中正路","k":5},"geometry":{"type":"LineString","coordinates":[[121.79195,24.63622],[121.79037,24.6352],[121.79019,24.63476]]}},{"type":"Feature","properties":{"n":"中正路","k":5},"geometry":{"type":"LineString","coordinates":[[121.77033,24.67257],[121.77204,24.67804]]}},{"type":"Feature","properties":{"n":"武雲橋","k":2},"geometry":{"type":"LineString","coordinates":[[121.80233,24.46509],[121.802,24.46499]]}},{"type":"Feature","properties":{"n":"南強橋","k":5},"geometry":{"type":"LineString","coordinates":[[121.80159,24.46343],[121.8026,24.46325]]}},{"type":"Feature","properties":{"n":"南澳路","k":4},"geometry":{"type":"LineString","coordinates":[[121.80336,24.46551],[121.80403,24.46493],[121.80644,24.46322]]}},{"type":"Feature","properties":{"n":"南澳路","k":5},"geometry":{"type":"LineString","coordinates":[[121.80589,24.46709],[121.8068,24.46632],[121.8049,24.46431]]}},{"type":"Feature","properties":{"n":"蘇花路二段418巷","k":5},"geometry":{"type":"LineString","coordinates":[[121.80452,24.46624],[121.80481,24.46597],[121.8058,24.46527]]}},{"type":"Feature","properties":{"n":"中正路30巷","k":5},"geometry":{"type":"LineString","coordinates":[[121.80122,24.46745],[121.80115,24.47007]]}},{"type":"Feature","properties":{"n":"蘇花路二段432巷","k":5},"geometry":{"type":"LineString","coordinates":[[121.8049,24.46648],[121.80571,24.46575]]}},{"type":"Feature","properties":{"n":"八仙路","k":5},"geometry":{"type":"LineString","coordinates":[[121.80686,24.46786],[121.80871,24.46764],[121.80875,24.46607]]}},{"type":"Feature","properties":{"n":"八仙路","k":5},"geometry":{"type":"LineString","coordinates":[[121.77527,24.6625],[121.77607,24.66273],[121.77651,24.66293],[121.77756,24.66279],[121.78189,24.66287],[121.78443,24.6634],[121.78584,24.66255],[121.78908,24.66228]]}},{"type":"Feature","properties":{"n":"蘇花路二段492巷","k":5},"geometry":{"type":"LineString","coordinates":[[121.80628,24.46738],[121.80709,24.46664]]}},{"type":"Feature","properties":{"n":"新澳橋","k":2},"geometry":{"type":"LineString","coordinates":[[121.81757,24.47534],[121.8165,24.47528]]}},{"type":"Feature","properties":{"n":"新澳隧道","k":2},"geometry":{"type":"LineString","coordinates":[[121.83124,24.49137],[121.82981,24.48986],[121.82369,24.48384]]}},{"type":"Feature","properties":{"n":"新澳隧道","k":2},"geometry":{"type":"LineString","coordinates":[[121.8235,24.48289],[121.8236,24.48313],[121.83137,24.49089],[121.83148,24.49115],[121.83148,24.49136]]}},{"type":"Feature","properties":{"n":"東澳隧道","k":2},"geometry":{"type":"LineString","coordinates":[[121.84304,24.56287],[121.84255,24.56192],[121.8422,24.56105],[121.84164,24.55918],[121.83565,24.53576],[121.83494,24.5337]]}},{"type":"Feature","properties":{"n":"東澳隧道","k":2},"geometry":{"type":"LineString","coordinates":[[121.83528,24.53358],[121.83568,24.53444],[121.83596,24.53526],[121.8365,24.53715],[121.84121,24.55555],[121.84246,24.56028],[121.84287,24.56147],[121.84356,24.56298]]}},{"type":"Feature","properties":{"n":"幸一路","k":5},"geometry":{"type":"LineString","coordinates":[[121.81702,24.5108],[121.81685,24.51104],[121.81661,24.51114],[121.81657,24.51122],[121.81704,24.51148],[121.81749,24.51158],[121.81767,24.51172],[121.81857,24.5121],[121.82019,24.51304],[121.82094,24.5134],[121.82754,24.51536],[121.8284,24.51549],[121.82898,24.51566],[121.82913,24.51575],[121.82933,24.51614],[121.82977,24.51671],[121.82994,24.51687],[121.83006,24.51684]]}},{"type":"Feature","properties":{"n":"布浪一號橋","k":5},"geometry":{"type":"LineString","coordinates":[[121.81651,24.52303],[121.81581,24.52298]]}},{"type":"Feature","properties":{"n":"布浪二號橋","k":5},"geometry":{"type":"LineString","coordinates":[[121.81564,24.5229],[121.81569,24.52266]]}},{"type":"Feature","properties":{"n":"粉鳥林大橋","k":5},"geometry":{"type":"LineString","coordinates":[[121.83686,24.51401],[121.83702,24.51309]]}},{"type":"Feature","properties":{"n":"行澳橋","k":5},"geometry":{"type":"LineString","coordinates":[[121.83548,24.51413],[121.83598,24.51315]]}},{"type":"Feature","properties":{"n":"東岳路","k":5},"geometry":{"type":"LineString","coordinates":[[121.83105,24.51805],[121.83053,24.51917],[121.83069,24.51949],[121.83228,24.52141]]}},{"type":"Feature","properties":{"n":"東岳橋","k":2},"geometry":{"type":"LineString","coordinates":[[121.8295,24.5156],[121.82967,24.51529]]}},{"type":"Feature","properties":{"n":"東岳路81巷","k":5},"geometry":{"type":"LineString","coordinates":[[121.83163,24.53339],[121.83157,24.533],[121.83167,24.53153],[121.83217,24.53089],[121.83232,24.5306],[121.83226,24.53026],[121.83174,24.52934],[121.83164,24.52843],[121.83189,24.52765],[121.83187,24.52713],[121.83166,24.52635],[121.83149,24.5253],[121.83142,24.52518],[121.83135,24.52458],[121.83138,24.52402]]}},{"type":"Feature","properties":{"n":"東岳路81巷","k":5},"geometry":{"type":"LineString","coordinates":[[121.83323,24.52062],[121.83116,24.52226],[121.83122,24.52284],[121.83145,24.52321],[121.83143,24.52356]]}},{"type":"Feature","properties":{"n":"幸福高架橋","k":2},"geometry":{"type":"LineString","coordinates":[[121.8286,24.5194],[121.82838,24.52005],[121.82817,24.52101]]}},{"type":"Feature","properties":{"n":"幸福高架橋","k":2},"geometry":{"type":"LineString","coordinates":[[121.82805,24.52099],[121.82827,24.52],[121.8285,24.51936]]}},{"type":"Feature","properties":{"n":"蘇花路三段139巷","k":5},"geometry":{"type":"LineString","coordinates":[[121.83188,24.51898],[121.83082,24.51964]]}},{"type":"Feature","properties":{"n":"蘇花路三段203巷","k":5},"geometry":{"type":"LineString","coordinates":[[121.83296,24.52031],[121.83168,24.52117],[121.8312,24.52162],[121.83129,24.52179],[121.83116,24.5221],[121.83116,24.52226]]}},{"type":"Feature","properties":{"n":"東岳路9巷","k":5},"geometry":{"type":"LineString","coordinates":[[121.83066,24.51943],[121.83042,24.52073],[121.83045,24.52081]]}},{"type":"Feature","properties":{"n":"東澳路38巷","k":5},"geometry":{"type":"LineString","coordinates":[[121.83115,24.51817],[121.83208,24.51777],[121.83294,24.51846]]}},{"type":"Feature","properties":{"n":"東澳北溪河川橋","k":2},"geometry":{"type":"LineString","coordinates":[[121.8348,24.53337],[121.83359,24.53103],[121.83284,24.52987],[121.83132,24.52796],[121.82972,24.52616],[121.82915,24.52545],[121.82881,24.52488],[121.82845,24.52409],[121.82827,24.52361],[121.8281,24.52294]]}},{"type":"Feature","properties":{"n":"東澳北溪河川橋","k":2},"geometry":{"type":"LineString","coordinates":[[121.82823,24.52292],[121.82838,24.52357],[121.82855,24.52406],[121.82892,24.52483],[121.82926,24.52539],[121.82981,24.52609],[121.83092,24.52732],[121.83248,24.52917],[121.83378,24.53094],[121.83467,24.53236],[121.83499,24.53295]]}},{"type":"Feature","properties":{"n":"蘇花路三段139巷8弄","k":5},"geometry":{"type":"LineString","coordinates":[[121.83264,24.52109],[121.83141,24.51927]]}},{"type":"Feature","properties":{"n":"東岳隧道","k":2},"geometry":{"type":"LineString","coordinates":[[121.82817,24.52101],[121.82812,24.52191],[121.82823,24.52292]]}},{"type":"Feature","properties":{"n":"東岳隧道","k":2},"geometry":{"type":"LineString","coordinates":[[121.8281,24.52294],[121.82799,24.52191],[121.82805,24.52099]]}},{"type":"Feature","properties":{"n":"東澳路","k":5},"geometry":{"type":"LineString","coordinates":[[121.83224,24.51942],[121.83242,24.51926],[121.83506,24.51516],[121.83543,24.51446],[121.83557,24.51432]]}},{"type":"Feature","properties":{"n":"新東澳橋","k":2},"geometry":{"type":"LineString","coordinates":[[121.83363,24.52099],[121.83399,24.52102],[121.83441,24.52095],[121.83467,24.52078],[121.8351,24.52038],[121.8355,24.52021],[121.83584,24.52022],[121.83661,24.52053]]}},{"type":"Feature","properties":{"n":"東岳路73巷","k":5},"geometry":{"type":"LineString","coordinates":[[121.83144,24.52138],[121.83227,24.52248]]}},{"type":"Feature","properties":{"n":"蘇花路三段","k":5},"geometry":{"type":"LineString","coordinates":[[121.83464,24.52151],[121.83363,24.52099]]}},{"type":"Feature","properties":{"n":"蘇花路三段","k":5},"geometry":{"type":"LineString","coordinates":[[121.83661,24.52053],[121.83579,24.52188],[121.83549,24.52185]]}},{"type":"Feature","properties":{"n":"東澳橋","k":5},"geometry":{"type":"LineString","coordinates":[[121.83549,24.52185],[121.83464,24.52151]]}},{"type":"Feature","properties":{"n":"蘇花路五段","k":2},"geometry":{"type":"LineString","coordinates":[[121.85542,24.59415],[121.85564,24.59399],[121.85579,24.59394],[121.85636,24.5939],[121.85666,24.59397],[121.85709,24.59435],[121.8574,24.59436],[121.85755,24.59428],[121.8575,24.59368],[121.85755,24.59301],[121.85765,24.59252],[121.85798,24.59182],[121.85802,24.5915],[121.85816,24.59116],[121.85845,24.59079],[121.85827,24.59035],[121.85824,24.59014],[121.85845,24.58952],[121.85898,24.58893],[121.85917,24.58828],[121.85929,24.58821],[121.85984,24.58824],[121.86016,24.5879],[121.86049,24.58787],[121.86078,24.58768],[121.86084,24.58751],[121.86077,24.58702],[121.8608,24.58677],[121.86097,24.58659],[121.86122,24.58655],[121.86152,24.58674],[121.86176,24.58682],[121.86186,24.58681],[121.86202,24.58663],[121.86216,24.58595],[121.86212,24.5858],[121.86194,24.58564],[121.86076,24.5851],[121.86066,24.58497],[121.8608,24.5837],[121.86134,24.58326],[121.86154,24.58254],[121.86176,24.58208],[121.86174,24.58182],[121.86158,24.5816],[121.86134,24.58146],[121.86093,24.58139],[121.86069,24.58108],[121.86055,24.58051],[121.86054,24.57979],[121.86076,24.57875],[121.86092,24.57853],[121.86187,24.57769],[121.86271,24.5772],[121.86348,24.57642],[121.86375,24.57621],[121.86405,24.57616],[121.86468,24.57633],[121.86568,24.57683],[121.86587,24.57683],[121.8662,24.57673],[121.86639,24.57654],[121.86646,24.57635],[121.86644,24.57611],[121.86624,24.57567],[121.86557,24.57454],[121.86544,24.57423],[121.86548,24.57407],[121.86587,24.57336],[121.8659,24.57308],[121.86585,24.57266],[121.86587,24.5723],[121.86614,24.57173],[121.86649,24.57124],[121.86654,24.57109],[121.86658,24.57048],[121.86651,24.57026],[121.86606,24.56987],[121.86601,24.56924],[121.8658,24.56827],[121.86582,24.56805],[121.86611,24.56736],[121.86621,24.56666],[121.86618,24.56646],[121.866,24.5661],[121.86599,24.56572],[121.86608,24.56523],[121.86615,24.56511],[121.86674,24.56475],[121.86695,24.5645],[121.86697,24.56439],[121.86687,24.56412],[121.86654,24.56398],[121.86638,24.56383],[121.86628,24.56349],[121.86634,24.56334],[121.86673,24.56305],[121.8668,24.56274],[121.86675,24.56256],[121.86654,24.56227],[121.86658,24.56165],[121.86654,24.56157],[121.86625,24.56138],[121.86602,24.56114],[121.866,24.56084],[121.86618,24.56035],[121.86627,24.55985],[121.86624,24.55903],[121.86615,24.55884],[121.86604,24.55874],[121.8657,24.55865],[121.8655,24.55851],[121.8653,24.5574],[121.86539,24.55686],[121.86551,24.55679],[121.86588,24.55674],[121.86604,24.55666],[121.86618,24.5565],[121.8662,24.55625],[121.86588,24.55583],[121.86568,24.55535],[121.86534,24.55504],[121.86528,24.5548],[121.86546,24.5544],[121.86561,24.55387],[121.86616,24.55326],[121.86637,24.55293],[121.8665,24.55237],[121.86639,24.55123],[121.86659,24.55055],[121.86672,24.55034],[121.86685,24.54848],[121.86693,24.54807],[121.86702,24.54794]]}},{"type":"Feature","properties":{"n":"蘇花路五段","k":2},"geometry":{"type":"LineString","coordinates":[[121.86774,24.54636],[121.86765,24.54601],[121.86726,24.54517],[121.86684,24.54452],[121.86658,24.54381],[121.86665,24.54325],[121.86682,24.5428],[121.8672,24.54224]]}},{"type":"Feature","properties":{"n":"蘇花路五段","k":2},"geometry":{"type":"LineString","coordinates":[[121.86736,24.54761],[121.86771,24.54735],[121.8679,24.5471],[121.86792,24.54697],[121.86786,24.54666]]}},{"type":"Feature","properties":{"n":"蘇花路五段","k":2},"geometry":{"type":"LineString","coordinates":[[121.85429,24.59618],[121.85503,24.59536]]}},{"type":"Feature","properties":{"n":"蘇花路五段","k":2},"geometry":{"type":"LineString","coordinates":[[121.8552,24.59519],[121.8555,24.5948],[121.85535,24.59452]]}},{"type":"Feature","properties":{"n":"雙連二橋","k":2},"geometry":{"type":"LineString","coordinates":[[121.84509,24.52536],[121.84482,24.52528]]}},{"type":"Feature","properties":{"n":"雙連一橋","k":2},"geometry":{"type":"LineString","coordinates":[[121.84536,24.52506],[121.84529,24.52524],[121.84509,24.52536]]}},{"type":"Feature","properties":{"n":"大坑橋","k":2},"geometry":{"type":"LineString","coordinates":[[121.85387,24.52959],[121.85355,24.52961],[121.85336,24.52954]]}},{"type":"Feature","properties":{"n":"正道橋","k":2},"geometry":{"type":"LineString","coordinates":[[121.86606,24.53896],[121.86595,24.53887]]}},{"type":"Feature","properties":{"n":"永平橋","k":2},"geometry":{"type":"LineString","coordinates":[[121.86786,24.54666],[121.86774,24.54636]]}},{"type":"Feature","properties":{"n":"猿鳴橋","k":2},"geometry":{"type":"LineString","coordinates":[[121.86702,24.54794],[121.86736,24.54761],[121.86702,24.54794]]}},{"type":"Feature","properties":{"n":"蔣渭水高速公路","k":0},"geometry":{"type":"LineString","coordinates":[[121.79104,24.84776],[121.7905,24.84631],[121.78977,24.84489],[121.78938,24.84396],[121.78921,24.84335],[121.78906,24.84249],[121.78906,24.84146],[121.78915,24.84076],[121.78972,24.83838],[121.79048,24.83482],[121.7907,24.83356],[121.79077,24.83245],[121.79076,24.8318],[121.79054,24.83009],[121.79014,24.82878],[121.78974,24.82782],[121.78925,24.82689],[121.78884,24.82628],[121.78829,24.82557],[121.78715,24.82439],[121.78537,24.82283],[121.78449,24.82199],[121.78362,24.82097],[121.78293,24.81995],[121.78245,24.8191],[121.78179,24.8177],[121.78134,24.81636],[121.78103,24.81488],[121.78091,24.81364],[121.78091,24.81257],[121.78109,24.81098],[121.78142,24.80951],[121.78215,24.80694],[121.78231,24.80621],[121.7825,24.80493],[121.78259,24.80378],[121.78261,24.8021],[121.78255,24.80003],[121.78218,24.79665],[121.78174,24.79443],[121.78105,24.79202],[121.77936,24.78739],[121.77904,24.78636],[121.77851,24.78417],[121.77831,24.78272],[121.77817,24.78085],[121.77817,24.77938],[121.77822,24.7785],[121.77839,24.77684],[121.77896,24.77307],[121.77903,24.77191],[121.77904,24.77028],[121.77894,24.76872],[121.7788,24.76775],[121.77802,24.76359],[121.77793,24.76282],[121.77787,24.76195],[121.77785,24.76038],[121.77789,24.75899],[121.77799,24.75787],[121.77857,24.75516],[121.77912,24.7535],[121.78014,24.75081],[121.78074,24.74908],[121.78124,24.74718],[121.78144,24.74606],[121.78155,24.74516],[121.78164,24.7438],[121.78155,24.73961],[121.78159,24.73773],[121.78181,24.73538],[121.78194,24.73475],[121.78349,24.72968],[121.78699,24.71946],[121.78828,24.71546],[121.78914,24.71251],[121.78997,24.709],[121.79025,24.70745],[121.79056,24.70491],[121.79074,24.70281],[121.79084,24.6941],[121.79098,24.69105],[121.79119,24.68927],[121.79157,24.68706],[121.79265,24.68282],[121.7951,24.6738],[121.79608,24.67033],[121.79668,24.66858],[121.79737,24.66698],[121.79806,24.66564],[121.79908,24.66399],[121.80113,24.66107],[121.80248,24.65893],[121.80346,24.65691],[121.80406,24.65516],[121.80447,24.65334],[121.80465,24.65195],[121.80472,24.64929],[121.80461,24.64462],[121.80473,24.64247],[121.80509,24.63971],[121.80561,24.63734],[121.80755,24.63011],[121.80866,24.62681],[121.80972,24.62437]]}},{"type":"Feature","properties":{"n":"蔣渭水高速公路","k":0},"geometry":{"type":"LineString","coordinates":[[121.81015,24.62378],[121.80898,24.62624],[121.80827,24.62815],[121.80767,24.63001],[121.80713,24.63188],[121.80565,24.63745],[121.8053,24.63907],[121.80503,24.64056],[121.80479,24.64249],[121.80469,24.64461],[121.8048,24.64932],[121.8048,24.65109],[121.80466,24.6527],[121.80425,24.6549],[121.80387,24.65611],[121.80348,24.6571],[121.80241,24.65927],[121.80128,24.66101],[121.79879,24.66464],[121.79815,24.6657],[121.79708,24.66786],[121.79619,24.67036],[121.79232,24.68427],[121.79162,24.68724],[121.79129,24.68932],[121.79108,24.69109],[121.79094,24.69413],[121.79093,24.70114],[121.79084,24.70316],[121.79034,24.70747],[121.7901,24.70901],[121.78918,24.71283],[121.78837,24.71561],[121.7849,24.72597],[121.78347,24.72998],[121.78208,24.73476],[121.78183,24.73617],[121.7817,24.73772],[121.78166,24.73979],[121.78175,24.74329],[121.78173,24.74423],[121.78155,24.74601],[121.78112,24.74813],[121.78084,24.74911],[121.7788,24.75479],[121.77825,24.75717],[121.77802,24.75896],[121.77797,24.76039],[121.77798,24.76186],[121.77804,24.7628],[121.77841,24.76521],[121.77891,24.76778],[121.77913,24.77027],[121.77912,24.77196],[121.77905,24.77316],[121.77844,24.77712],[121.77829,24.77874],[121.77826,24.7807],[121.77841,24.7827],[121.77862,24.78411],[121.77919,24.78651],[121.77957,24.78771],[121.7812,24.79223],[121.78192,24.79486],[121.78227,24.79665],[121.7825,24.79849],[121.78267,24.80085],[121.78271,24.80381],[121.78263,24.80491],[121.78229,24.80683],[121.78137,24.81021],[121.78121,24.811],[121.78101,24.81256],[121.781,24.81355],[121.78112,24.81488],[121.78142,24.81633],[121.78187,24.81767],[121.78246,24.81891],[121.78308,24.82001],[121.78398,24.82125],[121.78456,24.82192],[121.78541,24.82273],[121.78717,24.82425],[121.78847,24.82561],[121.78935,24.82685],[121.79025,24.82877],[121.79063,24.83009],[121.79074,24.83071],[121.79082,24.83131],[121.79086,24.83251],[121.79077,24.83363],[121.79049,24.83522],[121.78931,24.84076],[121.78923,24.8415],[121.78925,24.84244],[121.78929,24.84278],[121.78964,24.84393],[121.79106,24.84664],[121.79141,24.84753],[121.7915,24.84789]]}},{"type":"Feature","properties":{"n":"古魯巷","k":4},"geometry":{"type":"LineString","coordinates":[[121.68511,24.59424],[121.68432,24.59405],[121.68402,24.59386],[121.68391,24.59373],[121.68374,24.59365],[121.68293,24.59345],[121.6826,24.59329],[121.68173,24.59328],[121.6816,24.59324],[121.68144,24.5931],[121.68117,24.59308],[121.68103,24.59302],[121.68057,24.59264]]}},{"type":"Feature","properties":{"n":"古魯巷","k":4},"geometry":{"type":"LineString","coordinates":[[121.68465,24.60594],[121.68442,24.60378],[121.68446,24.60361],[121.68483,24.60305],[121.68485,24.60268],[121.68497,24.60227],[121.68502,24.60159],[121.68496,24.60129],[121.68436,24.59959],[121.68438,24.59939],[121.68461,24.59914],[121.68466,24.59901],[121.68466,24.5989],[121.68453,24.59856],[121.68455,24.59807],[121.68463,24.59787],[121.68507,24.59755],[121.68544,24.59698],[121.68555,24.59688],[121.68587,24.59674],[121.68598,24.59663],[121.68614,24.59633],[121.68616,24.59601],[121.68657,24.59562],[121.68661,24.59544],[121.68648,24.59521],[121.68569,24.59443],[121.6852,24.59427]]}},{"type":"Feature","properties":{"n":"古魯橋","k":4},"geometry":{"type":"LineString","coordinates":[[121.6852,24.59427],[121.68511,24.59424]]}},{"type":"Feature","properties":{"n":"寒溪巷","k":4},"geometry":{"type":"LineString","coordinates":[[121.69011,24.61059],[121.68938,24.61022],[121.68925,24.6102],[121.68901,24.61024],[121.68835,24.61069],[121.68801,24.61063],[121.68773,24.61046],[121.68648,24.60896],[121.68591,24.60868],[121.68536,24.6083],[121.68524,24.60817],[121.68509,24.60781],[121.68515,24.60708],[121.68509,24.60691],[121.6847,24.60643],[121.68462,24.60619],[121.68465,24.60594]]}},{"type":"Feature","properties":{"n":"寒溪巷","k":4},"geometry":{"type":"LineString","coordinates":[[121.7006,24.61983],[121.6992,24.61931],[121.69822,24.61862],[121.69777,24.61801],[121.69618,24.61637],[121.6944,24.61578],[121.69424,24.61566],[121.69393,24.61525],[121.69369,24.61503],[121.69123,24.61375],[121.69086,24.61325],[121.69096,24.61261],[121.69057,24.61206],[121.6906,24.61189],[121.69093,24.6114],[121.69098,24.61125],[121.69094,24.61104],[121.6907,24.61088]]}},{"type":"Feature","properties":{"n":"茶山路","k":5},"geometry":{"type":"LineString","coordinates":[[121.66093,24.65302],[121.66081,24.65305],[121.66051,24.65331],[121.66022,24.65399],[121.65974,24.65385],[121.65958,24.65386],[121.65804,24.65409],[121.65785,24.65421],[121.65771,24.65444],[121.65777,24.65451],[121.65836,24.65475],[121.6587,24.65481],[121.6591,24.6547],[121.65933,24.65446],[121.65943,24.65446],[121.65944,24.65463],[121.65923,24.65491],[121.65894,24.65501],[121.65825,24.65505],[121.65725,24.65532],[121.65671,24.65488],[121.65715,24.65371],[121.65727,24.65357],[121.65754,24.65348],[121.65761,24.6534],[121.65757,24.65333],[121.65706,24.6535],[121.65686,24.65388],[121.65623,24.65454],[121.65587,24.65467],[121.65565,24.65512],[121.65529,24.65517],[121.65482,24.6551],[121.65438,24.65534],[121.65437,24.65556],[121.65452,24.65585],[121.65442,24.65609],[121.65418,24.65633],[121.65437,24.65656],[121.65431,24.65678],[121.65423,24.65685],[121.65407,24.65687],[121.65398,24.65678],[121.65403,24.65609],[121.65417,24.65576],[121.65408,24.65525],[121.6544,24.65494],[121.65474,24.65486],[121.65485,24.65476],[121.65464,24.65472],[121.65432,24.65486],[121.65394,24.65529],[121.65392,24.65562]]}},{"type":"Feature","properties":{"n":"龍泉路","k":5},"geometry":{"type":"LineString","coordinates":[[121.65173,24.65749],[121.65165,24.65704],[121.65233,24.65616],[121.6525,24.65578],[121.65293,24.65536],[121.65384,24.6548]]}},{"type":"Feature","properties":{"n":"大進路","k":4},"geometry":{"type":"LineString","coordinates":[[121.6907,24.61088],[121.69011,24.61059]]}},{"type":"Feature","properties":{"n":"大進路","k":4},"geometry":{"type":"LineString","coordinates":[[121.72549,24.65036],[121.72326,24.6466],[121.72243,24.64461],[121.72198,24.64383],[121.71882,24.64052],[121.71842,24.64029],[121.71787,24.63965],[121.71614,24.63715],[121.71501,24.63568],[121.71459,24.63502],[121.71426,24.63465],[121.71214,24.63179],[121.71131,24.63009],[121.71114,24.62941],[121.70965,24.62609],[121.70897,24.62478],[121.70721,24.62399],[121.70404,24.62214],[121.70381,24.62199],[121.70292,24.62116],[121.70202,24.62043],[121.70163,24.62022],[121.7006,24.61983]]}},{"type":"Feature","properties":{"n":"大進路","k":4},"geometry":{"type":"LineString","coordinates":[[121.7258,24.65077],[121.72567,24.65065],[121.72549,24.65036]]}},{"type":"Feature","properties":{"n":"大進路","k":4},"geometry":{"type":"LineString","coordinates":[[121.72549,24.65036],[121.72565,24.65053],[121.72581,24.6506]]}},{"type":"Feature","properties":{"n":"梅林路","k":4},"geometry":{"type":"LineString","coordinates":[[121.75695,24.63964],[121.7566,24.63965],[121.75388,24.64053],[121.75321,24.64081],[121.75229,24.64139],[121.75217,24.64151],[121.75208,24.64238],[121.75174,24.64342],[121.75078,24.64529],[121.75062,24.64544],[121.74599,24.64777],[121.74097,24.65037],[121.74052,24.65054],[121.73454,24.65093]]}},{"type":"Feature","properties":{"n":"進偉路","k":4},"geometry":{"type":"LineString","coordinates":[[121.69877,24.65725],[121.70114,24.65519],[121.70162,24.65417],[121.70185,24.65391],[121.70207,24.65375],[121.70228,24.65367],[121.70253,24.65366],[121.70369,24.65384],[121.7041,24.65375],[121.70444,24.65349],[121.70507,24.65329],[121.70533,24.65306],[121.70542,24.6529],[121.70532,24.65241],[121.70538,24.65229],[121.70572,24.65198],[121.70597,24.65189],[121.70688,24.65191],[121.70739,24.65162],[121.70853,24.65123],[121.7089,24.65122],[121.71033,24.65076],[121.71093,24.65079],[121.71122,24.65096],[121.71243,24.65145],[121.7137,24.65184],[121.71425,24.65186],[121.71464,24.65199],[121.72115,24.65167],[121.7219,24.65173]]}},{"type":"Feature","properties":{"n":"大進十路","k":5},"geometry":{"type":"LineString","coordinates":[[121.70627,24.63179],[121.70705,24.63183],[121.70768,24.63171],[121.70878,24.63107],[121.71004,24.63058],[121.71139,24.63026]]}},{"type":"Feature","properties":{"n":"小埤五路59巷","k":5},"geometry":{"type":"LineString","coordinates":[[121.71316,24.63175],[121.71349,24.63158],[121.71411,24.63147],[121.7143,24.63133],[121.71434,24.63118]]}},{"type":"Feature","properties":{"n":"小埤五路","k":5},"geometry":{"type":"LineString","coordinates":[[121.70894,24.63352],[121.71267,24.63136],[121.71335,24.631],[121.71348,24.63101],[121.71394,24.63113],[121.71476,24.63122],[121.71766,24.632],[121.71987,24.63248],[121.72068,24.63265],[121.72091,24.63257],[121.72245,24.63301],[121.72327,24.63299],[121.72363,24.63336],[121.72558,24.63399],[121.72624,24.63488]]}},{"type":"Feature","properties":{"n":"大進十一路","k":5},"geometry":{"type":"LineString","coordinates":[[121.70463,24.63415],[121.70478,24.63404],[121.70571,24.63399],[121.70577,24.63387],[121.70573,24.63356],[121.70647,24.63108],[121.70686,24.62925],[121.70561,24.62905],[121.70528,24.62885]]}},{"type":"Feature","properties":{"n":"中山路768巷","k":5},"geometry":{"type":"LineString","coordinates":[[121.72948,24.61956],[121.7285,24.61904],[121.72824,24.61864],[121.728,24.61846],[121.72768,24.61835],[121.72709,24.61833],[121.72694,24.6182],[121.72683,24.61825],[121.72689,24.61844],[121.72731,24.61865],[121.72745,24.61879],[121.72738,24.61908],[121.72712,24.61919],[121.72747,24.61943],[121.72749,24.61954],[121.7259,24.61915],[121.72578,24.61902],[121.7258,24.61881],[121.72539,24.61838],[121.72542,24.61789],[121.7252,24.61778],[121.72503,24.61738],[121.72496,24.61738],[121.72494,24.61754]]}},{"type":"Feature","properties":{"n":"中山路","k":5},"geometry":{"type":"LineString","coordinates":[[121.72922,24.62278],[121.72934,24.62177],[121.72907,24.62115],[121.72919,24.62007],[121.7293,24.61979],[121.73097,24.61766],[121.73144,24.61687],[121.73158,24.61629],[121.73159,24.61614],[121.73125,24.61548],[121.73074,24.615],[121.73096,24.61456],[121.73098,24.61389],[121.73076,24.61363],[121.73039,24.6128],[121.73029,24.61235],[121.73051,24.61181],[121.73068,24.61168],[121.73117,24.61069],[121.73124,24.61022]]}},{"type":"Feature","properties":{"n":"梅山路","k":5},"geometry":{"type":"LineString","coordinates":[[121.72942,24.62353],[121.72883,24.62362],[121.72823,24.62338],[121.72814,24.62328],[121.72809,24.62296],[121.72801,24.6229],[121.72732,24.62267],[121.72723,24.62269],[121.72721,24.62284],[121.72747,24.62297],[121.72764,24.62314],[121.72756,24.62355],[121.72779,24.62391],[121.72785,24.62422],[121.72769,24.62444],[121.72732,24.62459],[121.7269,24.62489],[121.72682,24.62525],[121.72653,24.62579],[121.72655,24.62588],[121.72712,24.6263],[121.72709,24.6264],[121.72696,24.62638],[121.72617,24.62589],[121.72629,24.62559],[121.72622,24.62506],[121.72683,24.62428],[121.72679,24.62403],[121.72668,24.6239],[121.72612,24.62377],[121.7257,24.62412],[121.72489,24.62447],[121.72427,24.62464],[121.72436,24.62477],[121.72589,24.62444],[121.72597,24.62444],[121.72602,24.62457],[121.72526,24.62523],[121.72503,24.62563],[121.72513,24.62662],[121.72507,24.6268],[121.72452,24.62741],[121.72452,24.6283],[121.72469,24.62881],[121.72504,24.6292],[121.72624,24.62991],[121.72746,24.63002],[121.72771,24.63026],[121.72855,24.63168],[121.7286,24.63196],[121.72849,24.63236],[121.72855,24.6331],[121.72871,24.63342],[121.72872,24.6343],[121.72907,24.63513],[121.72969,24.63593],[121.72972,24.6363],[121.72962,24.63654],[121.72944,24.63671],[121.72911,24.63671],[121.72862,24.63696],[121.72844,24.63732],[121.72846,24.6374],[121.72856,24.63743],[121.72909,24.63736],[121.72927,24.63742],[121.72946,24.63816],[121.72975,24.63827],[121.72987,24.63849],[121.72977,24.63875],[121.72938,24.63884],[121.7293,24.63893],[121.7292,24.6394],[121.72929,24.63976],[121.72899,24.64076]]}},{"type":"Feature","properties":{"n":"大進二路","k":5},"geometry":{"type":"LineString","coordinates":[[121.71376,24.63109],[121.71412,24.63047],[121.71404,24.63029],[121.71405,24.63012],[121.71452,24.62991],[121.71722,24.62983],[121.71769,24.63043],[121.71841,24.63075],[121.71845,24.63082],[121.71919,24.6311],[121.71979,24.6311],[121.71997,24.63117],[121.72007,24.63144],[121.72077,24.63187],[121.72124,24.63249]]}},{"type":"Feature","properties":{"n":"大進二路","k":5},"geometry":{"type":"LineString","coordinates":[[121.71948,24.64124],[121.72156,24.63295]]}},{"type":"Feature","properties":{"n":"中山路","k":4},"geometry":{"type":"LineString","coordinates":[[121.72922,24.62278],[121.72955,24.62401],[121.73024,24.62534],[121.73043,24.6255],[121.73348,24.62656],[121.73452,24.62673],[121.74184,24.62885],[121.743,24.62894],[121.74318,24.62899],[121.74458,24.62956],[121.74601,24.63027],[121.74688,24.63061],[121.74815,24.6337],[121.74857,24.63416],[121.75063,24.63583]]}},{"type":"Feature","properties":{"n":"中山路","k":4},"geometry":{"type":"LineString","coordinates":[[121.75113,24.63624],[121.75138,24.63643],[121.75308,24.63736]]}},{"type":"Feature","properties":{"n":"舊寮路","k":5},"geometry":{"type":"LineString","coordinates":[[121.74568,24.62633],[121.74437,24.62673],[121.74354,24.62752],[121.74293,24.62824],[121.74197,24.62824],[121.73847,24.62724],[121.73681,24.6269],[121.73454,24.62624],[121.73389,24.62622],[121.73075,24.62513],[121.73061,24.62503],[121.72998,24.62379],[121.72978,24.62283],[121.7299,24.62205],[121.73016,24.62166],[121.73037,24.62115],[121.73038,24.62082],[121.73027,24.62068],[121.72971,24.62042],[121.72915,24.62035]]}},{"type":"Feature","properties":{"n":"中山七路","k":5},"geometry":{"type":"LineString","coordinates":[[121.73033,24.62545],[121.73011,24.62548],[121.72958,24.62533],[121.72922,24.6253],[121.72886,24.62516],[121.72839,24.62524],[121.72808,24.62544],[121.72782,24.62551],[121.72801,24.62582],[121.72781,24.62611],[121.72778,24.62626],[121.72787,24.62654]]}},{"type":"Feature","properties":{"n":"中山六路","k":5},"geometry":{"type":"LineString","coordinates":[[121.73445,24.62785],[121.73476,24.6278],[121.7351,24.62785],[121.73581,24.62781],[121.73716,24.62803],[121.73785,24.62805],[121.7383,24.62802],[121.7385,24.6279]]}},{"type":"Feature","properties":{"n":"中山六路52巷","k":5},"geometry":{"type":"LineString","coordinates":[[121.73616,24.6296],[121.73629,24.62928],[121.73633,24.62887],[121.73667,24.62823],[121.73716,24.62803]]}},{"type":"Feature","properties":{"n":"中山六路108巷","k":5},"geometry":{"type":"LineString","coordinates":[[121.73539,24.62895],[121.73539,24.6288],[121.73525,24.62869],[121.73532,24.62855],[121.73509,24.62822],[121.7351,24.62785]]}},{"type":"Feature","properties":{"n":"進利路","k":5},"geometry":{"type":"LineString","coordinates":[[121.70767,24.64061],[121.70711,24.64073],[121.70666,24.64072],[121.70611,24.64058],[121.70546,24.64016],[121.70503,24.64019],[121.70458,24.64039],[121.70443,24.6404],[121.703,24.64021],[121.70251,24.64004],[121.70119,24.64126],[121.7009,24.64135],[121.70049,24.64132],[121.69995,24.64099],[121.69928,24.64076],[121.69832,24.64072],[121.69372,24.64107],[121.69217,24.64152],[121.69052,24.64112],[121.6901,24.6411]]}},{"type":"Feature","properties":{"n":"大進路446巷","k":5},"geometry":{"type":"LineString","coordinates":[[121.71322,24.63325],[121.71253,24.63363],[121.71219,24.63303],[121.71192,24.63322],[121.71208,24.63351]]}},{"type":"Feature","properties":{"n":"大進九路","k":5},"geometry":{"type":"LineString","coordinates":[[121.71257,24.63233],[121.71196,24.6327],[121.71175,24.63291],[121.71192,24.63322],[121.71021,24.63496],[121.709,24.63599]]}},{"type":"Feature","properties":{"n":"大進八路","k":4},"geometry":{"type":"LineString","coordinates":[[121.71402,24.63428],[121.71253,24.63518],[121.71074,24.63652],[121.70997,24.63696],[121.70921,24.63765],[121.70884,24.63831]]}},{"type":"Feature","properties":{"n":"大進八路","k":4},"geometry":{"type":"LineString","coordinates":[[121.70775,24.64043],[121.70767,24.64061]]}},{"type":"Feature","properties":{"n":"進利路","k":4},"geometry":{"type":"LineString","coordinates":[[121.70767,24.64061],[121.70795,24.64083],[121.7082,24.64114],[121.70843,24.64131],[121.71137,24.64226],[121.71149,24.64247],[121.71231,24.6455],[121.71358,24.64945],[121.71401,24.65117],[121.71414,24.65187]]}},{"type":"Feature","properties":{"n":"進偉一路","k":5},"geometry":{"type":"LineString","coordinates":[[121.71137,24.64226],[121.71209,24.64241],[121.71614,24.64398],[121.71683,24.64437],[121.71819,24.64539],[121.72001,24.64723],[121.72081,24.64827],[121.72177,24.6499],[121.72264,24.6517]]}},{"type":"Feature","properties":{"n":"小埤三路","k":5},"geometry":{"type":"LineString","coordinates":[[121.71236,24.63206],[121.71316,24.63175],[121.71351,24.63193],[121.72311,24.63777]]}},{"type":"Feature","properties":{"n":"進利一路","k":5},"geometry":{"type":"LineString","coordinates":[[121.71324,24.64844],[121.71141,24.64788],[121.71102,24.64757],[121.7106,24.6469],[121.71026,24.64695],[121.71003,24.64683],[121.70989,24.64652],[121.7099,24.6463],[121.70966,24.64613],[121.70952,24.64592],[121.70871,24.64549],[121.70816,24.64476],[121.70735,24.64334],[121.70727,24.64283],[121.70824,24.64148],[121.7082,24.64114]]}},{"type":"Feature","properties":{"n":"淋漓坑橋","k":4},"geometry":{"type":"LineString","coordinates":[[121.70884,24.63831],[121.70775,24.64043]]}},{"type":"Feature","properties":{"n":"玉尊路","k":4},"geometry":{"type":"LineString","coordinates":[[121.70097,24.66726],[121.70077,24.66667],[121.70082,24.66585],[121.70076,24.6657],[121.70044,24.66561],[121.69995,24.66558],[121.69953,24.66525],[121.69898,24.66514],[121.69868,24.66516],[121.69785,24.66543],[121.69777,24.6654],[121.69778,24.66529],[121.69786,24.66524],[121.69878,24.66491],[121.6991,24.66472],[121.69939,24.66468],[121.69952,24.66461],[121.69966,24.66443],[121.69974,24.66401],[121.69971,24.66388],[121.69941,24.66362],[121.69932,24.66329],[121.69916,24.66309],[121.69906,24.66281],[121.69856,24.66219],[121.69833,24.66171],[121.69818,24.66159],[121.69801,24.66153],[121.69715,24.6617],[121.69691,24.66163],[121.69647,24.66138],[121.69631,24.66136],[121.69593,24.6616],[121.69567,24.6619],[121.69545,24.66193],[121.69531,24.66184],[121.69529,24.66174],[121.69557,24.66071],[121.69549,24.66015],[121.69532,24.66005],[121.69491,24.66001],[121.69452,24.65991],[121.69393,24.65994],[121.69376,24.65988],[121.69359,24.65967],[121.69374,24.65947],[121.69453,24.65926],[121.69469,24.65915],[121.69503,24.65878],[121.69566,24.65835],[121.69634,24.65773],[121.69735,24.65712],[121.69746,24.65711],[121.69767,24.65699],[121.69806,24.65664],[121.69816,24.65666],[121.69833,24.65679],[121.69877,24.65725],[121.69899,24.65726],[121.69947,24.65713],[121.69972,24.65711],[121.69997,24.65713],[121.70028,24.6573],[121.70026,24.65749],[121.70009,24.65765],[121.70002,24.65785],[121.7001,24.658],[121.70043,24.6582],[121.70049,24.65836],[121.70051,24.65869],[121.70058,24.65876],[121.70087,24.6588],[121.70105,24.65875],[121.70121,24.65866],[121.70154,24.6583],[121.70195,24.65814],[121.70243,24.65806],[121.70282,24.65808],[121.70358,24.65838],[121.70366,24.65835],[121.70373,24.65802],[121.70364,24.65739],[121.70383,24.65732],[121.70397,24.65753],[121.704,24.65862],[121.70426,24.65884],[121.70481,24.65961],[121.70517,24.65987],[121.70604,24.66023],[121.707,24.65993],[121.70753,24.65951],[121.70795,24.65944],[121.70823,24.65951]]}},{"type":"Feature","properties":{"n":"玉尊路","k":5},"geometry":{"type":"LineString","coordinates":[[121.69735,24.65712],[121.69721,24.65666],[121.69711,24.65669],[121.69714,24.6569],[121.697,24.65711],[121.69672,24.65733],[121.69613,24.65758],[121.69585,24.65765],[121.69556,24.65764]]}},{"type":"Feature","properties":{"n":"進利二路","k":5},"geometry":{"type":"LineString","coordinates":[[121.70608,24.64602],[121.70689,24.64609],[121.70753,24.64624],[121.70884,24.64641],[121.7099,24.6463]]}},{"type":"Feature","properties":{"n":"大隱三路","k":5},"geometry":{"type":"LineString","coordinates":[[121.72425,24.65672],[121.70997,24.65751]]}},{"type":"Feature","properties":{"n":"大隱二路","k":5},"geometry":{"type":"LineString","coordinates":[[121.71037,24.65566],[121.72306,24.65504],[121.72341,24.65502],[121.72346,24.65497]]}},{"type":"Feature","properties":{"n":"大進七路","k":5},"geometry":{"type":"LineString","coordinates":[[121.71426,24.63465],[121.71751,24.63227],[121.71766,24.632]]}},{"type":"Feature","properties":{"n":"大進六路","k":5},"geometry":{"type":"LineString","coordinates":[[121.71501,24.63568],[121.71601,24.63521],[121.71628,24.6345],[121.7169,24.634]]}},{"type":"Feature","properties":{"n":"大進路321巷","k":5},"geometry":{"type":"LineString","coordinates":[[121.71552,24.63633],[121.71626,24.63576],[121.71669,24.6361],[121.71766,24.6363]]}},{"type":"Feature","properties":{"n":"小埤三路197巷","k":5},"geometry":{"type":"LineString","coordinates":[[121.71643,24.63759],[121.71704,24.63717],[121.71858,24.63499]]}},{"type":"Feature","properties":{"n":"三清路","k":5},"geometry":{"type":"LineString","coordinates":[[121.72584,24.65018],[121.72595,24.64971],[121.72588,24.64921],[121.72591,24.64894],[121.72617,24.64877],[121.7263,24.64876],[121.72652,24.64843],[121.72639,24.64793],[121.72617,24.6476],[121.72624,24.64721],[121.72613,24.64654],[121.72598,24.64626],[121.72588,24.64503],[121.72598,24.64445],[121.7258,24.64352],[121.72585,24.6434],[121.72651,24.64306],[121.7269,24.64278],[121.72699,24.64261],[121.72704,24.64187],[121.72724,24.64154],[121.72786,24.64141],[121.72803,24.64112],[121.72815,24.64104],[121.72921,24.64068],[121.73019,24.64002],[121.73074,24.63993],[121.73085,24.63962]]}},{"type":"Feature","properties":{"n":"三清路","k":5},"geometry":{"type":"LineString","coordinates":[[121.74331,24.75406],[121.74323,24.75426],[121.74418,24.75491],[121.74755,24.75625]]}},{"type":"Feature","properties":{"n":"大進三路","k":5},"geometry":{"type":"LineString","coordinates":[[121.71787,24.63965],[121.71831,24.63859],[121.71896,24.63667],[121.71927,24.63654],[121.71934,24.63645],[121.71945,24.63554],[121.71943,24.63431],[121.71987,24.63248]]}},{"type":"Feature","properties":{"n":"小埤二路","k":5},"geometry":{"type":"LineString","coordinates":[[121.72207,24.64138],[121.71787,24.63965]]}},{"type":"Feature","properties":{"n":"大進一路","k":5},"geometry":{"type":"LineString","coordinates":[[121.72311,24.63777],[121.72261,24.63884],[121.72276,24.64026],[121.7226,24.64028],[121.7224,24.64084],[121.72225,24.64096],[121.72207,24.64138],[121.72215,24.64152],[121.72227,24.64225],[121.72212,24.64244],[121.72163,24.64247],[121.72154,24.64253],[121.72169,24.64308],[121.72171,24.64352]]}},{"type":"Feature","properties":{"n":"鼻頭橋","k":4},"geometry":{"type":"LineString","coordinates":[[121.72587,24.65083],[121.72558,24.65088]]}},{"type":"Feature","properties":{"n":"鼻頭橋","k":4},"geometry":{"type":"LineString","coordinates":[[121.72558,24.65088],[121.7258,24.65077]]}},{"type":"Feature","properties":{"n":"鼻頭橋","k":4},"geometry":{"type":"LineString","coordinates":[[121.72558,24.65088],[121.72214,24.65172],[121.7219,24.65173]]}},{"type":"Feature","properties":{"n":"梅花路","k":4},"geometry":{"type":"LineString","coordinates":[[121.72663,24.65168],[121.72616,24.65104],[121.72587,24.65083]]}},{"type":"Feature","properties":{"n":"梅花路","k":4},"geometry":{"type":"LineString","coordinates":[[121.72609,24.6507],[121.72663,24.65168]]}},{"type":"Feature","properties":{"n":"梅花路","k":4},"geometry":{"type":"LineString","coordinates":[[121.7485,24.6697],[121.74787,24.66893],[121.74763,24.66874],[121.74101,24.66474],[121.7394,24.6637],[121.72921,24.65453],[121.72732,24.65289],[121.72695,24.65218],[121.72663,24.65168]]}},{"type":"Feature","properties":{"n":"堤防路","k":5},"geometry":{"type":"LineString","coordinates":[[121.72178,24.65184],[121.72171,24.65204],[121.72254,24.65324],[121.72383,24.65572],[121.72425,24.65672],[121.72593,24.66133],[121.72663,24.66274],[121.72726,24.66382],[121.72836,24.66553],[121.72981,24.66728],[121.73254,24.6699]]}},{"type":"Feature","properties":{"n":"農義路一段","k":4},"geometry":{"type":"LineString","coordinates":[[121.71414,24.65187],[121.71441,24.65547],[121.71449,24.65727],[121.71533,24.67013]]}},{"type":"Feature","properties":{"n":"進偉二路","k":5},"geometry":{"type":"LineString","coordinates":[[121.71437,24.6519],[121.71487,24.65175],[121.71741,24.65019],[121.71774,24.65009],[121.71892,24.65011],[121.71909,24.65019],[121.71986,24.65022],[121.72047,24.65047],[121.72175,24.6507],[121.7223,24.65098]]}},{"type":"Feature","properties":{"n":"梅湖路","k":4},"geometry":{"type":"LineString","coordinates":[[121.73449,24.65003],[121.72724,24.65015],[121.72609,24.6507]]}},{"type":"Feature","properties":{"n":"大埤路","k":5},"geometry":{"type":"LineString","coordinates":[[121.73104,24.64496],[121.73116,24.65114]]}},{"type":"Feature","properties":{"n":"大埤一路","k":5},"geometry":{"type":"LineString","coordinates":[[121.72755,24.64537],[121.72761,24.65013]]}},{"type":"Feature","properties":{"n":"大埤五路","k":5},"geometry":{"type":"LineString","coordinates":[[121.72761,24.64823],[121.73111,24.64817]]}},{"type":"Feature","properties":{"n":"大埤二路","k":5},"geometry":{"type":"LineString","coordinates":[[121.72757,24.64634],[121.73367,24.64623]]}},{"type":"Feature","properties":{"n":"大埤二路123巷","k":5},"geometry":{"type":"LineString","coordinates":[[121.73163,24.64626],[121.73162,24.64512]]}},{"type":"Feature","properties":{"n":"鹿得路","k":4},"geometry":{"type":"LineString","coordinates":[[121.73449,24.65003],[121.73454,24.65093]]}},{"type":"Feature","properties":{"n":"梅湖路","k":5},"geometry":{"type":"LineString","coordinates":[[121.7348,24.64669],[121.73475,24.64686],[121.7344,24.64735],[121.73466,24.64766],[121.73477,24.64803],[121.73486,24.64852],[121.73485,24.64921],[121.735,24.65004],[121.73524,24.65041],[121.73605,24.65083]]}},{"type":"Feature","properties":{"n":"梅湖路","k":5},"geometry":{"type":"LineString","coordinates":[[121.735,24.65004],[121.73449,24.65003]]}},{"type":"Feature","properties":{"n":"得安路","k":5},"geometry":{"type":"LineString","coordinates":[[121.73629,24.65081],[121.73635,24.65071],[121.73816,24.64994],[121.73944,24.64895],[121.73955,24.64877],[121.73911,24.6486],[121.73901,24.64839]]}},{"type":"Feature","properties":{"n":"得安路","k":5},"geometry":{"type":"LineString","coordinates":[[121.74097,24.65037],[121.74046,24.64961],[121.73969,24.64882]]}},{"type":"Feature","properties":{"n":"得安路31巷","k":5},"geometry":{"type":"LineString","coordinates":[[121.73901,24.64839],[121.73936,24.64781]]}},{"type":"Feature","properties":{"n":"梅林路","k":5},"geometry":{"type":"LineString","coordinates":[[121.73454,24.65093],[121.73116,24.65114],[121.72752,24.6512],[121.72666,24.65172]]}},{"type":"Feature","properties":{"n":"廣興路680巷","k":5},"geometry":{"type":"LineString","coordinates":[[121.73779,24.66897],[121.73166,24.66433],[121.731,24.66367],[121.73021,24.66268],[121.72983,24.66209],[121.72953,24.66145],[121.72887,24.65973],[121.7286,24.65866],[121.72851,24.65662],[121.72824,24.65513],[121.72794,24.65425],[121.72732,24.65289]]}},{"type":"Feature","properties":{"n":"廣興路680巷","k":5},"geometry":{"type":"LineString","coordinates":[[121.72883,24.65957],[121.73188,24.66232]]}},{"type":"Feature","properties":{"n":"鹿得五路","k":5},"geometry":{"type":"LineString","coordinates":[[121.72695,24.65218],[121.72713,24.6521],[121.72747,24.65248],[121.72785,24.6526],[121.74192,24.65168]]}},{"type":"Feature","properties":{"n":"鹿得三路","k":5},"geometry":{"type":"LineString","coordinates":[[121.72836,24.65377],[121.72856,24.65354],[121.72868,24.65351],[121.7424,24.65263]]}},{"type":"Feature","properties":{"n":"鹿得二路","k":5},"geometry":{"type":"LineString","coordinates":[[121.73008,24.65532],[121.74088,24.65465]]}},{"type":"Feature","properties":{"n":"鹿得一路","k":5},"geometry":{"type":"LineString","coordinates":[[121.73204,24.65709],[121.74013,24.65657]]}},{"type":"Feature","properties":{"n":"梅花路744巷100弄","k":5},"geometry":{"type":"LineString","coordinates":[[121.72851,24.65662],[121.73333,24.66097]]}},{"type":"Feature","properties":{"n":"鹿得路","k":5},"geometry":{"type":"LineString","coordinates":[[121.73454,24.65093],[121.73524,24.65994]]}},{"type":"Feature","properties":{"n":"永樂高架橋","k":2},"geometry":{"type":"LineString","coordinates":[[121.8477,24.57033],[121.84759,24.56964],[121.84742,24.56899],[121.84697,24.56797],[121.84621,24.56692],[121.84489,24.56552],[121.84428,24.56479],[121.84375,24.56408],[121.8431,24.563]]}},{"type":"Feature","properties":{"n":"永樂高架橋","k":2},"geometry":{"type":"LineString","coordinates":[[121.84356,24.56298],[121.8444,24.56436],[121.84691,24.56767],[121.84721,24.56821],[121.84756,24.5691],[121.84778,24.57022]]}},{"type":"Feature","properties":{"n":"永樂南路","k":5},"geometry":{"type":"LineString","coordinates":[[121.84406,24.56619],[121.8438,24.5658],[121.84331,24.56531],[121.84293,24.56426],[121.84272,24.5642],[121.84245,24.56442],[121.8424,24.56471],[121.84226,24.56494],[121.84226,24.56501],[121.84248,24.56523],[121.84259,24.56607],[121.84256,24.5662],[121.84241,24.56625],[121.84238,24.56635],[121.84268,24.56682],[121.8427,24.567],[121.84288,24.56732],[121.84311,24.56755],[121.8437,24.56774],[121.84464,24.56955],[121.84483,24.57017],[121.84473,24.5705],[121.84505,24.57205],[121.84506,24.57231],[121.84498,24.57241],[121.84499,24.57277],[121.84492,24.57292],[121.84411,24.57316],[121.84365,24.5731],[121.84337,24.57299],[121.84111,24.5731],[121.84013,24.57334]]}},{"type":"Feature","properties":{"n":"永樂路","k":4},"geometry":{"type":"LineString","coordinates":[[121.84545,24.57669],[121.84523,24.57668],[121.84357,24.5758],[121.84327,24.57572],[121.84192,24.57572],[121.83671,24.57592],[121.83545,24.57591]]}},{"type":"Feature","properties":{"n":"圳頭路","k":5},"geometry":{"type":"LineString","coordinates":[[121.84596,24.57671],[121.84592,24.57544],[121.84582,24.57462],[121.84572,24.57404],[121.84544,24.57366],[121.84531,24.57261],[121.8453,24.57232],[121.8454,24.57199],[121.84533,24.57094],[121.84537,24.57047],[121.8449,24.5686],[121.84406,24.56619]]}},{"type":"Feature","properties":{"n":"武荖坑路","k":5},"geometry":{"type":"LineString","coordinates":[[121.81169,24.6154],[121.81186,24.61527],[121.81201,24.6149],[121.81205,24.61388],[121.8123,24.61333],[121.81348,24.61232],[121.81409,24.61167],[121.81481,24.61115],[121.81511,24.61082],[121.8152,24.61054],[121.81508,24.60874],[121.81466,24.60822],[121.81457,24.60791],[121.81442,24.60771],[121.81337,24.60703],[121.81288,24.60652],[121.81264,24.60615],[121.81262,24.60571],[121.81277,24.6054],[121.81313,24.60498],[121.81309,24.6047]]}},{"type":"Feature","properties":{"n":"武荖坑路","k":5},"geometry":{"type":"LineString","coordinates":[[121.8133,24.60382],[121.81338,24.60361],[121.81335,24.6034],[121.81277,24.60302],[121.81232,24.60293],[121.81176,24.60304],[121.81162,24.60332],[121.81138,24.60355],[121.81087,24.60373],[121.81068,24.6039]]}},{"type":"Feature","properties":{"n":"武荖坑路","k":5},"geometry":{"type":"LineString","coordinates":[[121.81309,24.6047],[121.81291,24.60439],[121.81293,24.60406],[121.81309,24.60389],[121.8133,24.60382]]}},{"type":"Feature","properties":{"n":"武荖坑路","k":5},"geometry":{"type":"LineString","coordinates":[[121.8133,24.60382],[121.81319,24.60412],[121.81316,24.60459],[121.81309,24.6047]]}},{"type":"Feature","properties":{"n":"中山路二段211巷","k":5},"geometry":{"type":"LineString","coordinates":[[121.81809,24.6061],[121.81797,24.60698],[121.81759,24.60726],[121.81717,24.60731],[121.81702,24.60727],[121.81648,24.60707],[121.81605,24.60672],[121.81491,24.60638],[121.81483,24.60631],[121.81462,24.60578],[121.81479,24.60509]]}},{"type":"Feature","properties":{"n":"中山路二段211巷","k":5},"geometry":{"type":"LineString","coordinates":[[121.8271,24.60802],[121.82519,24.60722],[121.82447,24.60668],[121.82414,24.6067],[121.82393,24.60657],[121.82391,24.60591],[121.82406,24.60548],[121.82382,24.60528],[121.82362,24.60479],[121.82271,24.60442],[121.82236,24.60444],[121.82117,24.60495],[121.82066,24.60507],[121.82006,24.60505],[121.81923,24.60469],[121.81906,24.60468],[121.8183,24.6049],[121.81818,24.60505],[121.81811,24.60595]]}},{"type":"Feature","properties":{"n":"公館路","k":5},"geometry":{"type":"LineString","coordinates":[[121.84691,24.58451],[121.84601,24.58505],[121.84564,24.58551],[121.84545,24.58594],[121.84532,24.58609],[121.84457,24.58617],[121.84386,24.58649],[121.84375,24.58643],[121.84377,24.58628],[121.84363,24.58597],[121.84369,24.58575],[121.84359,24.58559],[121.84364,24.58512],[121.84317,24.58496],[121.84242,24.58451],[121.8419,24.58461],[121.84162,24.58476],[121.84085,24.585],[121.84071,24.58499],[121.84019,24.5847],[121.83971,24.585],[121.83941,24.58506],[121.83883,24.58497],[121.8386,24.58514],[121.8384,24.58508],[121.83809,24.5851],[121.8379,24.58549],[121.83774,24.58556],[121.83757,24.58582],[121.83726,24.58594],[121.83701,24.58619],[121.83664,24.58625],[121.83642,24.58654],[121.83594,24.58665],[121.83577,24.58659],[121.83556,24.58668],[121.83463,24.5867],[121.83453,24.58677],[121.83452,24.58694]]}},{"type":"Feature","properties":{"n":"金湖陸橋","k":5},"geometry":{"type":"LineString","coordinates":[[121.83554,24.59291],[121.83492,24.59214]]}},{"type":"Feature","properties":{"n":"志成路155巷","k":5},"geometry":{"type":"LineString","coordinates":[[121.83922,24.59451],[121.83792,24.59288],[121.83679,24.59206],[121.83606,24.59168]]}},{"type":"Feature","properties":{"n":"民昌街","k":5},"geometry":{"type":"LineString","coordinates":[[121.84183,24.59354],[121.84093,24.59152],[121.84092,24.59112],[121.84108,24.59006],[121.84199,24.58846],[121.84233,24.58803],[121.84281,24.58776],[121.84452,24.587],[121.84474,24.58679],[121.84486,24.58642],[121.845,24.58625],[121.84525,24.58612]]}},{"type":"Feature","properties":{"n":"民昌街86巷","k":5},"geometry":{"type":"LineString","coordinates":[[121.8407,24.59403],[121.84083,24.59295],[121.84074,24.59282],[121.84077,24.59265],[121.84061,24.59235],[121.84038,24.59213],[121.84034,24.59148],[121.84093,24.59152]]}},{"type":"Feature","properties":{"n":"坪林路","k":5},"geometry":{"type":"LineString","coordinates":[[121.83492,24.59214],[121.8339,24.59115]]}},{"type":"Feature","properties":{"n":"坪林路","k":5},"geometry":{"type":"LineString","coordinates":[[121.83631,24.59448],[121.83554,24.59291]]}},{"type":"Feature","properties":{"n":"金湖街","k":5},"geometry":{"type":"LineString","coordinates":[[121.83341,24.59154],[121.83435,24.59075],[121.83493,24.59129],[121.83525,24.59186]]}},{"type":"Feature","properties":{"n":"金湖街99巷","k":5},"geometry":{"type":"LineString","coordinates":[[121.83418,24.59087],[121.83385,24.59063],[121.83345,24.58999],[121.83352,24.58974],[121.83376,24.58983],[121.83386,24.58978],[121.8341,24.58945]]}},{"type":"Feature","properties":{"n":"民昌街41巷","k":5},"geometry":{"type":"LineString","coordinates":[[121.84126,24.59232],[121.84174,24.59213]]}},{"type":"Feature","properties":{"n":"民貴街","k":5},"geometry":{"type":"LineString","coordinates":[[121.84117,24.59212],[121.84161,24.59139]]}},{"type":"Feature","properties":{"n":"民貴街14巷","k":5},"geometry":{"type":"LineString","coordinates":[[121.84093,24.59152],[121.84141,24.59172]]}},{"type":"Feature","properties":{"n":"民貴街32巷","k":5},"geometry":{"type":"LineString","coordinates":[[121.84161,24.59139],[121.84117,24.59113]]}},{"type":"Feature","properties":{"n":"民貴街13巷","k":5},"geometry":{"type":"LineString","coordinates":[[121.84141,24.59172],[121.84199,24.59198],[121.84223,24.5919]]}},{"type":"Feature","properties":{"n":"福安街","k":5},"geometry":{"type":"LineString","coordinates":[[121.83128,24.59423],[121.83327,24.59589]]}},{"type":"Feature","properties":{"n":"聖湖橋","k":2},"geometry":{"type":"LineString","coordinates":[[121.83185,24.60416],[121.8309,24.60448]]}},{"type":"Feature","properties":{"n":"聖湖橋","k":2},"geometry":{"type":"LineString","coordinates":[[121.83089,24.60437],[121.83182,24.60407]]}},{"type":"Feature","properties":{"n":"中山路二段181巷","k":5},"geometry":{"type":"LineString","coordinates":[[121.82748,24.60734],[121.82697,24.60723],[121.82609,24.60668],[121.82597,24.60655],[121.8258,24.60609],[121.82564,24.6059],[121.82549,24.60557],[121.82546,24.60542],[121.82561,24.60522]]}},{"type":"Feature","properties":{"n":"中山路二段","k":2},"geometry":{"type":"LineString","coordinates":[[121.81251,24.61517],[121.81368,24.61483],[121.81485,24.61469],[121.81542,24.61471],[121.82085,24.61543],[121.82182,24.61525],[121.82234,24.61502],[121.82387,24.61397],[121.82475,24.61326],[121.82491,24.61308],[121.82513,24.61263],[121.82684,24.6082],[121.82722,24.60765],[121.82774,24.60707],[121.83013,24.60493],[121.83089,24.60437]]}},{"type":"Feature","properties":{"n":"中山路二段","k":2},"geometry":{"type":"LineString","coordinates":[[121.83597,24.59647],[121.83559,24.59664],[121.83499,24.59719],[121.83473,24.59755],[121.83441,24.59834],[121.83432,24.59878],[121.83435,24.59932],[121.83471,24.60076],[121.83482,24.60138],[121.83482,24.6017],[121.83473,24.60221],[121.83441,24.60299],[121.83411,24.60342],[121.83385,24.6036],[121.83355,24.60373],[121.83185,24.60416]]}},{"type":"Feature","properties":{"n":"中山路二段","k":2},"geometry":{"type":"LineString","coordinates":[[121.83182,24.60407],[121.83365,24.60357],[121.83398,24.60337],[121.83421,24.60311],[121.83461,24.60216],[121.8347,24.60158],[121.83465,24.60101],[121.83422,24.59927],[121.83423,24.59853],[121.83454,24.59764],[121.83475,24.59728],[121.83513,24.59687],[121.83562,24.59649],[121.83591,24.59641]]}},{"type":"Feature","properties":{"n":"中山路二段","k":2},"geometry":{"type":"LineString","coordinates":[[121.8309,24.60448],[121.8303,24.60493],[121.8277,24.60726],[121.8271,24.60802],[121.82695,24.60827],[121.82657,24.60917],[121.82515,24.61281],[121.82488,24.61324],[121.82371,24.61421],[121.82232,24.61516],[121.82185,24.61535],[121.82109,24.61552],[121.82085,24.61553],[121.81869,24.61527],[121.81558,24.61482],[121.81504,24.61479],[121.81373,24.61492],[121.81252,24.61528]]}},{"type":"Feature","properties":{"n":"中山路二段","k":2},"geometry":{"type":"LineString","coordinates":[[121.77434,24.67501],[121.77484,24.67517],[121.77542,24.67518],[121.78383,24.67307],[121.78537,24.67306]]}},{"type":"Feature","properties":{"n":"中山路二段162巷","k":5},"geometry":{"type":"LineString","coordinates":[[121.82596,24.61334],[121.82622,24.61208],[121.82703,24.61054],[121.82774,24.61001],[121.82785,24.60977],[121.82921,24.60805],[121.82986,24.60693],[121.83161,24.60485],[121.83189,24.60473]]}},{"type":"Feature","properties":{"n":"中山路一段","k":2},"geometry":{"type":"LineString","coordinates":[[121.83747,24.59642],[121.83656,24.59645]]}},{"type":"Feature","properties":{"n":"中山路一段","k":2},"geometry":{"type":"LineString","coordinates":[[121.83647,24.59639],[121.83747,24.59642]]}},{"type":"Feature","properties":{"n":"中山路一段","k":2},"geometry":{"type":"LineString","coordinates":[[121.83747,24.59642],[121.83974,24.59633],[121.84017,24.59626],[121.84169,24.59585],[121.8428,24.59561]]}},{"type":"Feature","properties":{"n":"中山路一段","k":2},"geometry":{"type":"LineString","coordinates":[[121.78537,24.67306],[121.78675,24.67304],[121.79026,24.67246],[121.79118,24.67228],[121.79313,24.67167],[121.79554,24.67154],[121.79603,24.67172],[121.79876,24.67307],[121.79936,24.67323],[121.79977,24.67328]]}},{"type":"Feature","properties":{"n":"中山路一段","k":2},"geometry":{"type":"LineString","coordinates":[[121.77101,24.71895],[121.77079,24.71996],[121.77066,24.72035],[121.76944,24.72266]]}},{"type":"Feature","properties":{"n":"中山路一段","k":2},"geometry":{"type":"LineString","coordinates":[[121.76928,24.7227],[121.77044,24.72055],[121.77088,24.71893]]}},{"type":"Feature","properties":{"n":"中山路一段","k":2},"geometry":{"type":"LineString","coordinates":[[121.85403,24.59619],[121.85429,24.59618]]}},{"type":"Feature","properties":{"n":"中山路一段","k":2},"geometry":{"type":"LineString","coordinates":[[121.84296,24.5956],[121.84394,24.59562],[121.85044,24.59603],[121.85342,24.59616]]}},{"type":"Feature","properties":{"n":"中山路一段536巷","k":5},"geometry":{"type":"LineString","coordinates":[[121.83747,24.59642],[121.83748,24.59661]]}},{"type":"Feature","properties":{"n":"中山路一段536巷","k":5},"geometry":{"type":"LineString","coordinates":[[121.83749,24.59676],[121.83755,24.59679],[121.83764,24.59708]]}},{"type":"Feature","properties":{"n":"中山路一段536巷","k":5},"geometry":{"type":"LineString","coordinates":[[121.83768,24.59717],[121.83789,24.59783],[121.83813,24.59796],[121.83845,24.59802],[121.8388,24.59795],[121.83894,24.59783],[121.83897,24.59765]]}},{"type":"Feature","properties":{"n":"志成路","k":5},"geometry":{"type":"LineString","coordinates":[[121.83385,24.59811],[121.83378,24.59768],[121.8332,24.59641],[121.83327,24.59589],[121.83359,24.59556],[121.83618,24.5945],[121.83951,24.5945],[121.84262,24.59324],[121.84306,24.59479]]}},{"type":"Feature","properties":{"n":"聖賢路","k":5},"geometry":{"type":"LineString","coordinates":[[121.83563,24.59311],[121.83657,24.59301],[121.83688,24.59311],[121.83736,24.5935],[121.83784,24.59419],[121.83792,24.59449]]}},{"type":"Feature","properties":{"n":"聖賢路","k":5},"geometry":{"type":"LineString","coordinates":[[121.83385,24.59811],[121.83338,24.59868],[121.83304,24.59867],[121.83276,24.59849],[121.83264,24.59833],[121.83219,24.59749],[121.83217,24.59688],[121.83223,24.59642],[121.83243,24.59587],[121.83269,24.59537],[121.83327,24.59457]]}},{"type":"Feature","properties":{"n":"育才路","k":5},"geometry":{"type":"LineString","coordinates":[[121.83703,24.59609],[121.8365,24.59477],[121.83631,24.59448]]}},{"type":"Feature","properties":{"n":"育才路","k":5},"geometry":{"type":"LineString","coordinates":[[121.76964,24.82143],[121.77093,24.82111]]}},{"type":"Feature","properties":{"n":"全祿街","k":5},"geometry":{"type":"LineString","coordinates":[[121.83489,24.595],[121.83417,24.59366],[121.83392,24.59379]]}},{"type":"Feature","properties":{"n":"志成路495巷","k":5},"geometry":{"type":"LineString","coordinates":[[121.83262,24.59776],[121.83359,24.59728]]}},{"type":"Feature","properties":{"n":"坪林路21巷","k":5},"geometry":{"type":"LineString","coordinates":[[121.83606,24.59396],[121.83684,24.59349]]}},{"type":"Feature","properties":{"n":"志成路513巷","k":5},"geometry":{"type":"LineString","coordinates":[[121.83264,24.59833],[121.83307,24.59809],[121.83314,24.59819],[121.83378,24.59768]]}},{"type":"Feature","properties":{"n":"志成路481巷","k":5},"geometry":{"type":"LineString","coordinates":[[121.83344,24.59695],[121.83219,24.59743]]}},{"type":"Feature","properties":{"n":"長壽街","k":5},"geometry":{"type":"LineString","coordinates":[[121.83462,24.59447],[121.83606,24.59396]]}},{"type":"Feature","properties":{"n":"蘇港路","k":2},"geometry":{"type":"LineString","coordinates":[[121.83639,24.59628],[121.83653,24.59617],[121.83695,24.59599],[121.83985,24.5955],[121.84162,24.59493],[121.84615,24.59422],[121.8475,24.59407],[121.84857,24.59402],[121.8534,24.59417]]}},{"type":"Feature","properties":{"n":"蘇港路","k":2},"geometry":{"type":"LineString","coordinates":[[121.8563,24.59627],[121.85623,24.59529],[121.85614,24.595],[121.85582,24.59464],[121.85559,24.59446],[121.85513,24.59433],[121.85409,24.5943]]}},{"type":"Feature","properties":{"n":"蘇港路","k":2},"geometry":{"type":"LineString","coordinates":[[121.85408,24.59419],[121.85515,24.59422],[121.85554,24.59431],[121.85599,24.5946],[121.8562,24.59483],[121.85638,24.59523],[121.85644,24.59627]]}},{"type":"Feature","properties":{"n":"蘇港路","k":2},"geometry":{"type":"LineString","coordinates":[[121.8534,24.59428],[121.84894,24.59413],[121.84831,24.59414],[121.84616,24.59431],[121.84377,24.59472],[121.84218,24.59489],[121.84166,24.595],[121.8398,24.59562],[121.83683,24.59612],[121.83645,24.59631]]}},{"type":"Feature","properties":{"n":"瑞祥街","k":5},"geometry":{"type":"LineString","coordinates":[[121.83327,24.59457],[121.8344,24.59409]]}},{"type":"Feature","properties":{"n":"聖愛路","k":2},"geometry":{"type":"LineString","coordinates":[[121.83519,24.59742],[121.83532,24.59721],[121.83572,24.59685]]}},{"type":"Feature","properties":{"n":"聖愛路","k":2},"geometry":{"type":"LineString","coordinates":[[121.83596,24.59677],[121.83519,24.59742]]}},{"type":"Feature","properties":{"n":"聖愛路","k":2},"geometry":{"type":"LineString","coordinates":[[121.83768,24.60985],[121.83765,24.60811],[121.83688,24.6058],[121.8369,24.60556],[121.83719,24.60489],[121.83725,24.60464],[121.83727,24.60369],[121.8375,24.60265],[121.83748,24.60217],[121.83737,24.60172],[121.83723,24.60138],[121.83587,24.59905],[121.8357,24.59886],[121.83519,24.59847],[121.83505,24.59825],[121.83503,24.59781],[121.83519,24.59742]]}},{"type":"Feature","properties":{"n":"中山路一段308巷","k":5},"geometry":{"type":"LineString","coordinates":[[121.84278,24.59561],[121.84282,24.59575],[121.84266,24.59601],[121.84207,24.59654]]}},{"type":"Feature","properties":{"n":"興泰街","k":5},"geometry":{"type":"LineString","coordinates":[[121.83895,24.59577],[121.83874,24.59452]]}},{"type":"Feature","properties":{"n":"湧泉橋","k":2},"geometry":{"type":"LineString","coordinates":[[121.8428,24.59561],[121.84296,24.5956]]}},{"type":"Feature","properties":{"n":"聖湖路","k":5},"geometry":{"type":"LineString","coordinates":[[121.83436,24.59988],[121.83386,24.59875],[121.83385,24.59811],[121.83475,24.59728],[121.83485,24.59736]]}},{"type":"Feature","properties":{"n":"中山路二段160巷","k":5},"geometry":{"type":"LineString","coordinates":[[121.83433,24.60534],[121.83389,24.60571],[121.83374,24.60562],[121.83338,24.60593],[121.83331,24.60591],[121.83319,24.6057]]}},{"type":"Feature","properties":{"n":"聖賢路345巷","k":5},"geometry":{"type":"LineString","coordinates":[[121.83327,24.59871],[121.83342,24.59914]]}},{"type":"Feature","properties":{"n":"聖賢路331巷","k":5},"geometry":{"type":"LineString","coordinates":[[121.83294,24.59929],[121.83279,24.59896],[121.83281,24.59884],[121.83298,24.59862]]}},{"type":"Feature","properties":{"n":"聖愛路","k":5},"geometry":{"type":"LineString","coordinates":[[121.83702,24.60527],[121.83615,24.60496],[121.8356,24.60503],[121.83462,24.60462],[121.83491,24.60427]]}},{"type":"Feature","properties":{"n":"新寮二路","k":4},"geometry":{"type":"LineString","coordinates":[[121.74706,24.60655],[121.74743,24.60744],[121.74768,24.60783],[121.74795,24.60808],[121.74812,24.60816],[121.74834,24.60817],[121.74863,24.6081],[121.74873,24.60814],[121.74878,24.60827],[121.74871,24.60913],[121.74876,24.60941],[121.74909,24.61014],[121.7497,24.61096],[121.75013,24.61212],[121.75014,24.61242],[121.74962,24.61557],[121.74966,24.6163],[121.7501,24.61732],[121.75008,24.61742],[121.7497,24.61793],[121.74966,24.61818],[121.7501,24.61894],[121.75011,24.61908],[121.7519,24.62444],[121.75207,24.62473],[121.75223,24.62489]]}},{"type":"Feature","properties":{"n":"新寮二路83巷","k":5},"geometry":{"type":"LineString","coordinates":[[121.7532,24.61839],[121.75328,24.61849],[121.75201,24.61972],[121.75082,24.62123]]}},{"type":"Feature","properties":{"n":"新寮二路161巷","k":5},"geometry":{"type":"LineString","coordinates":[[121.7501,24.61894],[121.75157,24.61826],[121.75243,24.61828],[121.75329,24.61774],[121.75346,24.61737],[121.75357,24.61728],[121.75384,24.61731]]}},{"type":"Feature","properties":{"n":"吉祥路","k":5},"geometry":{"type":"LineString","coordinates":[[121.78377,24.64902],[121.7643,24.64636]]}},{"type":"Feature","properties":{"n":"吉祥路","k":5},"geometry":{"type":"LineString","coordinates":[[121.75689,24.76308],[121.75519,24.75863]]}},{"type":"Feature","properties":{"n":"吉祥路","k":5},"geometry":{"type":"LineString","coordinates":[[121.78125,24.74772],[121.78139,24.74774],[121.78238,24.74731]]}},{"type":"Feature","properties":{"n":"信光路","k":5},"geometry":{"type":"LineString","coordinates":[[121.76408,24.64825],[121.76554,24.64844],[121.76558,24.64854],[121.76596,24.64872],[121.76609,24.64871],[121.76622,24.64855],[121.77305,24.64947],[121.77309,24.64935],[121.77321,24.64936],[121.77363,24.64955],[121.78023,24.65045],[121.78039,24.6506],[121.78083,24.65054],[121.78281,24.6508]]}},{"type":"Feature","properties":{"n":"新寮路","k":4},"geometry":{"type":"LineString","coordinates":[[121.7541,24.62159],[121.75364,24.62219],[121.75349,24.62224],[121.75324,24.62221],[121.75199,24.62407],[121.75197,24.6243],[121.75201,24.62445],[121.75244,24.62544],[121.75245,24.62554],[121.75239,24.62564]]}},{"type":"Feature","properties":{"n":"新寮路","k":4},"geometry":{"type":"LineString","coordinates":[[121.75172,24.62584],[121.75162,24.62593],[121.75118,24.62685],[121.75308,24.63736]]}},{"type":"Feature","properties":{"n":"新寮路408巷","k":5},"geometry":{"type":"LineString","coordinates":[[121.7528,24.62135],[121.75226,24.62202],[121.75214,24.62228],[121.75227,24.62288],[121.75291,24.62345]]}},{"type":"Feature","properties":{"n":"公園路二段","k":5},"geometry":{"type":"LineString","coordinates":[[121.76985,24.63339],[121.76951,24.63369],[121.7688,24.63351],[121.76819,24.63372],[121.76676,24.63359],[121.76603,24.63367],[121.76171,24.6358],[121.76012,24.6363],[121.7571,24.63624],[121.75557,24.63541],[121.75534,24.63511],[121.75522,24.63461],[121.75427,24.63226],[121.7539,24.63026],[121.75249,24.62601],[121.75245,24.62554]]}},{"type":"Feature","properties":{"n":"中城橋","k":4},"geometry":{"type":"LineString","coordinates":[[121.7485,24.63059],[121.74768,24.63082]]}},{"type":"Feature","properties":{"n":"新寮橋","k":4},"geometry":{"type":"LineString","coordinates":[[121.75239,24.62564],[121.75172,24.62584]]}},{"type":"Feature","properties":{"n":"寶慶一路","k":5},"geometry":{"type":"LineString","coordinates":[[121.7571,24.63624],[121.75681,24.63488],[121.75683,24.63475],[121.75616,24.63106],[121.75624,24.63094],[121.75658,24.63096],[121.75952,24.63168],[121.76041,24.63367],[121.7605,24.63381],[121.76079,24.63393],[121.76096,24.63426],[121.76117,24.63428],[121.76162,24.63515]]}},{"type":"Feature","properties":{"n":"寶和路","k":5},"geometry":{"type":"LineString","coordinates":[[121.76785,24.62902],[121.76781,24.6286],[121.76708,24.62796],[121.76634,24.6276],[121.76596,24.62716],[121.76578,24.62712],[121.76531,24.62736],[121.76469,24.62717],[121.76472,24.62683],[121.76505,24.62571],[121.76565,24.62537],[121.76578,24.62271],[121.76586,24.62226],[121.76616,24.62158],[121.76594,24.62095],[121.76604,24.62057],[121.76603,24.62021],[121.76626,24.61959],[121.76633,24.61921]]}},{"type":"Feature","properties":{"n":"寶和路","k":5},"geometry":{"type":"LineString","coordinates":[[121.7699,24.63345],[121.76917,24.63292],[121.76869,24.63227],[121.767,24.63317],[121.76671,24.63297],[121.76641,24.63303],[121.76517,24.63135],[121.76454,24.6313],[121.76449,24.63122],[121.76443,24.62947],[121.76464,24.62947],[121.76475,24.62935],[121.76484,24.62935],[121.76508,24.62955],[121.76607,24.62952],[121.76661,24.62921],[121.76739,24.62888],[121.76747,24.62889],[121.7676,24.62904],[121.76785,24.62902],[121.76898,24.62919]]}},{"type":"Feature","properties":{"n":"寶和路","k":5},"geometry":{"type":"LineString","coordinates":[[121.77142,24.6358],[121.77076,24.63487],[121.7702,24.63379]]}},{"type":"Feature","properties":{"n":"寶和路","k":5},"geometry":{"type":"LineString","coordinates":[[121.77176,24.6369],[121.77152,24.63592]]}},{"type":"Feature","properties":{"n":"寶和路539巷","k":5},"geometry":{"type":"LineString","coordinates":[[121.76708,24.62796],[121.76584,24.62601],[121.76565,24.62537]]}},{"type":"Feature","properties":{"n":"寶和路628巷","k":5},"geometry":{"type":"LineString","coordinates":[[121.76571,24.62425],[121.76542,24.62413],[121.76517,24.62383],[121.76475,24.62372],[121.76458,24.62357],[121.76363,24.62311],[121.76304,24.6224],[121.76294,24.62166],[121.76283,24.62162],[121.76278,24.62168],[121.76282,24.62243],[121.76295,24.62269],[121.76297,24.62304],[121.76269,24.62386],[121.76288,24.62401],[121.76313,24.62388],[121.76358,24.62387],[121.76386,24.62497],[121.76382,24.62513],[121.76374,24.62519],[121.76342,24.62517],[121.76328,24.62522]]}},{"type":"Feature","properties":{"n":"太仁橋","k":5},"geometry":{"type":"LineString","coordinates":[[121.76582,24.62248],[121.76649,24.62259]]}},{"type":"Feature","properties":{"n":"寶慶二路77巷","k":5},"geometry":{"type":"LineString","coordinates":[[121.7589,24.63458],[121.75829,24.63137]]}},{"type":"Feature","properties":{"n":"寶慶路250巷","k":5},"geometry":{"type":"LineString","coordinates":[[121.76332,24.6338],[121.76296,24.63157],[121.76286,24.63128]]}},{"type":"Feature","properties":{"n":"寶慶一路139巷","k":5},"geometry":{"type":"LineString","coordinates":[[121.75829,24.63137],[121.75808,24.63071],[121.75769,24.63035],[121.75677,24.63003],[121.75633,24.63003],[121.75566,24.62992]]}},{"type":"Feature","properties":{"n":"寶和路592巷","k":5},"geometry":{"type":"LineString","coordinates":[[121.76469,24.62717],[121.76444,24.62733],[121.76442,24.62763],[121.76418,24.62786],[121.7639,24.6279],[121.76322,24.62814],[121.76311,24.6289],[121.76291,24.62941],[121.76302,24.63018],[121.76279,24.63106],[121.76286,24.63128]]}},{"type":"Feature","properties":{"n":"大安路","k":5},"geometry":{"type":"LineString","coordinates":[[121.77964,24.62204],[121.77935,24.62161],[121.77908,24.62047],[121.77891,24.6192],[121.77897,24.61852],[121.77922,24.61787],[121.77969,24.61622],[121.77956,24.61599],[121.77914,24.61562],[121.77803,24.61507],[121.77781,24.61502]]}},{"type":"Feature","properties":{"n":"大安路","k":5},"geometry":{"type":"LineString","coordinates":[[121.69469,24.73536],[121.69443,24.73549],[121.69419,24.73538],[121.69403,24.73539],[121.6936,24.73586],[121.69349,24.73591],[121.69349,24.73677],[121.69286,24.73975],[121.69305,24.74104],[121.69295,24.74172]]}},{"type":"Feature","properties":{"n":"大安路","k":5},"geometry":{"type":"LineString","coordinates":[[121.69723,24.74341],[121.69578,24.74362],[121.69479,24.74357],[121.69447,24.74342],[121.69413,24.74311],[121.69383,24.74308],[121.6932,24.74199],[121.69315,24.74177],[121.69202,24.74152],[121.69144,24.74169]]}},{"type":"Feature","properties":{"n":"安宮路","k":5},"geometry":{"type":"LineString","coordinates":[[121.79362,24.61676],[121.79286,24.61671],[121.79222,24.61703],[121.79178,24.61745],[121.79073,24.61783],[121.79042,24.61778],[121.7902,24.61752],[121.79019,24.61735],[121.78989,24.6171],[121.79008,24.61677],[121.79024,24.61664],[121.79023,24.61652],[121.79011,24.61646],[121.78992,24.61659],[121.78963,24.61655]]}},{"type":"Feature","properties":{"n":"安宮路38巷","k":5},"geometry":{"type":"LineString","coordinates":[[121.79214,24.61802],[121.79229,24.6179],[121.79217,24.61735],[121.79208,24.6172]]}},{"type":"Feature","properties":{"n":"公園路一段","k":5},"geometry":{"type":"LineString","coordinates":[[121.78696,24.6385],[121.78657,24.63819],[121.78517,24.63426],[121.78476,24.6337],[121.78434,24.63328],[121.78274,24.63228],[121.78021,24.63098],[121.77946,24.6305],[121.77901,24.63032],[121.77878,24.63027],[121.77847,24.63031],[121.77641,24.63088]]}},{"type":"Feature","properties":{"n":"公園路一段","k":5},"geometry":{"type":"LineString","coordinates":[[121.77608,24.63101],[121.77362,24.63155],[121.77258,24.63165],[121.77167,24.63207],[121.76985,24.63339]]}},{"type":"Feature","properties":{"n":"十三份橋","k":5},"geometry":{"type":"LineString","coordinates":[[121.77321,24.63208],[121.77286,24.63168]]}},{"type":"Feature","properties":{"n":"太和路331巷","k":5},"geometry":{"type":"LineString","coordinates":[[121.77362,24.629],[121.77375,24.6293],[121.77366,24.62956],[121.77213,24.63039]]}},{"type":"Feature","properties":{"n":"太和路","k":5},"geometry":{"type":"LineString","coordinates":[[121.77053,24.63127],[121.76869,24.63227]]}},{"type":"Feature","properties":{"n":"太和路","k":5},"geometry":{"type":"LineString","coordinates":[[121.77213,24.63039],[121.77053,24.63127]]}},{"type":"Feature","properties":{"n":"太和路","k":5},"geometry":{"type":"LineString","coordinates":[[121.76656,24.62189],[121.76649,24.62259],[121.76677,24.62451],[121.76737,24.62643],[121.76796,24.62714],[121.76907,24.62932],[121.76926,24.62947],[121.76957,24.62947],[121.76973,24.62959],[121.77053,24.63127]]}},{"type":"Feature","properties":{"n":"太和路","k":5},"geometry":{"type":"LineString","coordinates":[[121.77668,24.63709],[121.77621,24.63504],[121.77476,24.63447],[121.77408,24.63375],[121.77377,24.63269],[121.77366,24.63249],[121.77321,24.63208]]}},{"type":"Feature","properties":{"n":"太和路133巷150弄","k":5},"geometry":{"type":"LineString","coordinates":[[121.77698,24.63296],[121.7767,24.6321],[121.77682,24.63186],[121.7768,24.63168],[121.77686,24.63153],[121.77703,24.63133],[121.77737,24.63134],[121.77773,24.63125]]}},{"type":"Feature","properties":{"n":"上河路一段","k":5},"geometry":{"type":"LineString","coordinates":[[121.77023,24.63384],[121.77227,24.63239],[121.77258,24.63227],[121.77367,24.6321],[121.77703,24.63127],[121.77781,24.63125],[121.77858,24.63109],[121.77885,24.6311],[121.77964,24.63155],[121.78248,24.6336],[121.78365,24.63437],[121.78394,24.63473],[121.7841,24.63504],[121.78476,24.63701],[121.78543,24.63876],[121.78601,24.63938],[121.78685,24.63977]]}},{"type":"Feature","properties":{"n":"大安路570巷","k":5},"geometry":{"type":"LineString","coordinates":[[121.7733,24.62168],[121.77342,24.62179],[121.77363,24.62184],[121.77382,24.62178],[121.77399,24.62183],[121.77411,24.6217],[121.77418,24.62148],[121.77445,24.62134],[121.77443,24.62126],[121.7742,24.62122],[121.77423,24.62116],[121.77464,24.621],[121.77478,24.62101],[121.77492,24.62111],[121.77541,24.62095],[121.77572,24.62103],[121.77594,24.62123],[121.77597,24.62114],[121.77567,24.62076],[121.77567,24.62065],[121.77608,24.62083],[121.77642,24.6211],[121.77694,24.62169],[121.77717,24.62183],[121.77752,24.62175],[121.77779,24.62229],[121.77788,24.62232],[121.77827,24.62217],[121.77959,24.62209],[121.77964,24.62204]]}},{"type":"Feature","properties":{"n":"太和路221巷","k":5},"geometry":{"type":"LineString","coordinates":[[121.77541,24.63169],[121.77549,24.63226],[121.77366,24.63249]]}},{"type":"Feature","properties":{"n":"太和路295巷","k":5},"geometry":{"type":"LineString","coordinates":[[121.77259,24.63124],[121.77467,24.63012]]}},{"type":"Feature","properties":{"n":"大安路","k":4},"geometry":{"type":"LineString","coordinates":[[121.78866,24.63397],[121.78819,24.63332],[121.78804,24.6332],[121.78767,24.63298],[121.78717,24.6328],[121.78563,24.6321],[121.7852,24.63184],[121.78488,24.63152],[121.784,24.63005],[121.78321,24.62832],[121.78288,24.62702],[121.78247,24.62589],[121.78216,24.62544],[121.78135,24.62462],[121.78099,24.62419],[121.78088,24.62393],[121.78083,24.62323],[121.78036,24.62268],[121.78012,24.62214],[121.78002,24.62206],[121.77964,24.62204]]}},{"type":"Feature","properties":{"n":"大安路","k":4},"geometry":{"type":"LineString","coordinates":[[121.69896,24.72873],[121.69897,24.72988]]}},{"type":"Feature","properties":{"n":"大安路","k":4},"geometry":{"type":"LineString","coordinates":[[121.69898,24.73029],[121.69901,24.73044],[121.69944,24.73096],[121.69949,24.73109],[121.69937,24.73167],[121.69938,24.73245],[121.69947,24.73304],[121.69869,24.73552],[121.69686,24.73892],[121.69771,24.74198],[121.69796,24.74325],[121.6978,24.74334],[121.69723,24.74341]]}},{"type":"Feature","properties":{"n":"安平路600巷","k":5},"geometry":{"type":"LineString","coordinates":[[121.79174,24.62368],[121.79183,24.62278]]}},{"type":"Feature","properties":{"n":"安平路476巷","k":5},"geometry":{"type":"LineString","coordinates":[[121.78939,24.62263],[121.78928,24.62243],[121.78889,24.62212],[121.78896,24.62193],[121.78873,24.6213],[121.78885,24.62095],[121.78918,24.62055]]}},{"type":"Feature","properties":{"n":"照安南路","k":5},"geometry":{"type":"LineString","coordinates":[[121.79128,24.62362],[121.79144,24.623],[121.7914,24.62209],[121.79189,24.62113],[121.79191,24.6209],[121.79184,24.62074]]}},{"type":"Feature","properties":{"n":"照安北路","k":5},"geometry":{"type":"LineString","coordinates":[[121.79095,24.6246],[121.79128,24.62362]]}},{"type":"Feature","properties":{"n":"照安北路","k":5},"geometry":{"type":"LineString","coordinates":[[121.79092,24.62474],[121.79059,24.62606],[121.79082,24.62702],[121.7914,24.62816]]}},{"type":"Feature","properties":{"n":"李訓南橋","k":5},"geometry":{"type":"LineString","coordinates":[[121.79092,24.62474],[121.79095,24.6246]]}},{"type":"Feature","properties":{"n":"安平路526巷","k":5},"geometry":{"type":"LineString","coordinates":[[121.79029,24.62312],[121.79034,24.62275],[121.79048,24.62276],[121.79051,24.62267]]}},{"type":"Feature","properties":{"n":"安平路","k":5},"geometry":{"type":"LineString","coordinates":[[121.7847,24.63123],[121.78508,24.63098],[121.7856,24.63025],[121.78694,24.62956],[121.7873,24.62903],[121.78822,24.62728],[121.78887,24.62519],[121.78888,24.62502],[121.78868,24.62486],[121.78849,24.62485],[121.78832,24.62462],[121.78808,24.62392],[121.7879,24.62373],[121.78915,24.623],[121.78939,24.62263],[121.78963,24.6227],[121.78985,24.62297],[121.79029,24.62312],[121.79128,24.62362],[121.79279,24.62379],[121.79395,24.62375],[121.79538,24.6235],[121.79576,24.6235],[121.7971,24.62287],[121.79815,24.6226]]}},{"type":"Feature","properties":{"n":"安平路","k":5},"geometry":{"type":"LineString","coordinates":[[121.77344,24.67797],[121.77235,24.67442]]}},{"type":"Feature","properties":{"n":"照安路28巷","k":5},"geometry":{"type":"LineString","coordinates":[[121.79189,24.6307],[121.79245,24.63076],[121.79326,24.63072]]}},{"type":"Feature","properties":{"n":"照安路28巷","k":5},"geometry":{"type":"LineString","coordinates":[[121.79243,24.62973],[121.79145,24.62947]]}},{"type":"Feature","properties":{"n":"冬山路一段","k":2},"geometry":{"type":"LineString","coordinates":[[121.81173,24.61552],[121.81103,24.6158],[121.80971,24.61666],[121.80914,24.61721],[121.80829,24.6183],[121.80774,24.61886],[121.80589,24.62098],[121.80124,24.62635],[121.79913,24.62887],[121.79851,24.62957],[121.7971,24.63101],[121.79665,24.63133],[121.79584,24.63176],[121.79011,24.63388],[121.78905,24.63429],[121.7887,24.6345]]}},{"type":"Feature","properties":{"n":"冬山路一段","k":2},"geometry":{"type":"LineString","coordinates":[[121.78866,24.63438],[121.78917,24.6341],[121.79575,24.63164],[121.79642,24.63132],[121.79698,24.63093],[121.7985,24.6294],[121.80113,24.62629],[121.80831,24.61806],[121.80908,24.61706],[121.8096,24.61657],[121.81103,24.61565],[121.81169,24.6154]]}},{"type":"Feature","properties":{"n":"八甲路","k":5},"geometry":{"type":"LineString","coordinates":[[121.78063,24.6312],[121.78068,24.6311],[121.78161,24.63128],[121.78207,24.63122],[121.78282,24.6315],[121.78354,24.63165],[121.7837,24.63208],[121.78387,24.6322]]}},{"type":"Feature","properties":{"n":"八甲路","k":5},"geometry":{"type":"LineString","coordinates":[[121.7841,24.63216],[121.78475,24.6323],[121.78534,24.63234],[121.78555,24.63222],[121.78563,24.6321]]}},{"type":"Feature","properties":{"n":"八甲路","k":5},"geometry":{"type":"LineString","coordinates":[[121.70593,24.72379],[121.70627,24.72374],[121.7068,24.72421],[121.70714,24.72504],[121.70745,24.72534],[121.70831,24.7258],[121.70891,24.72673],[121.70965,24.7276],[121.70977,24.72764],[121.71075,24.72756],[121.7109,24.72867]]}},{"type":"Feature","properties":{"n":"香南路256巷","k":5},"geometry":{"type":"LineString","coordinates":[[121.79175,24.62849],[121.79229,24.62873],[121.79305,24.62892]]}},{"type":"Feature","properties":{"n":"安中路","k":5},"geometry":{"type":"LineString","coordinates":[[121.7873,24.62903],[121.78864,24.63054],[121.79011,24.63388]]}},{"type":"Feature","properties":{"n":"香南路","k":5},"geometry":{"type":"LineString","coordinates":[[121.79166,24.63318],[121.79129,24.63223],[121.79119,24.63174],[121.79113,24.63099],[121.79125,24.63012],[121.79172,24.62855],[121.79193,24.62821],[121.79243,24.62775],[121.79315,24.62742],[121.79361,24.62736],[121.79559,24.62785],[121.79648,24.62818],[121.79743,24.62877],[121.79851,24.62957],[121.79939,24.63033]]}},{"type":"Feature","properties":{"n":"香南路238巷","k":5},"geometry":{"type":"LineString","coordinates":[[121.79202,24.62811],[121.7926,24.62855]]}},{"type":"Feature","properties":{"n":"大坑橋","k":5},"geometry":{"type":"LineString","coordinates":[[121.78277,24.62828],[121.78309,24.62831]]}},{"type":"Feature","properties":{"n":"太安橋","k":5},"geometry":{"type":"LineString","coordinates":[[121.77975,24.63142],[121.78006,24.631]]}},{"type":"Feature","properties":{"n":"大安一路","k":5},"geometry":{"type":"LineString","coordinates":[[121.7812,24.62702],[121.78136,24.62713],[121.78156,24.62745],[121.78216,24.6277],[121.78277,24.62828]]}},{"type":"Feature","properties":{"n":"南香路","k":5},"geometry":{"type":"LineString","coordinates":[[121.79189,24.6307],[121.79182,24.63145],[121.79116,24.63151]]}},{"type":"Feature","properties":{"n":"香南路275巷","k":5},"geometry":{"type":"LineString","coordinates":[[121.79077,24.62924],[121.79089,24.62888],[121.79095,24.62885],[121.79159,24.62901]]}},{"type":"Feature","properties":{"n":"香南路253巷6弄","k":5},"geometry":{"type":"LineString","coordinates":[[121.79133,24.62826],[121.79119,24.62869]]}},{"type":"Feature","properties":{"n":"香南路253巷","k":5},"geometry":{"type":"LineString","coordinates":[[121.7914,24.62816],[121.79172,24.62855]]}},{"type":"Feature","properties":{"n":"香南路275巷6弄","k":5},"geometry":{"type":"LineString","coordinates":[[121.79068,24.62959],[121.79077,24.62924],[121.79045,24.62916]]}},{"type":"Feature","properties":{"n":"香南路275巷6弄","k":5},"geometry":{"type":"LineString","coordinates":[[121.79075,24.62933],[121.79108,24.62942]]}},{"type":"Feature","properties":{"n":"香南路275巷6弄","k":5},"geometry":{"type":"LineString","coordinates":[[121.79068,24.62959],[121.79035,24.6295]]}},{"type":"Feature","properties":{"n":"香南路275巷6弄","k":5},"geometry":{"type":"LineString","coordinates":[[121.79068,24.62959],[121.79103,24.62967]]}},{"type":"Feature","properties":{"n":"香南路335巷22弄","k":5},"geometry":{"type":"LineString","coordinates":[[121.7904,24.6299],[121.79025,24.63039]]}},{"type":"Feature","properties":{"n":"香南路335巷22弄","k":5},"geometry":{"type":"LineString","coordinates":[[121.79057,24.62993],[121.79024,24.62986]]}},{"type":"Feature","properties":{"n":"香南路335巷","k":5},"geometry":{"type":"LineString","coordinates":[[121.79125,24.63012],[121.79057,24.62993],[121.79068,24.62959]]}},{"type":"Feature","properties":{"n":"南香路85巷","k":5},"geometry":{"type":"LineString","coordinates":[[121.79115,24.63069],[121.79189,24.6307]]}},{"type":"Feature","properties":{"n":"中山橋","k":4},"geometry":{"type":"LineString","coordinates":[[121.75063,24.63583],[121.75113,24.63624]]}},{"type":"Feature","properties":{"n":"丸山五路","k":5},"geometry":{"type":"LineString","coordinates":[[121.75834,24.64166],[121.75228,24.64563]]}},{"type":"Feature","properties":{"n":"丸山五路","k":5},"geometry":{"type":"LineString","coordinates":[[121.75854,24.64153],[121.75854,24.64153]]}},{"type":"Feature","properties":{"n":"丸山六路","k":5},"geometry":{"type":"LineString","coordinates":[[121.75161,24.64368],[121.75168,24.64369],[121.75241,24.64322],[121.75711,24.64013]]}},{"type":"Feature","properties":{"n":"丸山六路","k":5},"geometry":{"type":"LineString","coordinates":[[121.75732,24.64],[121.75732,24.64]]}},{"type":"Feature","properties":{"n":"上河路二段","k":5},"geometry":{"type":"LineString","coordinates":[[121.75221,24.63211],[121.75276,24.63208],[121.75301,24.63214],[121.75325,24.63226],[121.75336,24.63241],[121.7543,24.63526],[121.75434,24.63556],[121.75536,24.63778],[121.75562,24.63798],[121.75588,24.63799],[121.75807,24.63767],[121.75958,24.63739],[121.76074,24.6369],[121.76615,24.63423],[121.76686,24.63416],[121.76899,24.63433],[121.76974,24.63417],[121.77023,24.63384]]}},{"type":"Feature","properties":{"n":"內湖路","k":5},"geometry":{"type":"LineString","coordinates":[[121.74394,24.64446],[121.74734,24.64271],[121.74791,24.64281],[121.74837,24.64258],[121.74878,24.64233],[121.74903,24.64184],[121.75156,24.64055],[121.75174,24.64053],[121.75199,24.64086],[121.75217,24.64151]]}},{"type":"Feature","properties":{"n":"內湖一路","k":5},"geometry":{"type":"LineString","coordinates":[[121.74599,24.64777],[121.74313,24.6431]]}},{"type":"Feature","properties":{"n":"下湖路","k":5},"geometry":{"type":"LineString","coordinates":[[121.74057,24.64839],[121.74922,24.64393],[121.75046,24.64323],[121.75166,24.64269]]}},{"type":"Feature","properties":{"n":"丸山五路一七九巷","k":5},"geometry":{"type":"LineString","coordinates":[[121.75332,24.64495],[121.75286,24.64436],[121.75269,24.64438],[121.75256,24.64447],[121.75273,24.64471],[121.75264,24.64487],[121.75291,24.64522]]}},{"type":"Feature","properties":{"n":"內湖路137巷","k":5},"geometry":{"type":"LineString","coordinates":[[121.74964,24.63938],[121.7481,24.64013],[121.7479,24.64031],[121.74791,24.64064],[121.74777,24.6409],[121.74766,24.6414],[121.74837,24.64258]]}},{"type":"Feature","properties":{"n":"內湖路138巷","k":5},"geometry":{"type":"LineString","coordinates":[[121.74837,24.64258],[121.74922,24.64393]]}},{"type":"Feature","properties":{"n":"新寶橋","k":5},"geometry":{"type":"LineString","coordinates":[[121.75436,24.63526],[121.75529,24.63512]]}},{"type":"Feature","properties":{"n":"寶慶二路78巷","k":5},"geometry":{"type":"LineString","coordinates":[[121.75908,24.63575],[121.7589,24.63458]]}},{"type":"Feature","properties":{"n":"寶慶二路","k":5},"geometry":{"type":"LineString","coordinates":[[121.75529,24.63512],[121.7605,24.63433],[121.76067,24.6344],[121.76096,24.63426]]}},{"type":"Feature","properties":{"n":"零工圍橋","k":5},"geometry":{"type":"LineString","coordinates":[[121.7622,24.63563],[121.7625,24.63595]]}},{"type":"Feature","properties":{"n":"寶慶路","k":5},"geometry":{"type":"LineString","coordinates":[[121.7625,24.63595],[121.76418,24.63785],[121.76419,24.63797]]}},{"type":"Feature","properties":{"n":"寶慶路","k":5},"geometry":{"type":"LineString","coordinates":[[121.76585,24.63224],[121.76479,24.63307],[121.76316,24.63386],[121.76259,24.63431],[121.76184,24.63469],[121.76178,24.63475],[121.7618,24.63494],[121.7622,24.63563]]}},{"type":"Feature","properties":{"n":"寶慶三路","k":5},"geometry":{"type":"LineString","coordinates":[[121.76186,24.63505],[121.76071,24.63556],[121.75976,24.63571]]}},{"type":"Feature","properties":{"n":"丸山路","k":4},"geometry":{"type":"LineString","coordinates":[[121.75308,24.63736],[121.7559,24.63867],[121.75626,24.63889],[121.75678,24.63933],[121.7569,24.63948],[121.75695,24.63964],[121.75732,24.64],[121.75803,24.64103],[121.75854,24.64153],[121.7588,24.64171],[121.7605,24.64224],[121.76108,24.6422],[121.76151,24.64225],[121.76196,24.6425],[121.76261,24.64261],[121.76286,24.64303],[121.76294,24.64309],[121.76312,24.64311],[121.76344,24.64305],[121.76379,24.64408]]}},{"type":"Feature","properties":{"n":"丸山路","k":4},"geometry":{"type":"LineString","coordinates":[[121.76385,24.64432],[121.76386,24.64427]]}},{"type":"Feature","properties":{"n":"八寶路","k":4},"geometry":{"type":"LineString","coordinates":[[121.75709,24.63974],[121.75776,24.63954],[121.75875,24.63876],[121.75889,24.6387],[121.7601,24.63844],[121.7621,24.6382],[121.76272,24.63791],[121.76304,24.63781],[121.76323,24.6378],[121.76565,24.63821],[121.76612,24.63811]]}},{"type":"Feature","properties":{"n":"八寶路","k":4},"geometry":{"type":"LineString","coordinates":[[121.76636,24.63812],[121.76848,24.63841]]}},{"type":"Feature","properties":{"n":"義成路一段","k":5},"geometry":{"type":"LineString","coordinates":[[121.76385,24.64432],[121.76405,24.64428],[121.76446,24.64433],[121.76575,24.64399],[121.76646,24.64366],[121.76674,24.64333],[121.76706,24.64277],[121.76848,24.63841]]}},{"type":"Feature","properties":{"n":"丸山一路","k":5},"geometry":{"type":"LineString","coordinates":[[121.76256,24.64355],[121.75443,24.6489]]}},{"type":"Feature","properties":{"n":"丸山一路","k":5},"geometry":{"type":"LineString","coordinates":[[121.76274,24.64342],[121.76273,24.64342]]}},{"type":"Feature","properties":{"n":"港尾路","k":5},"geometry":{"type":"LineString","coordinates":[[121.76677,24.64236],[121.76659,24.64227],[121.76644,24.64257],[121.76622,24.64281],[121.76585,24.64281],[121.76546,24.64259],[121.76344,24.64305]]}},{"type":"Feature","properties":{"n":"港尾路","k":5},"geometry":{"type":"LineString","coordinates":[[121.76713,24.64253],[121.76703,24.64248]]}},{"type":"Feature","properties":{"n":"寶君路","k":5},"geometry":{"type":"LineString","coordinates":[[121.76577,24.6382],[121.76604,24.63783],[121.76614,24.63758],[121.76662,24.6371],[121.76727,24.63689],[121.76787,24.63654],[121.76855,24.636],[121.76943,24.63548],[121.77076,24.63487]]}},{"type":"Feature","properties":{"n":"丸山三路","k":5},"geometry":{"type":"LineString","coordinates":[[121.7604,24.64244],[121.76028,24.64265],[121.75932,24.64305],[121.75875,24.64364],[121.7579,24.64427],[121.75335,24.64724]]}},{"type":"Feature","properties":{"n":"寶聖路","k":5},"geometry":{"type":"LineString","coordinates":[[121.76472,24.64275],[121.76456,24.64157],[121.76465,24.64136],[121.76488,24.64117],[121.76494,24.64039],[121.7644,24.63991],[121.76447,24.63953],[121.76468,24.63933],[121.76471,24.63915],[121.76415,24.63828],[121.76419,24.63797]]}},{"type":"Feature","properties":{"n":"義成路二段31巷","k":5},"geometry":{"type":"LineString","coordinates":[[121.76361,24.64445],[121.76378,24.64511],[121.76411,24.64514]]}},{"type":"Feature","properties":{"n":"丸山二路","k":5},"geometry":{"type":"LineString","coordinates":[[121.75792,24.6466],[121.75734,24.64589],[121.75738,24.64578],[121.76186,24.64285],[121.76205,24.64293],[121.76255,24.64355]]}},{"type":"Feature","properties":{"n":"上河路二段508巷","k":5},"geometry":{"type":"LineString","coordinates":[[121.75782,24.6395],[121.75821,24.63826],[121.75807,24.63767]]}},{"type":"Feature","properties":{"n":"寶修路","k":5},"geometry":{"type":"LineString","coordinates":[[121.76351,24.63714],[121.76576,24.63553],[121.76632,24.63636]]}},{"type":"Feature","properties":{"n":"寶修路","k":5},"geometry":{"type":"LineString","coordinates":[[121.76767,24.63423],[121.76767,24.63448],[121.76576,24.63553]]}},{"type":"Feature","properties":{"n":"義成路一段867巷","k":5},"geometry":{"type":"LineString","coordinates":[[121.7676,24.64107],[121.76548,24.64079]]}},{"type":"Feature","properties":{"n":"義成路二段","k":4},"geometry":{"type":"LineString","coordinates":[[121.76414,24.65506],[121.76389,24.65415],[121.76352,24.65357],[121.7635,24.65333],[121.76361,24.65096],[121.76405,24.64852],[121.76431,24.64632],[121.76433,24.6457],[121.76385,24.64432]]}},{"type":"Feature","properties":{"n":"義成路一段980巷","k":5},"geometry":{"type":"LineString","coordinates":[[121.76439,24.64434],[121.76446,24.64499],[121.76411,24.64514]]}},{"type":"Feature","properties":{"n":"義成路二段35巷","k":5},"geometry":{"type":"LineString","coordinates":[[121.76378,24.64511],[121.76339,24.64517],[121.7632,24.64457],[121.76327,24.64448]]}},{"type":"Feature","properties":{"n":"福丸路","k":5},"geometry":{"type":"LineString","coordinates":[[121.76458,24.64191],[121.76536,24.64197],[121.76659,24.64227]]}},{"type":"Feature","properties":{"n":"福丸路","k":5},"geometry":{"type":"LineString","coordinates":[[121.76344,24.64305],[121.76325,24.64185],[121.76456,24.64157]]}},{"type":"Feature","properties":{"n":"福山路","k":5},"geometry":{"type":"LineString","coordinates":[[121.76472,24.64275],[121.76491,24.64326],[121.76498,24.6433],[121.76635,24.64317],[121.76622,24.64281]]}},{"type":"Feature","properties":{"n":"義成路一段925巷","k":5},"geometry":{"type":"LineString","coordinates":[[121.76713,24.64253],[121.76697,24.64217],[121.7668,24.64205],[121.76545,24.64173],[121.76533,24.64161],[121.76547,24.64145],[121.76544,24.64136]]}},{"type":"Feature","properties":{"n":"丸山六路橋","k":5},"geometry":{"type":"LineString","coordinates":[[121.75711,24.64013],[121.75732,24.64]]}},{"type":"Feature","properties":{"n":"丸山五路橋","k":5},"geometry":{"type":"LineString","coordinates":[[121.75854,24.64153],[121.75834,24.64166]]}},{"type":"Feature","properties":{"n":"丸山路89巷","k":5},"geometry":{"type":"LineString","coordinates":[[121.76246,24.64257],[121.76268,24.64197]]}},{"type":"Feature","properties":{"n":"福丸一路","k":5},"geometry":{"type":"LineString","coordinates":[[121.76278,24.64289],[121.76274,24.64342],[121.76303,24.6437],[121.76329,24.64416],[121.76343,24.6442],[121.76379,24.64408]]}},{"type":"Feature","properties":{"n":"港尾路76巷","k":5},"geometry":{"type":"LineString","coordinates":[[121.76541,24.64221],[121.76546,24.64259]]}},{"type":"Feature","properties":{"n":"丸山橋","k":4},"geometry":{"type":"LineString","coordinates":[[121.76386,24.64427],[121.76379,24.64408]]}},{"type":"Feature","properties":{"n":"丸山三路橋","k":5},"geometry":{"type":"LineString","coordinates":[[121.7605,24.64224],[121.7604,24.64244]]}},{"type":"Feature","properties":{"n":"福丸二路","k":5},"geometry":{"type":"LineString","coordinates":[[121.76334,24.64242],[121.76389,24.64229],[121.76465,24.64222]]}},{"type":"Feature","properties":{"n":"港尾路75巷","k":5},"geometry":{"type":"LineString","coordinates":[[121.76556,24.64324],[121.7654,24.6426]]}},{"type":"Feature","properties":{"n":"丸山一路橋","k":5},"geometry":{"type":"LineString","coordinates":[[121.76273,24.64342],[121.76256,24.64355]]}},{"type":"Feature","properties":{"n":"橫圳路","k":5},"geometry":{"type":"LineString","coordinates":[[121.74118,24.6584],[121.74046,24.64961],[121.74057,24.64839]]}},{"type":"Feature","properties":{"n":"松樹路91巷","k":5},"geometry":{"type":"LineString","coordinates":[[121.75232,24.64976],[121.75235,24.64987],[121.75222,24.64995],[121.75163,24.65003],[121.75146,24.65035],[121.75112,24.65049]]}},{"type":"Feature","properties":{"n":"松樹路14巷","k":5},"geometry":{"type":"LineString","coordinates":[[121.75106,24.65019],[121.75071,24.65017],[121.75021,24.64991],[121.75001,24.65034]]}},{"type":"Feature","properties":{"n":"松樹路","k":5},"geometry":{"type":"LineString","coordinates":[[121.75132,24.65169],[121.75106,24.65019],[121.75115,24.64997],[121.75156,24.64914],[121.75264,24.64848]]}},{"type":"Feature","properties":{"n":"松樹路","k":5},"geometry":{"type":"LineString","coordinates":[[121.74948,24.65094],[121.7512,24.65099]]}},{"type":"Feature","properties":{"n":"松樹路","k":5},"geometry":{"type":"LineString","coordinates":[[121.75122,24.6512],[121.75504,24.65091]]}},{"type":"Feature","properties":{"n":"松樹路","k":5},"geometry":{"type":"LineString","coordinates":[[121.75443,24.6489],[121.75408,24.64906],[121.75299,24.64907],[121.75291,24.64903],[121.75279,24.64871],[121.7524,24.64809]]}},{"type":"Feature","properties":{"n":"鹿埔路46巷","k":5},"geometry":{"type":"LineString","coordinates":[[121.75228,24.64563],[121.75141,24.64619]]}},{"type":"Feature","properties":{"n":"鹿埔路","k":4},"geometry":{"type":"LineString","coordinates":[[121.75062,24.64544],[121.75146,24.64624],[121.7524,24.64809],[121.74936,24.64964],[121.74931,24.64971],[121.75004,24.65423],[121.75063,24.65593],[121.75089,24.65642],[121.7509,24.65694],[121.75096,24.65704],[121.75151,24.65755],[121.75213,24.6577],[121.75317,24.6591],[121.75328,24.65918],[121.75365,24.65931],[121.75387,24.65932],[121.75433,24.65922],[121.75444,24.65936],[121.75448,24.66026],[121.75471,24.66227],[121.75473,24.66396],[121.75477,24.66407],[121.75475,24.66688]]}},{"type":"Feature","properties":{"n":"永興路二段","k":4},"geometry":{"type":"LineString","coordinates":[[121.76414,24.65506],[121.76191,24.65512],[121.76168,24.65522],[121.76077,24.65586],[121.75704,24.65878],[121.75452,24.66066],[121.75137,24.66328],[121.75011,24.66427],[121.74995,24.66446],[121.74988,24.66467],[121.74942,24.66667],[121.74911,24.66985]]}},{"type":"Feature","properties":{"n":"鹿埔路101巷","k":5},"geometry":{"type":"LineString","coordinates":[[121.75197,24.64719],[121.74336,24.65157]]}},{"type":"Feature","properties":{"n":"鹿埔路325巷","k":5},"geometry":{"type":"LineString","coordinates":[[121.74952,24.65119],[121.74192,24.65168]]}},{"type":"Feature","properties":{"n":"鹿梅路","k":5},"geometry":{"type":"LineString","coordinates":[[121.75071,24.66379],[121.74975,24.66299],[121.74937,24.66257],[121.74896,24.66136],[121.74574,24.65655],[121.74551,24.65623],[121.74466,24.65535],[121.743,24.65372],[121.74281,24.65345],[121.74192,24.65168],[121.74097,24.65037]]}},{"type":"Feature","properties":{"n":"鹿埔路394巷27弄","k":5},"geometry":{"type":"LineString","coordinates":[[121.75099,24.65308],[121.75349,24.6529],[121.75466,24.65207],[121.75512,24.65194]]}},{"type":"Feature","properties":{"n":"鹿埔路460巷","k":5},"geometry":{"type":"LineString","coordinates":[[121.7503,24.655],[121.75216,24.65522],[121.75223,24.65492],[121.75228,24.65491],[121.7551,24.6547]]}},{"type":"Feature","properties":{"n":"華祥路","k":5},"geometry":{"type":"LineString","coordinates":[[121.75199,24.65685],[121.7604,24.65615]]}},{"type":"Feature","properties":{"n":"鹿埔路421巷","k":5},"geometry":{"type":"LineString","coordinates":[[121.74377,24.65447],[121.75002,24.65407]]}},{"type":"Feature","properties":{"n":"鹿埔路655巷6弄","k":5},"geometry":{"type":"LineString","coordinates":[[121.75104,24.65767],[121.75135,24.65906],[121.75133,24.65937]]}},{"type":"Feature","properties":{"n":"鹿埔路535巷","k":5},"geometry":{"type":"LineString","coordinates":[[121.74673,24.65804],[121.74904,24.65792],[121.74942,24.65772],[121.75035,24.65765],[121.75104,24.65767],[121.75151,24.65755]]}},{"type":"Feature","properties":{"n":"鹿埔路461巷","k":5},"geometry":{"type":"LineString","coordinates":[[121.74574,24.65655],[121.74623,24.65619],[121.74958,24.65597],[121.74968,24.6558],[121.74964,24.65506],[121.7503,24.655]]}},{"type":"Feature","properties":{"n":"鹿埔路128巷","k":5},"geometry":{"type":"LineString","coordinates":[[121.75335,24.64724],[121.75231,24.64791]]}},{"type":"Feature","properties":{"n":"松樹路255巷","k":5},"geometry":{"type":"LineString","coordinates":[[121.75291,24.64903],[121.75235,24.64955],[121.75232,24.64976]]}},{"type":"Feature","properties":{"n":"鹿埔路394巷","k":5},"geometry":{"type":"LineString","coordinates":[[121.74987,24.65304],[121.75026,24.65309],[121.75108,24.65304],[121.75148,24.65251],[121.75139,24.65229],[121.75134,24.65175]]}},{"type":"Feature","properties":{"n":"華祥路279巷","k":5},"geometry":{"type":"LineString","coordinates":[[121.75203,24.65684],[121.75185,24.65519],[121.7519,24.65478],[121.75184,24.65408]]}},{"type":"Feature","properties":{"n":"華祥路279巷53弄","k":5},"geometry":{"type":"LineString","coordinates":[[121.7519,24.65562],[121.75233,24.65558]]}},{"type":"Feature","properties":{"n":"華祥路279巷51弄","k":5},"geometry":{"type":"LineString","coordinates":[[121.75194,24.65599],[121.75234,24.65595]]}},{"type":"Feature","properties":{"n":"鹿埔路503巷","k":5},"geometry":{"type":"LineString","coordinates":[[121.7496,24.65607],[121.75041,24.65607],[121.75045,24.65596],[121.75073,24.6559],[121.75086,24.65578],[121.75108,24.6551]]}},{"type":"Feature","properties":{"n":"順安路","k":5},"geometry":{"type":"LineString","coordinates":[[121.75495,24.64992],[121.75666,24.64978],[121.75669,24.64948],[121.75727,24.64931],[121.75753,24.64917],[121.75759,24.649],[121.75754,24.64882]]}},{"type":"Feature","properties":{"n":"順安路","k":5},"geometry":{"type":"LineString","coordinates":[[121.75512,24.65194],[121.75585,24.652],[121.75642,24.65196],[121.75705,24.65221],[121.75814,24.65227],[121.75979,24.65217],[121.76353,24.65217]]}},{"type":"Feature","properties":{"n":"溪心路","k":5},"geometry":{"type":"LineString","coordinates":[[121.7562,24.64773],[121.75734,24.64884],[121.76286,24.64835],[121.76353,24.64835],[121.76405,24.64852]]}},{"type":"Feature","properties":{"n":"溪心一路","k":5},"geometry":{"type":"LineString","coordinates":[[121.76025,24.64857],[121.76005,24.64669],[121.76431,24.64632]]}},{"type":"Feature","properties":{"n":"義成路三段","k":4},"geometry":{"type":"LineString","coordinates":[[121.76826,24.66804],[121.76763,24.66597],[121.76626,24.66193],[121.76414,24.65506]]}},{"type":"Feature","properties":{"n":"義成路二段378巷","k":5},"geometry":{"type":"LineString","coordinates":[[121.77101,24.65402],[121.7656,24.65326],[121.76504,24.65346],[121.7645,24.65405],[121.76389,24.65415]]}},{"type":"Feature","properties":{"n":"清溝路","k":5},"geometry":{"type":"LineString","coordinates":[[121.76079,24.66701],[121.76078,24.6657],[121.76096,24.66467],[121.76089,24.65473],[121.76079,24.65217]]}},{"type":"Feature","properties":{"n":"永興路一段","k":4},"geometry":{"type":"LineString","coordinates":[[121.78097,24.65399],[121.78087,24.65394],[121.77988,24.65415],[121.77227,24.65584],[121.7673,24.65501],[121.76414,24.65506]]}},{"type":"Feature","properties":{"n":"義成路三段72巷","k":5},"geometry":{"type":"LineString","coordinates":[[121.76847,24.657],[121.76475,24.65704]]}},{"type":"Feature","properties":{"n":"溪心一路185巷","k":5},"geometry":{"type":"LineString","coordinates":[[121.76015,24.64763],[121.75845,24.64777]]}},{"type":"Feature","properties":{"n":"義成路三段36巷","k":5},"geometry":{"type":"LineString","coordinates":[[121.76446,24.6561],[121.76847,24.65606]]}},{"type":"Feature","properties":{"n":"永平路一段","k":5},"geometry":{"type":"LineString","coordinates":[[121.76377,24.65016],[121.76758,24.65063],[121.76829,24.65048],[121.76965,24.65056],[121.77013,24.65052],[121.7707,24.65075],[121.77101,24.65117],[121.7713,24.65122]]}},{"type":"Feature","properties":{"n":"永平路二段","k":5},"geometry":{"type":"LineString","coordinates":[[121.75504,24.65091],[121.75563,24.6508],[121.75579,24.65084],[121.76377,24.65016]]}},{"type":"Feature","properties":{"n":"義成路三段61巷","k":5},"geometry":{"type":"LineString","coordinates":[[121.76475,24.65704],[121.76231,24.65709],[121.76205,24.65738],[121.76166,24.65744],[121.76161,24.65784],[121.76155,24.65792],[121.76091,24.65801]]}},{"type":"Feature","properties":{"n":"美和路一段689巷","k":5},"geometry":{"type":"LineString","coordinates":[[121.76357,24.6519],[121.76532,24.65193],[121.76552,24.65185],[121.76612,24.6518],[121.76651,24.65163],[121.76756,24.65156],[121.77119,24.65213]]}},{"type":"Feature","properties":{"n":"永興路二段91巷","k":5},"geometry":{"type":"LineString","coordinates":[[121.7551,24.6547],[121.75996,24.65431]]}},{"type":"Feature","properties":{"n":"永興路二段91巷","k":5},"geometry":{"type":"LineString","coordinates":[[121.76002,24.6543],[121.76036,24.65432],[121.76055,24.65603]]}},{"type":"Feature","properties":{"n":"順安路328巷","k":5},"geometry":{"type":"LineString","coordinates":[[121.75495,24.65235],[121.75491,24.65242],[121.75522,24.65659]]}},{"type":"Feature","properties":{"n":"永興路二段91巷29弄","k":5},"geometry":{"type":"LineString","coordinates":[[121.75942,24.65434],[121.75936,24.65355]]}},{"type":"Feature","properties":{"n":"永興路一段395巷","k":5},"geometry":{"type":"LineString","coordinates":[[121.76465,24.65504],[121.76478,24.65399],[121.76471,24.65385]]}},{"type":"Feature","properties":{"n":"義成路二段342巷","k":5},"geometry":{"type":"LineString","coordinates":[[121.76351,24.65328],[121.76385,24.65319],[121.76436,24.65328],[121.76491,24.65307]]}},{"type":"Feature","properties":{"n":"永興路二段19巷","k":5},"geometry":{"type":"LineString","coordinates":[[121.76043,24.65481],[121.76126,24.65462],[121.7616,24.65449],[121.76171,24.65438],[121.7623,24.65443]]}},{"type":"Feature","properties":{"n":"永興路二段19巷","k":5},"geometry":{"type":"LineString","coordinates":[[121.76222,24.65216],[121.76233,24.6551]]}},{"type":"Feature","properties":{"n":"聯東橋","k":5},"geometry":{"type":"LineString","coordinates":[[121.7702,24.63379],[121.7699,24.63345]]}},{"type":"Feature","properties":{"n":"寶和橋","k":5},"geometry":{"type":"LineString","coordinates":[[121.77152,24.63592],[121.77142,24.6358]]}},{"type":"Feature","properties":{"n":"寶和路37巷","k":5},"geometry":{"type":"LineString","coordinates":[[121.77138,24.63575],[121.7718,24.63538],[121.77184,24.63517],[121.77199,24.63492]]}},{"type":"Feature","properties":{"n":"寶育路","k":5},"geometry":{"type":"LineString","coordinates":[[121.77163,24.6365],[121.77032,24.63652],[121.76957,24.63678],[121.7692,24.63782]]}},{"type":"Feature","properties":{"n":"寶和路37巷10弄","k":5},"geometry":{"type":"LineString","coordinates":[[121.77167,24.63552],[121.77132,24.63491]]}},{"type":"Feature","properties":{"n":"寶君一路","k":5},"geometry":{"type":"LineString","coordinates":[[121.77038,24.63413],[121.76632,24.63636]]}},{"type":"Feature","properties":{"n":"寶君路88巷","k":5},"geometry":{"type":"LineString","coordinates":[[121.76822,24.63629],[121.76793,24.63588],[121.7676,24.63582],[121.76754,24.63569]]}},{"type":"Feature","properties":{"n":"八寶橋","k":4},"geometry":{"type":"LineString","coordinates":[[121.76612,24.63811],[121.76636,24.63812]]}},{"type":"Feature","properties":{"n":"義成路一段521巷","k":5},"geometry":{"type":"LineString","coordinates":[[121.77317,24.63531],[121.77284,24.63456],[121.77302,24.6343]]}},{"type":"Feature","properties":{"n":"太和路75巷","k":5},"geometry":{"type":"LineString","coordinates":[[121.77621,24.63504],[121.77666,24.63518],[121.77709,24.63455],[121.77761,24.6348],[121.77761,24.63496],[121.77769,24.63499],[121.77855,24.63483]]}},{"type":"Feature","properties":{"n":"義成路一段521巷","k":4},"geometry":{"type":"LineString","coordinates":[[121.77331,24.63638],[121.77329,24.6355],[121.77323,24.63532],[121.77317,24.63531]]}},{"type":"Feature","properties":{"n":"義成路一段","k":4},"geometry":{"type":"LineString","coordinates":[[121.76848,24.63841],[121.76866,24.63819],[121.76902,24.63788],[121.77331,24.63638],[121.77687,24.63713],[121.78022,24.63649],[121.78434,24.63536]]}},{"type":"Feature","properties":{"n":"義成路一段","k":4},"geometry":{"type":"LineString","coordinates":[[121.78535,24.63508],[121.78674,24.63467],[121.78791,24.63496]]}},{"type":"Feature","properties":{"n":"美和路一段62巷","k":5},"geometry":{"type":"LineString","coordinates":[[121.77985,24.6389],[121.77333,24.63802]]}},{"type":"Feature","properties":{"n":"永和路","k":5},"geometry":{"type":"LineString","coordinates":[[121.77726,24.65473],[121.78022,24.63649]]}},{"type":"Feature","properties":{"n":"永鎮路","k":5},"geometry":{"type":"LineString","coordinates":[[121.78473,24.64725],[121.78235,24.64693],[121.78219,24.6467],[121.78169,24.64684],[121.76806,24.64495],[121.76797,24.64485],[121.7675,24.64479],[121.76726,24.64484],[121.7672,24.64473],[121.7673,24.64386],[121.76728,24.64297]]}},{"type":"Feature","properties":{"n":"太和路236巷","k":5},"geometry":{"type":"LineString","coordinates":[[121.77366,24.63249],[121.77316,24.63258],[121.77038,24.63413]]}},{"type":"Feature","properties":{"n":"楓橋路41巷","k":5},"geometry":{"type":"LineString","coordinates":[[121.77855,24.63483],[121.78201,24.63419]]}},{"type":"Feature","properties":{"n":"寶德路","k":5},"geometry":{"type":"LineString","coordinates":[[121.78662,24.64236],[121.78616,24.64219],[121.7776,24.6405],[121.77403,24.64009],[121.77262,24.63982],[121.77118,24.63965],[121.77106,24.63961],[121.77091,24.63925],[121.7708,24.63927],[121.77048,24.63953],[121.77027,24.63953],[121.76819,24.63924]]}},{"type":"Feature","properties":{"n":"太和路133巷","k":5},"geometry":{"type":"LineString","coordinates":[[121.78054,24.63219],[121.78032,24.63222],[121.7801,24.63216],[121.77949,24.63181],[121.77917,24.63184],[121.77878,24.63215],[121.77784,24.63243],[121.77565,24.63386],[121.77512,24.63432],[121.77476,24.63447]]}},{"type":"Feature","properties":{"n":"永和路524巷","k":5},"geometry":{"type":"LineString","coordinates":[[121.77893,24.64453],[121.78305,24.64509],[121.7836,24.64494],[121.78376,24.64519],[121.78558,24.64545],[121.78569,24.64553]]}},{"type":"Feature","properties":{"n":"美和路一段","k":5},"geometry":{"type":"LineString","coordinates":[[121.77087,24.65562],[121.77123,24.65167],[121.77196,24.64741],[121.77186,24.64699],[121.77211,24.64651],[121.77334,24.63896],[121.77331,24.63638]]}},{"type":"Feature","properties":{"n":"寶圳路","k":5},"geometry":{"type":"LineString","coordinates":[[121.76701,24.64291],[121.77071,24.64341],[121.77097,24.64338],[121.77111,24.64347],[121.77258,24.64368]]}},{"type":"Feature","properties":{"n":"寶賢路","k":5},"geometry":{"type":"LineString","coordinates":[[121.77289,24.6418],[121.77251,24.64182],[121.77236,24.64172],[121.7676,24.64107]]}},{"type":"Feature","properties":{"n":"美和路一段278巷","k":5},"geometry":{"type":"LineString","coordinates":[[121.77923,24.64267],[121.77289,24.6418]]}},{"type":"Feature","properties":{"n":"寶成路","k":5},"geometry":{"type":"LineString","coordinates":[[121.77333,24.63802],[121.76995,24.63754]]}},{"type":"Feature","properties":{"n":"寶建路","k":5},"geometry":{"type":"LineString","coordinates":[[121.77476,24.63447],[121.77418,24.63453],[121.77404,24.6346],[121.77275,24.63562],[121.77217,24.63626],[121.77163,24.6365]]}},{"type":"Feature","properties":{"n":"寶和路55巷","k":5},"geometry":{"type":"LineString","coordinates":[[121.77076,24.63487],[121.77138,24.63465],[121.77238,24.63413],[121.7723,24.63392],[121.77233,24.63375],[121.77279,24.63337],[121.77313,24.63334],[121.77329,24.63319],[121.77317,24.63296],[121.77316,24.63258]]}},{"type":"Feature","properties":{"n":"義成路一段775巷","k":5},"geometry":{"type":"LineString","coordinates":[[121.76819,24.63924],[121.76597,24.63893]]}},{"type":"Feature","properties":{"n":"港尾橋","k":5},"geometry":{"type":"LineString","coordinates":[[121.76703,24.64248],[121.76677,24.64236]]}},{"type":"Feature","properties":{"n":"永和路523巷","k":5},"geometry":{"type":"LineString","coordinates":[[121.77258,24.64368],[121.77705,24.64427],[121.77721,24.64446],[121.77754,24.64435],[121.77826,24.64444],[121.77871,24.64442],[121.77893,24.64453]]}},{"type":"Feature","properties":{"n":"楓橋路","k":5},"geometry":{"type":"LineString","coordinates":[[121.78186,24.63347],[121.7824,24.63589],[121.78155,24.64124]]}},{"type":"Feature","properties":{"n":"八甲路72巷","k":5},"geometry":{"type":"LineString","coordinates":[[121.78382,24.63221],[121.7839,24.63245],[121.78328,24.63248],[121.78322,24.63258]]}},{"type":"Feature","properties":{"n":"義成橋","k":4},"geometry":{"type":"LineString","coordinates":[[121.78434,24.63536],[121.78535,24.63508]]}},{"type":"Feature","properties":{"n":"里仁橋","k":5},"geometry":{"type":"LineString","coordinates":[[121.78387,24.6322],[121.7841,24.63216]]}},{"type":"Feature","properties":{"n":"大安路178巷","k":5},"geometry":{"type":"LineString","coordinates":[[121.78498,24.63231],[121.7852,24.63184]]}},{"type":"Feature","properties":{"n":"冬山路","k":4},"geometry":{"type":"LineString","coordinates":[[121.78791,24.63496],[121.78811,24.63507]]}},{"type":"Feature","properties":{"n":"冬山路","k":4},"geometry":{"type":"LineString","coordinates":[[121.79584,24.63176],[121.79573,24.63194],[121.79533,24.63224],[121.79308,24.63386],[121.79232,24.63435],[121.79099,24.63455],[121.78842,24.63527],[121.78829,24.63519]]}},{"type":"Feature","properties":{"n":"冬山路","k":4},"geometry":{"type":"LineString","coordinates":[[121.79704,24.63135],[121.79627,24.63166],[121.79584,24.63176]]}},{"type":"Feature","properties":{"n":"冬山路","k":4},"geometry":{"type":"LineString","coordinates":[[121.79584,24.63176],[121.79575,24.63164]]}},{"type":"Feature","properties":{"n":"成興路","k":4},"geometry":{"type":"LineString","coordinates":[[121.79166,24.63318],[121.79223,24.63426],[121.7938,24.63541],[121.80127,24.63999],[121.802,24.64039],[121.80314,24.64075],[121.81384,24.64364]]}},{"type":"Feature","properties":{"n":"成興路","k":4},"geometry":{"type":"LineString","coordinates":[[121.81413,24.64372],[121.81794,24.64488]]}},{"type":"Feature","properties":{"n":"冬山路","k":5},"geometry":{"type":"LineString","coordinates":[[121.78842,24.63527],[121.78814,24.63544],[121.78785,24.63574]]}},{"type":"Feature","properties":{"n":"冬山路","k":5},"geometry":{"type":"LineString","coordinates":[[121.78763,24.63594],[121.78737,24.63619]]}},{"type":"Feature","properties":{"n":"中正路52巷","k":5},"geometry":{"type":"LineString","coordinates":[[121.79048,24.63528],[121.78943,24.63559]]}},{"type":"Feature","properties":{"n":"冬山路264巷","k":5},"geometry":{"type":"LineString","coordinates":[[121.78943,24.63559],[121.78857,24.63583],[121.78842,24.63527]]}},{"type":"Feature","properties":{"n":"南興路63巷","k":5},"geometry":{"type":"LineString","coordinates":[[121.79065,24.63406],[121.79188,24.63366]]}},{"type":"Feature","properties":{"n":"冬山路二段","k":2},"geometry":{"type":"LineString","coordinates":[[121.78695,24.63868],[121.78714,24.63687],[121.78739,24.63561],[121.7876,24.63525],[121.78838,24.63457]]}},{"type":"Feature","properties":{"n":"冬山路二段","k":2},"geometry":{"type":"LineString","coordinates":[[121.78846,24.63468],[121.78783,24.63518],[121.78763,24.63541],[121.7875,24.63565],[121.78727,24.63675],[121.78708,24.6387]]}},{"type":"Feature","properties":{"n":"冬山路二段","k":2},"geometry":{"type":"LineString","coordinates":[[121.78632,24.64431],[121.78166,24.65293]]}},{"type":"Feature","properties":{"n":"冬山路二段","k":2},"geometry":{"type":"LineString","coordinates":[[121.78156,24.65279],[121.7862,24.64428]]}},{"type":"Feature","properties":{"n":"冬山路二段","k":2},"geometry":{"type":"LineString","coordinates":[[121.78701,24.63968],[121.78678,24.64207]]}},{"type":"Feature","properties":{"n":"冬山路二段","k":2},"geometry":{"type":"LineString","coordinates":[[121.78664,24.64214],[121.78685,24.63968]]}},{"type":"Feature","properties":{"n":"冬山路二段","k":2},"geometry":{"type":"LineString","coordinates":[[121.78632,24.644],[121.78654,24.64328],[121.78662,24.64236]]}},{"type":"Feature","properties":{"n":"冬山路二段","k":2},"geometry":{"type":"LineString","coordinates":[[121.78676,24.64234],[121.78664,24.64341],[121.78644,24.64404]]}},{"type":"Feature","properties":{"n":"冬瓜山橋","k":4},"geometry":{"type":"LineString","coordinates":[[121.78829,24.63519],[121.78811,24.63507]]}},{"type":"Feature","properties":{"n":"冬山橋","k":5},"geometry":{"type":"LineString","coordinates":[[121.78785,24.63574],[121.78763,24.63594]]}},{"type":"Feature","properties":{"n":"安平橋","k":4},"geometry":{"type":"LineString","coordinates":[[121.7888,24.6342],[121.78866,24.63397]]}},{"type":"Feature","properties":{"n":"義成路一段75巷","k":5},"geometry":{"type":"LineString","coordinates":[[121.78589,24.63492],[121.78582,24.63459],[121.78592,24.63443],[121.78568,24.63334]]}},{"type":"Feature","properties":{"n":"新冬山橋","k":2},"geometry":{"type":"LineString","coordinates":[[121.7887,24.6345],[121.78846,24.63468]]}},{"type":"Feature","properties":{"n":"新冬山橋","k":2},"geometry":{"type":"LineString","coordinates":[[121.78838,24.63457],[121.78866,24.63438]]}},{"type":"Feature","properties":{"n":"南興路78巷","k":5},"geometry":{"type":"LineString","coordinates":[[121.78993,24.63429],[121.79065,24.63406]]}},{"type":"Feature","properties":{"n":"富農路一段229巷","k":5},"geometry":{"type":"LineString","coordinates":[[121.79476,24.63984],[121.79308,24.64014],[121.79255,24.64046],[121.7922,24.64013],[121.79073,24.64105],[121.79083,24.64206],[121.79117,24.64266]]}},{"type":"Feature","properties":{"n":"幸福一路","k":4},"geometry":{"type":"LineString","coordinates":[[121.78687,24.6448],[121.78568,24.64709],[121.78314,24.65164],[121.78263,24.65264],[121.78271,24.65307],[121.78268,24.65322],[121.78256,24.65342]]}},{"type":"Feature","properties":{"n":"富農路一段383巷","k":5},"geometry":{"type":"LineString","coordinates":[[121.7929,24.6457],[121.79179,24.64367],[121.79391,24.6433],[121.79408,24.6433],[121.79479,24.64362],[121.79557,24.64353]]}},{"type":"Feature","properties":{"n":"富農路一段323巷","k":5},"geometry":{"type":"LineString","coordinates":[[121.79528,24.64217],[121.794,24.64229],[121.7936,24.64225],[121.79117,24.64266]]}},{"type":"Feature","properties":{"n":"冬山路二段337巷","k":5},"geometry":{"type":"LineString","coordinates":[[121.78646,24.64364],[121.77923,24.64267]]}},{"type":"Feature","properties":{"n":"中華路","k":5},"geometry":{"type":"LineString","coordinates":[[121.79195,24.63622],[121.7932,24.63498]]}},{"type":"Feature","properties":{"n":"中華路","k":5},"geometry":{"type":"LineString","coordinates":[[121.76987,24.68675],[121.7675,24.67976],[121.76595,24.67481]]}},{"type":"Feature","properties":{"n":"中華路","k":5},"geometry":{"type":"LineString","coordinates":[[121.75112,24.75191],[121.75198,24.75169],[121.75207,24.7516],[121.75491,24.74415]]}},{"type":"Feature","properties":{"n":"冬山路二段29巷","k":5},"geometry":{"type":"LineString","coordinates":[[121.78791,24.63496],[121.78746,24.63395],[121.78655,24.63316],[121.78575,24.6331],[121.78544,24.6333],[121.78448,24.6334]]}},{"type":"Feature","properties":{"n":"冬山路二段189巷","k":5},"geometry":{"type":"LineString","coordinates":[[121.78684,24.63987],[121.78455,24.63955],[121.78439,24.63938],[121.78404,24.63948],[121.77985,24.6389]]}},{"type":"Feature","properties":{"n":"冬山河橋","k":2},"geometry":{"type":"LineString","coordinates":[[121.78685,24.63968],[121.78695,24.63868]]}},{"type":"Feature","properties":{"n":"冬山河橋","k":2},"geometry":{"type":"LineString","coordinates":[[121.78708,24.6387],[121.78701,24.63968]]}},{"type":"Feature","properties":{"n":"泰和橋","k":2},"geometry":{"type":"LineString","coordinates":[[121.78678,24.64207],[121.78676,24.64234]]}},{"type":"Feature","properties":{"n":"泰和橋","k":2},"geometry":{"type":"LineString","coordinates":[[121.78662,24.64236],[121.78664,24.64214]]}},{"type":"Feature","properties":{"n":"楓橋","k":2},"geometry":{"type":"LineString","coordinates":[[121.7862,24.64428],[121.78632,24.644]]}},{"type":"Feature","properties":{"n":"楓橋","k":2},"geometry":{"type":"LineString","coordinates":[[121.78644,24.64404],[121.78632,24.64431]]}},{"type":"Feature","properties":{"n":"二塹路173巷","k":5},"geometry":{"type":"LineString","coordinates":[[121.77863,24.65119],[121.77866,24.65101],[121.77878,24.65099],[121.77878,24.65072]]}},{"type":"Feature","properties":{"n":"富英路","k":4},"geometry":{"type":"LineString","coordinates":[[121.78256,24.65342],[121.78233,24.65405],[121.78108,24.65659],[121.78089,24.65689],[121.78026,24.65725],[121.7787,24.66001],[121.77775,24.66183],[121.77744,24.66285],[121.77668,24.66646]]}},{"type":"Feature","properties":{"n":"美和路二段","k":5},"geometry":{"type":"LineString","coordinates":[[121.77036,24.66567],[121.77084,24.66079],[121.7708,24.65665],[121.77087,24.65562]]}},{"type":"Feature","properties":{"n":"冬山路三段","k":2},"geometry":{"type":"LineString","coordinates":[[121.7729,24.66698],[121.77508,24.66283],[121.77618,24.66093],[121.77847,24.65717],[121.78087,24.65394],[121.78122,24.65344],[121.78144,24.653]]}},{"type":"Feature","properties":{"n":"冬山路三段","k":2},"geometry":{"type":"LineString","coordinates":[[121.7816,24.65304],[121.78127,24.65358],[121.77859,24.65726],[121.77792,24.65831],[121.77585,24.66172],[121.77501,24.66322],[121.77366,24.66578],[121.77301,24.66711]]}},{"type":"Feature","properties":{"n":"冬山路三段153巷","k":5},"geometry":{"type":"LineString","coordinates":[[121.7748,24.656],[121.77888,24.65598],[121.77919,24.65622]]}},{"type":"Feature","properties":{"n":"冬山路三段181巷","k":5},"geometry":{"type":"LineString","coordinates":[[121.7786,24.65725],[121.77809,24.65694],[121.77229,24.65696]]}},{"type":"Feature","properties":{"n":"永美路","k":5},"geometry":{"type":"LineString","coordinates":[[121.77119,24.65213],[121.77266,24.65238],[121.77336,24.65241],[121.779,24.65316],[121.77912,24.65305],[121.77935,24.65309],[121.77955,24.65324],[121.78122,24.65344]]}},{"type":"Feature","properties":{"n":"二塹路","k":5},"geometry":{"type":"LineString","coordinates":[[121.7713,24.65122],[121.77363,24.65109],[121.77591,24.65123],[121.77661,24.65097],[121.77946,24.6513],[121.7797,24.65141],[121.77987,24.65138],[121.78216,24.65167]]}},{"type":"Feature","properties":{"n":"美和路一段944巷","k":5},"geometry":{"type":"LineString","coordinates":[[121.77373,24.65437],[121.77258,24.65422],[121.77246,24.65439],[121.77206,24.65425],[121.77197,24.65414],[121.77101,24.65402]]}},{"type":"Feature","properties":{"n":"永興路一段259巷","k":5},"geometry":{"type":"LineString","coordinates":[[121.76842,24.6552],[121.76852,24.65449]]}},{"type":"Feature","properties":{"n":"永興路一段260巷","k":5},"geometry":{"type":"LineString","coordinates":[[121.7696,24.6554],[121.76948,24.65592]]}},{"type":"Feature","properties":{"n":"永興路一段336巷","k":5},"geometry":{"type":"LineString","coordinates":[[121.76777,24.65509],[121.76775,24.6554]]}},{"type":"Feature","properties":{"n":"永興路一段336巷","k":5},"geometry":{"type":"LineString","coordinates":[[121.76775,24.65546],[121.76773,24.65578]]}},{"type":"Feature","properties":{"n":"永興路一段294巷","k":5},"geometry":{"type":"LineString","coordinates":[[121.76872,24.65525],[121.76866,24.6557]]}},{"type":"Feature","properties":{"n":"永興路一段294巷","k":5},"geometry":{"type":"LineString","coordinates":[[121.76866,24.65574],[121.76863,24.6562]]}},{"type":"Feature","properties":{"n":"永興路一段356巷","k":5},"geometry":{"type":"LineString","coordinates":[[121.76737,24.65535],[121.76737,24.65578]]}},{"type":"Feature","properties":{"n":"永興路一段356巷","k":5},"geometry":{"type":"LineString","coordinates":[[121.7673,24.65501],[121.76731,24.6553]]}},{"type":"Feature","properties":{"n":"美和路二段46巷","k":5},"geometry":{"type":"LineString","coordinates":[[121.77219,24.65701],[121.77178,24.65718],[121.77126,24.65698],[121.77081,24.65698]]}},{"type":"Feature","properties":{"n":"美和路二段57巷","k":5},"geometry":{"type":"LineString","coordinates":[[121.77081,24.65698],[121.77025,24.65698],[121.76968,24.65675],[121.76912,24.65699],[121.76847,24.657]]}},{"type":"Feature","properties":{"n":"永興路一段301巷","k":5},"geometry":{"type":"LineString","coordinates":[[121.76751,24.65415],[121.76739,24.65487],[121.7673,24.65501]]}},{"type":"Feature","properties":{"n":"永興路一段69巷23弄","k":5},"geometry":{"type":"LineString","coordinates":[[121.77575,24.65464],[121.77591,24.65369]]}},{"type":"Feature","properties":{"n":"冬山路三段301巷79弄","k":5},"geometry":{"type":"LineString","coordinates":[[121.77477,24.65787],[121.77558,24.65786]]}},{"type":"Feature","properties":{"n":"冬山路三段181巷230弄","k":5},"geometry":{"type":"LineString","coordinates":[[121.77477,24.65741],[121.77557,24.6574]]}},{"type":"Feature","properties":{"n":"永興路一段69巷63弄","k":5},"geometry":{"type":"LineString","coordinates":[[121.77373,24.65437],[121.77383,24.65372]]}},{"type":"Feature","properties":{"n":"永興路一段69巷","k":5},"geometry":{"type":"LineString","coordinates":[[121.77647,24.65492],[121.7764,24.65476],[121.77629,24.65471],[121.77373,24.65437]]}},{"type":"Feature","properties":{"n":"永美路226巷","k":5},"geometry":{"type":"LineString","coordinates":[[121.77591,24.65369],[121.77606,24.65277]]}},{"type":"Feature","properties":{"n":"冬山路三段181巷238弄","k":5},"geometry":{"type":"LineString","coordinates":[[121.77256,24.65745],[121.77388,24.65742]]}},{"type":"Feature","properties":{"n":"冬山路三段181巷223弄","k":5},"geometry":{"type":"LineString","coordinates":[[121.77388,24.65742],[121.77477,24.65741]]}},{"type":"Feature","properties":{"n":"冬山路三段181巷188弄","k":5},"geometry":{"type":"LineString","coordinates":[[121.77557,24.6574],[121.77643,24.65741]]}},{"type":"Feature","properties":{"n":"冬山路三段181巷190弄","k":5},"geometry":{"type":"LineString","coordinates":[[121.77558,24.65786],[121.77644,24.65785]]}},{"type":"Feature","properties":{"n":"吉祥路112巷","k":5},"geometry":{"type":"LineString","coordinates":[[121.78065,24.64859],[121.78053,24.64952]]}},{"type":"Feature","properties":{"n":"珍珠三路","k":5},"geometry":{"type":"LineString","coordinates":[[121.7839,24.6497],[121.78348,24.64958]]}},{"type":"Feature","properties":{"n":"珍珠三路","k":5},"geometry":{"type":"LineString","coordinates":[[121.78419,24.64976],[121.78452,24.64991],[121.78523,24.64969],[121.78789,24.64947],[121.78854,24.64919],[121.7891,24.64906],[121.78932,24.64918],[121.79313,24.64887]]}},{"type":"Feature","properties":{"n":"珍珠五路","k":5},"geometry":{"type":"LineString","coordinates":[[121.78568,24.64709],[121.78608,24.64728],[121.7917,24.64682],[121.79196,24.64672],[121.79182,24.64632],[121.79186,24.64623]]}},{"type":"Feature","properties":{"n":"幸福六路","k":5},"geometry":{"type":"LineString","coordinates":[[121.7919,24.64678],[121.79121,24.64559],[121.79061,24.64511],[121.79013,24.64519],[121.79006,24.6454],[121.78949,24.6455],[121.78921,24.64507],[121.7892,24.64484],[121.78764,24.64496]]}},{"type":"Feature","properties":{"n":"珍珠二路","k":5},"geometry":{"type":"LineString","coordinates":[[121.78314,24.65164],[121.78358,24.65182],[121.79431,24.65095]]}},{"type":"Feature","properties":{"n":"富英三路","k":5},"geometry":{"type":"LineString","coordinates":[[121.78593,24.66358],[121.78523,24.65606]]}},{"type":"Feature","properties":{"n":"富英三路","k":5},"geometry":{"type":"LineString","coordinates":[[121.78578,24.66469],[121.78597,24.66411],[121.78594,24.66374]]}},{"type":"Feature","properties":{"n":"幸福三路","k":5},"geometry":{"type":"LineString","coordinates":[[121.79016,24.6658],[121.78919,24.66352],[121.78875,24.65829],[121.78846,24.65581],[121.78784,24.64899],[121.7881,24.64863],[121.78764,24.64496]]}},{"type":"Feature","properties":{"n":"八仙五路","k":5},"geometry":{"type":"LineString","coordinates":[[121.78846,24.65581],[121.78303,24.65623],[121.78132,24.65615]]}},{"type":"Feature","properties":{"n":"武罕一路","k":5},"geometry":{"type":"LineString","coordinates":[[121.79673,24.6551],[121.79653,24.65516],[121.78846,24.65581]]}},{"type":"Feature","properties":{"n":"武罕二路","k":5},"geometry":{"type":"LineString","coordinates":[[121.78871,24.65794],[121.79112,24.65776],[121.79141,24.65757],[121.79178,24.6575],[121.79272,24.65762],[121.79523,24.65742],[121.79551,24.65762],[121.79836,24.65734]]}},{"type":"Feature","properties":{"n":"宜冬橋","k":5},"geometry":{"type":"LineString","coordinates":[[121.79276,24.6458],[121.79186,24.64623]]}},{"type":"Feature","properties":{"n":"砂港二號橋","k":4},"geometry":{"type":"LineString","coordinates":[[121.78375,24.65401],[121.78407,24.65404],[121.78441,24.65394],[121.79556,24.65302]]}},{"type":"Feature","properties":{"n":"幸福二路","k":5},"geometry":{"type":"LineString","coordinates":[[121.78523,24.65606],[121.78499,24.65389],[121.78467,24.64988]]}},{"type":"Feature","properties":{"n":"幸福五路","k":5},"geometry":{"type":"LineString","coordinates":[[121.7917,24.64682],[121.79311,24.66194],[121.79378,24.66277],[121.79381,24.66301],[121.79394,24.6632],[121.79398,24.66352]]}},{"type":"Feature","properties":{"n":"珍珠一路","k":4},"geometry":{"type":"LineString","coordinates":[[121.78339,24.65399],[121.78233,24.65405],[121.78166,24.65382],[121.78127,24.65358],[121.78122,24.65344]]}},{"type":"Feature","properties":{"n":"武罕橋","k":2},"geometry":{"type":"LineString","coordinates":[[121.78144,24.653],[121.78156,24.65279]]}},{"type":"Feature","properties":{"n":"武罕橋","k":2},"geometry":{"type":"LineString","coordinates":[[121.78166,24.65293],[121.7816,24.65304]]}},{"type":"Feature","properties":{"n":"照安一路","k":5},"geometry":{"type":"LineString","coordinates":[[121.79495,24.62289],[121.7938,24.61908],[121.7936,24.61769],[121.79362,24.61676],[121.79354,24.61571],[121.79363,24.61535],[121.79395,24.61516],[121.7944,24.61513],[121.79451,24.61492],[121.79468,24.614],[121.79456,24.61147],[121.79426,24.61099],[121.79423,24.61077],[121.79425,24.61058],[121.79459,24.60995],[121.79463,24.60963],[121.79455,24.60953],[121.79414,24.60933],[121.79416,24.60909]]}},{"type":"Feature","properties":{"n":"照安一路","k":5},"geometry":{"type":"LineString","coordinates":[[121.79514,24.62332],[121.79502,24.62306]]}},{"type":"Feature","properties":{"n":"照安二路","k":5},"geometry":{"type":"LineString","coordinates":[[121.79514,24.62332],[121.7951,24.62255],[121.79423,24.61929],[121.79429,24.61889],[121.79472,24.61798],[121.79479,24.61759],[121.7945,24.61633],[121.79449,24.61594],[121.79493,24.61394],[121.795,24.61332],[121.79483,24.61262],[121.79478,24.61124],[121.7948,24.61106],[121.79492,24.61086],[121.79578,24.61074],[121.79616,24.61098]]}},{"type":"Feature","properties":{"n":"佛光路","k":5},"geometry":{"type":"LineString","coordinates":[[121.8028,24.61587],[121.80299,24.61578],[121.80321,24.6158],[121.8031,24.61695],[121.80333,24.61762],[121.80336,24.61791],[121.80298,24.61915],[121.8028,24.62041],[121.80305,24.62142],[121.80314,24.62158],[121.80446,24.62264]]}},{"type":"Feature","properties":{"n":"利工一路二段","k":5},"geometry":{"type":"LineString","coordinates":[[121.83858,24.64355],[121.83726,24.64683],[121.83601,24.65019],[121.83323,24.65806],[121.8314,24.66376],[121.8314,24.66347],[121.83157,24.66284],[121.83311,24.65804],[121.8383,24.64347]]}},{"type":"Feature","properties":{"n":"利工二路","k":5},"geometry":{"type":"LineString","coordinates":[[121.84071,24.64394],[121.83814,24.65084],[121.8354,24.65859],[121.83459,24.66107],[121.83441,24.66123],[121.83413,24.66125],[121.83223,24.6608]]}},{"type":"Feature","properties":{"n":"自強路","k":5},"geometry":{"type":"LineString","coordinates":[[121.80741,24.63112],[121.80964,24.63172],[121.82575,24.63284],[121.83057,24.63397],[121.83092,24.63403],[121.83197,24.63396]]}},{"type":"Feature","properties":{"n":"自強路","k":5},"geometry":{"type":"LineString","coordinates":[[121.79513,24.68438],[121.79542,24.68318],[121.79548,24.68314],[121.79858,24.68367]]}},{"type":"Feature","properties":{"n":"自強路","k":5},"geometry":{"type":"LineString","coordinates":[[121.74748,24.743],[121.75054,24.7428],[121.75592,24.74448]]}},{"type":"Feature","properties":{"n":"利工三路","k":5},"geometry":{"type":"LineString","coordinates":[[121.8354,24.66781],[121.83732,24.65907],[121.83929,24.65095],[121.84021,24.64796],[121.84281,24.64105],[121.84281,24.64087],[121.8427,24.64079],[121.84091,24.64027]]}},{"type":"Feature","properties":{"n":"明德橋","k":5},"geometry":{"type":"LineString","coordinates":[[121.81811,24.60595],[121.81809,24.6061]]}},{"type":"Feature","properties":{"n":"東福路","k":4},"geometry":{"type":"LineString","coordinates":[[121.80729,24.62522],[121.80773,24.62434],[121.80964,24.61975],[121.80984,24.61915],[121.81014,24.61772],[121.81031,24.61729],[121.81093,24.61641],[121.81104,24.61617],[121.81103,24.61565]]}},{"type":"Feature","properties":{"n":"武荖坑橋","k":2},"geometry":{"type":"LineString","coordinates":[[121.81252,24.61528],[121.81173,24.61552]]}},{"type":"Feature","properties":{"n":"武荖坑橋","k":2},"geometry":{"type":"LineString","coordinates":[[121.81169,24.6154],[121.81251,24.61517]]}},{"type":"Feature","properties":{"n":"冬山路一段37巷","k":5},"geometry":{"type":"LineString","coordinates":[[121.81103,24.61565],[121.81101,24.61491],[121.81093,24.61492],[121.8106,24.61469]]}},{"type":"Feature","properties":{"n":"冬山路一段37巷","k":5},"geometry":{"type":"LineString","coordinates":[[121.81101,24.61491],[121.811,24.61482],[121.81055,24.61453],[121.81052,24.61444],[121.81066,24.61443],[121.8111,24.61454],[121.81121,24.61462],[121.81133,24.6149]]}},{"type":"Feature","properties":{"n":"冬山路一段37巷","k":5},"geometry":{"type":"LineString","coordinates":[[121.81052,24.61444],[121.80961,24.61437],[121.80901,24.61408],[121.80897,24.61392],[121.80942,24.61345],[121.80974,24.6129],[121.80971,24.61254],[121.80979,24.61242],[121.80969,24.6123],[121.80947,24.61227],[121.80919,24.6124]]}},{"type":"Feature","properties":{"n":"冬山路一段37巷1弄","k":5},"geometry":{"type":"LineString","coordinates":[[121.81103,24.61519],[121.81014,24.61582]]}},{"type":"Feature","properties":{"n":"冬山路一段81巷","k":5},"geometry":{"type":"LineString","coordinates":[[121.80802,24.61343],[121.80791,24.61379],[121.80745,24.61394],[121.80713,24.61387],[121.80707,24.61402],[121.80768,24.61432],[121.80843,24.61452],[121.8094,24.61501],[121.80989,24.61559],[121.81006,24.61628]]}},{"type":"Feature","properties":{"n":"冬山路一段37巷9弄","k":5},"geometry":{"type":"LineString","coordinates":[[121.8106,24.61469],[121.81015,24.61467],[121.80955,24.61505]]}},{"type":"Feature","properties":{"n":"冬山路一段37巷7弄","k":5},"geometry":{"type":"LineString","coordinates":[[121.8106,24.61469],[121.80977,24.61527]]}},{"type":"Feature","properties":{"n":"照安一路52巷","k":5},"geometry":{"type":"LineString","coordinates":[[121.79483,24.62256],[121.79399,24.62261]]}},{"type":"Feature","properties":{"n":"照安路","k":5},"geometry":{"type":"LineString","coordinates":[[121.79365,24.63244],[121.79323,24.63086],[121.79529,24.62398],[121.79514,24.62332]]}},{"type":"Feature","properties":{"n":"照安宮橋","k":5},"geometry":{"type":"LineString","coordinates":[[121.79502,24.62306],[121.79495,24.62289]]}},{"type":"Feature","properties":{"n":"內城路","k":5},"geometry":{"type":"LineString","coordinates":[[121.80321,24.62409],[121.80283,24.62405],[121.8014,24.62419],[121.80063,24.62416],[121.79967,24.62433]]}},{"type":"Feature","properties":{"n":"內城路","k":5},"geometry":{"type":"LineString","coordinates":[[121.79957,24.62433],[121.79907,24.62431]]}},{"type":"Feature","properties":{"n":"慈惠路","k":5},"geometry":{"type":"LineString","coordinates":[[121.80305,24.62138],[121.80282,24.62143],[121.80225,24.62188],[121.80219,24.62222],[121.80211,24.62233],[121.7997,24.62267],[121.79937,24.62279],[121.79891,24.62279]]}},{"type":"Feature","properties":{"n":"慈惠路","k":5},"geometry":{"type":"LineString","coordinates":[[121.72528,24.7445],[121.72749,24.74471],[121.7279,24.74489],[121.72861,24.7458],[121.72906,24.7465],[121.7292,24.74683]]}},{"type":"Feature","properties":{"n":"內城橋","k":5},"geometry":{"type":"LineString","coordinates":[[121.79967,24.62433],[121.79957,24.62433]]}},{"type":"Feature","properties":{"n":"香和路","k":5},"geometry":{"type":"LineString","coordinates":[[121.79559,24.62785],[121.79598,24.62666],[121.79642,24.62607],[121.79724,24.62523],[121.79934,24.62654],[121.79636,24.62997],[121.79577,24.63023],[121.7949,24.63027]]}},{"type":"Feature","properties":{"n":"東城路","k":5},"geometry":{"type":"LineString","coordinates":[[121.80327,24.62384],[121.80336,24.62392],[121.80567,24.63018]]}},{"type":"Feature","properties":{"n":"東城路","k":5},"geometry":{"type":"LineString","coordinates":[[121.80569,24.63021],[121.80583,24.63036],[121.80732,24.62916]]}},{"type":"Feature","properties":{"n":"香城路","k":5},"geometry":{"type":"LineString","coordinates":[[121.80351,24.632],[121.80229,24.63386]]}},{"type":"Feature","properties":{"n":"香城路","k":5},"geometry":{"type":"LineString","coordinates":[[121.80583,24.63036],[121.80597,24.63051],[121.806,24.6307],[121.80599,24.63093],[121.80591,24.63107],[121.80509,24.63136],[121.80478,24.63157],[121.80427,24.63177],[121.80276,24.6322],[121.80243,24.63224],[121.80223,24.63238],[121.80213,24.63262],[121.80229,24.63386],[121.79966,24.63781],[121.79901,24.63827],[121.79884,24.6385]]}},{"type":"Feature","properties":{"n":"香中路","k":4},"geometry":{"type":"LineString","coordinates":[[121.80729,24.62522],[121.79939,24.63033],[121.79755,24.63116],[121.79742,24.63115],[121.79704,24.63135]]}},{"type":"Feature","properties":{"n":"慈愛路","k":5},"geometry":{"type":"LineString","coordinates":[[121.79594,24.63672],[121.80505,24.6286]]}},{"type":"Feature","properties":{"n":"香城路311巷2弄","k":5},"geometry":{"type":"LineString","coordinates":[[121.80657,24.63148],[121.80579,24.63147],[121.80516,24.6317]]}},{"type":"Feature","properties":{"n":"東城路251巷","k":5},"geometry":{"type":"LineString","coordinates":[[121.80583,24.63036],[121.8054,24.63071],[121.80541,24.63096],[121.805,24.63116]]}},{"type":"Feature","properties":{"n":"東城路251巷","k":5},"geometry":{"type":"LineString","coordinates":[[121.80569,24.63079],[121.80541,24.63096]]}},{"type":"Feature","properties":{"n":"香城路200巷","k":5},"geometry":{"type":"LineString","coordinates":[[121.80233,24.63195],[121.80126,24.6291]]}},{"type":"Feature","properties":{"n":"香城路200巷","k":5},"geometry":{"type":"LineString","coordinates":[[121.80242,24.63219],[121.80235,24.63199]]}},{"type":"Feature","properties":{"n":"和睦路","k":5},"geometry":{"type":"LineString","coordinates":[[121.79899,24.62631],[121.79891,24.62585],[121.79896,24.62529],[121.79877,24.62511],[121.79876,24.62499],[121.79909,24.62466],[121.79891,24.62279]]}},{"type":"Feature","properties":{"n":"和睦路","k":5},"geometry":{"type":"LineString","coordinates":[[121.75462,24.74986],[121.75787,24.75812],[121.75849,24.75906],[121.75959,24.76099],[121.76013,24.76255]]}},{"type":"Feature","properties":{"n":"和睦路184巷","k":5},"geometry":{"type":"LineString","coordinates":[[121.79892,24.62314],[121.79837,24.62309],[121.79815,24.6226]]}},{"type":"Feature","properties":{"n":"香城路240巷","k":5},"geometry":{"type":"LineString","coordinates":[[121.80349,24.63196],[121.80337,24.6316]]}},{"type":"Feature","properties":{"n":"香城路240巷","k":5},"geometry":{"type":"LineString","coordinates":[[121.80336,24.63156],[121.8032,24.63119],[121.80304,24.63137]]}},{"type":"Feature","properties":{"n":"香城路210巷","k":5},"geometry":{"type":"LineString","coordinates":[[121.80265,24.6319],[121.80258,24.63167],[121.80271,24.63163]]}},{"type":"Feature","properties":{"n":"香城路210巷","k":5},"geometry":{"type":"LineString","coordinates":[[121.80275,24.63217],[121.80266,24.63194]]}},{"type":"Feature","properties":{"n":"香和路145巷","k":5},"geometry":{"type":"LineString","coordinates":[[121.79845,24.62759],[121.79878,24.6283],[121.79864,24.62845]]}},{"type":"Feature","properties":{"n":"照安路58巷","k":5},"geometry":{"type":"LineString","coordinates":[[121.7935,24.62999],[121.79243,24.62973]]}},{"type":"Feature","properties":{"n":"冬山路一段821巷","k":5},"geometry":{"type":"LineString","coordinates":[[121.79642,24.63132],[121.79622,24.63056],[121.79634,24.6304],[121.79615,24.6301]]}},{"type":"Feature","properties":{"n":"香南路226巷","k":5},"geometry":{"type":"LineString","coordinates":[[121.79243,24.62775],[121.79287,24.62823]]}},{"type":"Feature","properties":{"n":"香南路98巷","k":5},"geometry":{"type":"LineString","coordinates":[[121.79615,24.62805],[121.79601,24.62831]]}},{"type":"Feature","properties":{"n":"照安路58巷41弄","k":5},"geometry":{"type":"LineString","coordinates":[[121.79223,24.62924],[121.79237,24.62875]]}},{"type":"Feature","properties":{"n":"照安路157巷1弄","k":5},"geometry":{"type":"LineString","coordinates":[[121.7944,24.62937],[121.79475,24.62829],[121.79542,24.62846]]}},{"type":"Feature","properties":{"n":"香南路179巷","k":5},"geometry":{"type":"LineString","coordinates":[[121.79361,24.62736],[121.79381,24.62643]]}},{"type":"Feature","properties":{"n":"照安路145巷","k":5},"geometry":{"type":"LineString","coordinates":[[121.79372,24.6292],[121.79486,24.62948]]}},{"type":"Feature","properties":{"n":"照安路28巷1弄","k":5},"geometry":{"type":"LineString","coordinates":[[121.79245,24.63076],[121.79277,24.62981]]}},{"type":"Feature","properties":{"n":"照安路58巷33弄","k":5},"geometry":{"type":"LineString","coordinates":[[121.79253,24.62975],[121.79246,24.62963],[121.79269,24.62884]]}},{"type":"Feature","properties":{"n":"照安路113巷","k":5},"geometry":{"type":"LineString","coordinates":[[121.79424,24.63148],[121.79418,24.63016]]}},{"type":"Feature","properties":{"n":"照安路113巷","k":5},"geometry":{"type":"LineString","coordinates":[[121.7949,24.63027],[121.79469,24.63027],[121.7935,24.62999]]}},{"type":"Feature","properties":{"n":"香南路180巷","k":5},"geometry":{"type":"LineString","coordinates":[[121.79361,24.62736],[121.7935,24.62791],[121.79291,24.62818],[121.79244,24.62877]]}},{"type":"Feature","properties":{"n":"香南路179巷26弄","k":5},"geometry":{"type":"LineString","coordinates":[[121.79374,24.62666],[121.79274,24.62685]]}},{"type":"Feature","properties":{"n":"照安路126巷","k":5},"geometry":{"type":"LineString","coordinates":[[121.79397,24.62836],[121.79348,24.62824]]}},{"type":"Feature","properties":{"n":"照安路146巷","k":5},"geometry":{"type":"LineString","coordinates":[[121.79408,24.62796],[121.79359,24.62784]]}},{"type":"Feature","properties":{"n":"香和路138巷","k":5},"geometry":{"type":"LineString","coordinates":[[121.79732,24.62754],[121.7983,24.62776]]}},{"type":"Feature","properties":{"n":"照安路106巷","k":5},"geometry":{"type":"LineString","coordinates":[[121.79382,24.62886],[121.79319,24.62871]]}},{"type":"Feature","properties":{"n":"照安路129巷","k":5},"geometry":{"type":"LineString","coordinates":[[121.79362,24.62957],[121.79399,24.62966]]}},{"type":"Feature","properties":{"n":"照安路113巷1弄","k":5},"geometry":{"type":"LineString","coordinates":[[121.79418,24.63016],[121.7944,24.62937]]}},{"type":"Feature","properties":{"n":"照安路28巷2弄","k":5},"geometry":{"type":"LineString","coordinates":[[121.79214,24.63071],[121.79243,24.62973]]}},{"type":"Feature","properties":{"n":"冬山路一段717巷1弄","k":5},"geometry":{"type":"LineString","coordinates":[[121.79806,24.62831],[121.79812,24.62829],[121.79863,24.62865]]}},{"type":"Feature","properties":{"n":"冬山路一段717巷","k":5},"geometry":{"type":"LineString","coordinates":[[121.79796,24.62815],[121.7985,24.6294]]}},{"type":"Feature","properties":{"n":"香南路58巷","k":5},"geometry":{"type":"LineString","coordinates":[[121.79701,24.6285],[121.79678,24.62883]]}},{"type":"Feature","properties":{"n":"照安路58巷25弄","k":5},"geometry":{"type":"LineString","coordinates":[[121.79277,24.62981],[121.79305,24.62892]]}},{"type":"Feature","properties":{"n":"照安路33巷","k":5},"geometry":{"type":"LineString","coordinates":[[121.79343,24.63168],[121.79489,24.63132],[121.79494,24.63126],[121.79491,24.63084]]}},{"type":"Feature","properties":{"n":"照安路113巷3弄","k":5},"geometry":{"type":"LineString","coordinates":[[121.79491,24.63084],[121.7949,24.63027]]}},{"type":"Feature","properties":{"n":"照安路113巷2弄","k":5},"geometry":{"type":"LineString","coordinates":[[121.7949,24.63027],[121.79534,24.62875]]}},{"type":"Feature","properties":{"n":"香南路118巷","k":5},"geometry":{"type":"LineString","coordinates":[[121.79534,24.62875],[121.79559,24.62785]]}},{"type":"Feature","properties":{"n":"香中路182巷","k":5},"geometry":{"type":"LineString","coordinates":[[121.80263,24.62823],[121.8021,24.62766]]}},{"type":"Feature","properties":{"n":"香中路232巷","k":5},"geometry":{"type":"LineString","coordinates":[[121.80274,24.62645],[121.80228,24.62678],[121.80322,24.62786]]}},{"type":"Feature","properties":{"n":"香中路152巷","k":5},"geometry":{"type":"LineString","coordinates":[[121.80209,24.62859],[121.80145,24.62789]]}},{"type":"Feature","properties":{"n":"香中路162巷","k":5},"geometry":{"type":"LineString","coordinates":[[121.80229,24.62846],[121.80177,24.62788]]}},{"type":"Feature","properties":{"n":"大興路","k":5},"geometry":{"type":"LineString","coordinates":[[121.81036,24.62325],[121.81059,24.62412],[121.81095,24.62474],[121.81096,24.62489],[121.81126,24.62556],[121.81125,24.6258],[121.8109,24.62637],[121.81072,24.62655],[121.80981,24.62718]]}},{"type":"Feature","properties":{"n":"大興路","k":5},"geometry":{"type":"LineString","coordinates":[[121.80937,24.6275],[121.80832,24.62822],[121.80788,24.62874],[121.80732,24.62916]]}},{"type":"Feature","properties":{"n":"三興路","k":5},"geometry":{"type":"LineString","coordinates":[[121.80894,24.63016],[121.80705,24.63588],[121.80708,24.63629],[121.80688,24.6365],[121.80529,24.64131]]}},{"type":"Feature","properties":{"n":"福興路","k":4},"geometry":{"type":"LineString","coordinates":[[121.81012,24.63414],[121.81089,24.63179],[121.81045,24.6306]]}},{"type":"Feature","properties":{"n":"德興一路","k":5},"geometry":{"type":"LineString","coordinates":[[121.81023,24.62324],[121.81326,24.62374],[121.82031,24.62421],[121.82058,24.62425],[121.8208,24.62437],[121.82789,24.63225],[121.82807,24.63257],[121.82816,24.63341]]}},{"type":"Feature","properties":{"n":"龍祥八路","k":5},"geometry":{"type":"LineString","coordinates":[[121.81835,24.62407],[121.81741,24.6349]]}},{"type":"Feature","properties":{"n":"龍祥十路","k":5},"geometry":{"type":"LineString","coordinates":[[121.81326,24.62374],[121.81272,24.63048],[121.81336,24.6347],[121.81326,24.63587]]}},{"type":"Feature","properties":{"n":"德興五路","k":5},"geometry":{"type":"LineString","coordinates":[[121.81788,24.62935],[121.82297,24.62971],[121.82571,24.62984]]}},{"type":"Feature","properties":{"n":"德興二路","k":5},"geometry":{"type":"LineString","coordinates":[[121.81825,24.62527],[121.82147,24.62549],[121.82175,24.62543]]}},{"type":"Feature","properties":{"n":"德興四路","k":5},"geometry":{"type":"LineString","coordinates":[[121.81803,24.62799],[121.82309,24.62838]]}},{"type":"Feature","properties":{"n":"德興三路","k":5},"geometry":{"type":"LineString","coordinates":[[121.81814,24.62644],[121.82266,24.62675],[121.8229,24.6267]]}},{"type":"Feature","properties":{"n":"廟前路","k":4},"geometry":{"type":"LineString","coordinates":[[121.80822,24.62317],[121.80865,24.62437],[121.80981,24.62718]]}},{"type":"Feature","properties":{"n":"德興六路","k":5},"geometry":{"type":"LineString","coordinates":[[121.8178,24.63071],[121.82703,24.63135]]}},{"type":"Feature","properties":{"n":"香中路","k":5},"geometry":{"type":"LineString","coordinates":[[121.81023,24.62324],[121.80997,24.62353],[121.80729,24.62522]]}},{"type":"Feature","properties":{"n":"振安路32巷","k":5},"geometry":{"type":"LineString","coordinates":[[121.81075,24.62491],[121.81088,24.62524]]}},{"type":"Feature","properties":{"n":"福興路","k":5},"geometry":{"type":"LineString","coordinates":[[121.81016,24.62979],[121.80994,24.62985],[121.80983,24.62979],[121.80971,24.62937],[121.80949,24.62932],[121.80941,24.62919],[121.80932,24.62864],[121.80897,24.62774]]}},{"type":"Feature","properties":{"n":"福興路","k":5},"geometry":{"type":"LineString","coordinates":[[121.81226,24.63473],[121.81012,24.63414]]}},{"type":"Feature","properties":{"n":"福興東路","k":4},"geometry":{"type":"LineString","coordinates":[[121.81045,24.6306],[121.81016,24.62979],[121.81019,24.62938],[121.81015,24.62919],[121.80937,24.6275]]}},{"type":"Feature","properties":{"n":"大興路","k":4},"geometry":{"type":"LineString","coordinates":[[121.80981,24.62718],[121.80937,24.6275]]}},{"type":"Feature","properties":{"n":"大興路","k":4},"geometry":{"type":"LineString","coordinates":[[121.78065,24.69492],[121.78038,24.68721],[121.78029,24.6858]]}},{"type":"Feature","properties":{"n":"大興路","k":4},"geometry":{"type":"LineString","coordinates":[[121.78065,24.69523],[121.78065,24.69496]]}},{"type":"Feature","properties":{"n":"東城橋","k":5},"geometry":{"type":"LineString","coordinates":[[121.80567,24.63018],[121.80569,24.63021]]}},{"type":"Feature","properties":{"n":"振安路","k":5},"geometry":{"type":"LineString","coordinates":[[121.81108,24.62517],[121.8104,24.62542]]}},{"type":"Feature","properties":{"n":"大興路123巷","k":5},"geometry":{"type":"LineString","coordinates":[[121.81088,24.62524],[121.81105,24.62565],[121.81126,24.62558]]}},{"type":"Feature","properties":{"n":"大興路37巷","k":5},"geometry":{"type":"LineString","coordinates":[[121.80857,24.62802],[121.80903,24.62907]]}},{"type":"Feature","properties":{"n":"福興西路","k":5},"geometry":{"type":"LineString","coordinates":[[121.80903,24.62907],[121.80915,24.62957],[121.80894,24.63016]]}},{"type":"Feature","properties":{"n":"忠孝路","k":4},"geometry":{"type":"LineString","coordinates":[[121.82929,24.61978],[121.83563,24.61512],[121.83686,24.61416],[121.83735,24.61354],[121.83755,24.6131],[121.8377,24.61247],[121.83772,24.61176]]}},{"type":"Feature","properties":{"n":"馬賽路","k":4},"geometry":{"type":"LineString","coordinates":[[121.8267,24.61673],[121.82424,24.61389]]}},{"type":"Feature","properties":{"n":"新馬路","k":4},"geometry":{"type":"LineString","coordinates":[[121.82724,24.61633],[121.8276,24.61673],[121.83016,24.61757],[121.8318,24.61781],[121.83289,24.61791],[121.8343,24.61818]]}},{"type":"Feature","properties":{"n":"新城路","k":5},"geometry":{"type":"LineString","coordinates":[[121.82727,24.6174],[121.82704,24.61758],[121.82755,24.61943],[121.82756,24.62015],[121.82794,24.62086],[121.82846,24.62255],[121.82915,24.62341]]}},{"type":"Feature","properties":{"n":"新城路","k":5},"geometry":{"type":"LineString","coordinates":[[121.73101,24.76433],[121.73081,24.76357],[121.73074,24.76353],[121.73059,24.76316],[121.73041,24.763],[121.73033,24.7627],[121.73012,24.7625],[121.72976,24.7619]]}},{"type":"Feature","properties":{"n":"祥和路","k":4},"geometry":{"type":"LineString","coordinates":[[121.83434,24.61482],[121.82864,24.61901]]}},{"type":"Feature","properties":{"n":"祥禮路","k":5},"geometry":{"type":"LineString","coordinates":[[121.83054,24.61387],[121.8332,24.6169]]}},{"type":"Feature","properties":{"n":"大圳路135巷","k":5},"geometry":{"type":"LineString","coordinates":[[121.83148,24.6135],[121.83109,24.61217],[121.83095,24.61211]]}},{"type":"Feature","properties":{"n":"新城一路","k":4},"geometry":{"type":"LineString","coordinates":[[121.82625,24.61622],[121.82442,24.61563],[121.82422,24.61566],[121.82368,24.61592],[121.82332,24.61602],[121.8226,24.61603],[121.82142,24.61596],[121.82046,24.61581],[121.81953,24.61675],[121.81937,24.61681]]}},{"type":"Feature","properties":{"n":"海山西路","k":2},"geometry":{"type":"LineString","coordinates":[[121.83772,24.61176],[121.83475,24.61175],[121.83406,24.6118],[121.83334,24.61202],[121.8328,24.61225],[121.83074,24.61372],[121.8267,24.61673]]}},{"type":"Feature","properties":{"n":"馬賽路","k":2},"geometry":{"type":"LineString","coordinates":[[121.8267,24.61673],[121.83016,24.62081],[121.83466,24.62597]]}},{"type":"Feature","properties":{"n":"新馬陸橋","k":4},"geometry":{"type":"LineString","coordinates":[[121.82424,24.61389],[121.82406,24.61371]]}},{"type":"Feature","properties":{"n":"中山路二段365巷","k":5},"geometry":{"type":"LineString","coordinates":[[121.82033,24.61547],[121.81991,24.61471],[121.81989,24.61441]]}},{"type":"Feature","properties":{"n":"大圳路255巷","k":5},"geometry":{"type":"LineString","coordinates":[[121.82568,24.61457],[121.82596,24.61334]]}},{"type":"Feature","properties":{"n":"新馬南路","k":5},"geometry":{"type":"LineString","coordinates":[[121.82576,24.61435],[121.82654,24.6149],[121.82669,24.61561],[121.82724,24.61633]]}},{"type":"Feature","properties":{"n":"祥義路","k":5},"geometry":{"type":"LineString","coordinates":[[121.82868,24.61526],[121.83066,24.61753]]}},{"type":"Feature","properties":{"n":"隘丁嶺橋","k":2},"geometry":{"type":"LineString","coordinates":[[121.83768,24.60985],[121.83772,24.61168]]}},{"type":"Feature","properties":{"n":"仁愛路","k":5},"geometry":{"type":"LineString","coordinates":[[121.83768,24.60975],[121.83718,24.60984],[121.83592,24.60988],[121.83558,24.61004],[121.83547,24.61023],[121.83563,24.61512]]}},{"type":"Feature","properties":{"n":"仁愛路","k":5},"geometry":{"type":"LineString","coordinates":[[121.835,24.61557],[121.83431,24.61658],[121.8343,24.61818]]}},{"type":"Feature","properties":{"n":"仁愛路","k":5},"geometry":{"type":"LineString","coordinates":[[121.76484,24.8235],[121.76934,24.82637],[121.7697,24.82669],[121.77159,24.82879]]}},{"type":"Feature","properties":{"n":"忠孝路","k":2},"geometry":{"type":"LineString","coordinates":[[121.83772,24.61168],[121.83772,24.61176]]}},{"type":"Feature","properties":{"n":"海山東路","k":4},"geometry":{"type":"LineString","coordinates":[[121.84611,24.61739],[121.84234,24.61316],[121.84181,24.6126],[121.84154,24.61238],[121.84085,24.612],[121.83991,24.61178],[121.83772,24.61176]]}},{"type":"Feature","properties":{"n":"蘇濱路一段","k":2},"geometry":{"type":"LineString","coordinates":[[121.84368,24.6191],[121.84808,24.61581],[121.85465,24.61031],[121.85513,24.60969],[121.85529,24.60938],[121.85547,24.60847]]}},{"type":"Feature","properties":{"n":"蘇濱路一段","k":2},"geometry":{"type":"LineString","coordinates":[[121.85582,24.60837],[121.8558,24.60873],[121.85571,24.60911],[121.85557,24.60943],[121.85537,24.60978],[121.8548,24.61037],[121.85365,24.61127],[121.84888,24.61527],[121.84386,24.61909]]}},{"type":"Feature","properties":{"n":"城東路","k":5},"geometry":{"type":"LineString","coordinates":[[121.83755,24.6131],[121.83856,24.61343],[121.8435,24.61899],[121.84368,24.6191]]}},{"type":"Feature","properties":{"n":"隘丁路","k":5},"geometry":{"type":"LineString","coordinates":[[121.8343,24.61818],[121.83476,24.61826],[121.83515,24.61825],[121.83585,24.61801],[121.84234,24.61316]]}},{"type":"Feature","properties":{"n":"永愛路","k":5},"geometry":{"type":"LineString","coordinates":[[121.83634,24.61563],[121.83649,24.61599],[121.83668,24.61711],[121.83677,24.61733],[121.83678,24.61762],[121.838,24.62331]]}},{"type":"Feature","properties":{"n":"三民路","k":5},"geometry":{"type":"LineString","coordinates":[[121.85169,24.61294],[121.8505,24.61244],[121.84954,24.6116],[121.84905,24.61129],[121.84805,24.61046],[121.8468,24.61034],[121.84539,24.61037],[121.84456,24.61015],[121.84427,24.60989],[121.84416,24.60986],[121.84314,24.61008],[121.84148,24.6099],[121.84072,24.60966],[121.83968,24.60974],[121.83915,24.60963],[121.83856,24.60967],[121.83731,24.60998],[121.83607,24.60985]]}},{"type":"Feature","properties":{"n":"五甲路91巷","k":5},"geometry":{"type":"LineString","coordinates":[[121.83769,24.61665],[121.8383,24.61733]]}},{"type":"Feature","properties":{"n":"新馬路6巷","k":5},"geometry":{"type":"LineString","coordinates":[[121.83205,24.61783],[121.83216,24.61952]]}},{"type":"Feature","properties":{"n":"五甲路","k":5},"geometry":{"type":"LineString","coordinates":[[121.83752,24.61793],[121.83904,24.61675]]}},{"type":"Feature","properties":{"n":"信義路162巷","k":5},"geometry":{"type":"LineString","coordinates":[[121.83703,24.6187],[121.83776,24.61814]]}},{"type":"Feature","properties":{"n":"信義路","k":4},"geometry":{"type":"LineString","coordinates":[[121.83234,24.61255],[121.835,24.61557],[121.8361,24.61674],[121.83853,24.61882],[121.8408,24.62137]]}},{"type":"Feature","properties":{"n":"五甲路57巷","k":5},"geometry":{"type":"LineString","coordinates":[[121.8383,24.61733],[121.83953,24.61871]]}},{"type":"Feature","properties":{"n":"信義路127巷","k":5},"geometry":{"type":"LineString","coordinates":[[121.83853,24.61882],[121.83884,24.6186]]}},{"type":"Feature","properties":{"n":"大同路","k":4},"geometry":{"type":"LineString","coordinates":[[121.8343,24.61818],[121.83437,24.62206],[121.83444,24.623],[121.83441,24.62361],[121.8343,24.62404],[121.83411,24.62441],[121.8328,24.62652],[121.83259,24.62695],[121.83236,24.62763],[121.83235,24.62815]]}},{"type":"Feature","properties":{"n":"信義路306巷","k":5},"geometry":{"type":"LineString","coordinates":[[121.83464,24.61516],[121.83405,24.6155],[121.83357,24.61559],[121.83358,24.61574]]}},{"type":"Feature","properties":{"n":"忠孝路387巷","k":5},"geometry":{"type":"LineString","coordinates":[[121.83235,24.61753],[121.83223,24.61634]]}},{"type":"Feature","properties":{"n":"新馬路11巷","k":5},"geometry":{"type":"LineString","coordinates":[[121.83382,24.61809],[121.83381,24.61739]]}},{"type":"Feature","properties":{"n":"新馬路27巷","k":5},"geometry":{"type":"LineString","coordinates":[[121.83339,24.618],[121.83345,24.61782],[121.83346,24.61728]]}},{"type":"Feature","properties":{"n":"仁愛路159巷","k":5},"geometry":{"type":"LineString","coordinates":[[121.83375,24.6165],[121.8343,24.61717]]}},{"type":"Feature","properties":{"n":"興安路","k":5},"geometry":{"type":"LineString","coordinates":[[121.84026,24.61814],[121.83846,24.61607]]}},{"type":"Feature","properties":{"n":"興安路","k":5},"geometry":{"type":"LineString","coordinates":[[121.74721,24.67075],[121.74688,24.67128]]}},{"type":"Feature","properties":{"n":"興安路","k":5},"geometry":{"type":"LineString","coordinates":[[121.74796,24.66961],[121.74727,24.67068]]}},{"type":"Feature","properties":{"n":"興安路36巷","k":5},"geometry":{"type":"LineString","coordinates":[[121.83894,24.618],[121.83965,24.61744]]}},{"type":"Feature","properties":{"n":"慶安路","k":5},"geometry":{"type":"LineString","coordinates":[[121.82726,24.62014],[121.82766,24.62114],[121.82776,24.62155],[121.82775,24.62221],[121.82764,24.62224],[121.82747,24.62214]]}},{"type":"Feature","properties":{"n":"新城三路","k":5},"geometry":{"type":"LineString","coordinates":[[121.83112,24.62192],[121.82915,24.62341]]}},{"type":"Feature","properties":{"n":"龍祥,五路","k":5},"geometry":{"type":"LineString","coordinates":[[121.82322,24.62705],[121.82272,24.6326]]}},{"type":"Feature","properties":{"n":"馬賽路397巷","k":5},"geometry":{"type":"LineString","coordinates":[[121.83216,24.61952],[121.83193,24.61952],[121.8295,24.62002]]}},{"type":"Feature","properties":{"n":"永新路","k":5},"geometry":{"type":"LineString","coordinates":[[121.83436,24.62381],[121.83132,24.6261],[121.83123,24.62609]]}},{"type":"Feature","properties":{"n":"新榮路","k":5},"geometry":{"type":"LineString","coordinates":[[121.83434,24.62102],[121.83389,24.62102],[121.83165,24.62153],[121.83112,24.62192]]}},{"type":"Feature","properties":{"n":"隘界路","k":4},"geometry":{"type":"LineString","coordinates":[[121.83432,24.61961],[121.83439,24.61964],[121.83561,24.61954],[121.84206,24.6189],[121.84231,24.61891]]}},{"type":"Feature","properties":{"n":"光榮路","k":4},"geometry":{"type":"LineString","coordinates":[[121.83441,24.62361],[121.83461,24.62366],[121.83533,24.62367],[121.83732,24.62353],[121.83764,24.62354],[121.83774,24.62364]]}},{"type":"Feature","properties":{"n":"光榮路","k":4},"geometry":{"type":"LineString","coordinates":[[121.77641,24.66815],[121.77737,24.66849],[121.7776,24.66871],[121.77772,24.66899],[121.77775,24.67459],[121.77789,24.67917],[121.77789,24.68182]]}},{"type":"Feature","properties":{"n":"光榮路","k":4},"geometry":{"type":"LineString","coordinates":[[121.77773,24.6814],[121.77774,24.67913],[121.77763,24.67537],[121.77762,24.67061],[121.77766,24.66924],[121.77762,24.66892],[121.77754,24.66875],[121.77734,24.66856],[121.77637,24.66822]]}},{"type":"Feature","properties":{"n":"新榮路49巷","k":5},"geometry":{"type":"LineString","coordinates":[[121.83244,24.62136],[121.83224,24.62046],[121.83373,24.62045]]}},{"type":"Feature","properties":{"n":"永愛路249巷","k":5},"geometry":{"type":"LineString","coordinates":[[121.83597,24.62111],[121.83629,24.62112],[121.8364,24.62152],[121.83761,24.62161]]}},{"type":"Feature","properties":{"n":"文中街","k":5},"geometry":{"type":"LineString","coordinates":[[121.83595,24.62054],[121.83604,24.6227],[121.83656,24.62269],[121.83656,24.62217]]}},{"type":"Feature","properties":{"n":"文中街","k":5},"geometry":{"type":"LineString","coordinates":[[121.83431,24.61884],[121.83587,24.61882],[121.83592,24.61951]]}},{"type":"Feature","properties":{"n":"永愛路142巷","k":5},"geometry":{"type":"LineString","coordinates":[[121.83704,24.61876],[121.83789,24.61867]]}},{"type":"Feature","properties":{"n":"光榮路49巷","k":5},"geometry":{"type":"LineString","coordinates":[[121.8361,24.62488],[121.83606,24.62459],[121.83617,24.6236]]}},{"type":"Feature","properties":{"n":"蘇濱路二段379巷","k":5},"geometry":{"type":"LineString","coordinates":[[121.83681,24.62421],[121.83665,24.62402],[121.83633,24.62398]]}},{"type":"Feature","properties":{"n":"光榮路92巷","k":5},"geometry":{"type":"LineString","coordinates":[[121.83732,24.62353],[121.8373,24.62276]]}},{"type":"Feature","properties":{"n":"大同路5巷","k":5},"geometry":{"type":"LineString","coordinates":[[121.83216,24.61952],[121.83432,24.61961]]}},{"type":"Feature","properties":{"n":"文中街71巷","k":5},"geometry":{"type":"LineString","coordinates":[[121.83564,24.62043],[121.83591,24.62045],[121.83595,24.62054]]}},{"type":"Feature","properties":{"n":"和平路62巷","k":5},"geometry":{"type":"LineString","coordinates":[[121.8364,24.62092],[121.83638,24.62045]]}},{"type":"Feature","properties":{"n":"思村路","k":5},"geometry":{"type":"LineString","coordinates":[[121.83984,24.6221],[121.83986,24.62195],[121.83953,24.62151],[121.83815,24.61998]]}},{"type":"Feature","properties":{"n":"港口路","k":4},"geometry":{"type":"LineString","coordinates":[[121.84231,24.61891],[121.84625,24.61937]]}},{"type":"Feature","properties":{"n":"港口路","k":4},"geometry":{"type":"LineString","coordinates":[[121.84646,24.6194],[121.8477,24.61955],[121.84782,24.61953],[121.84829,24.61877],[121.84872,24.61849],[121.84919,24.61795],[121.84959,24.61709],[121.85171,24.61374]]}},{"type":"Feature","properties":{"n":"思村路100巷","k":5},"geometry":{"type":"LineString","coordinates":[[121.83825,24.62077],[121.83865,24.6205]]}},{"type":"Feature","properties":{"n":"隘界路","k":5},"geometry":{"type":"LineString","coordinates":[[121.84151,24.61952],[121.84231,24.61891]]}},{"type":"Feature","properties":{"n":"蘇濱路二段","k":2},"geometry":{"type":"LineString","coordinates":[[121.83182,24.63108],[121.832,24.62899],[121.83216,24.62833],[121.8326,24.62751],[121.83286,24.62721],[121.83314,24.62694],[121.84368,24.6191]]}},{"type":"Feature","properties":{"n":"蘇濱路二段","k":2},"geometry":{"type":"LineString","coordinates":[[121.84386,24.61909],[121.83719,24.62404],[121.83309,24.62717],[121.83273,24.62758],[121.83228,24.62832],[121.83212,24.62901],[121.83193,24.63106]]}},{"type":"Feature","properties":{"n":"思村路","k":4},"geometry":{"type":"LineString","coordinates":[[121.83841,24.62525],[121.83832,24.62487],[121.83808,24.62437],[121.838,24.62331]]}},{"type":"Feature","properties":{"n":"功勞路","k":5},"geometry":{"type":"LineString","coordinates":[[121.84517,24.62721],[121.84353,24.61932]]}},{"type":"Feature","properties":{"n":"存善路","k":5},"geometry":{"type":"LineString","coordinates":[[121.84086,24.62891],[121.84138,24.62825],[121.84157,24.6277],[121.84233,24.62667],[121.84264,24.62601],[121.84284,24.62582],[121.84268,24.62542],[121.84168,24.62072]]}},{"type":"Feature","properties":{"n":"存德路","k":5},"geometry":{"type":"LineString","coordinates":[[121.84002,24.62904],[121.84021,24.6285],[121.84054,24.62548],[121.84009,24.62324],[121.83984,24.62319],[121.83983,24.62285],[121.83998,24.6227],[121.83984,24.6221]]}},{"type":"Feature","properties":{"n":"龍德大橋","k":2},"geometry":{"type":"LineString","coordinates":[[121.83193,24.63106],[121.83181,24.63261]]}},{"type":"Feature","properties":{"n":"龍德大橋","k":2},"geometry":{"type":"LineString","coordinates":[[121.83173,24.6326],[121.83182,24.63108]]}},{"type":"Feature","properties":{"n":"永愛路248巷","k":5},"geometry":{"type":"LineString","coordinates":[[121.83764,24.62173],[121.83846,24.62154],[121.83849,24.62113]]}},{"type":"Feature","properties":{"n":"永愛路150巷","k":5},"geometry":{"type":"LineString","coordinates":[[121.83711,24.61906],[121.83862,24.61892]]}},{"type":"Feature","properties":{"n":"存仁路","k":4},"geometry":{"type":"LineString","coordinates":[[121.83841,24.62525],[121.84095,24.62553],[121.84133,24.62575],[121.84152,24.62592],[121.84221,24.62631],[121.84434,24.62709],[121.84517,24.62721],[121.84604,24.62719],[121.84637,24.62709],[121.84667,24.62691],[121.84831,24.62568]]}},{"type":"Feature","properties":{"n":"存仁路","k":4},"geometry":{"type":"LineString","coordinates":[[121.84859,24.62547],[121.84898,24.62515],[121.84883,24.62438],[121.8489,24.624],[121.84887,24.62383]]}},{"type":"Feature","properties":{"n":"存仁路","k":5},"geometry":{"type":"LineString","coordinates":[[121.83581,24.62499],[121.83841,24.62525]]}},{"type":"Feature","properties":{"n":"存仁路","k":5},"geometry":{"type":"LineString","coordinates":[[121.84887,24.62383],[121.8478,24.62064]]}},{"type":"Feature","properties":{"n":"存仁路","k":5},"geometry":{"type":"LineString","coordinates":[[121.84773,24.62042],[121.84742,24.61951]]}},{"type":"Feature","properties":{"n":"存善路308巷","k":5},"geometry":{"type":"LineString","coordinates":[[121.84434,24.62709],[121.84377,24.62851],[121.84354,24.6286],[121.84297,24.62862],[121.84261,24.62878],[121.84166,24.62872]]}},{"type":"Feature","properties":{"n":"存德路146巷","k":5},"geometry":{"type":"LineString","coordinates":[[121.84036,24.6273],[121.84157,24.6277]]}},{"type":"Feature","properties":{"n":"存美路","k":5},"geometry":{"type":"LineString","coordinates":[[121.84166,24.62872],[121.84086,24.62891]]}},{"type":"Feature","properties":{"n":"存善路325巷","k":5},"geometry":{"type":"LineString","coordinates":[[121.84086,24.62891],[121.8407,24.62903],[121.8405,24.62907],[121.84002,24.62904]]}},{"type":"Feature","properties":{"n":"照安路","k":4},"geometry":{"type":"LineString","coordinates":[[121.79369,24.63256],[121.7939,24.63328]]}},{"type":"Feature","properties":{"n":"成興一路","k":5},"geometry":{"type":"LineString","coordinates":[[121.79479,24.63601],[121.79406,24.63669],[121.79337,24.63691]]}},{"type":"Feature","properties":{"n":"成興路5巷","k":5},"geometry":{"type":"LineString","coordinates":[[121.79223,24.63527],[121.79284,24.63472]]}},{"type":"Feature","properties":{"n":"富農路一段","k":4},"geometry":{"type":"LineString","coordinates":[[121.7938,24.63541],[121.79557,24.64353],[121.79608,24.64613],[121.79609,24.64643],[121.79603,24.64659],[121.7957,24.64706],[121.79558,24.64741],[121.79557,24.64758],[121.79628,24.65148],[121.79629,24.65162],[121.79621,24.65179]]}},{"type":"Feature","properties":{"n":"三城路","k":5},"geometry":{"type":"LineString","coordinates":[[121.8056,24.63286],[121.80429,24.63676],[121.80414,24.63739],[121.80415,24.63768],[121.80395,24.6379],[121.80326,24.63983],[121.80314,24.64075]]}},{"type":"Feature","properties":{"n":"三香路","k":5},"geometry":{"type":"LineString","coordinates":[[121.80294,24.63291],[121.803,24.63312],[121.80293,24.63347],[121.80104,24.63915],[121.80075,24.63967]]}},{"type":"Feature","properties":{"n":"三中路","k":5},"geometry":{"type":"LineString","coordinates":[[121.80094,24.63585],[121.81456,24.63957]]}},{"type":"Feature","properties":{"n":"建進一路","k":5},"geometry":{"type":"LineString","coordinates":[[121.80127,24.63999],[121.80142,24.64035],[121.80143,24.64069],[121.80138,24.64103],[121.8014,24.64344],[121.80153,24.65106]]}},{"type":"Feature","properties":{"n":"建進三路","k":5},"geometry":{"type":"LineString","coordinates":[[121.80395,24.64096],[121.80378,24.64144],[121.80381,24.64415],[121.80429,24.64438],[121.80436,24.64447],[121.80426,24.645],[121.80391,24.64532],[121.80393,24.6455],[121.80386,24.64567],[121.80388,24.65115]]}},{"type":"Feature","properties":{"n":"建進三路","k":5},"geometry":{"type":"LineString","coordinates":[[121.80406,24.65114],[121.8041,24.65184],[121.80403,24.65201]]}},{"type":"Feature","properties":{"n":"保安二路","k":5},"geometry":{"type":"LineString","coordinates":[[121.79896,24.63883],[121.79914,24.64819],[121.79955,24.6485],[121.79945,24.64881],[121.79932,24.64896],[121.79918,24.64899],[121.79915,24.64947],[121.79944,24.64962],[121.79949,24.64971],[121.79931,24.65006],[121.79898,24.65019],[121.79927,24.65087]]}},{"type":"Feature","properties":{"n":"保安二路","k":5},"geometry":{"type":"LineString","coordinates":[[121.73745,24.69966],[121.74117,24.69389]]}},{"type":"Feature","properties":{"n":"保安一路","k":5},"geometry":{"type":"LineString","coordinates":[[121.79791,24.6393],[121.79736,24.64631],[121.79898,24.65019]]}},{"type":"Feature","properties":{"n":"保安一路","k":5},"geometry":{"type":"LineString","coordinates":[[121.74804,24.69403],[121.74541,24.69641]]}},{"type":"Feature","properties":{"n":"保安一路","k":5},"geometry":{"type":"LineString","coordinates":[[121.74479,24.69723],[121.74346,24.69912],[121.74233,24.70087]]}},{"type":"Feature","properties":{"n":"香城路311巷7弄","k":5},"geometry":{"type":"LineString","coordinates":[[121.80525,24.63193],[121.80432,24.63226]]}},{"type":"Feature","properties":{"n":"建進二路35巷","k":5},"geometry":{"type":"LineString","coordinates":[[121.80251,24.64339],[121.80261,24.64387],[121.80307,24.6448],[121.80289,24.64501]]}},{"type":"Feature","properties":{"n":"富農路一段230巷","k":5},"geometry":{"type":"LineString","coordinates":[[121.79911,24.63867],[121.79896,24.63883],[121.79821,24.63905],[121.79715,24.63987],[121.79597,24.63959],[121.79476,24.63984]]}},{"type":"Feature","properties":{"n":"宜東路","k":5},"geometry":{"type":"LineString","coordinates":[[121.81042,24.64732],[121.81048,24.6482],[121.81043,24.64823],[121.79913,24.64494],[121.79747,24.64489],[121.79694,24.6447],[121.79587,24.64498]]}},{"type":"Feature","properties":{"n":"富農路一段185巷","k":5},"geometry":{"type":"LineString","coordinates":[[121.7945,24.63856],[121.7927,24.63973],[121.79255,24.63977],[121.79214,24.64006],[121.7922,24.64013]]}},{"type":"Feature","properties":{"n":"富農路一段346巷","k":5},"geometry":{"type":"LineString","coordinates":[[121.7976,24.6432],[121.79714,24.64314],[121.79704,24.64284],[121.79687,24.64269],[121.79629,24.64274],[121.79576,24.64263],[121.79539,24.64271]]}},{"type":"Feature","properties":{"n":"富農路一段312巷","k":5},"geometry":{"type":"LineString","coordinates":[[121.7952,24.64181],[121.79775,24.64141]]}},{"type":"Feature","properties":{"n":"百世新村23巷","k":5},"geometry":{"type":"LineString","coordinates":[[121.80473,24.64053],[121.80465,24.63982]]}},{"type":"Feature","properties":{"n":"百世新村9巷","k":5},"geometry":{"type":"LineString","coordinates":[[121.80405,24.64052],[121.80399,24.63984]]}},{"type":"Feature","properties":{"n":"百世新村16巷","k":5},"geometry":{"type":"LineString","coordinates":[[121.80437,24.64052],[121.80431,24.63976]]}},{"type":"Feature","properties":{"n":"建進三路65巷","k":5},"geometry":{"type":"LineString","coordinates":[[121.80379,24.64254],[121.80246,24.6426]]}},{"type":"Feature","properties":{"n":"建進二路","k":5},"geometry":{"type":"LineString","coordinates":[[121.8014,24.64344],[121.80379,24.64331]]}},{"type":"Feature","properties":{"n":"百世新村","k":5},"geometry":{"type":"LineString","coordinates":[[121.8032,24.64045],[121.80358,24.64052],[121.80473,24.64053]]}},{"type":"Feature","properties":{"n":"建進二路36巷","k":5},"geometry":{"type":"LineString","coordinates":[[121.80246,24.6426],[121.80243,24.64298],[121.80251,24.64339]]}},{"type":"Feature","properties":{"n":"百世新村5巷","k":5},"geometry":{"type":"LineString","coordinates":[[121.80368,24.64052],[121.80365,24.6401]]}},{"type":"Feature","properties":{"n":"三全路","k":5},"geometry":{"type":"LineString","coordinates":[[121.81012,24.63414],[121.8056,24.63286]]}},{"type":"Feature","properties":{"n":"龍祥九路","k":5},"geometry":{"type":"LineString","coordinates":[[121.81586,24.6361],[121.81599,24.6349]]}},{"type":"Feature","properties":{"n":"德興十一路","k":5},"geometry":{"type":"LineString","coordinates":[[121.81326,24.63587],[121.81586,24.6361]]}},{"type":"Feature","properties":{"n":"德興十路","k":5},"geometry":{"type":"LineString","coordinates":[[121.81741,24.6349],[121.81731,24.63498],[121.81336,24.6347]]}},{"type":"Feature","properties":{"n":"德興九路","k":5},"geometry":{"type":"LineString","coordinates":[[121.81318,24.63344],[121.81866,24.63382]]}},{"type":"Feature","properties":{"n":"德興九路","k":5},"geometry":{"type":"LineString","coordinates":[[121.81885,24.63371],[121.81869,24.63374],[121.81866,24.63382],[121.81872,24.63392],[121.81892,24.63388],[121.81885,24.63371]]}},{"type":"Feature","properties":{"n":"德興九路","k":5},"geometry":{"type":"LineString","coordinates":[[121.81893,24.63384],[121.81942,24.63387]]}},{"type":"Feature","properties":{"n":"三福路","k":4},"geometry":{"type":"LineString","coordinates":[[121.81012,24.63414],[121.81003,24.63444],[121.80972,24.63457],[121.80978,24.63516],[121.80933,24.63654],[121.80902,24.63717],[121.80886,24.63802],[121.80755,24.64193]]}},{"type":"Feature","properties":{"n":"三正路","k":5},"geometry":{"type":"LineString","coordinates":[[121.81226,24.63473],[121.81194,24.63511],[121.81212,24.63564],[121.8113,24.63817],[121.81106,24.63834],[121.81129,24.63999],[121.81049,24.64059],[121.80984,24.64257]]}},{"type":"Feature","properties":{"n":"進福路","k":5},"geometry":{"type":"LineString","coordinates":[[121.80618,24.65346],[121.80631,24.65333],[121.80627,24.64766],[121.8062,24.64609],[121.8062,24.64156]]}},{"type":"Feature","properties":{"n":"補城路","k":5},"geometry":{"type":"LineString","coordinates":[[121.80868,24.64226],[121.80855,24.64271],[121.80859,24.64549],[121.80837,24.64581],[121.80837,24.64588],[121.80862,24.64609],[121.80861,24.64702],[121.80823,24.64759]]}},{"type":"Feature","properties":{"n":"補城路","k":5},"geometry":{"type":"LineString","coordinates":[[121.80879,24.64776],[121.8128,24.66095],[121.81143,24.66296],[121.81133,24.66342]]}},{"type":"Feature","properties":{"n":"三順路","k":5},"geometry":{"type":"LineString","coordinates":[[121.81579,24.63703],[121.8153,24.63709],[121.81493,24.63701],[121.81483,24.6371],[121.81454,24.63712],[121.81442,24.63718],[121.81438,24.63745],[121.81396,24.63757],[121.8121,24.64318]]}},{"type":"Feature","properties":{"n":"三英路","k":5},"geometry":{"type":"LineString","coordinates":[[121.81104,24.64289],[121.81088,24.64332],[121.81085,24.64361],[121.81091,24.6438],[121.81096,24.64664],[121.81055,24.64714]]}},{"type":"Feature","properties":{"n":"三奇路","k":5},"geometry":{"type":"LineString","coordinates":[[121.81464,24.64389],[121.8149,24.64372],[121.81497,24.64354],[121.81478,24.64319],[121.81473,24.6424],[121.81457,24.6421],[121.81454,24.64182],[121.81586,24.64149],[121.81587,24.64128],[121.81574,24.64119],[121.81557,24.64093],[121.81562,24.6404],[121.81576,24.64],[121.81586,24.63912],[121.81571,24.63894],[121.81557,24.63855],[121.81578,24.63791],[121.81586,24.6361]]}},{"type":"Feature","properties":{"n":"三奉路","k":5},"geometry":{"type":"LineString","coordinates":[[121.81413,24.64372],[121.81316,24.64421],[121.81309,24.64431],[121.81314,24.64512]]}},{"type":"Feature","properties":{"n":"三奉路","k":5},"geometry":{"type":"LineString","coordinates":[[121.81316,24.64421],[121.81249,24.64469],[121.81235,24.64487],[121.81228,24.64523]]}},{"type":"Feature","properties":{"n":"三奉路","k":5},"geometry":{"type":"LineString","coordinates":[[121.81336,24.65085],[121.81293,24.64938],[121.813,24.64925],[121.81371,24.64913],[121.81379,24.64901],[121.81398,24.64895],[121.81402,24.64865],[121.81431,24.64853],[121.81446,24.64839],[121.81449,24.64822],[121.8147,24.64805],[121.81468,24.64772],[121.81454,24.64711],[121.81404,24.64706],[121.81323,24.64713],[121.81311,24.6467],[121.81255,24.64662],[121.81251,24.64639]]}},{"type":"Feature","properties":{"n":"三奉路","k":5},"geometry":{"type":"LineString","coordinates":[[121.81189,24.65113],[121.81148,24.64992],[121.81149,24.64959],[121.81128,24.64885],[121.811,24.64852],[121.81087,24.64819],[121.81083,24.64768],[121.81085,24.64752],[121.81124,24.64713],[121.81148,24.64663],[121.81174,24.64627],[121.81227,24.64579],[121.81228,24.64523],[121.81284,24.64513],[121.81321,24.64516],[121.81359,24.64503],[121.81373,24.64545],[121.81448,24.64552],[121.81468,24.64628],[121.81476,24.64689],[121.81472,24.64699],[121.81454,24.64711]]}},{"type":"Feature","properties":{"n":"三順路46巷","k":5},"geometry":{"type":"LineString","coordinates":[[121.81248,24.64206],[121.8118,24.64186],[121.8114,24.64185]]}},{"type":"Feature","properties":{"n":"三中路351巷","k":5},"geometry":{"type":"LineString","coordinates":[[121.81049,24.64059],[121.81026,24.63991],[121.81007,24.63985],[121.80999,24.63964],[121.81013,24.63941],[121.81032,24.63934],[121.81051,24.63845]]}},{"type":"Feature","properties":{"n":"三奇橋","k":4},"geometry":{"type":"LineString","coordinates":[[121.81384,24.64364],[121.81413,24.64372]]}},{"type":"Feature","properties":{"n":"三順路45巷","k":5},"geometry":{"type":"LineString","coordinates":[[121.81289,24.64265],[121.813,24.64251],[121.81299,24.64236],[121.81243,24.64219]]}},{"type":"Feature","properties":{"n":"三順路160巷","k":5},"geometry":{"type":"LineString","coordinates":[[121.8129,24.63873],[121.81352,24.6389]]}},{"type":"Feature","properties":{"n":"富農路一段451巷","k":5},"geometry":{"type":"LineString","coordinates":[[121.79589,24.64516],[121.7929,24.6457],[121.79276,24.6458]]}},{"type":"Feature","properties":{"n":"富農路一段520巷","k":5},"geometry":{"type":"LineString","coordinates":[[121.79603,24.64659],[121.79618,24.64665],[121.79663,24.64637],[121.7967,24.64622],[121.79681,24.64615],[121.7972,24.6461]]}},{"type":"Feature","properties":{"n":"采舍路","k":5},"geometry":{"type":"LineString","coordinates":[[121.79593,24.64969],[121.79673,24.64956],[121.79684,24.64973],[121.79737,24.64957],[121.79748,24.64944],[121.79841,24.64931]]}},{"type":"Feature","properties":{"n":"富農路一段571巷","k":5},"geometry":{"type":"LineString","coordinates":[[121.79406,24.6477],[121.79498,24.64753],[121.79557,24.64751]]}},{"type":"Feature","properties":{"n":"富農路一段570巷","k":5},"geometry":{"type":"LineString","coordinates":[[121.79557,24.64758],[121.79597,24.6476],[121.79753,24.64721],[121.79762,24.64724],[121.79775,24.64758]]}},{"type":"Feature","properties":{"n":"保安二路405巷","k":5},"geometry":{"type":"LineString","coordinates":[[121.79936,24.64834],[121.79918,24.64899]]}},{"type":"Feature","properties":{"n":"協松路","k":5},"geometry":{"type":"LineString","coordinates":[[121.79903,24.65087],[121.80213,24.65083],[121.80388,24.65115],[121.80864,24.65136],[121.81064,24.65154],[121.81189,24.65113],[121.81234,24.65112],[121.81336,24.65085]]}},{"type":"Feature","properties":{"n":"協松路","k":5},"geometry":{"type":"LineString","coordinates":[[121.81115,24.6514],[121.81106,24.6508],[121.81084,24.65043],[121.81036,24.64993],[121.80952,24.65014]]}},{"type":"Feature","properties":{"n":"茄苳路","k":5},"geometry":{"type":"LineString","coordinates":[[121.70674,24.744],[121.70682,24.74441],[121.70755,24.74483],[121.7082,24.74549],[121.7084,24.74565],[121.70866,24.74575],[121.70901,24.74622],[121.71185,24.74792]]}},{"type":"Feature","properties":{"n":"茄苳路","k":5},"geometry":{"type":"LineString","coordinates":[[121.81338,24.65503],[121.81278,24.65505],[121.81243,24.65515],[121.81109,24.6553],[121.80645,24.65613],[121.8014,24.65805]]}},{"type":"Feature","properties":{"n":"茄苳路","k":5},"geometry":{"type":"LineString","coordinates":[[121.79804,24.65925],[121.79911,24.65866],[121.80004,24.65847]]}},{"type":"Feature","properties":{"n":"三堵路","k":5},"geometry":{"type":"LineString","coordinates":[[121.79617,24.65088],[121.79903,24.65087],[121.79925,24.6511],[121.802,24.65108],[121.80245,24.65119],[121.8057,24.65287],[121.80744,24.65489],[121.8073,24.65596],[121.80737,24.6565],[121.80773,24.65721],[121.80997,24.66305],[121.81045,24.66312],[121.81056,24.6632],[121.81108,24.66426],[121.81164,24.6652],[121.8117,24.66585],[121.81155,24.66649]]}},{"type":"Feature","properties":{"n":"三堵一路","k":5},"geometry":{"type":"LineString","coordinates":[[121.79625,24.65088],[121.79639,24.65167],[121.79844,24.65517],[121.79896,24.65571],[121.79909,24.65568],[121.79924,24.65579],[121.79922,24.65597],[121.80163,24.65799]]}},{"type":"Feature","properties":{"n":"富堵三路","k":5},"geometry":{"type":"LineString","coordinates":[[121.80799,24.65788],[121.80358,24.65959]]}},{"type":"Feature","properties":{"n":"三堵二路","k":5},"geometry":{"type":"LineString","coordinates":[[121.80204,24.65782],[121.8009,24.65517],[121.79946,24.65206],[121.79955,24.65169],[121.79938,24.65143],[121.79862,24.65108],[121.79861,24.65087]]}},{"type":"Feature","properties":{"n":"富堵一路","k":5},"geometry":{"type":"LineString","coordinates":[[121.7979,24.65426],[121.80045,24.65328],[121.80119,24.65285],[121.80222,24.65247]]}},{"type":"Feature","properties":{"n":"富堵二路","k":5},"geometry":{"type":"LineString","coordinates":[[121.79924,24.65579],[121.80413,24.65395],[121.80417,24.65397],[121.80393,24.65491],[121.80396,24.655],[121.80414,24.65509],[121.80436,24.65507],[121.80444,24.65494],[121.80469,24.65373],[121.80527,24.65352],[121.80582,24.65304]]}},{"type":"Feature","properties":{"n":"三堵三路","k":5},"geometry":{"type":"LineString","coordinates":[[121.80153,24.65106],[121.80227,24.65255],[121.80427,24.65696]]}},{"type":"Feature","properties":{"n":"富農路二段","k":4},"geometry":{"type":"LineString","coordinates":[[121.79633,24.65441],[121.79738,24.65626],[121.798,24.65899]]}},{"type":"Feature","properties":{"n":"富農路二段","k":4},"geometry":{"type":"LineString","coordinates":[[121.79616,24.6541],[121.79556,24.65302],[121.79566,24.65293]]}},{"type":"Feature","properties":{"n":"富農路二段","k":4},"geometry":{"type":"LineString","coordinates":[[121.79801,24.65909],[121.79805,24.66012],[121.79784,24.66148],[121.79787,24.66179],[121.79813,24.66253],[121.79826,24.66313]]}},{"type":"Feature","properties":{"n":"富農橋","k":4},"geometry":{"type":"LineString","coordinates":[[121.79621,24.65179],[121.79566,24.65293]]}},{"type":"Feature","properties":{"n":"砂港一號橋","k":4},"geometry":{"type":"LineString","coordinates":[[121.79633,24.65441],[121.79616,24.6541]]}},{"type":"Feature","properties":{"n":"三英橋","k":5},"geometry":{"type":"LineString","coordinates":[[121.81055,24.64714],[121.81042,24.64732]]}},{"type":"Feature","properties":{"n":"利澤西路","k":5},"geometry":{"type":"LineString","coordinates":[[121.81697,24.66807],[121.81695,24.66768],[121.81734,24.66691],[121.81725,24.66683],[121.8156,24.66666],[121.81545,24.66679],[121.81502,24.66691],[121.8147,24.66717],[121.81408,24.66718],[121.81382,24.6671],[121.81332,24.66636],[121.81305,24.66617],[121.81246,24.66469],[121.81243,24.66429],[121.81248,24.664],[121.81264,24.66365],[121.81387,24.66134],[121.81423,24.66084],[121.81442,24.65949],[121.81456,24.65922],[121.81449,24.6584],[121.81407,24.65794],[121.81405,24.65783],[121.81415,24.65757],[121.81357,24.65582],[121.81338,24.65503]]}},{"type":"Feature","properties":{"n":"利澤西路","k":5},"geometry":{"type":"LineString","coordinates":[[121.81912,24.66676],[121.8216,24.6673],[121.8226,24.66769]]}},{"type":"Feature","properties":{"n":"隆恩路","k":5},"geometry":{"type":"LineString","coordinates":[[121.82802,24.63646],[121.82683,24.63648],[121.82658,24.63687],[121.82582,24.63859],[121.8252,24.63935],[121.82513,24.63979],[121.82485,24.64022],[121.8244,24.64033],[121.82425,24.64044],[121.82383,24.64101],[121.82345,24.64199],[121.82309,24.64243],[121.82301,24.64276],[121.82276,24.6431],[121.82261,24.64374],[121.8223,24.64432],[121.82199,24.64467],[121.8217,24.64526],[121.82126,24.64654],[121.82096,24.64707],[121.82083,24.64715],[121.82075,24.64731],[121.82068,24.64765],[121.82047,24.64804],[121.82034,24.64897],[121.8199,24.64972],[121.81984,24.65037],[121.81954,24.6506],[121.81948,24.65093],[121.81913,24.6514],[121.81889,24.65154],[121.81865,24.65197],[121.81863,24.65226],[121.81831,24.6529],[121.81837,24.65325],[121.81826,24.65364],[121.81799,24.65381],[121.81771,24.65453],[121.81749,24.65487],[121.81756,24.65507],[121.81797,24.65541],[121.818,24.6555]]}},{"type":"Feature","properties":{"n":"隆恩路","k":5},"geometry":{"type":"LineString","coordinates":[[121.82842,24.63654],[121.82847,24.6369],[121.82886,24.6377],[121.82889,24.63795],[121.82879,24.63812],[121.82865,24.6382],[121.82834,24.63872],[121.82811,24.63947],[121.82776,24.64021],[121.82767,24.64059],[121.82747,24.64092],[121.82747,24.64122]]}},{"type":"Feature","properties":{"n":"區界西路","k":4},"geometry":{"type":"LineString","coordinates":[[121.81794,24.64488],[121.81871,24.64514],[121.82186,24.64649],[121.8248,24.6472],[121.82592,24.64734],[121.82825,24.64822]]}},{"type":"Feature","properties":{"n":"寶福路","k":5},"geometry":{"type":"LineString","coordinates":[[121.81133,24.66342],[121.81126,24.66343],[121.81104,24.66324],[121.80694,24.64972],[121.80628,24.64971]]}},{"type":"Feature","properties":{"n":"三堵五路","k":5},"geometry":{"type":"LineString","coordinates":[[121.80645,24.65613],[121.80527,24.65352]]}},{"type":"Feature","properties":{"n":"利澤西路27巷","k":5},"geometry":{"type":"LineString","coordinates":[[121.81795,24.65566],[121.8178,24.65636],[121.81779,24.65687],[121.81642,24.65674],[121.81536,24.6569],[121.81404,24.6572]]}},{"type":"Feature","properties":{"n":"隆恩橋","k":5},"geometry":{"type":"LineString","coordinates":[[121.818,24.6555],[121.81795,24.65566]]}},{"type":"Feature","properties":{"n":"龍祥七路","k":5},"geometry":{"type":"LineString","coordinates":[[121.81954,24.63239],[121.81942,24.63387]]}},{"type":"Feature","properties":{"n":"龍祥五路","k":5},"geometry":{"type":"LineString","coordinates":[[121.82254,24.63474],[121.82272,24.6326]]}},{"type":"Feature","properties":{"n":"龍祥二路","k":5},"geometry":{"type":"LineString","coordinates":[[121.82816,24.63341],[121.82842,24.63654]]}},{"type":"Feature","properties":{"n":"龍祥一路","k":5},"geometry":{"type":"LineString","coordinates":[[121.83112,24.63633],[121.83092,24.63403]]}},{"type":"Feature","properties":{"n":"德興八路","k":5},"geometry":{"type":"LineString","coordinates":[[121.83112,24.63633],[121.82842,24.63654]]}},{"type":"Feature","properties":{"n":"德興七路","k":5},"geometry":{"type":"LineString","coordinates":[[121.83099,24.63496],[121.82833,24.63513]]}},{"type":"Feature","properties":{"n":"中興四巷","k":5},"geometry":{"type":"LineString","coordinates":[[121.82824,24.63412],[121.82552,24.63396]]}},{"type":"Feature","properties":{"n":"龍祥二路3巷","k":5},"geometry":{"type":"LineString","coordinates":[[121.82839,24.63579],[121.82539,24.63577]]}},{"type":"Feature","properties":{"n":"龍祥三路","k":5},"geometry":{"type":"LineString","coordinates":[[121.82535,24.6362],[121.82563,24.63283]]}},{"type":"Feature","properties":{"n":"福德路","k":2},"geometry":{"type":"LineString","coordinates":[[121.83212,24.63454],[121.83203,24.63467],[121.83196,24.63494],[121.83212,24.63687],[121.83234,24.63827],[121.83236,24.63854],[121.83232,24.63878],[121.83142,24.64076],[121.83057,24.64248],[121.82908,24.64607],[121.82825,24.64822]]}},{"type":"Feature","properties":{"n":"中興路","k":5},"geometry":{"type":"LineString","coordinates":[[121.81945,24.63353],[121.82552,24.63396]]}},{"type":"Feature","properties":{"n":"中興路","k":5},"geometry":{"type":"LineString","coordinates":[[121.76754,24.67749],[121.76714,24.6762]]}},{"type":"Feature","properties":{"n":"中興路","k":5},"geometry":{"type":"LineString","coordinates":[[121.76785,24.75814],[121.76666,24.75784],[121.76302,24.75714],[121.761,24.75665]]}},{"type":"Feature","properties":{"n":"福德西巷","k":5},"geometry":{"type":"LineString","coordinates":[[121.82747,24.64122],[121.82742,24.64145],[121.82669,24.64298],[121.82604,24.64396],[121.82594,24.64494],[121.82538,24.64648],[121.82538,24.64725],[121.82523,24.64738],[121.825,24.64784],[121.82494,24.64826],[121.8244,24.64931],[121.82417,24.65022],[121.82378,24.65076],[121.82365,24.65114],[121.82287,24.65101]]}},{"type":"Feature","properties":{"n":"蘇濱路三段","k":2},"geometry":{"type":"LineString","coordinates":[[121.83181,24.63261],[121.83188,24.6335],[121.83212,24.63454],[121.83242,24.63533],[121.83348,24.63733],[121.83362,24.6377],[121.83525,24.64342],[121.83526,24.64399],[121.83515,24.64449],[121.83454,24.64601]]}},{"type":"Feature","properties":{"n":"蘇濱路三段","k":2},"geometry":{"type":"LineString","coordinates":[[121.83443,24.64599],[121.83511,24.64427],[121.83516,24.64394],[121.83511,24.64324],[121.83352,24.63781],[121.83335,24.63736],[121.83229,24.63535],[121.83209,24.63488],[121.83178,24.6335],[121.83173,24.6326]]}},{"type":"Feature","properties":{"n":"育英路","k":5},"geometry":{"type":"LineString","coordinates":[[121.83449,24.63805],[121.83362,24.63814],[121.83301,24.63845],[121.83235,24.63862]]}},{"type":"Feature","properties":{"n":"育英路","k":5},"geometry":{"type":"LineString","coordinates":[[121.77354,24.66575],[121.77265,24.66553],[121.77156,24.66552],[121.77097,24.66555],[121.7696,24.66584],[121.76763,24.66597]]}},{"type":"Feature","properties":{"n":"育英路44巷","k":5},"geometry":{"type":"LineString","coordinates":[[121.83449,24.63805],[121.8347,24.63754]]}},{"type":"Feature","properties":{"n":"頂強路","k":5},"geometry":{"type":"LineString","coordinates":[[121.84289,24.63515],[121.8379,24.63449],[121.83323,24.63396],[121.83279,24.63392],[121.83197,24.63396]]}},{"type":"Feature","properties":{"n":"頂清路","k":5},"geometry":{"type":"LineString","coordinates":[[121.83465,24.64124],[121.83587,24.64092],[121.83633,24.64262],[121.83649,24.64284],[121.83675,24.643],[121.83858,24.64355],[121.84166,24.64411]]}},{"type":"Feature","properties":{"n":"利工一路一段","k":5},"geometry":{"type":"LineString","coordinates":[[121.84289,24.63515],[121.84207,24.63761],[121.8408,24.64049],[121.84038,24.64102],[121.83956,24.64157],[121.83933,24.64181],[121.83914,24.64213],[121.83858,24.64355]]}},{"type":"Feature","properties":{"n":"利工一路一段","k":5},"geometry":{"type":"LineString","coordinates":[[121.8383,24.64347],[121.83882,24.64205],[121.83908,24.64162],[121.8395,24.6412],[121.84011,24.64081],[121.84048,24.64038],[121.84136,24.6385],[121.84178,24.63745],[121.84254,24.6351]]}},{"type":"Feature","properties":{"n":"頂平路","k":5},"geometry":{"type":"LineString","coordinates":[[121.83587,24.64092],[121.83611,24.64014],[121.83745,24.63657],[121.8379,24.63449]]}},{"type":"Feature","properties":{"n":"頂安路","k":5},"geometry":{"type":"LineString","coordinates":[[121.83419,24.63409],[121.83398,24.63547],[121.83405,24.63577],[121.83429,24.63594],[121.84178,24.63745]]}},{"type":"Feature","properties":{"n":"育英路55巷","k":5},"geometry":{"type":"LineString","coordinates":[[121.83394,24.63924],[121.83417,24.63892],[121.83428,24.63842],[121.83449,24.63805]]}},{"type":"Feature","properties":{"n":"頂寮路","k":5},"geometry":{"type":"LineString","coordinates":[[121.83247,24.64535],[121.83381,24.64159],[121.83396,24.64142],[121.83465,24.64124]]}},{"type":"Feature","properties":{"n":"區界東路","k":4},"geometry":{"type":"LineString","coordinates":[[121.83033,24.64864],[121.82985,24.64869],[121.8294,24.64867],[121.82908,24.64858],[121.82825,24.64822]]}},{"type":"Feature","properties":{"n":"利興二路","k":5},"geometry":{"type":"LineString","coordinates":[[121.83026,24.65733],[121.83732,24.65907]]}},{"type":"Feature","properties":{"n":"成福路","k":5},"geometry":{"type":"LineString","coordinates":[[121.82081,24.66043],[121.82106,24.65983],[121.82126,24.65826],[121.82212,24.65564],[121.82246,24.65435],[121.82262,24.65255],[121.82287,24.65101]]}},{"type":"Feature","properties":{"n":"成鳳路","k":5},"geometry":{"type":"LineString","coordinates":[[121.82509,24.6655],[121.82505,24.66532],[121.82571,24.6628],[121.82592,24.66174],[121.82781,24.65607]]}},{"type":"Feature","properties":{"n":"五濱路一段","k":2},"geometry":{"type":"LineString","coordinates":[[121.83454,24.64601],[121.8332,24.64928],[121.83038,24.65737],[121.82972,24.6594],[121.82892,24.66235],[121.82862,24.66372],[121.82827,24.66552],[121.82775,24.66872]]}},{"type":"Feature","properties":{"n":"五濱路一段","k":2},"geometry":{"type":"LineString","coordinates":[[121.82761,24.66871],[121.82851,24.66369],[121.82927,24.66054],[121.8296,24.65939],[121.83026,24.65733],[121.83205,24.65213],[121.8331,24.64925],[121.83443,24.64599]]}},{"type":"Feature","properties":{"n":"利成路二段2巷","k":5},"geometry":{"type":"LineString","coordinates":[[121.82716,24.65801],[121.82587,24.65768],[121.82575,24.6578],[121.82569,24.65819],[121.82505,24.65806]]}},{"type":"Feature","properties":{"n":"利成路一段","k":2},"geometry":{"type":"LineString","coordinates":[[121.82825,24.64822],[121.82773,24.64951],[121.82553,24.65591],[121.82505,24.65806]]}},{"type":"Feature","properties":{"n":"成功路2巷","k":5},"geometry":{"type":"LineString","coordinates":[[121.83266,24.64912],[121.83398,24.64579]]}},{"type":"Feature","properties":{"n":"成功路","k":5},"geometry":{"type":"LineString","coordinates":[[121.83156,24.64509],[121.83456,24.64595]]}},{"type":"Feature","properties":{"n":"成功路","k":5},"geometry":{"type":"LineString","coordinates":[[121.702,24.7174],[121.69396,24.71281],[121.69274,24.71219],[121.68768,24.70936],[121.68538,24.70798],[121.68501,24.7078],[121.68449,24.70774],[121.68366,24.70745]]}},{"type":"Feature","properties":{"n":"成功路","k":5},"geometry":{"type":"LineString","coordinates":[[121.74127,24.67234],[121.74163,24.67188],[121.74592,24.67426]]}},{"type":"Feature","properties":{"n":"成功路","k":5},"geometry":{"type":"LineString","coordinates":[[121.76547,24.7589],[121.76548,24.75764],[121.76598,24.75557]]}},{"type":"Feature","properties":{"n":"成功路","k":5},"geometry":{"type":"LineString","coordinates":[[121.76745,24.82879],[121.76792,24.82837],[121.76845,24.82777]]}},{"type":"Feature","properties":{"n":"利興一路","k":5},"geometry":{"type":"LineString","coordinates":[[121.83814,24.65084],[121.83331,24.64936],[121.8332,24.64928],[121.83337,24.64923],[121.8382,24.65068]]}},{"type":"Feature","properties":{"n":"三星路六段525巷","k":5},"geometry":{"type":"LineString","coordinates":[[121.63497,24.66336],[121.63507,24.66238],[121.63519,24.66202],[121.63515,24.66073]]}},{"type":"Feature","properties":{"n":"雙和一路","k":5},"geometry":{"type":"LineString","coordinates":[[121.6404,24.67563],[121.64033,24.66603],[121.6404,24.66435]]}},{"type":"Feature","properties":{"n":"雙和一路","k":5},"geometry":{"type":"LineString","coordinates":[[121.64043,24.68111],[121.6404,24.67572]]}},{"type":"Feature","properties":{"n":"集義路","k":5},"geometry":{"type":"LineString","coordinates":[[121.64727,24.66544],[121.64755,24.66428],[121.65165,24.66497],[121.65289,24.6649],[121.65431,24.66531]]}},{"type":"Feature","properties":{"n":"義德二路","k":5},"geometry":{"type":"LineString","coordinates":[[121.64742,24.66483],[121.65179,24.66549],[121.6526,24.66539],[121.65266,24.66533],[121.65317,24.66531]]}},{"type":"Feature","properties":{"n":"雙賢路","k":5},"geometry":{"type":"LineString","coordinates":[[121.64384,24.66035],[121.6436,24.66844]]}},{"type":"Feature","properties":{"n":"雙義路","k":5},"geometry":{"type":"LineString","coordinates":[[121.64727,24.66544],[121.64714,24.66618],[121.64717,24.66629],[121.64977,24.66659],[121.64983,24.66664],[121.64972,24.66736]]}},{"type":"Feature","properties":{"n":"人和中路","k":5},"geometry":{"type":"LineString","coordinates":[[121.64422,24.68277],[121.64409,24.6705],[121.64446,24.6702],[121.64706,24.66894],[121.64743,24.66882]]}},{"type":"Feature","properties":{"n":"三星路五段","k":2},"geometry":{"type":"LineString","coordinates":[[121.64777,24.6655],[121.65236,24.66608],[121.65238,24.66648]]}},{"type":"Feature","properties":{"n":"大德路三段","k":5},"geometry":{"type":"LineString","coordinates":[[121.67209,24.68434],[121.67267,24.6843],[121.67723,24.68534],[121.68288,24.68575],[121.68872,24.68675]]}},{"type":"Feature","properties":{"n":"長堤路","k":4},"geometry":{"type":"LineString","coordinates":[[121.68227,24.70764],[121.68366,24.70745],[121.68654,24.70737],[121.69185,24.70735],[121.70736,24.70748],[121.71038,24.70745],[121.7166,24.70718],[121.7191,24.70723],[121.72086,24.70737],[121.72164,24.70746],[121.72362,24.7078]]}},{"type":"Feature","properties":{"n":"三星路三段","k":2},"geometry":{"type":"LineString","coordinates":[[121.66759,24.66805],[121.67567,24.66759],[121.68446,24.66736],[121.68731,24.6673],[121.68787,24.66733],[121.68915,24.66755]]}},{"type":"Feature","properties":{"n":"安平路一段","k":5},"geometry":{"type":"LineString","coordinates":[[121.72889,24.70306],[121.72179,24.70152],[121.71974,24.70099],[121.71576,24.69963],[121.71341,24.69858],[121.71273,24.69839],[121.71218,24.69852],[121.70935,24.6996],[121.70891,24.69995],[121.70856,24.70081],[121.70803,24.70093],[121.68651,24.70057]]}},{"type":"Feature","properties":{"n":"中興路二段","k":4},"geometry":{"type":"LineString","coordinates":[[121.70332,24.69623],[121.70289,24.69626],[121.70248,24.6962],[121.69917,24.69519],[121.6972,24.69445],[121.69655,24.69425],[121.69554,24.69416],[121.69491,24.69403],[121.69349,24.69414],[121.68961,24.69426],[121.68694,24.69409]]}},{"type":"Feature","properties":{"n":"中興路二段","k":4},"geometry":{"type":"LineString","coordinates":[[121.78657,24.69014],[121.78391,24.69126],[121.78257,24.69196],[121.78111,24.69256],[121.78056,24.69262],[121.77525,24.69284]]}},{"type":"Feature","properties":{"n":"星光二路","k":5},"geometry":{"type":"LineString","coordinates":[[121.65853,24.66953],[121.65842,24.66978],[121.65809,24.67018],[121.65784,24.67031],[121.65783,24.67059],[121.65732,24.67146]]}},{"type":"Feature","properties":{"n":"星光二路","k":5},"geometry":{"type":"LineString","coordinates":[[121.65725,24.67156],[121.65725,24.67158]]}},{"type":"Feature","properties":{"n":"星義路","k":5},"geometry":{"type":"LineString","coordinates":[[121.64868,24.66716],[121.65044,24.66747],[121.65115,24.66739],[121.6545,24.66764],[121.65468,24.6676],[121.65564,24.66706]]}},{"type":"Feature","properties":{"n":"三星路四段","k":2},"geometry":{"type":"LineString","coordinates":[[121.65238,24.66648],[121.65399,24.66661],[121.65472,24.66689],[121.66239,24.66841],[121.66276,24.66844],[121.66392,24.66837]]}},{"type":"Feature","properties":{"n":"義平路","k":5},"geometry":{"type":"LineString","coordinates":[[121.64965,24.66792],[121.65023,24.66917],[121.65028,24.66945],[121.65027,24.66967],[121.65012,24.66993],[121.64957,24.67201],[121.64985,24.67285]]}},{"type":"Feature","properties":{"n":"集慶路","k":5},"geometry":{"type":"LineString","coordinates":[[121.65754,24.66614],[121.65431,24.66531]]}},{"type":"Feature","properties":{"n":"義德一路","k":5},"geometry":{"type":"LineString","coordinates":[[121.65107,24.66447],[121.65191,24.66458]]}},{"type":"Feature","properties":{"n":"中山路二段","k":3},"geometry":{"type":"LineString","coordinates":[[121.65312,24.67225],[121.65278,24.66961],[121.65247,24.66833],[121.65238,24.66648]]}},{"type":"Feature","properties":{"n":"星中路","k":4},"geometry":{"type":"LineString","coordinates":[[121.66896,24.67351],[121.66746,24.67169],[121.66694,24.67132],[121.66626,24.67103],[121.65247,24.66833]]}},{"type":"Feature","properties":{"n":"星中路","k":4},"geometry":{"type":"LineString","coordinates":[[121.67043,24.67535],[121.66905,24.67362]]}},{"type":"Feature","properties":{"n":"集慶七路","k":5},"geometry":{"type":"LineString","coordinates":[[121.65412,24.66616],[121.65236,24.66608]]}},{"type":"Feature","properties":{"n":"星德二路","k":5},"geometry":{"type":"LineString","coordinates":[[121.64908,24.66457],[121.64868,24.66716]]}},{"type":"Feature","properties":{"n":"集慶八路","k":5},"geometry":{"type":"LineString","coordinates":[[121.65317,24.66496],[121.65317,24.66611]]}},{"type":"Feature","properties":{"n":"中山路二段121巷","k":5},"geometry":{"type":"LineString","coordinates":[[121.65022,24.66994],[121.65021,24.6701],[121.65089,24.67022],[121.65138,24.67017],[121.65156,24.67008],[121.65196,24.67022],[121.65258,24.67006],[121.65284,24.67006]]}},{"type":"Feature","properties":{"n":"三星路四段470巷","k":5},"geometry":{"type":"LineString","coordinates":[[121.65329,24.66654],[121.65314,24.66752]]}},{"type":"Feature","properties":{"n":"三星路五段82巷","k":5},"geometry":{"type":"LineString","coordinates":[[121.65123,24.6674],[121.6514,24.66597]]}},{"type":"Feature","properties":{"n":"中山路二段11巷","k":5},"geometry":{"type":"LineString","coordinates":[[121.65127,24.66696],[121.65239,24.66696]]}},{"type":"Feature","properties":{"n":"集慶六路","k":5},"geometry":{"type":"LineString","coordinates":[[121.65431,24.66531],[121.65399,24.66661]]}},{"type":"Feature","properties":{"n":"月眉三路19巷","k":5},"geometry":{"type":"LineString","coordinates":[[121.65607,24.66858],[121.65622,24.66784]]}},{"type":"Feature","properties":{"n":"月眉二路","k":5},"geometry":{"type":"LineString","coordinates":[[121.65681,24.66793],[121.65569,24.66775],[121.6557,24.66732]]}},{"type":"Feature","properties":{"n":"月眉一路","k":5},"geometry":{"type":"LineString","coordinates":[[121.65659,24.66915],[121.65693,24.66731]]}},{"type":"Feature","properties":{"n":"月眉三路","k":5},"geometry":{"type":"LineString","coordinates":[[121.65514,24.66736],[121.65541,24.66784],[121.65534,24.66841],[121.65667,24.66871]]}},{"type":"Feature","properties":{"n":"集慶五路","k":5},"geometry":{"type":"LineString","coordinates":[[121.65637,24.66585],[121.65618,24.66656]]}},{"type":"Feature","properties":{"n":"集慶三路","k":5},"geometry":{"type":"LineString","coordinates":[[121.65642,24.66721],[121.65674,24.66594]]}},{"type":"Feature","properties":{"n":"集慶二路","k":5},"geometry":{"type":"LineString","coordinates":[[121.65518,24.66555],[121.65505,24.6662],[121.65513,24.66635],[121.65704,24.66677]]}},{"type":"Feature","properties":{"n":"集慶一路","k":5},"geometry":{"type":"LineString","coordinates":[[121.65693,24.66731],[121.65717,24.66605]]}},{"type":"Feature","properties":{"n":"安平路三段","k":5},"geometry":{"type":"LineString","coordinates":[[121.63487,24.67894],[121.63546,24.67982],[121.63712,24.68197],[121.63899,24.68397],[121.63969,24.68461],[121.64224,24.68639],[121.64379,24.68733],[121.65236,24.69182]]}},{"type":"Feature","properties":{"n":"安平路三段","k":5},"geometry":{"type":"LineString","coordinates":[[121.66463,24.69649],[121.66416,24.69648],[121.66256,24.6957],[121.65765,24.69422],[121.65547,24.69332]]}},{"type":"Feature","properties":{"n":"人和十二路","k":5},"geometry":{"type":"LineString","coordinates":[[121.64416,24.67851],[121.63568,24.6786]]}},{"type":"Feature","properties":{"n":"貴人路","k":5},"geometry":{"type":"LineString","coordinates":[[121.63705,24.68052],[121.64015,24.68105],[121.64081,24.68123],[121.6437,24.68248],[121.64422,24.68277],[121.64635,24.68424],[121.64866,24.68448],[121.6491,24.68461],[121.65057,24.68547],[121.6528,24.6862]]}},{"type":"Feature","properties":{"n":"楓林八路","k":5},"geometry":{"type":"LineString","coordinates":[[121.65108,24.67847],[121.64416,24.67851]]}},{"type":"Feature","properties":{"n":"中山路三段","k":3},"geometry":{"type":"LineString","coordinates":[[121.65303,24.67709],[121.65317,24.67363],[121.65313,24.67238]]}},{"type":"Feature","properties":{"n":"月眉二號橋","k":3},"geometry":{"type":"LineString","coordinates":[[121.65313,24.67238],[121.65312,24.67225]]}},{"type":"Feature","properties":{"n":"萬德六路","k":5},"geometry":{"type":"LineString","coordinates":[[121.6571,24.68746],[121.65747,24.67697],[121.65725,24.67158]]}},{"type":"Feature","properties":{"n":"中山路三段","k":4},"geometry":{"type":"LineString","coordinates":[[121.65281,24.68631],[121.65293,24.68407],[121.6528,24.68262],[121.6528,24.68184],[121.65303,24.67709]]}},{"type":"Feature","properties":{"n":"中山路三段","k":4},"geometry":{"type":"LineString","coordinates":[[121.75487,24.76464],[121.75329,24.7605],[121.7527,24.75781],[121.752,24.75494],[121.75199,24.7548],[121.75208,24.75452]]}},{"type":"Feature","properties":{"n":"中山路三段","k":4},"geometry":{"type":"LineString","coordinates":[[121.75509,24.76537],[121.75487,24.76476],[121.75487,24.76464]]}},{"type":"Feature","properties":{"n":"中山路三段","k":4},"geometry":{"type":"LineString","coordinates":[[121.75487,24.76464],[121.75496,24.76473],[121.75517,24.76534]]}},{"type":"Feature","properties":{"n":"上將路六段","k":3},"geometry":{"type":"LineString","coordinates":[[121.66169,24.67602],[121.66094,24.67621],[121.65939,24.67686],[121.65911,24.67693],[121.65303,24.67709]]}},{"type":"Feature","properties":{"n":"安農南路一段","k":5},"geometry":{"type":"LineString","coordinates":[[121.66822,24.66854],[121.66741,24.66796],[121.66643,24.66795],[121.66561,24.66786],[121.66534,24.6679]]}},{"type":"Feature","properties":{"n":"三星橋","k":2},"geometry":{"type":"LineString","coordinates":[[121.66392,24.66837],[121.66655,24.6682],[121.66759,24.66805]]}},{"type":"Feature","properties":{"n":"萬眉路","k":5},"geometry":{"type":"LineString","coordinates":[[121.66376,24.67213],[121.66514,24.66854]]}},{"type":"Feature","properties":{"n":"萬眉路","k":5},"geometry":{"type":"LineString","coordinates":[[121.66359,24.67563],[121.6635,24.6732],[121.6637,24.67222]]}},{"type":"Feature","properties":{"n":"照林路一段","k":4},"geometry":{"type":"LineString","coordinates":[[121.67926,24.65892],[121.67947,24.65957],[121.68005,24.66259],[121.68005,24.66931]]}},{"type":"Feature","properties":{"n":"照林路二段","k":4},"geometry":{"type":"LineString","coordinates":[[121.68005,24.66938],[121.68005,24.66931]]}},{"type":"Feature","properties":{"n":"照林路二段","k":4},"geometry":{"type":"LineString","coordinates":[[121.6795,24.67795],[121.67993,24.67671],[121.67995,24.67649],[121.68004,24.67009]]}},{"type":"Feature","properties":{"n":"田心橋","k":4},"geometry":{"type":"LineString","coordinates":[[121.68004,24.67009],[121.68005,24.66938]]}},{"type":"Feature","properties":{"n":"萬德二路","k":5},"geometry":{"type":"LineString","coordinates":[[121.6615,24.68779],[121.66181,24.68042],[121.6616,24.68009],[121.66155,24.67934],[121.66168,24.67529]]}},{"type":"Feature","properties":{"n":"萬富一號橋","k":4},"geometry":{"type":"LineString","coordinates":[[121.66905,24.67362],[121.66896,24.67351]]}},{"type":"Feature","properties":{"n":"上將路五段","k":3},"geometry":{"type":"LineString","coordinates":[[121.68899,24.68146],[121.68485,24.6797],[121.67853,24.67762],[121.67043,24.67535],[121.66641,24.67555],[121.66328,24.67565],[121.66176,24.676]]}},{"type":"Feature","properties":{"n":"行健溪一路二段","k":5},"geometry":{"type":"LineString","coordinates":[[121.6709,24.67309],[121.67132,24.67314],[121.67827,24.67599],[121.67901,24.67614],[121.67951,24.67617],[121.68292,24.67586],[121.68703,24.67561],[121.68906,24.67562]]}},{"type":"Feature","properties":{"n":"德富路","k":5},"geometry":{"type":"LineString","coordinates":[[121.66594,24.68836],[121.6664,24.67666],[121.66634,24.67379]]}},{"type":"Feature","properties":{"n":"富貴三路","k":5},"geometry":{"type":"LineString","coordinates":[[121.66971,24.67538],[121.66956,24.67861],[121.66937,24.67976],[121.66918,24.68452],[121.66938,24.68543],[121.66925,24.68895]]}},{"type":"Feature","properties":{"n":"行健溪二路二段","k":5},"geometry":{"type":"LineString","coordinates":[[121.6711,24.6735],[121.67119,24.67347],[121.67205,24.6738],[121.67766,24.67614],[121.6784,24.67637],[121.67918,24.67652],[121.68691,24.67599],[121.68905,24.67599]]}},{"type":"Feature","properties":{"n":"富貴二路","k":5},"geometry":{"type":"LineString","coordinates":[[121.67203,24.6839],[121.67194,24.68345],[121.67137,24.67438],[121.67106,24.67354],[121.6711,24.6735]]}},{"type":"Feature","properties":{"n":"照林路三段","k":4},"geometry":{"type":"LineString","coordinates":[[121.67318,24.69037],[121.67438,24.69133],[121.67494,24.69141],[121.67534,24.69134],[121.67634,24.68832],[121.6795,24.67795]]}},{"type":"Feature","properties":{"n":"萬富二路","k":5},"geometry":{"type":"LineString","coordinates":[[121.67982,24.67703],[121.6823,24.67723],[121.68275,24.67747],[121.68438,24.67794],[121.68604,24.67877],[121.68757,24.679],[121.68901,24.6791]]}},{"type":"Feature","properties":{"n":"富貴一路","k":5},"geometry":{"type":"LineString","coordinates":[[121.68441,24.67613],[121.68436,24.67954],[121.68288,24.68575],[121.68184,24.69051]]}},{"type":"Feature","properties":{"n":"義富一路","k":5},"geometry":{"type":"LineString","coordinates":[[121.68502,24.68295],[121.68501,24.68317],[121.68511,24.6832],[121.68723,24.68339],[121.68765,24.6836],[121.69018,24.68361],[121.69582,24.68491]]}},{"type":"Feature","properties":{"n":"萬富一路","k":5},"geometry":{"type":"LineString","coordinates":[[121.6844,24.67746],[121.68529,24.67745],[121.6853,24.67758],[121.68825,24.6776],[121.68903,24.67792]]}},{"type":"Feature","properties":{"n":"中山路三段","k":5},"geometry":{"type":"LineString","coordinates":[[121.65236,24.69182],[121.65247,24.69138],[121.65325,24.68925],[121.65281,24.68734],[121.65281,24.68631]]}},{"type":"Feature","properties":{"n":"貴林路","k":4},"geometry":{"type":"LineString","coordinates":[[121.65281,24.68631],[121.65514,24.68708],[121.656,24.68733],[121.65648,24.68742],[121.66319,24.68792],[121.6681,24.68871],[121.66925,24.68895],[121.66983,24.68914],[121.67298,24.68934]]}},{"type":"Feature","properties":{"n":"粗坑路","k":5},"geometry":{"type":"LineString","coordinates":[[121.64971,24.70946],[121.64872,24.71017],[121.64849,24.71028],[121.64818,24.7103],[121.64801,24.71028],[121.64697,24.70964],[121.64618,24.70954],[121.64552,24.70968],[121.64521,24.70953],[121.64507,24.70931],[121.64456,24.70912],[121.644,24.70914],[121.64375,24.70897],[121.64148,24.7085]]}},{"type":"Feature","properties":{"n":"粗坑路","k":5},"geometry":{"type":"LineString","coordinates":[[121.64801,24.71028],[121.64691,24.71067],[121.64532,24.71105],[121.64429,24.71185],[121.64346,24.71205],[121.6428,24.7119],[121.64183,24.71194],[121.64143,24.71203],[121.64045,24.71381],[121.64033,24.7149]]}},{"type":"Feature","properties":{"n":"員山路三段330巷","k":5},"geometry":{"type":"LineString","coordinates":[[121.64737,24.70693],[121.64715,24.70715],[121.64713,24.70733],[121.6474,24.7083],[121.64697,24.70964]]}},{"type":"Feature","properties":{"n":"粗坑橋","k":2},"geometry":{"type":"LineString","coordinates":[[121.64997,24.70978],[121.65043,24.71049]]}},{"type":"Feature","properties":{"n":"員山路三段325巷","k":5},"geometry":{"type":"LineString","coordinates":[[121.64862,24.70787],[121.64903,24.70792],[121.64966,24.70819]]}},{"type":"Feature","properties":{"n":"員山路三段325巷","k":5},"geometry":{"type":"LineString","coordinates":[[121.64943,24.7084],[121.6496,24.70815]]}},{"type":"Feature","properties":{"n":"員山路三段320巷","k":5},"geometry":{"type":"LineString","coordinates":[[121.64859,24.70785],[121.64804,24.70824]]}},{"type":"Feature","properties":{"n":"中興路五段","k":4},"geometry":{"type":"LineString","coordinates":[[121.67298,24.68934],[121.67318,24.69037]]}},{"type":"Feature","properties":{"n":"中興路五段","k":4},"geometry":{"type":"LineString","coordinates":[[121.68484,24.69395],[121.68133,24.69376],[121.67814,24.69342],[121.67763,24.69333],[121.67661,24.69326],[121.67568,24.69295],[121.67442,24.69231],[121.67405,24.6922],[121.67438,24.69133]]}},{"type":"Feature","properties":{"n":"安平路二段","k":5},"geometry":{"type":"LineString","coordinates":[[121.68651,24.70057],[121.68189,24.70045],[121.68046,24.70028],[121.67907,24.7],[121.67283,24.69801],[121.67121,24.69733],[121.6701,24.69677],[121.66816,24.6956],[121.66786,24.69561],[121.66694,24.69584],[121.66463,24.69649]]}},{"type":"Feature","properties":{"n":"尚貴路二段","k":5},"geometry":{"type":"LineString","coordinates":[[121.67679,24.68675],[121.6775,24.6866],[121.68522,24.6884],[121.68617,24.68819],[121.68832,24.6885]]}},{"type":"Feature","properties":{"n":"中興六路","k":5},"geometry":{"type":"LineString","coordinates":[[121.68397,24.69248],[121.68591,24.69289],[121.68669,24.6928],[121.6937,24.69271]]}},{"type":"Feature","properties":{"n":"健富路二段","k":4},"geometry":{"type":"LineString","coordinates":[[121.68899,24.68146],[121.68895,24.68565],[121.68889,24.68607],[121.68832,24.6885],[121.68694,24.69409],[121.68651,24.70057]]}},{"type":"Feature","properties":{"n":"中興八路","k":5},"geometry":{"type":"LineString","coordinates":[[121.68688,24.6953],[121.6901,24.69546],[121.69287,24.6963]]}},{"type":"Feature","properties":{"n":"中興九路","k":5},"geometry":{"type":"LineString","coordinates":[[121.68674,24.69715],[121.68997,24.69734],[121.69236,24.69768]]}},{"type":"Feature","properties":{"n":"健富路二段346巷","k":5},"geometry":{"type":"LineString","coordinates":[[121.68788,24.69341],[121.68714,24.69323]]}},{"type":"Feature","properties":{"n":"中興路三段","k":4},"geometry":{"type":"LineString","coordinates":[[121.68694,24.69409],[121.68484,24.69395]]}},{"type":"Feature","properties":{"n":"中興路三段","k":4},"geometry":{"type":"LineString","coordinates":[[121.76361,24.69225],[121.76706,24.69294],[121.77525,24.69284]]}},{"type":"Feature","properties":{"n":"深福路","k":5},"geometry":{"type":"LineString","coordinates":[[121.68631,24.70857],[121.68646,24.7084],[121.6866,24.70837],[121.69591,24.70925],[121.69682,24.70991],[121.69722,24.71003],[121.699,24.71082],[121.69925,24.71124],[121.70293,24.71317],[121.70513,24.71417],[121.70591,24.71415],[121.70633,24.71428],[121.70673,24.71497],[121.70689,24.71508],[121.71182,24.71753],[121.71302,24.71829],[121.71784,24.72055]]}},{"type":"Feature","properties":{"n":"員山路二段345巷","k":5},"geometry":{"type":"LineString","coordinates":[[121.68701,24.71046],[121.68817,24.70854],[121.68845,24.70736]]}},{"type":"Feature","properties":{"n":"中興十一路","k":5},"geometry":{"type":"LineString","coordinates":[[121.69175,24.69922],[121.68662,24.69888]]}},{"type":"Feature","properties":{"n":"員山路二段","k":2},"geometry":{"type":"LineString","coordinates":[[121.71432,24.72754],[121.71327,24.72696],[121.71272,24.72654],[121.71167,24.7255],[121.71028,24.72401],[121.70935,24.72323],[121.7079,24.72214],[121.70722,24.7214],[121.70681,24.72107],[121.70615,24.72061],[121.7048,24.72005],[121.70335,24.71888],[121.70283,24.71852],[121.70163,24.71816],[121.69937,24.71737],[121.69728,24.71617],[121.69128,24.71323],[121.68486,24.70911],[121.68255,24.70784],[121.68222,24.7077],[121.68186,24.70768],[121.68035,24.70795],[121.6791,24.70831],[121.67786,24.70876]]}},{"type":"Feature","properties":{"n":"員山路二段","k":2},"geometry":{"type":"LineString","coordinates":[[121.67782,24.70873],[121.67899,24.70827],[121.6801,24.70794],[121.68185,24.70763],[121.68227,24.70764],[121.68257,24.70778],[121.68486,24.70905],[121.68703,24.71041],[121.69058,24.71275],[121.69131,24.71317],[121.69731,24.71612],[121.69946,24.71735],[121.70165,24.71811],[121.70244,24.71832],[121.70307,24.7186],[121.70465,24.7199],[121.70511,24.72014],[121.70617,24.72055],[121.70721,24.7213],[121.70796,24.72213],[121.70912,24.72299],[121.7103,24.72396],[121.71189,24.72563],[121.71303,24.72672],[121.71435,24.72748]]}},{"type":"Feature","properties":{"n":"內城路","k":4},"geometry":{"type":"LineString","coordinates":[[121.67782,24.70873],[121.67861,24.70929],[121.67914,24.70973],[121.68299,24.71384],[121.68358,24.71458],[121.68509,24.71619],[121.68627,24.71766],[121.6869,24.71837],[121.68747,24.71894],[121.6875,24.71902],[121.68974,24.72144],[121.69022,24.72189],[121.69683,24.72728],[121.69783,24.72832],[121.69831,24.72858],[121.70033,24.72903],[121.70103,24.7293]]}},{"type":"Feature","properties":{"n":"溪洲路","k":4},"geometry":{"type":"LineString","coordinates":[[121.68222,24.7077],[121.68227,24.70764]]}},{"type":"Feature","properties":{"n":"溪洲路","k":4},"geometry":{"type":"LineString","coordinates":[[121.7591,24.71907],[121.75504,24.7192],[121.75294,24.71922],[121.74904,24.71905],[121.74598,24.7188],[121.74471,24.71856],[121.74377,24.71828],[121.74256,24.71781],[121.74108,24.71691],[121.74062,24.71653],[121.74027,24.71616],[121.73872,24.71431],[121.73802,24.71363],[121.73652,24.71249],[121.73464,24.71137],[121.73316,24.71064],[121.7315,24.70995],[121.72984,24.70936],[121.72741,24.70863],[121.72544,24.70814],[121.72362,24.7078]]}},{"type":"Feature","properties":{"n":"溪洲路","k":4},"geometry":{"type":"LineString","coordinates":[[121.76378,24.7186],[121.76295,24.7188]]}},{"type":"Feature","properties":{"n":"三星路二段","k":2},"geometry":{"type":"LineString","coordinates":[[121.69442,24.66763],[121.69508,24.66735],[121.6959,24.66722],[121.70105,24.66727],[121.70131,24.66734],[121.70244,24.66793],[121.70318,24.66824],[121.7054,24.66894],[121.7097,24.66999]]}},{"type":"Feature","properties":{"n":"三星路二段","k":2},"geometry":{"type":"LineString","coordinates":[[121.68915,24.66755],[121.69282,24.66811],[121.69325,24.66809],[121.69363,24.66799]]}},{"type":"Feature","properties":{"n":"大湖橋","k":2},"geometry":{"type":"LineString","coordinates":[[121.69363,24.66799],[121.69442,24.66763]]}},{"type":"Feature","properties":{"n":"健富路一段","k":4},"geometry":{"type":"LineString","coordinates":[[121.68911,24.67047],[121.68906,24.67566]]}},{"type":"Feature","properties":{"n":"健富路一段","k":4},"geometry":{"type":"LineString","coordinates":[[121.68915,24.66755],[121.6891,24.6699]]}},{"type":"Feature","properties":{"n":"健富路一段","k":4},"geometry":{"type":"LineString","coordinates":[[121.68905,24.67595],[121.68899,24.68146]]}},{"type":"Feature","properties":{"n":"三星路二段701巷","k":5},"geometry":{"type":"LineString","coordinates":[[121.6922,24.66491],[121.6922,24.66741]]}},{"type":"Feature","properties":{"n":"健隱橋","k":4},"geometry":{"type":"LineString","coordinates":[[121.6891,24.6699],[121.68911,24.67047]]}},{"type":"Feature","properties":{"n":"三星路二段811巷","k":5},"geometry":{"type":"LineString","coordinates":[[121.68882,24.66513],[121.68873,24.66576],[121.68867,24.66703]]}},{"type":"Feature","properties":{"n":"五分路三段","k":5},"geometry":{"type":"LineString","coordinates":[[121.6949,24.68257],[121.6967,24.68324],[121.69794,24.68341],[121.6993,24.68372],[121.69977,24.68367],[121.70249,24.68385],[121.70489,24.68363],[121.70672,24.68396],[121.70745,24.68392],[121.70778,24.68402],[121.7096,24.68419],[121.71373,24.68475],[121.71622,24.68513],[121.72001,24.68622]]}},{"type":"Feature","properties":{"n":"大排二路一段","k":5},"geometry":{"type":"LineString","coordinates":[[121.69295,24.68285],[121.69315,24.68276],[121.69582,24.68245],[121.69883,24.68178],[121.6993,24.68174],[121.70708,24.6821],[121.70953,24.68207],[121.71173,24.68235],[121.71221,24.68236],[121.71285,24.68225],[121.71328,24.68205],[121.71434,24.68132],[121.71468,24.68122]]}},{"type":"Feature","properties":{"n":"大排一路一段","k":5},"geometry":{"type":"LineString","coordinates":[[121.7144,24.68093],[121.71309,24.68194],[121.7124,24.68216],[121.71166,24.68215],[121.70942,24.68189],[121.7065,24.68188],[121.69899,24.6816],[121.69728,24.68191],[121.69568,24.6823],[121.69254,24.68272]]}},{"type":"Feature","properties":{"n":"深蓁路","k":5},"geometry":{"type":"LineString","coordinates":[[121.69303,24.70955],[121.69493,24.70974],[121.69515,24.71032],[121.69547,24.71049],[121.69731,24.7112],[121.69824,24.71127],[121.69851,24.71179],[121.69867,24.71194],[121.69926,24.7122],[121.69954,24.71245],[121.69994,24.71265],[121.70054,24.71324],[121.70097,24.71356],[121.70182,24.71367],[121.70238,24.71389],[121.7038,24.71469],[121.7063,24.71594],[121.70901,24.71712],[121.7108,24.71782],[121.71146,24.71827],[121.71219,24.71896],[121.71343,24.71972],[121.71611,24.72116],[121.71675,24.72181],[121.7177,24.7222],[121.72103,24.72273],[121.72173,24.72308]]}},{"type":"Feature","properties":{"n":"三星路一段","k":2},"geometry":{"type":"LineString","coordinates":[[121.7097,24.66999],[121.71098,24.67024],[121.72575,24.66968],[121.73046,24.66956]]}},{"type":"Feature","properties":{"n":"尚貴路一段","k":5},"geometry":{"type":"LineString","coordinates":[[121.68832,24.6885],[121.69442,24.68972],[121.71756,24.69639]]}},{"type":"Feature","properties":{"n":"大德路二段","k":5},"geometry":{"type":"LineString","coordinates":[[121.68872,24.68675],[121.69515,24.68787],[121.72164,24.69548]]}},{"type":"Feature","properties":{"n":"星洲路一段","k":5},"geometry":{"type":"LineString","coordinates":[[121.73813,24.70544],[121.73983,24.70708],[121.74094,24.70797],[121.74257,24.70911],[121.74414,24.71009],[121.74664,24.71149],[121.74899,24.71232],[121.75016,24.71256],[121.75264,24.71275],[121.75404,24.71271]]}},{"type":"Feature","properties":{"n":"大埔中路102巷","k":5},"geometry":{"type":"LineString","coordinates":[[121.70937,24.66247],[121.71032,24.66244]]}},{"type":"Feature","properties":{"n":"大隱十六路","k":5},"geometry":{"type":"LineString","coordinates":[[121.70268,24.66949],[121.70297,24.66981],[121.70528,24.67095],[121.70553,24.67115],[121.70963,24.6753]]}},{"type":"Feature","properties":{"n":"大隱八路","k":5},"geometry":{"type":"LineString","coordinates":[[121.71497,24.66448],[121.71024,24.66471],[121.71019,24.66488],[121.70939,24.66499]]}},{"type":"Feature","properties":{"n":"大埔中路","k":4},"geometry":{"type":"LineString","coordinates":[[121.70961,24.67537],[121.70983,24.67415],[121.70984,24.6738],[121.70969,24.67227],[121.70955,24.67134],[121.70972,24.67006],[121.70926,24.66299],[121.70942,24.66257],[121.7092,24.66189],[121.7092,24.65977],[121.70918,24.65959],[121.70911,24.65946],[121.709,24.65942],[121.70823,24.65951]]}},{"type":"Feature","properties":{"n":"尚健二路一段","k":5},"geometry":{"type":"LineString","coordinates":[[121.70165,24.67707],[121.70169,24.67121],[121.70204,24.67031]]}},{"type":"Feature","properties":{"n":"尚健二路一段","k":5},"geometry":{"type":"LineString","coordinates":[[121.70156,24.685],[121.70165,24.67745]]}},{"type":"Feature","properties":{"n":"大隱五路","k":5},"geometry":{"type":"LineString","coordinates":[[121.72488,24.65851],[121.71014,24.65932]]}},{"type":"Feature","properties":{"n":"大埔中路341巷","k":5},"geometry":{"type":"LineString","coordinates":[[121.70955,24.67129],[121.70606,24.66963],[121.70578,24.66933],[121.70576,24.66922]]}},{"type":"Feature","properties":{"n":"三星路二段298巷","k":5},"geometry":{"type":"LineString","coordinates":[[121.70212,24.66777],[121.70206,24.66802],[121.70268,24.66949]]}},{"type":"Feature","properties":{"n":"行健橋","k":5},"geometry":{"type":"LineString","coordinates":[[121.70204,24.67031],[121.70262,24.66958]]}},{"type":"Feature","properties":{"n":"大埔中路309巷51弄","k":5},"geometry":{"type":"LineString","coordinates":[[121.70715,24.66886],[121.70718,24.66874]]}},{"type":"Feature","properties":{"n":"健富橋","k":4},"geometry":{"type":"LineString","coordinates":[[121.68906,24.67566],[121.68905,24.67595]]}},{"type":"Feature","properties":{"n":"尚健五路二段","k":5},"geometry":{"type":"LineString","coordinates":[[121.68972,24.70064],[121.68993,24.69748],[121.69006,24.69664],[121.69017,24.69423],[121.69106,24.69077],[121.69185,24.68728],[121.69295,24.68285]]}},{"type":"Feature","properties":{"n":"大義二路","k":5},"geometry":{"type":"LineString","coordinates":[[121.69729,24.68058],[121.6993,24.6806],[121.69971,24.68049],[121.70031,24.6806],[121.70715,24.68062],[121.71021,24.68082],[121.71104,24.68037],[121.71294,24.6799]]}},{"type":"Feature","properties":{"n":"上將路三段","k":3},"geometry":{"type":"LineString","coordinates":[[121.71937,24.68752],[121.71715,24.68654],[121.71461,24.68607],[121.69821,24.68471],[121.69714,24.68436],[121.69441,24.68335],[121.69028,24.68198],[121.68899,24.68146]]}},{"type":"Feature","properties":{"n":"林舍路","k":5},"geometry":{"type":"LineString","coordinates":[[121.69085,24.67599],[121.6905,24.67973],[121.69032,24.68074]]}},{"type":"Feature","properties":{"n":"林舍路","k":5},"geometry":{"type":"LineString","coordinates":[[121.69037,24.68075],[121.69023,24.68196]]}},{"type":"Feature","properties":{"n":"林舍路","k":5},"geometry":{"type":"LineString","coordinates":[[121.69034,24.682],[121.69016,24.68257]]}},{"type":"Feature","properties":{"n":"行健溪二路一段","k":5},"geometry":{"type":"LineString","coordinates":[[121.68905,24.67599],[121.69085,24.67599],[121.69155,24.67607],[121.69617,24.67747],[121.69732,24.67764],[121.69833,24.67755],[121.70599,24.67735],[121.70656,24.67754],[121.70841,24.67855],[121.7087,24.67877],[121.71006,24.67941],[121.71042,24.67946],[121.71201,24.67937]]}},{"type":"Feature","properties":{"n":"行健溪一路一段","k":5},"geometry":{"type":"LineString","coordinates":[[121.68906,24.67562],[121.69096,24.67563],[121.69168,24.6757],[121.69644,24.67717],[121.69705,24.67725],[121.70165,24.67707],[121.70597,24.67698],[121.70684,24.67727],[121.71018,24.67907],[121.71041,24.67911],[121.71197,24.679]]}},{"type":"Feature","properties":{"n":"健富路一段319巷","k":5},"geometry":{"type":"LineString","coordinates":[[121.68757,24.679],[121.68756,24.68],[121.689,24.68001]]}},{"type":"Feature","properties":{"n":"石頭城橋","k":5},"geometry":{"type":"LineString","coordinates":[[121.70165,24.67745],[121.70165,24.67712]]}},{"type":"Feature","properties":{"n":"大義路","k":5},"geometry":{"type":"LineString","coordinates":[[121.70165,24.67712],[121.70165,24.67707]]}},{"type":"Feature","properties":{"n":"行健五路88巷","k":5},"geometry":{"type":"LineString","coordinates":[[121.70664,24.67566],[121.70664,24.67611],[121.70687,24.67635]]}},{"type":"Feature","properties":{"n":"義隱二號橋","k":4},"geometry":{"type":"LineString","coordinates":[[121.70939,24.67628],[121.70961,24.67537]]}},{"type":"Feature","properties":{"n":"尚健一路一段","k":4},"geometry":{"type":"LineString","coordinates":[[121.70879,24.67837],[121.70918,24.67716],[121.70939,24.67628]]}},{"type":"Feature","properties":{"n":"尚健一路一段","k":4},"geometry":{"type":"LineString","coordinates":[[121.70872,24.6787],[121.70796,24.68211],[121.70747,24.68546]]}},{"type":"Feature","properties":{"n":"安農北路三段","k":5},"geometry":{"type":"LineString","coordinates":[[121.71197,24.67903],[121.71192,24.6789],[121.71006,24.67704],[121.70684,24.67402]]}},{"type":"Feature","properties":{"n":"安農北路三段","k":5},"geometry":{"type":"LineString","coordinates":[[121.71444,24.68096],[121.71378,24.68058],[121.71259,24.67956],[121.71201,24.67934]]}},{"type":"Feature","properties":{"n":"義隱橋","k":4},"geometry":{"type":"LineString","coordinates":[[121.70879,24.67837],[121.70872,24.6787]]}},{"type":"Feature","properties":{"n":"農行橋","k":5},"geometry":{"type":"LineString","coordinates":[[121.71201,24.67934],[121.71197,24.67903]]}},{"type":"Feature","properties":{"n":"大隱五路292巷","k":5},"geometry":{"type":"LineString","coordinates":[[121.71372,24.65915],[121.71379,24.66027]]}},{"type":"Feature","properties":{"n":"大埔三路","k":5},"geometry":{"type":"LineString","coordinates":[[121.71981,24.67007],[121.72004,24.67128],[121.71924,24.68191]]}},{"type":"Feature","properties":{"n":"農義路二段","k":4},"geometry":{"type":"LineString","coordinates":[[121.71533,24.67013],[121.71539,24.67927],[121.71536,24.68022]]}},{"type":"Feature","properties":{"n":"農義路二段","k":4},"geometry":{"type":"LineString","coordinates":[[121.715,24.68125],[121.7133,24.68594]]}},{"type":"Feature","properties":{"n":"大埔二路","k":5},"geometry":{"type":"LineString","coordinates":[[121.72177,24.67868],[121.72243,24.66997]]}},{"type":"Feature","properties":{"n":"大埔二路","k":5},"geometry":{"type":"LineString","coordinates":[[121.72242,24.66987],[121.72242,24.66982]]}},{"type":"Feature","properties":{"n":"大隱中路59巷","k":5},"geometry":{"type":"LineString","coordinates":[[121.72673,24.66746],[121.72649,24.66387]]}},{"type":"Feature","properties":{"n":"金陵新村","k":5},"geometry":{"type":"LineString","coordinates":[[121.73703,24.66159],[121.73731,24.66136],[121.73724,24.6603]]}},{"type":"Feature","properties":{"n":"梅花路550巷","k":5},"geometry":{"type":"LineString","coordinates":[[121.73809,24.66255],[121.73753,24.663]]}},{"type":"Feature","properties":{"n":"梅花路550巷2弄","k":5},"geometry":{"type":"LineString","coordinates":[[121.73753,24.663],[121.73796,24.66338]]}},{"type":"Feature","properties":{"n":"梅花路550巷1弄","k":5},"geometry":{"type":"LineString","coordinates":[[121.73773,24.66279],[121.73743,24.66251]]}},{"type":"Feature","properties":{"n":"梅花路500巷","k":5},"geometry":{"type":"LineString","coordinates":[[121.73485,24.66674],[121.7378,24.66439],[121.73881,24.6632]]}},{"type":"Feature","properties":{"n":"梅花路744巷","k":5},"geometry":{"type":"LineString","coordinates":[[121.73485,24.65961],[121.73074,24.66337]]}},{"type":"Feature","properties":{"n":"廣興大橋","k":2},"geometry":{"type":"LineString","coordinates":[[121.73903,24.66902],[121.7331,24.66943],[121.73046,24.66956]]}},{"type":"Feature","properties":{"n":"境安路","k":5},"geometry":{"type":"LineString","coordinates":[[121.74661,24.68705],[121.74486,24.68353],[121.74396,24.6819],[121.74238,24.67948],[121.74081,24.67744],[121.73913,24.67552],[121.73794,24.67439],[121.73254,24.6699]]}},{"type":"Feature","properties":{"n":"廣興路529巷2弄","k":5},"geometry":{"type":"LineString","coordinates":[[121.74178,24.6686],[121.73847,24.66558],[121.73793,24.6649],[121.73755,24.6646]]}},{"type":"Feature","properties":{"n":"梅花路500巷50弄","k":5},"geometry":{"type":"LineString","coordinates":[[121.73819,24.66395],[121.74008,24.66563]]}},{"type":"Feature","properties":{"n":"梅花路500巷200弄","k":5},"geometry":{"type":"LineString","coordinates":[[121.73188,24.66232],[121.73587,24.66591]]}},{"type":"Feature","properties":{"n":"廣興路682巷","k":5},"geometry":{"type":"LineString","coordinates":[[121.75322,24.69082],[121.75233,24.68896],[121.75214,24.68887],[121.75131,24.68881],[121.75103,24.68859],[121.74829,24.68292],[121.74808,24.68238],[121.74741,24.68121],[121.74421,24.6763],[121.74275,24.6742],[121.74127,24.67234],[121.74051,24.67151],[121.73822,24.66933]]}},{"type":"Feature","properties":{"n":"廣興路","k":2},"geometry":{"type":"LineString","coordinates":[[121.75356,24.6714],[121.74911,24.66985],[121.74817,24.66964],[121.74457,24.66925],[121.74294,24.66916],[121.74135,24.66884],[121.73903,24.66902]]}},{"type":"Feature","properties":{"n":"梅花路501巷","k":5},"geometry":{"type":"LineString","coordinates":[[121.73881,24.6632],[121.73953,24.66225],[121.73978,24.66205],[121.74049,24.66093]]}},{"type":"Feature","properties":{"n":"柯林路","k":4},"geometry":{"type":"LineString","coordinates":[[121.73254,24.6699],[121.73259,24.67069],[121.73269,24.67103],[121.73263,24.67138],[121.73282,24.67522],[121.73427,24.67777],[121.73499,24.67894],[121.73631,24.6801],[121.73631,24.6804],[121.73638,24.68048],[121.7367,24.68066],[121.73705,24.68069],[121.73734,24.6809],[121.74135,24.68432],[121.74176,24.68445],[121.74239,24.68483],[121.74293,24.68476],[121.74347,24.68491]]}},{"type":"Feature","properties":{"n":"柯林一路","k":5},"geometry":{"type":"LineString","coordinates":[[121.73046,24.66956],[121.73052,24.67027]]}},{"type":"Feature","properties":{"n":"廣興路665巷","k":5},"geometry":{"type":"LineString","coordinates":[[121.73587,24.66591],[121.73866,24.66845],[121.73866,24.66892]]}},{"type":"Feature","properties":{"n":"義洲路一段","k":5},"geometry":{"type":"LineString","coordinates":[[121.71937,24.68752],[121.72111,24.68409]]}},{"type":"Feature","properties":{"n":"大埔三路268巷","k":5},"geometry":{"type":"LineString","coordinates":[[121.71942,24.67947],[121.72161,24.68075]]}},{"type":"Feature","properties":{"n":"安農北路二段","k":5},"geometry":{"type":"LineString","coordinates":[[121.73267,24.6914],[121.72572,24.68667],[121.72438,24.68599],[121.72291,24.68557],[121.72252,24.68538],[121.72244,24.6853],[121.72272,24.68479],[121.72044,24.68377],[121.71948,24.68315],[121.7156,24.68143],[121.71497,24.68131]]}},{"type":"Feature","properties":{"n":"安農北路二段","k":5},"geometry":{"type":"LineString","coordinates":[[121.73799,24.69182],[121.73749,24.69171],[121.73671,24.69172],[121.73509,24.69194],[121.7342,24.69188],[121.73326,24.69171]]}},{"type":"Feature","properties":{"n":"大隱十五路","k":5},"geometry":{"type":"LineString","coordinates":[[121.72711,24.68435],[121.72676,24.68411],[121.72535,24.68342],[121.72154,24.68168],[121.71989,24.68122],[121.71834,24.68059],[121.71793,24.68031],[121.71726,24.67968],[121.71689,24.67946],[121.71604,24.67928],[121.71539,24.67927]]}},{"type":"Feature","properties":{"n":"安農東西幹一路","k":5},"geometry":{"type":"LineString","coordinates":[[121.71497,24.68131],[121.71468,24.68122],[121.71444,24.68096]]}},{"type":"Feature","properties":{"n":"農義橋","k":4},"geometry":{"type":"LineString","coordinates":[[121.71536,24.68022],[121.715,24.68125]]}},{"type":"Feature","properties":{"n":"光華五路","k":5},"geometry":{"type":"LineString","coordinates":[[121.73808,24.68017],[121.74081,24.67744]]}},{"type":"Feature","properties":{"n":"光華五路","k":5},"geometry":{"type":"LineString","coordinates":[[121.73734,24.6809],[121.73803,24.68022]]}},{"type":"Feature","properties":{"n":"柯林新路","k":5},"geometry":{"type":"LineString","coordinates":[[121.72853,24.68243],[121.72917,24.68322],[121.72953,24.68348],[121.73263,24.68416],[121.73545,24.68584]]}},{"type":"Feature","properties":{"n":"光華一路","k":5},"geometry":{"type":"LineString","coordinates":[[121.72822,24.68282],[121.72755,24.68396],[121.72805,24.68459],[121.72859,24.68493],[121.73061,24.68545],[121.73147,24.6856],[121.73184,24.68562],[121.73277,24.68552]]}},{"type":"Feature","properties":{"n":"尚健三路二段","k":4},"geometry":{"type":"LineString","coordinates":[[121.69349,24.69414],[121.6939,24.6914],[121.69442,24.68972],[121.69483,24.68903],[121.69512,24.68815],[121.69536,24.68627],[121.69561,24.68528],[121.69576,24.68507]]}},{"type":"Feature","properties":{"n":"尚健三路三段","k":5},"geometry":{"type":"LineString","coordinates":[[121.69378,24.69412],[121.6937,24.6945],[121.69319,24.69538],[121.69225,24.69803],[121.6919,24.69874],[121.69132,24.70067]]}},{"type":"Feature","properties":{"n":"中興三路","k":5},"geometry":{"type":"LineString","coordinates":[[121.69365,24.69459],[121.70112,24.69666]]}},{"type":"Feature","properties":{"n":"中興五路","k":5},"geometry":{"type":"LineString","coordinates":[[121.69291,24.69619],[121.69459,24.69643],[121.69527,24.69676],[121.69626,24.69684],[121.69667,24.69728],[121.69724,24.69743],[121.6978,24.69735],[121.69865,24.69737],[121.70008,24.69716],[121.70096,24.69731],[121.70141,24.69586]]}},{"type":"Feature","properties":{"n":"中興一路","k":5},"geometry":{"type":"LineString","coordinates":[[121.70737,24.6956],[121.69963,24.69335],[121.69935,24.69345],[121.69869,24.69337]]}},{"type":"Feature","properties":{"n":"尚健二路二段","k":5},"geometry":{"type":"LineString","coordinates":[[121.69811,24.6948],[121.69878,24.69312],[121.70156,24.685]]}},{"type":"Feature","properties":{"n":"中興七路","k":5},"geometry":{"type":"LineString","coordinates":[[121.68779,24.69414],[121.68829,24.6953],[121.69009,24.6954],[121.69072,24.69558],[121.69077,24.69538],[121.69319,24.69538]]}},{"type":"Feature","properties":{"n":"中興六路138巷","k":5},"geometry":{"type":"LineString","coordinates":[[121.68788,24.69341],[121.68813,24.69301],[121.68813,24.69279]]}},{"type":"Feature","properties":{"n":"中興路二段345巷","k":5},"geometry":{"type":"LineString","coordinates":[[121.68779,24.69414],[121.68784,24.69368],[121.68804,24.69362],[121.68808,24.69349],[121.68788,24.69341]]}},{"type":"Feature","properties":{"n":"中興二路","k":5},"geometry":{"type":"LineString","coordinates":[[121.69878,24.69312],[121.69388,24.69172]]}},{"type":"Feature","properties":{"n":"農義路三段","k":4},"geometry":{"type":"LineString","coordinates":[[121.7133,24.68594],[121.71237,24.68856],[121.71223,24.6892],[121.71205,24.68951],[121.70967,24.69646]]}},{"type":"Feature","properties":{"n":"尚健一路二段","k":5},"geometry":{"type":"LineString","coordinates":[[121.70332,24.69623],[121.70703,24.68544]]}},{"type":"Feature","properties":{"n":"中興路一段","k":4},"geometry":{"type":"LineString","coordinates":[[121.70332,24.69623],[121.70512,24.69614],[121.70774,24.69551],[121.7081,24.6955],[121.70935,24.69638],[121.71185,24.69717],[121.71278,24.69743],[121.71414,24.69739],[121.71639,24.69722],[121.71681,24.69708],[121.71727,24.69653],[121.71756,24.69639],[121.72164,24.69548]]}},{"type":"Feature","properties":{"n":"中興路一段","k":4},"geometry":{"type":"LineString","coordinates":[[121.79478,24.68795],[121.79338,24.68835],[121.78931,24.68906],[121.78657,24.69014]]}},{"type":"Feature","properties":{"n":"中興路一段","k":4},"geometry":{"type":"LineString","coordinates":[[121.79784,24.68665],[121.79754,24.68676],[121.79626,24.6875],[121.79504,24.68787]]}},{"type":"Feature","properties":{"n":"成功二路","k":5},"geometry":{"type":"LineString","coordinates":[[121.69707,24.70739],[121.69638,24.71083],[121.6942,24.71459],[121.6941,24.71461]]}},{"type":"Feature","properties":{"n":"惠深二路二段","k":5},"geometry":{"type":"LineString","coordinates":[[121.69707,24.70739],[121.69716,24.70752],[121.69758,24.70772],[121.69793,24.70775],[121.69865,24.70829],[121.70379,24.71113],[121.71838,24.71832]]}},{"type":"Feature","properties":{"n":"水源二路","k":5},"geometry":{"type":"LineString","coordinates":[[121.69828,24.71316],[121.69891,24.71205],[121.70076,24.70744]]}},{"type":"Feature","properties":{"n":"成功三路","k":5},"geometry":{"type":"LineString","coordinates":[[121.69328,24.70736],[121.69303,24.70955],[121.69262,24.71102],[121.69128,24.71323]]}},{"type":"Feature","properties":{"n":"成功二路51巷","k":5},"geometry":{"type":"LineString","coordinates":[[121.69585,24.71173],[121.69342,24.71036],[121.69284,24.71029]]}},{"type":"Feature","properties":{"n":"水源路","k":5},"geometry":{"type":"LineString","coordinates":[[121.70536,24.72029],[121.70577,24.71895],[121.71274,24.70736]]}},{"type":"Feature","properties":{"n":"水源路","k":5},"geometry":{"type":"LineString","coordinates":[[121.75293,24.66788],[121.75247,24.66941],[121.75239,24.67098],[121.75225,24.67172]]}},{"type":"Feature","properties":{"n":"水源路","k":5},"geometry":{"type":"LineString","coordinates":[[121.75303,24.66762],[121.75294,24.66781]]}},{"type":"Feature","properties":{"n":"水源路","k":5},"geometry":{"type":"LineString","coordinates":[[121.74418,24.77684],[121.73971,24.77229]]}},{"type":"Feature","properties":{"n":"深洲一路","k":5},"geometry":{"type":"LineString","coordinates":[[121.70249,24.70746],[121.70239,24.70824],[121.70462,24.70919],[121.71729,24.71538],[121.71942,24.71658],[121.71982,24.71766],[121.71993,24.71834],[121.71992,24.71882]]}},{"type":"Feature","properties":{"n":"深洲一路","k":5},"geometry":{"type":"LineString","coordinates":[[121.72377,24.71857],[121.72316,24.71844],[121.72165,24.71765],[121.72068,24.71786],[121.72024,24.7178],[121.71982,24.71766]]}},{"type":"Feature","properties":{"n":"水源一路","k":5},"geometry":{"type":"LineString","coordinates":[[121.70257,24.714],[121.70531,24.70749]]}},{"type":"Feature","properties":{"n":"義洲路二段","k":5},"geometry":{"type":"LineString","coordinates":[[121.71888,24.68729],[121.71831,24.68892],[121.71804,24.68945],[121.71716,24.69203]]}},{"type":"Feature","properties":{"n":"上將路二段","k":3},"geometry":{"type":"LineString","coordinates":[[121.73718,24.69959],[121.73571,24.69825],[121.73213,24.69532],[121.72971,24.69365],[121.72886,24.69276],[121.72838,24.69212],[121.72707,24.69111],[121.72637,24.69094],[121.72425,24.68999],[121.71937,24.68752]]}},{"type":"Feature","properties":{"n":"五分路二段","k":5},"geometry":{"type":"LineString","coordinates":[[121.72001,24.68622],[121.72642,24.68933],[121.73544,24.69575]]}},{"type":"Feature","properties":{"n":"大洲原路","k":4},"geometry":{"type":"LineString","coordinates":[[121.72164,24.69548],[121.72432,24.69431],[121.72514,24.69431],[121.72575,24.69414],[121.727,24.69397],[121.72767,24.69376],[121.72784,24.69368],[121.72886,24.69276]]}},{"type":"Feature","properties":{"n":"尚大路","k":5},"geometry":{"type":"LineString","coordinates":[[121.71769,24.69635],[121.71819,24.69656],[121.72643,24.69894],[121.72646,24.69898],[121.72604,24.69917],[121.72616,24.69946],[121.72677,24.69985],[121.72699,24.69988]]}},{"type":"Feature","properties":{"n":"義洲路三段","k":5},"geometry":{"type":"LineString","coordinates":[[121.71716,24.69203],[121.71594,24.69488],[121.71462,24.69736],[121.71454,24.6974],[121.71401,24.69886]]}},{"type":"Feature","properties":{"n":"大德路一段","k":5},"geometry":{"type":"LineString","coordinates":[[121.72164,24.69548],[121.72822,24.69741]]}},{"type":"Feature","properties":{"n":"長春路159巷","k":5},"geometry":{"type":"LineString","coordinates":[[121.73697,24.68625],[121.73885,24.68751]]}},{"type":"Feature","properties":{"n":"安農八路","k":5},"geometry":{"type":"LineString","coordinates":[[121.7361,24.68908],[121.73656,24.68948],[121.73731,24.69058]]}},{"type":"Feature","properties":{"n":"長春路","k":4},"geometry":{"type":"LineString","coordinates":[[121.73757,24.68825],[121.73495,24.68977]]}},{"type":"Feature","properties":{"n":"長春路","k":4},"geometry":{"type":"LineString","coordinates":[[121.74165,24.68597],[121.7408,24.68649],[121.74026,24.68674],[121.73775,24.68814]]}},{"type":"Feature","properties":{"n":"長春路","k":4},"geometry":{"type":"LineString","coordinates":[[121.74347,24.68491],[121.74509,24.6842]]}},{"type":"Feature","properties":{"n":"柯仔林橋","k":4},"geometry":{"type":"LineString","coordinates":[[121.73775,24.68814],[121.73757,24.68825]]}},{"type":"Feature","properties":{"n":"安農北路一段","k":5},"geometry":{"type":"LineString","coordinates":[[121.75231,24.70614],[121.75157,24.70432],[121.75114,24.70244],[121.75073,24.70121],[121.75021,24.70019],[121.75002,24.69995],[121.74943,24.69951],[121.74865,24.69912],[121.74702,24.69888],[121.74681,24.69858],[121.74685,24.69834],[121.74512,24.69756],[121.74435,24.69699],[121.74395,24.69665],[121.74235,24.69484],[121.74073,24.69355],[121.74027,24.69333],[121.73933,24.69331],[121.73926,24.69322],[121.73938,24.6928],[121.73937,24.69261],[121.73862,24.69211],[121.73799,24.69182]]}},{"type":"Feature","properties":{"n":"大洲路","k":4},"geometry":{"type":"LineString","coordinates":[[121.72714,24.69989],[121.72848,24.69678],[121.72903,24.69564],[121.72924,24.69526],[121.7298,24.69456]]}},{"type":"Feature","properties":{"n":"大洲路","k":4},"geometry":{"type":"LineString","coordinates":[[121.73197,24.6923],[121.72988,24.69446]]}},{"type":"Feature","properties":{"n":"安農三路","k":5},"geometry":{"type":"LineString","coordinates":[[121.73939,24.6876],[121.73955,24.68835],[121.74322,24.69375],[121.74305,24.69388]]}},{"type":"Feature","properties":{"n":"大洲橋","k":4},"geometry":{"type":"LineString","coordinates":[[121.73495,24.68977],[121.73392,24.69042],[121.73197,24.6923]]}},{"type":"Feature","properties":{"n":"尾塹二路","k":5},"geometry":{"type":"LineString","coordinates":[[121.73613,24.6947],[121.74476,24.69937],[121.74572,24.69949],[121.74583,24.6996],[121.74588,24.69987],[121.74694,24.70044],[121.74779,24.70074],[121.74844,24.70136],[121.74858,24.70187],[121.74856,24.70257]]}},{"type":"Feature","properties":{"n":"尾塹一路","k":5},"geometry":{"type":"LineString","coordinates":[[121.7372,24.69307],[121.74395,24.69665]]}},{"type":"Feature","properties":{"n":"星洲路二段","k":5},"geometry":{"type":"LineString","coordinates":[[121.72999,24.69433],[121.73131,24.69558],[121.73334,24.69799],[121.73417,24.69934],[121.73484,24.70112],[121.73531,24.70198],[121.73657,24.70372],[121.73813,24.70544]]}},{"type":"Feature","properties":{"n":"安農路","k":5},"geometry":{"type":"LineString","coordinates":[[121.74804,24.69403],[121.74797,24.69313],[121.74782,24.69259],[121.74578,24.68812],[121.74457,24.68701],[121.74355,24.68619],[121.74306,24.686],[121.74272,24.68594],[121.74197,24.68592],[121.74179,24.68602],[121.74167,24.68586],[121.7414,24.68592],[121.73788,24.6859],[121.73739,24.68599],[121.73706,24.68614],[121.73684,24.68636],[121.73664,24.68635],[121.73568,24.68692],[121.73483,24.68717],[121.73448,24.68716],[121.73112,24.68658],[121.72875,24.68605]]}},{"type":"Feature","properties":{"n":"安農九路","k":5},"geometry":{"type":"LineString","coordinates":[[121.72822,24.68701],[121.73351,24.69055]]}},{"type":"Feature","properties":{"n":"安農九路","k":5},"geometry":{"type":"LineString","coordinates":[[121.74545,24.69638],[121.74655,24.69699],[121.75017,24.6986],[121.75045,24.69851]]}},{"type":"Feature","properties":{"n":"安農九路","k":5},"geometry":{"type":"LineString","coordinates":[[121.73389,24.69071],[121.73533,24.69082],[121.73731,24.69058],[121.73851,24.69077],[121.73921,24.69107],[121.73997,24.69164],[121.74055,24.69195],[121.74074,24.69217],[121.7419,24.69295],[121.74305,24.69388],[121.74363,24.69443],[121.74541,24.69641]]}},{"type":"Feature","properties":{"n":"安農六路","k":5},"geometry":{"type":"LineString","coordinates":[[121.73686,24.68865],[121.73707,24.68885],[121.73763,24.6892],[121.73872,24.68969],[121.73954,24.69084],[121.73937,24.69119]]}},{"type":"Feature","properties":{"n":"安農七路","k":5},"geometry":{"type":"LineString","coordinates":[[121.73132,24.68677],[121.73494,24.68925],[121.73528,24.68955]]}},{"type":"Feature","properties":{"n":"五分路一段","k":5},"geometry":{"type":"LineString","coordinates":[[121.73544,24.69575],[121.73738,24.69714],[121.74288,24.70009]]}},{"type":"Feature","properties":{"n":"大洲二號橋","k":4},"geometry":{"type":"LineString","coordinates":[[121.7298,24.69456],[121.72988,24.69446]]}},{"type":"Feature","properties":{"n":"大洲路","k":5},"geometry":{"type":"LineString","coordinates":[[121.72886,24.69276],[121.72903,24.69265],[121.72997,24.69244],[121.73029,24.69208]]}},{"type":"Feature","properties":{"n":"富民路","k":5},"geometry":{"type":"LineString","coordinates":[[121.73799,24.69182],[121.73544,24.69575],[121.73417,24.69699]]}},{"type":"Feature","properties":{"n":"葫蘆堵大橋","k":4},"geometry":{"type":"LineString","coordinates":[[121.72263,24.71002],[121.72714,24.69989]]}},{"type":"Feature","properties":{"n":"思源路","k":5},"geometry":{"type":"LineString","coordinates":[[121.70947,24.72299],[121.71003,24.72215],[121.71045,24.7212],[121.71154,24.7196],[121.71254,24.71794],[121.71574,24.71231],[121.7191,24.70723]]}},{"type":"Feature","properties":{"n":"深洲二路","k":5},"geometry":{"type":"LineString","coordinates":[[121.71433,24.70729],[121.71443,24.70753],[121.71473,24.70771],[121.71486,24.7079],[121.71679,24.70903],[121.71974,24.71091],[121.7216,24.71253],[121.72279,24.71381],[121.7251,24.71553],[121.72881,24.7186],[121.72981,24.71929],[121.73505,24.72127]]}},{"type":"Feature","properties":{"n":"深洲二路","k":5},"geometry":{"type":"LineString","coordinates":[[121.73514,24.7213],[121.73734,24.72213],[121.7381,24.7239],[121.73995,24.72506],[121.74012,24.72542]]}},{"type":"Feature","properties":{"n":"深洲路33巷","k":5},"geometry":{"type":"LineString","coordinates":[[121.71894,24.71039],[121.71934,24.70988],[121.71965,24.709],[121.72212,24.71087]]}},{"type":"Feature","properties":{"n":"尚深路","k":5},"geometry":{"type":"LineString","coordinates":[[121.72398,24.71816],[121.72507,24.71557],[121.72984,24.70936]]}},{"type":"Feature","properties":{"n":"溪洲路508巷","k":5},"geometry":{"type":"LineString","coordinates":[[121.72865,24.7109],[121.72762,24.7104],[121.72747,24.70969],[121.72548,24.70829],[121.72544,24.70814]]}},{"type":"Feature","properties":{"n":"深洲路","k":4},"geometry":{"type":"LineString","coordinates":[[121.71432,24.72754],[121.71758,24.72125],[121.71784,24.72055],[121.71889,24.7161],[121.71926,24.71494],[121.71957,24.71428],[121.72,24.71349],[121.72075,24.7125],[121.72212,24.71087],[121.72263,24.71002]]}},{"type":"Feature","properties":{"n":"長堤路48巷","k":5},"geometry":{"type":"LineString","coordinates":[[121.71718,24.7072],[121.71848,24.70815]]}},{"type":"Feature","properties":{"n":"長堤路32巷","k":5},"geometry":{"type":"LineString","coordinates":[[121.71848,24.70815],[121.71915,24.70859],[121.71917,24.70821],[121.7198,24.70728]]}},{"type":"Feature","properties":{"n":"長堤路32巷","k":5},"geometry":{"type":"LineString","coordinates":[[121.71926,24.70998],[121.71889,24.70919],[121.71896,24.70906],[121.71915,24.70894],[121.71915,24.70859]]}},{"type":"Feature","properties":{"n":"深洲路9巷","k":5},"geometry":{"type":"LineString","coordinates":[[121.72086,24.70737],[121.72299,24.70889]]}},{"type":"Feature","properties":{"n":"上將路二段2巷","k":5},"geometry":{"type":"LineString","coordinates":[[121.73507,24.70153],[121.73718,24.69959]]}},{"type":"Feature","properties":{"n":"上將路一段","k":3},"geometry":{"type":"LineString","coordinates":[[121.73718,24.69959],[121.74456,24.70144],[121.74615,24.70179],[121.74882,24.70263],[121.74933,24.70261],[121.75006,24.70247]]}},{"type":"Feature","properties":{"n":"日興三路","k":5},"geometry":{"type":"LineString","coordinates":[[121.73438,24.6998],[121.74461,24.70905]]}},{"type":"Feature","properties":{"n":"日興二路","k":5},"geometry":{"type":"LineString","coordinates":[[121.73718,24.69959],[121.74718,24.70858]]}},{"type":"Feature","properties":{"n":"上將路一段390巷","k":5},"geometry":{"type":"LineString","coordinates":[[121.73813,24.70544],[121.74089,24.70288],[121.74162,24.70213],[121.74255,24.70093]]}},{"type":"Feature","properties":{"n":"保安二路11巷","k":5},"geometry":{"type":"LineString","coordinates":[[121.7381,24.69859],[121.73999,24.69959],[121.74126,24.70009]]}},{"type":"Feature","properties":{"n":"隘界路","k":2},"geometry":{"type":"LineString","coordinates":[[121.68989,24.74746],[121.68882,24.74781],[121.68861,24.74794],[121.68813,24.74837],[121.68773,24.7485],[121.68094,24.7491],[121.67222,24.74929],[121.67133,24.74941],[121.6696,24.74979],[121.66831,24.74983],[121.66782,24.74996]]}},{"type":"Feature","properties":{"n":"隘界路","k":2},"geometry":{"type":"LineString","coordinates":[[121.66782,24.74996],[121.6682,24.74976],[121.66957,24.7497],[121.67132,24.74932],[121.6722,24.7492],[121.68046,24.74903],[121.68772,24.74841],[121.68804,24.74832],[121.68844,24.74797],[121.68877,24.74776],[121.68908,24.74762],[121.6899,24.74737]]}},{"type":"Feature","properties":{"n":"隘界路","k":2},"geometry":{"type":"LineString","coordinates":[[121.66782,24.74996],[121.66743,24.75027],[121.66722,24.75037],[121.6669,24.75032],[121.66633,24.7501],[121.66619,24.75011],[121.66525,24.75034],[121.664,24.75083],[121.66378,24.7512],[121.66373,24.7516],[121.66379,24.75192],[121.66403,24.7525],[121.66403,24.75271],[121.66399,24.75278],[121.66372,24.7529],[121.66341,24.75316],[121.66305,24.75331],[121.6629,24.75344],[121.66277,24.75367],[121.66268,24.75407],[121.66261,24.75414],[121.66236,24.75411],[121.66209,24.75394],[121.66158,24.75378],[121.66129,24.75357],[121.661,24.75325],[121.66025,24.75298],[121.65958,24.7531],[121.65877,24.75306],[121.65813,24.75324],[121.65799,24.75322],[121.65796,24.7531],[121.65811,24.75289],[121.65858,24.75273],[121.65915,24.75269],[121.65922,24.75265],[121.65926,24.75254],[121.65919,24.75241],[121.65895,24.75234],[121.65837,24.75251],[121.65787,24.75256],[121.65699,24.75301],[121.65673,24.75339],[121.65656,24.75443],[121.65647,24.75462],[121.65631,24.75473],[121.65584,24.75485],[121.65483,24.75479],[121.6547,24.75471],[121.65465,24.75439]]}},{"type":"Feature","properties":{"n":"隘界三路","k":5},"geometry":{"type":"LineString","coordinates":[[121.6878,24.75205],[121.68646,24.75226],[121.68341,24.75213],[121.68291,24.75257],[121.68118,24.75268],[121.67957,24.75307],[121.6779,24.7521],[121.67714,24.75227],[121.67632,24.75166],[121.67298,24.75021],[121.67249,24.74993],[121.67214,24.75005],[121.66973,24.75008],[121.6684,24.75058],[121.66785,24.75069],[121.66718,24.75049],[121.66701,24.75035]]}},{"type":"Feature","properties":{"n":"員山路三段278巷","k":5},"geometry":{"type":"LineString","coordinates":[[121.6509,24.71242],[121.65095,24.71224],[121.6509,24.71128],[121.65097,24.71104]]}},{"type":"Feature","properties":{"n":"員山路三段288巷","k":5},"geometry":{"type":"LineString","coordinates":[[121.64803,24.71147],[121.64844,24.71121],[121.65047,24.71057]]}},{"type":"Feature","properties":{"n":"再連路","k":5},"geometry":{"type":"LineString","coordinates":[[121.67133,24.7132],[121.67192,24.71331],[121.67218,24.71359],[121.67288,24.71403],[121.67301,24.71426],[121.67301,24.71462],[121.67294,24.71495],[121.67272,24.71504]]}},{"type":"Feature","properties":{"n":"榮光路449巷32弄","k":5},"geometry":{"type":"LineString","coordinates":[[121.67802,24.7237],[121.67781,24.72325],[121.67749,24.723],[121.67856,24.72047],[121.6808,24.72133],[121.68104,24.72102],[121.68206,24.72067],[121.68215,24.72059]]}},{"type":"Feature","properties":{"n":"榮光路","k":5},"geometry":{"type":"LineString","coordinates":[[121.67547,24.72465],[121.67608,24.72458],[121.67614,24.72455],[121.67614,24.72437],[121.67647,24.72404],[121.67732,24.72399],[121.67833,24.72356],[121.67907,24.72308],[121.67956,24.72318]]}},{"type":"Feature","properties":{"n":"榮光路","k":5},"geometry":{"type":"LineString","coordinates":[[121.67979,24.72322],[121.68119,24.72363]]}},{"type":"Feature","properties":{"n":"榮光路","k":4},"geometry":{"type":"LineString","coordinates":[[121.67956,24.72318],[121.67979,24.72322]]}},{"type":"Feature","properties":{"n":"榮光路","k":4},"geometry":{"type":"LineString","coordinates":[[121.68119,24.72363],[121.68234,24.72404],[121.68277,24.72414],[121.68357,24.72312],[121.68392,24.72293],[121.6902,24.72026],[121.69129,24.71918],[121.69197,24.7184],[121.69245,24.71711],[121.69342,24.71554],[121.6941,24.71461]]}},{"type":"Feature","properties":{"n":"榮光路449巷","k":5},"geometry":{"type":"LineString","coordinates":[[121.68215,24.72059],[121.68285,24.72081],[121.68357,24.72118],[121.68417,24.72115],[121.68437,24.72125],[121.68511,24.72183],[121.68549,24.72229]]}},{"type":"Feature","properties":{"n":"榮光路449巷","k":5},"geometry":{"type":"LineString","coordinates":[[121.6834,24.71965],[121.68376,24.72004],[121.68373,24.72023],[121.68417,24.72115]]}},{"type":"Feature","properties":{"n":"榮光路449巷","k":5},"geometry":{"type":"LineString","coordinates":[[121.68121,24.71887],[121.68126,24.71916],[121.68141,24.71946],[121.68215,24.72059]]}},{"type":"Feature","properties":{"n":"榮光路449巷","k":5},"geometry":{"type":"LineString","coordinates":[[121.68215,24.72059],[121.68276,24.72008],[121.68501,24.71854]]}},{"type":"Feature","properties":{"n":"榮光路481巷","k":5},"geometry":{"type":"LineString","coordinates":[[121.68416,24.72115],[121.68418,24.72223],[121.68394,24.72228],[121.68392,24.72293]]}},{"type":"Feature","properties":{"n":"內城路592巷","k":5},"geometry":{"type":"LineString","coordinates":[[121.68501,24.71854],[121.68627,24.71766]]}},{"type":"Feature","properties":{"n":"榮光路500巷","k":4},"geometry":{"type":"LineString","coordinates":[[121.68018,24.72528],[121.68035,24.72501]]}},{"type":"Feature","properties":{"n":"榮光路500巷","k":5},"geometry":{"type":"LineString","coordinates":[[121.68018,24.72528],[121.6802,24.72537],[121.68068,24.72571]]}},{"type":"Feature","properties":{"n":"參甲橋","k":4},"geometry":{"type":"LineString","coordinates":[[121.68035,24.72501],[121.68041,24.72485]]}},{"type":"Feature","properties":{"n":"隘界路469巷","k":5},"geometry":{"type":"LineString","coordinates":[[121.67191,24.74932],[121.67189,24.74911],[121.67218,24.74892],[121.6724,24.74826],[121.67201,24.74768],[121.67202,24.7475],[121.67188,24.74713],[121.67192,24.74655],[121.67183,24.74636],[121.67204,24.74607],[121.67288,24.74537],[121.67224,24.74476],[121.67166,24.74444],[121.67093,24.74523]]}},{"type":"Feature","properties":{"n":"隘界路437巷","k":5},"geometry":{"type":"LineString","coordinates":[[121.67349,24.74925],[121.67352,24.74889],[121.67347,24.74865],[121.67362,24.74799],[121.67354,24.74771],[121.67333,24.74759],[121.67334,24.74744],[121.67326,24.74733],[121.6727,24.74717],[121.67268,24.74691],[121.67192,24.74663]]}},{"type":"Feature","properties":{"n":"隘界二路","k":5},"geometry":{"type":"LineString","coordinates":[[121.68414,24.74882],[121.68392,24.74825],[121.68373,24.74814],[121.68336,24.74692],[121.68279,24.74639],[121.68251,24.74628],[121.68241,24.74615],[121.68196,24.74469],[121.68174,24.74432],[121.68169,24.74396],[121.68111,24.74205],[121.68099,24.74199],[121.67919,24.7427],[121.67904,24.74268],[121.67843,24.7419],[121.67753,24.74226],[121.67741,24.74225],[121.67708,24.74178],[121.67665,24.74132],[121.67661,24.74119],[121.6767,24.7407],[121.6768,24.74057],[121.67691,24.74054],[121.67752,24.7408],[121.67767,24.7408],[121.67797,24.74067],[121.67829,24.74041],[121.67852,24.74041],[121.67877,24.74091],[121.67902,24.74105],[121.67944,24.74117],[121.67968,24.74115],[121.68047,24.7407],[121.68057,24.74076],[121.68052,24.74112],[121.68062,24.74119],[121.68118,24.74079],[121.68166,24.74057],[121.68217,24.74052],[121.68255,24.74033],[121.68305,24.74021],[121.6836,24.74018]]}},{"type":"Feature","properties":{"n":"隘界一路","k":5},"geometry":{"type":"LineString","coordinates":[[121.68953,24.74595],[121.68902,24.74617],[121.68867,24.74652],[121.68844,24.74628],[121.68732,24.74663],[121.68651,24.74665],[121.68568,24.7469],[121.68336,24.74692]]}},{"type":"Feature","properties":{"n":"隘界六路","k":5},"geometry":{"type":"LineString","coordinates":[[121.67676,24.7491],[121.67669,24.75067],[121.67629,24.75175]]}},{"type":"Feature","properties":{"n":"隘界六路","k":5},"geometry":{"type":"LineString","coordinates":[[121.67602,24.7525],[121.67567,24.75349],[121.67566,24.75403],[121.67533,24.7554],[121.67532,24.75588],[121.67518,24.75625],[121.67507,24.7572],[121.67522,24.75894],[121.6751,24.75924],[121.67489,24.75951],[121.67452,24.76034],[121.67419,24.76068],[121.67409,24.76094],[121.67384,24.76188],[121.67369,24.76276],[121.67318,24.76369],[121.673,24.76431],[121.67278,24.76479],[121.67266,24.76552],[121.67226,24.7664],[121.67226,24.76689],[121.67127,24.76838],[121.67086,24.76857],[121.67046,24.76855]]}},{"type":"Feature","properties":{"n":"崩山湖橋","k":5},"geometry":{"type":"LineString","coordinates":[[121.67629,24.75175],[121.67602,24.7525]]}},{"type":"Feature","properties":{"n":"二湖路","k":5},"geometry":{"type":"LineString","coordinates":[[121.68327,24.75362],[121.68325,24.75562],[121.68403,24.75556],[121.68387,24.75632],[121.68387,24.75742],[121.68375,24.75772],[121.68373,24.75806],[121.68309,24.75918],[121.68317,24.75933],[121.68327,24.75933],[121.68334,24.75932],[121.68335,24.75904],[121.6837,24.75861],[121.68417,24.75888],[121.68428,24.75905],[121.68492,24.75883],[121.68502,24.75869],[121.68501,24.75847],[121.68518,24.75833],[121.68518,24.75805],[121.68544,24.75765],[121.68545,24.7574],[121.68588,24.75735],[121.68635,24.75701],[121.68641,24.75675],[121.68654,24.75661],[121.68661,24.75617],[121.68658,24.75555],[121.68648,24.75512],[121.68656,24.75433],[121.68681,24.75372],[121.68727,24.7533],[121.68736,24.75313]]}},{"type":"Feature","properties":{"n":"二湖路","k":5},"geometry":{"type":"LineString","coordinates":[[121.6899,24.74741],[121.68996,24.74827],[121.68959,24.74895],[121.68987,24.75041],[121.68984,24.7505],[121.68888,24.75114],[121.68777,24.75212]]}},{"type":"Feature","properties":{"n":"二湖路86巷","k":5},"geometry":{"type":"LineString","coordinates":[[121.68654,24.75661],[121.68656,24.75673],[121.68698,24.75734],[121.68753,24.75793],[121.68779,24.7588],[121.6881,24.75912],[121.68812,24.75933]]}},{"type":"Feature","properties":{"n":"二湖路72巷","k":5},"geometry":{"type":"LineString","coordinates":[[121.6866,24.75597],[121.68747,24.75603],[121.68751,24.75608],[121.68751,24.75621],[121.68743,24.75627],[121.6866,24.75623]]}},{"type":"Feature","properties":{"n":"二湖路67巷","k":5},"geometry":{"type":"LineString","coordinates":[[121.68654,24.75666],[121.68618,24.75657],[121.68573,24.75655],[121.68457,24.7567],[121.68386,24.75692]]}},{"type":"Feature","properties":{"n":"員山路二段175巷","k":5},"geometry":{"type":"LineString","coordinates":[[121.69839,24.7168],[121.7002,24.71419]]}},{"type":"Feature","properties":{"n":"員山路二段237巷","k":5},"geometry":{"type":"LineString","coordinates":[[121.69592,24.7135],[121.69547,24.714],[121.69528,24.71457],[121.6953,24.71477],[121.69511,24.7151]]}},{"type":"Feature","properties":{"n":"員山路二段175巷22弄","k":5},"geometry":{"type":"LineString","coordinates":[[121.7002,24.71419],[121.69834,24.71319]]}},{"type":"Feature","properties":{"n":"成功二路50巷","k":5},"geometry":{"type":"LineString","coordinates":[[121.69834,24.71319],[121.69585,24.71173]]}},{"type":"Feature","properties":{"n":"榮光路194巷","k":5},"geometry":{"type":"LineString","coordinates":[[121.69174,24.7187],[121.69313,24.71919],[121.69395,24.71931],[121.69476,24.72006]]}},{"type":"Feature","properties":{"n":"內城路340巷","k":5},"geometry":{"type":"LineString","coordinates":[[121.69102,24.72254],[121.68984,24.72347],[121.68966,24.72347]]}},{"type":"Feature","properties":{"n":"榮光路258巷","k":5},"geometry":{"type":"LineString","coordinates":[[121.69339,24.72356],[121.69322,24.72335],[121.69294,24.72279],[121.69276,24.72211],[121.69254,24.72166],[121.69197,24.72152],[121.69128,24.72107],[121.69073,24.72043],[121.69032,24.72017]]}},{"type":"Feature","properties":{"n":"內城路304巷","k":5},"geometry":{"type":"LineString","coordinates":[[121.69196,24.72328],[121.6913,24.72381],[121.69147,24.7241]]}},{"type":"Feature","properties":{"n":"榮光路109巷","k":5},"geometry":{"type":"LineString","coordinates":[[121.69251,24.71701],[121.69162,24.71665]]}},{"type":"Feature","properties":{"n":"榮光路228巷","k":5},"geometry":{"type":"LineString","coordinates":[[121.69376,24.72161],[121.69342,24.72129],[121.69258,24.72087],[121.69212,24.72015],[121.69192,24.71995],[121.69148,24.71965],[121.69096,24.71951]]}},{"type":"Feature","properties":{"n":"內城路355巷","k":5},"geometry":{"type":"LineString","coordinates":[[121.69073,24.72229],[121.69109,24.72196]]}},{"type":"Feature","properties":{"n":"榮光路257巷","k":5},"geometry":{"type":"LineString","coordinates":[[121.68992,24.71962],[121.69003,24.71984],[121.69032,24.72017]]}},{"type":"Feature","properties":{"n":"榮光路220巷","k":5},"geometry":{"type":"LineString","coordinates":[[121.6918,24.71953],[121.69129,24.71918]]}},{"type":"Feature","properties":{"n":"榮光路152巷1弄","k":5},"geometry":{"type":"LineString","coordinates":[[121.69235,24.71861],[121.6926,24.71798]]}},{"type":"Feature","properties":{"n":"榮光路152巷","k":5},"geometry":{"type":"LineString","coordinates":[[121.6926,24.71798],[121.69216,24.71785]]}},{"type":"Feature","properties":{"n":"惠民路","k":4},"geometry":{"type":"LineString","coordinates":[[121.70904,24.72299],[121.71507,24.723],[121.72173,24.72308],[121.72323,24.72296],[121.72531,24.7234],[121.72693,24.72355],[121.72739,24.72374],[121.7288,24.72464],[121.72892,24.72488],[121.7295,24.72675],[121.72976,24.72741],[121.73023,24.72814],[121.73093,24.72889]]}},{"type":"Feature","properties":{"n":"惠民路","k":4},"geometry":{"type":"LineString","coordinates":[[121.73105,24.72899],[121.73408,24.7315],[121.73456,24.7318],[121.7362,24.73257]]}},{"type":"Feature","properties":{"n":"惠深一路","k":5},"geometry":{"type":"LineString","coordinates":[[121.72357,24.71897],[121.7246,24.71943],[121.72776,24.72066],[121.73808,24.72456],[121.73984,24.7255],[121.74011,24.7254]]}},{"type":"Feature","properties":{"n":"成功一路","k":5},"geometry":{"type":"LineString","coordinates":[[121.70241,24.71685],[121.70278,24.71667],[121.70293,24.71651],[121.70294,24.71609]]}},{"type":"Feature","properties":{"n":"成功一路","k":5},"geometry":{"type":"LineString","coordinates":[[121.7038,24.71469],[121.70337,24.71561],[121.70295,24.71609],[121.70259,24.71628],[121.70163,24.71816]]}},{"type":"Feature","properties":{"n":"成功一路20巷","k":5},"geometry":{"type":"LineString","coordinates":[[121.7028,24.71665],[121.70298,24.71669]]}},{"type":"Feature","properties":{"n":"惠民路391巷","k":5},"geometry":{"type":"LineString","coordinates":[[121.71299,24.723],[121.71297,24.72256],[121.71313,24.72247],[121.71372,24.72253],[121.71508,24.72253]]}},{"type":"Feature","properties":{"n":"深洲路179巷","k":5},"geometry":{"type":"LineString","coordinates":[[121.71686,24.72269],[121.71513,24.72171],[121.71472,24.72133],[121.71154,24.7196]]}},{"type":"Feature","properties":{"n":"思源路155巷","k":5},"geometry":{"type":"LineString","coordinates":[[121.70689,24.7171],[121.71154,24.7196]]}},{"type":"Feature","properties":{"n":"思源路189巷","k":5},"geometry":{"type":"LineString","coordinates":[[121.71045,24.7212],[121.70918,24.72055],[121.70889,24.72009],[121.70691,24.71913],[121.70655,24.71901]]}},{"type":"Feature","properties":{"n":"思源路191巷","k":5},"geometry":{"type":"LineString","coordinates":[[121.70655,24.71901],[121.70654,24.71969],[121.70807,24.72065],[121.70877,24.72154],[121.71028,24.72165]]}},{"type":"Feature","properties":{"n":"深洲路205巷","k":5},"geometry":{"type":"LineString","coordinates":[[121.71562,24.72506],[121.71103,24.72334]]}},{"type":"Feature","properties":{"n":"員山路二段57巷","k":5},"geometry":{"type":"LineString","coordinates":[[121.71048,24.72422],[121.71119,24.723]]}},{"type":"Feature","properties":{"n":"水源路155巷","k":5},"geometry":{"type":"LineString","coordinates":[[121.70422,24.71569],[121.70621,24.71681],[121.70627,24.71714],[121.70674,24.71734]]}},{"type":"Feature","properties":{"n":"水源路165巷","k":5},"geometry":{"type":"LineString","coordinates":[[121.70606,24.71848],[121.70537,24.71787],[121.70538,24.71774],[121.70503,24.71752],[121.70486,24.71706],[121.70454,24.71649],[121.70409,24.71614]]}},{"type":"Feature","properties":{"n":"成功一路32巷","k":5},"geometry":{"type":"LineString","coordinates":[[121.70236,24.71676],[121.70285,24.71757],[121.70329,24.71796]]}},{"type":"Feature","properties":{"n":"水源路166巷","k":5},"geometry":{"type":"LineString","coordinates":[[121.70655,24.71901],[121.70606,24.71848]]}},{"type":"Feature","properties":{"n":"思源路188巷","k":5},"geometry":{"type":"LineString","coordinates":[[121.71045,24.7212],[121.71297,24.72256]]}},{"type":"Feature","properties":{"n":"內城路272巷","k":5},"geometry":{"type":"LineString","coordinates":[[121.69318,24.7243],[121.69239,24.72501],[121.69205,24.72517],[121.69184,24.72484],[121.69113,24.72516],[121.69077,24.72541],[121.69047,24.72526],[121.68958,24.72544]]}},{"type":"Feature","properties":{"n":"內城路289巷","k":5},"geometry":{"type":"LineString","coordinates":[[121.69284,24.72401],[121.69342,24.72354],[121.69352,24.72348],[121.69359,24.72354]]}},{"type":"Feature","properties":{"n":"內城路212巷","k":5},"geometry":{"type":"LineString","coordinates":[[121.69481,24.72676],[121.69553,24.72623]]}},{"type":"Feature","properties":{"n":"內城路184巷","k":5},"geometry":{"type":"LineString","coordinates":[[121.69586,24.72725],[121.6958,24.72706],[121.69619,24.72676]]}},{"type":"Feature","properties":{"n":"大湖十八路","k":5},"geometry":{"type":"LineString","coordinates":[[121.697,24.73866],[121.7014,24.7378],[121.7016,24.73751],[121.70186,24.73755],[121.70194,24.73768],[121.70275,24.73754],[121.70337,24.73756],[121.70365,24.73735],[121.7113,24.73588],[121.712,24.73604]]}},{"type":"Feature","properties":{"n":"大湖十八路","k":5},"geometry":{"type":"LineString","coordinates":[[121.69293,24.73944],[121.69541,24.73897],[121.6969,24.73879]]}},{"type":"Feature","properties":{"n":"大湖三路","k":5},"geometry":{"type":"LineString","coordinates":[[121.69947,24.73304],[121.70209,24.74429],[121.70215,24.74434],[121.70202,24.74492]]}},{"type":"Feature","properties":{"n":"大湖二十路","k":5},"geometry":{"type":"LineString","coordinates":[[121.69333,24.73743],[121.69732,24.73665],[121.69799,24.73632],[121.69812,24.73648],[121.69827,24.73647],[121.71003,24.73419],[121.71095,24.73396],[121.71177,24.73452],[121.71194,24.73405]]}},{"type":"Feature","properties":{"n":"大湖二十二路","k":5},"geometry":{"type":"LineString","coordinates":[[121.6968,24.73483],[121.70922,24.7324]]}},{"type":"Feature","properties":{"n":"內城路250巷","k":5},"geometry":{"type":"LineString","coordinates":[[121.69418,24.72512],[121.69317,24.72602]]}},{"type":"Feature","properties":{"n":"內城路158巷","k":5},"geometry":{"type":"LineString","coordinates":[[121.68923,24.72435],[121.68817,24.72514],[121.68729,24.7259],[121.68761,24.72677],[121.68847,24.72778],[121.68863,24.72785],[121.68988,24.72807],[121.69002,24.72805],[121.69012,24.72796],[121.69143,24.72784],[121.69223,24.72801],[121.69383,24.72879],[121.69504,24.72902],[121.69556,24.72865],[121.69598,24.72867],[121.69724,24.72773]]}},{"type":"Feature","properties":{"n":"大湖七路","k":5},"geometry":{"type":"LineString","coordinates":[[121.69469,24.73536],[121.69617,24.74318],[121.69629,24.74352]]}},{"type":"Feature","properties":{"n":"逸仙橋","k":4},"geometry":{"type":"LineString","coordinates":[[121.69897,24.72988],[121.69898,24.73029]]}},{"type":"Feature","properties":{"n":"大湖山一路","k":5},"geometry":{"type":"LineString","coordinates":[[121.69389,24.73268],[121.69407,24.73255],[121.69422,24.73255],[121.69428,24.73289],[121.69482,24.73294],[121.69491,24.73288],[121.69498,24.73265],[121.69489,24.73245],[121.69492,24.73233],[121.69519,24.73196],[121.69526,24.73196],[121.69531,24.73213],[121.69523,24.73238],[121.69535,24.73256],[121.69543,24.73321],[121.69526,24.73342],[121.69478,24.73375],[121.69456,24.73364],[121.6944,24.73368],[121.6944,24.73375]]}},{"type":"Feature","properties":{"n":"大湖七路271巷","k":5},"geometry":{"type":"LineString","coordinates":[[121.69471,24.73563],[121.69501,24.73558],[121.69526,24.73571],[121.69552,24.73597],[121.69594,24.73604],[121.69607,24.73592],[121.69617,24.73549],[121.6963,24.73523],[121.69664,24.7351],[121.6968,24.73483]]}},{"type":"Feature","properties":{"n":"員山路二段172巷","k":5},"geometry":{"type":"LineString","coordinates":[[121.71173,24.72546],[121.71112,24.72594],[121.71088,24.7263],[121.71072,24.72682],[121.71075,24.72756]]}},{"type":"Feature","properties":{"n":"八甲路","k":4},"geometry":{"type":"LineString","coordinates":[[121.70103,24.7293],[121.7018,24.72871],[121.70901,24.72868]]}},{"type":"Feature","properties":{"n":"八甲路","k":4},"geometry":{"type":"LineString","coordinates":[[121.70937,24.72868],[121.7109,24.72867],[121.71265,24.72895],[121.71309,24.7291],[121.71383,24.7292],[121.71631,24.73009]]}},{"type":"Feature","properties":{"n":"尚德橋","k":4},"geometry":{"type":"LineString","coordinates":[[121.70901,24.72868],[121.70937,24.72868]]}},{"type":"Feature","properties":{"n":"尚德橋","k":4},"geometry":{"type":"LineString","coordinates":[[121.71647,24.73681],[121.71696,24.73698]]}},{"type":"Feature","properties":{"n":"員芬橋","k":5},"geometry":{"type":"LineString","coordinates":[[121.71102,24.7298],[121.71105,24.72997]]}},{"type":"Feature","properties":{"n":"德湖路二段","k":5},"geometry":{"type":"LineString","coordinates":[[121.70865,24.74879],[121.7087,24.7479],[121.70994,24.74451],[121.70996,24.74227],[121.71011,24.74144],[121.71264,24.73419]]}},{"type":"Feature","properties":{"n":"員山路二段27巷","k":5},"geometry":{"type":"LineString","coordinates":[[121.71186,24.72569],[121.71213,24.72522],[121.71326,24.72602],[121.71477,24.72668]]}},{"type":"Feature","properties":{"n":"大鬮路","k":4},"geometry":{"type":"LineString","coordinates":[[121.70103,24.7293],[121.70272,24.7302]]}},{"type":"Feature","properties":{"n":"大鬮路","k":4},"geometry":{"type":"LineString","coordinates":[[121.70292,24.73032],[121.70337,24.73058],[121.70546,24.73115],[121.7102,24.73274],[121.71072,24.73301],[121.71144,24.73369],[121.71194,24.73405],[121.71344,24.73472],[121.71569,24.73581],[121.71585,24.73597],[121.71626,24.73668],[121.71647,24.73681]]}},{"type":"Feature","properties":{"n":"大鬮路","k":4},"geometry":{"type":"LineString","coordinates":[[121.71696,24.73698],[121.71781,24.73733],[121.71845,24.73801],[121.71859,24.73809],[121.72071,24.7387]]}},{"type":"Feature","properties":{"n":"大湖一路","k":5},"geometry":{"type":"LineString","coordinates":[[121.70424,24.73084],[121.70433,24.73164],[121.70431,24.73243],[121.70645,24.74158],[121.70632,24.74228],[121.70674,24.744]]}},{"type":"Feature","properties":{"n":"德湖三路","k":5},"geometry":{"type":"LineString","coordinates":[[121.7161,24.73642],[121.71521,24.73894],[121.71478,24.74045],[121.71413,24.74204],[121.71325,24.74453],[121.71231,24.74778]]}},{"type":"Feature","properties":{"n":"德湖一路","k":5},"geometry":{"type":"LineString","coordinates":[[121.71408,24.73504],[121.71299,24.73837],[121.71005,24.74685]]}},{"type":"Feature","properties":{"n":"鼻仔頭橋","k":4},"geometry":{"type":"LineString","coordinates":[[121.70272,24.7302],[121.70292,24.73032]]}},{"type":"Feature","properties":{"n":"德湖一號橋","k":5},"geometry":{"type":"LineString","coordinates":[[121.71264,24.73419],[121.71271,24.73399]]}},{"type":"Feature","properties":{"n":"員芳橋","k":5},"geometry":{"type":"LineString","coordinates":[[121.7109,24.73143],[121.71081,24.73154]]}},{"type":"Feature","properties":{"n":"深洲路34巷","k":5},"geometry":{"type":"LineString","coordinates":[[121.72212,24.71087],[121.72418,24.71224]]}},{"type":"Feature","properties":{"n":"尚深路139巷","k":5},"geometry":{"type":"LineString","coordinates":[[121.7183,24.72303],[121.71808,24.72339],[121.71811,24.72343],[121.71984,24.72362],[121.72114,24.7241]]}},{"type":"Feature","properties":{"n":"石頭厝路178巷","k":5},"geometry":{"type":"LineString","coordinates":[[121.72578,24.7179],[121.72862,24.71898]]}},{"type":"Feature","properties":{"n":"七圳路","k":5},"geometry":{"type":"LineString","coordinates":[[121.73592,24.71313],[121.73472,24.71328],[121.73172,24.71234],[121.73031,24.71204],[121.72973,24.71199],[121.72537,24.71208],[121.72303,24.71242],[121.7216,24.71253]]}},{"type":"Feature","properties":{"n":"七圳路","k":5},"geometry":{"type":"LineString","coordinates":[[121.73603,24.71311],[121.73634,24.71312],[121.73692,24.71333],[121.73761,24.71409],[121.73938,24.71629],[121.73955,24.71639],[121.73978,24.71641],[121.74015,24.71673],[121.74199,24.71771],[121.74162,24.71821],[121.74225,24.71872],[121.74221,24.71892],[121.74226,24.71896],[121.74301,24.71928]]}},{"type":"Feature","properties":{"n":"尚深路60巷","k":5},"geometry":{"type":"LineString","coordinates":[[121.72573,24.7147],[121.72832,24.71614]]}},{"type":"Feature","properties":{"n":"惠深二路一段","k":5},"geometry":{"type":"LineString","coordinates":[[121.72286,24.72058],[121.7259,24.72191],[121.73773,24.72639],[121.73835,24.72626],[121.7389,24.72588]]}},{"type":"Feature","properties":{"n":"惠深二路一段","k":5},"geometry":{"type":"LineString","coordinates":[[121.71838,24.71832],[121.71916,24.7187],[121.71918,24.71881],[121.71941,24.71895],[121.71973,24.71896],[121.71992,24.71882],[121.72279,24.72055]]}},{"type":"Feature","properties":{"n":"尚好路","k":5},"geometry":{"type":"LineString","coordinates":[[121.72556,24.72505],[121.72816,24.71987]]}},{"type":"Feature","properties":{"n":"尚好路","k":5},"geometry":{"type":"LineString","coordinates":[[121.72553,24.7251],[121.72264,24.73119]]}},{"type":"Feature","properties":{"n":"石頭厝路","k":4},"geometry":{"type":"LineString","coordinates":[[121.73316,24.71064],[121.73172,24.71234],[121.73157,24.71245],[121.73091,24.71331],[121.72832,24.71614],[121.72671,24.71777],[121.72643,24.71789],[121.72464,24.71791],[121.72436,24.71797],[121.72398,24.71816]]}},{"type":"Feature","properties":{"n":"尚深路","k":4},"geometry":{"type":"LineString","coordinates":[[121.72398,24.71816],[121.72272,24.72051],[121.72226,24.72184],[121.72173,24.72308],[121.71788,24.73009],[121.71758,24.73054]]}},{"type":"Feature","properties":{"n":"石頭厝路123巷","k":5},"geometry":{"type":"LineString","coordinates":[[121.72418,24.71224],[121.72772,24.7146],[121.72827,24.7151],[121.72893,24.71545]]}},{"type":"Feature","properties":{"n":"尚深路76巷","k":5},"geometry":{"type":"LineString","coordinates":[[121.7238,24.7185],[121.72584,24.7189]]}},{"type":"Feature","properties":{"n":"七賢路","k":5},"geometry":{"type":"LineString","coordinates":[[121.72761,24.71227],[121.73104,24.7147],[121.73131,24.71518],[121.73278,24.71717],[121.73336,24.71816],[121.73354,24.71835],[121.73573,24.71987],[121.73699,24.72103],[121.73784,24.72163],[121.74096,24.7232]]}},{"type":"Feature","properties":{"n":"七圳路358巷","k":5},"geometry":{"type":"LineString","coordinates":[[121.73199,24.71241],[121.73231,24.71305]]}},{"type":"Feature","properties":{"n":"賢德路一段","k":5},"geometry":{"type":"LineString","coordinates":[[121.73178,24.72204],[121.7328,24.71984],[121.73802,24.71363]]}},{"type":"Feature","properties":{"n":"賢德路一段","k":5},"geometry":{"type":"LineString","coordinates":[[121.73173,24.72216],[121.72958,24.72697]]}},{"type":"Feature","properties":{"n":"賢好路40巷","k":5},"geometry":{"type":"LineString","coordinates":[[121.73866,24.71976],[121.7401,24.72073],[121.74197,24.72089],[121.74285,24.72082]]}},{"type":"Feature","properties":{"n":"七圳路358巷10弄","k":5},"geometry":{"type":"LineString","coordinates":[[121.73231,24.71305],[121.73261,24.71319],[121.73377,24.71401],[121.73423,24.71391],[121.73458,24.71448],[121.73501,24.71418],[121.73547,24.71461],[121.73521,24.71504],[121.73623,24.71575]]}},{"type":"Feature","properties":{"n":"賢德路一段97巷","k":5},"geometry":{"type":"LineString","coordinates":[[121.72893,24.71545],[121.73366,24.7188]]}},{"type":"Feature","properties":{"n":"賢好路23巷","k":5},"geometry":{"type":"LineString","coordinates":[[121.73729,24.7165],[121.73987,24.71832]]}},{"type":"Feature","properties":{"n":"賢好路","k":5},"geometry":{"type":"LineString","coordinates":[[121.73866,24.71976],[121.74108,24.71691]]}},{"type":"Feature","properties":{"n":"賢好路","k":5},"geometry":{"type":"LineString","coordinates":[[121.73454,24.72717],[121.73687,24.72196],[121.73711,24.72164]]}},{"type":"Feature","properties":{"n":"賢好路","k":5},"geometry":{"type":"LineString","coordinates":[[121.7372,24.72152],[121.73858,24.71987]]}},{"type":"Feature","properties":{"n":"賢德路一段127巷","k":5},"geometry":{"type":"LineString","coordinates":[[121.72782,24.71666],[121.73099,24.71914],[121.7328,24.71984]]}},{"type":"Feature","properties":{"n":"惠深二路一段66巷","k":5},"geometry":{"type":"LineString","coordinates":[[121.7269,24.72239],[121.72721,24.72296],[121.72915,24.72386]]}},{"type":"Feature","properties":{"n":"賢德路一段88巷","k":5},"geometry":{"type":"LineString","coordinates":[[121.7328,24.71984],[121.7349,24.72017]]}},{"type":"Feature","properties":{"n":"賢德路一段88巷","k":5},"geometry":{"type":"LineString","coordinates":[[121.73339,24.71911],[121.7349,24.72017],[121.73507,24.7202],[121.73549,24.71971]]}},{"type":"Feature","properties":{"n":"賢好路41巷","k":5},"geometry":{"type":"LineString","coordinates":[[121.73729,24.7165],[121.73748,24.71886],[121.73866,24.71976]]}},{"type":"Feature","properties":{"n":"賢好路42巷","k":5},"geometry":{"type":"LineString","coordinates":[[121.73858,24.71987],[121.74006,24.72089]]}},{"type":"Feature","properties":{"n":"賢好路43巷","k":5},"geometry":{"type":"LineString","coordinates":[[121.73492,24.7173],[121.73858,24.71987]]}},{"type":"Feature","properties":{"n":"深洲路200巷","k":5},"geometry":{"type":"LineString","coordinates":[[121.71521,24.72583],[121.71851,24.72702],[121.71944,24.72725]]}},{"type":"Feature","properties":{"n":"員山路一段","k":2},"geometry":{"type":"LineString","coordinates":[[121.72454,24.74403],[121.72439,24.74397],[121.7236,24.74334],[121.72237,24.7422],[121.72218,24.74195],[121.72198,24.74165],[121.72102,24.73914],[121.72082,24.73882],[121.72011,24.73817],[121.71689,24.73554],[121.71663,24.73518],[121.71656,24.73501],[121.71651,24.73464],[121.71617,24.72934],[121.71601,24.72896],[121.71566,24.72857],[121.71485,24.72789],[121.71432,24.72754]]}},{"type":"Feature","properties":{"n":"員山路一段","k":2},"geometry":{"type":"LineString","coordinates":[[121.71435,24.72748],[121.71487,24.72782],[121.71579,24.72862],[121.71614,24.72904],[121.71626,24.72948],[121.71631,24.72999],[121.7166,24.73463],[121.71666,24.73504],[121.71679,24.73531],[121.7171,24.73563],[121.71987,24.73788],[121.72085,24.73873],[121.72107,24.73906],[121.72203,24.7416],[121.72234,24.74206],[121.72352,24.74318],[121.72454,24.74403]]}},{"type":"Feature","properties":{"n":"員山路一段","k":2},"geometry":{"type":"LineString","coordinates":[[121.73193,24.74822],[121.72958,24.74703],[121.72731,24.7458],[121.72454,24.74403]]}},{"type":"Feature","properties":{"n":"德湖三號橋","k":5},"geometry":{"type":"LineString","coordinates":[[121.71373,24.72917],[121.71373,24.72906]]}},{"type":"Feature","properties":{"n":"尚深路161巷","k":5},"geometry":{"type":"LineString","coordinates":[[121.71851,24.72895],[121.71679,24.72834],[121.71458,24.72706]]}},{"type":"Feature","properties":{"n":"尚深路142巷","k":5},"geometry":{"type":"LineString","coordinates":[[121.72027,24.72571],[121.72265,24.72658]]}},{"type":"Feature","properties":{"n":"圳寮路","k":5},"geometry":{"type":"LineString","coordinates":[[121.7224,24.72729],[121.72357,24.72769],[121.72391,24.72773],[121.72458,24.72762],[121.72548,24.72861],[121.7266,24.72921],[121.728,24.72946],[121.72844,24.72948],[121.7286,24.72955]]}},{"type":"Feature","properties":{"n":"尚深路134巷","k":5},"geometry":{"type":"LineString","coordinates":[[121.72114,24.7241],[121.724,24.72514]]}},{"type":"Feature","properties":{"n":"尚好路39巷","k":5},"geometry":{"type":"LineString","coordinates":[[121.72415,24.7252],[121.72528,24.7256]]}},{"type":"Feature","properties":{"n":"尚好路51巷","k":5},"geometry":{"type":"LineString","coordinates":[[121.72269,24.72659],[121.7245,24.72725]]}},{"type":"Feature","properties":{"n":"尚好路61巷","k":5},"geometry":{"type":"LineString","coordinates":[[121.72197,24.72818],[121.72307,24.72882],[121.7237,24.72892]]}},{"type":"Feature","properties":{"n":"尚惠路","k":5},"geometry":{"type":"LineString","coordinates":[[121.71758,24.73054],[121.72049,24.73159],[121.72096,24.73162],[121.7274,24.7299],[121.72883,24.72957]]}},{"type":"Feature","properties":{"n":"金泰路","k":4},"geometry":{"type":"LineString","coordinates":[[121.72368,24.7434],[121.7362,24.73257]]}},{"type":"Feature","properties":{"n":"賢德路二段35巷","k":5},"geometry":{"type":"LineString","coordinates":[[121.7237,24.72892],[121.72633,24.72985],[121.72654,24.73019],[121.72703,24.7304],[121.72852,24.73054]]}},{"type":"Feature","properties":{"n":"尚深路168巷","k":5},"geometry":{"type":"LineString","coordinates":[[121.72372,24.73091],[121.72363,24.73083],[121.71851,24.72895]]}},{"type":"Feature","properties":{"n":"賢德路二段1巷","k":5},"geometry":{"type":"LineString","coordinates":[[121.72528,24.7256],[121.72902,24.72696]]}},{"type":"Feature","properties":{"n":"賢德路二段1巷","k":5},"geometry":{"type":"LineString","coordinates":[[121.72912,24.72699],[121.72964,24.72713]]}},{"type":"Feature","properties":{"n":"賢德路二段","k":4},"geometry":{"type":"LineString","coordinates":[[121.72883,24.72957],[121.72842,24.73096],[121.72788,24.73203],[121.72751,24.73433],[121.72722,24.73515],[121.72304,24.73872],[121.72271,24.73903],[121.72158,24.7404]]}},{"type":"Feature","properties":{"n":"賢德路二段91巷","k":5},"geometry":{"type":"LineString","coordinates":[[121.72482,24.7306],[121.72492,24.73071],[121.72788,24.73203]]}},{"type":"Feature","properties":{"n":"尚好路32巷","k":5},"geometry":{"type":"LineString","coordinates":[[121.72907,24.72536],[121.72425,24.72378]]}},{"type":"Feature","properties":{"n":"深洲路180巷","k":5},"geometry":{"type":"LineString","coordinates":[[121.71608,24.7242],[121.72027,24.72571]]}},{"type":"Feature","properties":{"n":"賢德路二段7巷","k":5},"geometry":{"type":"LineString","coordinates":[[121.7245,24.72725],[121.7278,24.72845],[121.72848,24.72843],[121.72911,24.72861]]}},{"type":"Feature","properties":{"n":"尚深路150巷","k":5},"geometry":{"type":"LineString","coordinates":[[121.71944,24.72725],[121.72144,24.72791],[121.72189,24.72813]]}},{"type":"Feature","properties":{"n":"賢德路二段107巷","k":5},"geometry":{"type":"LineString","coordinates":[[121.72768,24.7332],[121.72473,24.73189]]}},{"type":"Feature","properties":{"n":"三鬮路","k":5},"geometry":{"type":"LineString","coordinates":[[121.7164,24.73261],[121.71704,24.73305],[121.71774,24.73365],[121.71935,24.73523],[121.7214,24.7376],[121.72224,24.73843],[121.72271,24.73903]]}},{"type":"Feature","properties":{"n":"賢德路二段156巷","k":5},"geometry":{"type":"LineString","coordinates":[[121.72909,24.73861],[121.72631,24.73591]]}},{"type":"Feature","properties":{"n":"尚惠路","k":4},"geometry":{"type":"LineString","coordinates":[[121.71631,24.73009],[121.71758,24.73054]]}},{"type":"Feature","properties":{"n":"尚惠路","k":4},"geometry":{"type":"LineString","coordinates":[[121.73344,24.72836],[121.72883,24.72957]]}},{"type":"Feature","properties":{"n":"德湖二號橋","k":5},"geometry":{"type":"LineString","coordinates":[[121.71365,24.73147],[121.71374,24.73115]]}},{"type":"Feature","properties":{"n":"尚惠路226巷","k":5},"geometry":{"type":"LineString","coordinates":[[121.72473,24.73189],[121.72372,24.73091]]}},{"type":"Feature","properties":{"n":"賢德路二段157巷","k":5},"geometry":{"type":"LineString","coordinates":[[121.72631,24.73591],[121.72168,24.73143]]}},{"type":"Feature","properties":{"n":"賢德路二段","k":5},"geometry":{"type":"LineString","coordinates":[[121.72939,24.72758],[121.72958,24.72697]]}},{"type":"Feature","properties":{"n":"賢德路二段","k":5},"geometry":{"type":"LineString","coordinates":[[121.72883,24.72957],[121.72937,24.72766]]}},{"type":"Feature","properties":{"n":"賢德路一段181巷","k":5},"geometry":{"type":"LineString","coordinates":[[121.72897,24.72503],[121.73025,24.72549]]}},{"type":"Feature","properties":{"n":"清華路","k":4},"geometry":{"type":"LineString","coordinates":[[121.74119,24.72699],[121.73669,24.72741],[121.73344,24.72836]]}},{"type":"Feature","properties":{"n":"賢德路一段182巷","k":5},"geometry":{"type":"LineString","coordinates":[[121.73025,24.72549],[121.73452,24.72713]]}},{"type":"Feature","properties":{"n":"清華一路","k":5},"geometry":{"type":"LineString","coordinates":[[121.74129,24.72532],[121.74042,24.72556],[121.73913,24.72607],[121.73803,24.72677],[121.73669,24.72741]]}},{"type":"Feature","properties":{"n":"清華一路","k":5},"geometry":{"type":"LineString","coordinates":[[121.74693,24.72557],[121.7496,24.72535],[121.7522,24.72498],[121.75526,24.72444]]}},{"type":"Feature","properties":{"n":"進士路一段","k":4},"geometry":{"type":"LineString","coordinates":[[121.7362,24.73257],[121.73683,24.7334],[121.73768,24.73411],[121.74043,24.73581]]}},{"type":"Feature","properties":{"n":"惠好路66巷","k":5},"geometry":{"type":"LineString","coordinates":[[121.72758,24.73387],[121.73092,24.73711]]}},{"type":"Feature","properties":{"n":"南橋三路","k":5},"geometry":{"type":"LineString","coordinates":[[121.74076,24.73294],[121.7379,24.73276],[121.73738,24.73232],[121.73657,24.73305]]}},{"type":"Feature","properties":{"n":"大學路","k":4},"geometry":{"type":"LineString","coordinates":[[121.73579,24.73848],[121.74043,24.73581]]}},{"type":"Feature","properties":{"n":"惠好路","k":5},"geometry":{"type":"LineString","coordinates":[[121.7331,24.73069],[121.72843,24.7347]]}},{"type":"Feature","properties":{"n":"惠好路48巷","k":5},"geometry":{"type":"LineString","coordinates":[[121.73274,24.73554],[121.73027,24.73313]]}},{"type":"Feature","properties":{"n":"進士路一段36巷","k":5},"geometry":{"type":"LineString","coordinates":[[121.73838,24.73336],[121.73768,24.73411]]}},{"type":"Feature","properties":{"n":"進士路一段11巷","k":5},"geometry":{"type":"LineString","coordinates":[[121.73657,24.73305],[121.73654,24.73314],[121.73589,24.73355]]}},{"type":"Feature","properties":{"n":"湖前路","k":5},"geometry":{"type":"LineString","coordinates":[[121.69251,24.74665],[121.69144,24.74169]]}},{"type":"Feature","properties":{"n":"大湖路","k":2},"geometry":{"type":"LineString","coordinates":[[121.70329,24.74553],[121.70167,24.74488],[121.70115,24.74479],[121.7009,24.7448],[121.69462,24.74602],[121.68989,24.74746]]}},{"type":"Feature","properties":{"n":"大湖路","k":2},"geometry":{"type":"LineString","coordinates":[[121.6899,24.74737],[121.69446,24.74597],[121.70075,24.74475],[121.70116,24.74472],[121.70202,24.74492],[121.70513,24.7462],[121.70864,24.74736],[121.70874,24.74745]]}},{"type":"Feature","properties":{"n":"大湖十六路","k":5},"geometry":{"type":"LineString","coordinates":[[121.71137,24.73785],[121.71084,24.73772],[121.71048,24.73778],[121.69423,24.74093],[121.69366,24.74117],[121.69305,24.74104]]}},{"type":"Feature","properties":{"n":"大湖十二路","k":5},"geometry":{"type":"LineString","coordinates":[[121.69601,24.74234],[121.69809,24.74192],[121.6985,24.74205],[121.7045,24.7409],[121.70524,24.74085],[121.70618,24.74049],[121.70725,24.74049],[121.70767,24.74026],[121.70993,24.73982],[121.71014,24.73983],[121.71071,24.74004]]}},{"type":"Feature","properties":{"n":"大湖二路","k":5},"geometry":{"type":"LineString","coordinates":[[121.70865,24.74879],[121.70855,24.74872],[121.7078,24.74872],[121.70526,24.74787],[121.70488,24.74759],[121.70375,24.74742],[121.70342,24.74746],[121.70265,24.74777],[121.69328,24.74959],[121.69323,24.74978],[121.69292,24.74988],[121.69282,24.74985],[121.69277,24.74969],[121.69216,24.74979]]}},{"type":"Feature","properties":{"n":"隘界路1巷","k":5},"geometry":{"type":"LineString","coordinates":[[121.6899,24.74741],[121.68986,24.74689],[121.68953,24.74595],[121.68976,24.74561],[121.68955,24.74517],[121.68947,24.74483],[121.68906,24.7442],[121.68874,24.74352],[121.68851,24.74219],[121.68817,24.74181],[121.68836,24.7416],[121.68849,24.74128]]}},{"type":"Feature","properties":{"n":"蜊埤路","k":4},"geometry":{"type":"LineString","coordinates":[[121.70468,24.74925],[121.70446,24.74935],[121.70406,24.74991],[121.70389,24.74996],[121.70327,24.75],[121.70303,24.7501],[121.70286,24.75026],[121.70122,24.75052],[121.70079,24.75033],[121.69991,24.75049],[121.69971,24.75056],[121.69923,24.75091],[121.69849,24.75151],[121.69822,24.75181],[121.69811,24.75202],[121.69808,24.75219],[121.69809,24.75292],[121.69805,24.75308],[121.69773,24.75345],[121.69707,24.75398],[121.69693,24.75417],[121.69689,24.7547],[121.69732,24.75508]]}},{"type":"Feature","properties":{"n":"蜊埤路","k":4},"geometry":{"type":"LineString","coordinates":[[121.69224,24.75066],[121.69212,24.74932],[121.69194,24.74885],[121.69145,24.74689]]}},{"type":"Feature","properties":{"n":"蜊埤路","k":4},"geometry":{"type":"LineString","coordinates":[[121.69764,24.75535],[121.69771,24.75545],[121.69779,24.75587],[121.69769,24.75606],[121.69684,24.75635],[121.69611,24.75647],[121.69593,24.75668],[121.69575,24.75677],[121.69489,24.75672],[121.69411,24.75696],[121.69397,24.75695],[121.69342,24.75678],[121.69285,24.75638],[121.69244,24.75636],[121.6923,24.75626],[121.69184,24.75581],[121.69181,24.75547],[121.69176,24.75541],[121.69141,24.75523],[121.69128,24.75509],[121.6909,24.75438],[121.69083,24.75402],[121.69088,24.753],[121.69094,24.75288],[121.69107,24.75281],[121.6922,24.75263],[121.69243,24.75253],[121.69247,24.75247],[121.69237,24.75151]]}},{"type":"Feature","properties":{"n":"大湖六路","k":5},"geometry":{"type":"LineString","coordinates":[[121.68983,24.74849],[121.69132,24.74815],[121.69249,24.7478],[121.70079,24.74622],[121.70256,24.74607],[121.70279,24.74593],[121.70394,24.74638],[121.7042,24.7459]]}},{"type":"Feature","properties":{"n":"大湖十路","k":5},"geometry":{"type":"LineString","coordinates":[[121.70632,24.74228],[121.70453,24.74262],[121.7042,24.74314],[121.70407,24.74321],[121.7038,24.74309],[121.70366,24.74279],[121.69747,24.74397],[121.69685,24.74416],[121.695,24.74447]]}},{"type":"Feature","properties":{"n":"大湖十路","k":5},"geometry":{"type":"LineString","coordinates":[[121.70637,24.74213],[121.70683,24.74192],[121.70708,24.74208],[121.70722,24.74209],[121.70935,24.74168],[121.71003,24.74177]]}},{"type":"Feature","properties":{"n":"大湖路","k":5},"geometry":{"type":"LineString","coordinates":[[121.69187,24.74368],[121.6935,24.74332],[121.69383,24.74308]]}},{"type":"Feature","properties":{"n":"大湖五路","k":5},"geometry":{"type":"LineString","coordinates":[[121.69794,24.74536],[121.69897,24.74984]]}},{"type":"Feature","properties":{"n":"大湖五路","k":4},"geometry":{"type":"LineString","coordinates":[[121.69723,24.74341],[121.69747,24.74397],[121.69794,24.74536]]}},{"type":"Feature","properties":{"n":"茄苳路","k":2},"geometry":{"type":"LineString","coordinates":[[121.70942,24.74768],[121.70874,24.74745],[121.7086,24.74745],[121.70509,24.74627],[121.70329,24.74553]]}},{"type":"Feature","properties":{"n":"溫泉路","k":2},"geometry":{"type":"LineString","coordinates":[[121.71275,24.75138],[121.71314,24.75079],[121.71326,24.75044],[121.71331,24.7501],[121.71349,24.74987],[121.71368,24.74973],[121.71346,24.7495],[121.71249,24.74905]]}},{"type":"Feature","properties":{"n":"三合路","k":5},"geometry":{"type":"LineString","coordinates":[[121.70865,24.74879],[121.70956,24.74878],[121.71008,24.74868],[121.71098,24.74824],[121.71317,24.74752],[121.71464,24.74693],[121.71526,24.74687],[121.71565,24.74694],[121.71629,24.74719],[121.71646,24.74714],[121.71972,24.74339],[121.71979,24.74325],[121.71982,24.74287],[121.7197,24.74255],[121.71956,24.74237],[121.71907,24.74193],[121.71781,24.74123],[121.71748,24.74096],[121.71678,24.73971],[121.71645,24.73889],[121.71634,24.73675]]}},{"type":"Feature","properties":{"n":"童玩路","k":5},"geometry":{"type":"LineString","coordinates":[[121.70995,24.74351],[121.71149,24.74407],[121.71669,24.74541],[121.71763,24.74579]]}},{"type":"Feature","properties":{"n":"德湖五路","k":5},"geometry":{"type":"LineString","coordinates":[[121.71296,24.74758],[121.71297,24.74724],[121.71306,24.74704],[121.71352,24.74645],[121.71497,24.74554],[121.71683,24.74025],[121.71699,24.74011]]}},{"type":"Feature","properties":{"n":"溫泉路","k":4},"geometry":{"type":"LineString","coordinates":[[121.7114,24.74904],[121.71055,24.74947],[121.70951,24.74977],[121.70931,24.74991],[121.70882,24.75002],[121.70832,24.75031],[121.70758,24.75017],[121.70718,24.74991],[121.70693,24.74985],[121.70658,24.74983],[121.70619,24.74972],[121.70547,24.74977],[121.70521,24.74966],[121.70468,24.74925]]}},{"type":"Feature","properties":{"n":"溫泉路","k":4},"geometry":{"type":"LineString","coordinates":[[121.71279,24.74917],[121.71262,24.74918],[121.71216,24.74901],[121.71161,24.74899]]}},{"type":"Feature","properties":{"n":"大湖八路","k":5},"geometry":{"type":"LineString","coordinates":[[121.70215,24.74434],[121.70307,24.74472],[121.7092,24.7435],[121.70995,24.74351]]}},{"type":"Feature","properties":{"n":"尚德路","k":5},"geometry":{"type":"LineString","coordinates":[[121.71655,24.73924],[121.71299,24.73837],[121.71137,24.73785]]}},{"type":"Feature","properties":{"n":"過港橋","k":4},"geometry":{"type":"LineString","coordinates":[[121.70481,24.74919],[121.70571,24.74894],[121.70648,24.74887]]}},{"type":"Feature","properties":{"n":"蜊埤路","k":5},"geometry":{"type":"LineString","coordinates":[[121.70475,24.74922],[121.70439,24.74872],[121.70392,24.74853],[121.70358,24.74857],[121.70343,24.74874],[121.7034,24.74898],[121.70348,24.74912],[121.70395,24.74914],[121.70446,24.74935]]}},{"type":"Feature","properties":{"n":"大湖二路101巷","k":5},"geometry":{"type":"LineString","coordinates":[[121.70048,24.74487],[121.70121,24.74804]]}},{"type":"Feature","properties":{"n":"茄苳林橋","k":2},"geometry":{"type":"LineString","coordinates":[[121.70942,24.74768],[121.71249,24.74905]]}},{"type":"Feature","properties":{"n":"碧仙橋","k":4},"geometry":{"type":"LineString","coordinates":[[121.71161,24.74899],[121.7114,24.74904]]}},{"type":"Feature","properties":{"n":"柑宅橋","k":4},"geometry":{"type":"LineString","coordinates":[[121.69237,24.75151],[121.69224,24.75066]]}},{"type":"Feature","properties":{"n":"二湖橋","k":5},"geometry":{"type":"LineString","coordinates":[[121.68777,24.75212],[121.68736,24.75313]]}},{"type":"Feature","properties":{"n":"追思橋","k":4},"geometry":{"type":"LineString","coordinates":[[121.69732,24.75508],[121.69764,24.75535]]}},{"type":"Feature","properties":{"n":"永廣路","k":4},"geometry":{"type":"LineString","coordinates":[[121.71414,24.75405],[121.71262,24.75505],[121.71209,24.75556],[121.71193,24.75581],[121.71178,24.75627],[121.71183,24.75667],[121.71346,24.76134],[121.71373,24.76294],[121.71383,24.7632]]}},{"type":"Feature","properties":{"n":"永同路三段","k":2},"geometry":{"type":"LineString","coordinates":[[121.71978,24.75992],[121.71888,24.75893],[121.71857,24.75833],[121.71824,24.75786],[121.71652,24.75643],[121.71551,24.7557],[121.71467,24.75487],[121.71332,24.75264],[121.71276,24.75149],[121.71275,24.75138]]}},{"type":"Feature","properties":{"n":"永同路三段160巷","k":5},"geometry":{"type":"LineString","coordinates":[[121.71092,24.75654],[121.71168,24.75584],[121.71206,24.75561]]}},{"type":"Feature","properties":{"n":"永廣路","k":5},"geometry":{"type":"LineString","coordinates":[[121.71383,24.7632],[121.71449,24.76247],[121.71541,24.76172],[121.7155,24.76155],[121.71516,24.76086],[121.71481,24.76049],[121.71471,24.7603],[121.71457,24.75978],[121.7143,24.75915],[121.7143,24.75893],[121.71451,24.75828],[121.71487,24.75796],[121.71493,24.75756],[121.71469,24.75732],[121.71398,24.75598],[121.71311,24.7547]]}},{"type":"Feature","properties":{"n":"賢德路","k":4},"geometry":{"type":"LineString","coordinates":[[121.72158,24.7404],[121.7215,24.74043]]}},{"type":"Feature","properties":{"n":"金泰路299巷","k":5},"geometry":{"type":"LineString","coordinates":[[121.72412,24.74083],[121.7245,24.74074],[121.72556,24.74176]]}},{"type":"Feature","properties":{"n":"永金路","k":5},"geometry":{"type":"LineString","coordinates":[[121.72528,24.74865],[121.7251,24.74908],[121.72393,24.75053]]}},{"type":"Feature","properties":{"n":"金山西路","k":5},"geometry":{"type":"LineString","coordinates":[[121.72877,24.74659],[121.72819,24.74733],[121.72731,24.74803],[121.72627,24.74849],[121.72528,24.74865],[121.72458,24.74846],[121.72103,24.74624]]}},{"type":"Feature","properties":{"n":"文化路","k":5},"geometry":{"type":"LineString","coordinates":[[121.72271,24.74478],[121.72363,24.74568],[121.72731,24.74803]]}},{"type":"Feature","properties":{"n":"文化路","k":5},"geometry":{"type":"LineString","coordinates":[[121.74895,24.75402],[121.74839,24.75264],[121.74876,24.75165],[121.7474,24.74741]]}},{"type":"Feature","properties":{"n":"文化路","k":5},"geometry":{"type":"LineString","coordinates":[[121.8284,24.85683],[121.82824,24.85728],[121.82839,24.85781],[121.8301,24.86162],[121.82913,24.86397]]}},{"type":"Feature","properties":{"n":"員山大橋","k":5},"geometry":{"type":"LineString","coordinates":[[121.7189,24.74762],[121.71551,24.7497]]}},{"type":"Feature","properties":{"n":"復興路125巷12弄","k":5},"geometry":{"type":"LineString","coordinates":[[121.72014,24.74609],[121.71993,24.74599],[121.71944,24.74555],[121.71906,24.74545]]}},{"type":"Feature","properties":{"n":"復興路125巷10弄","k":5},"geometry":{"type":"LineString","coordinates":[[121.72014,24.74609],[121.71951,24.74647]]}},{"type":"Feature","properties":{"n":"復興路125巷10弄","k":5},"geometry":{"type":"LineString","coordinates":[[121.71975,24.74632],[121.71957,24.74605]]}},{"type":"Feature","properties":{"n":"德湖七路","k":5},"geometry":{"type":"LineString","coordinates":[[121.71873,24.74172],[121.71816,24.74219],[121.71811,24.7423],[121.71704,24.74556]]}},{"type":"Feature","properties":{"n":"復興路","k":5},"geometry":{"type":"LineString","coordinates":[[121.72454,24.74403],[121.72271,24.74478],[121.72156,24.74587],[121.7189,24.74762]]}},{"type":"Feature","properties":{"n":"復興路","k":5},"geometry":{"type":"LineString","coordinates":[[121.74958,24.67408],[121.7477,24.67302],[121.74738,24.67264],[121.7464,24.67232],[121.74556,24.67185],[121.74532,24.67211],[121.74501,24.67197],[121.74487,24.67184],[121.745,24.67159],[121.74495,24.67148],[121.74062,24.66909],[121.74043,24.6689]]}},{"type":"Feature","properties":{"n":"復興路","k":5},"geometry":{"type":"LineString","coordinates":[[121.75396,24.74965],[121.75582,24.75024],[121.75594,24.75023]]}},{"type":"Feature","properties":{"n":"復興路","k":5},"geometry":{"type":"LineString","coordinates":[[121.8245,24.86191],[121.82573,24.86099]]}},{"type":"Feature","properties":{"n":"復興路","k":5},"geometry":{"type":"LineString","coordinates":[[121.82257,24.86335],[121.82261,24.86322],[121.82345,24.86263],[121.82353,24.86273],[121.82257,24.86335]]}},{"type":"Feature","properties":{"n":"賢德路二段220巷","k":5},"geometry":{"type":"LineString","coordinates":[[121.7273,24.74016],[121.7245,24.73746]]}},{"type":"Feature","properties":{"n":"復興路200巷","k":5},"geometry":{"type":"LineString","coordinates":[[121.71906,24.74545],[121.71748,24.74685],[121.7173,24.74717],[121.71724,24.74764],[121.71736,24.74811],[121.71755,24.7484],[121.71938,24.75052],[121.71962,24.75073],[121.72017,24.75091],[121.72047,24.75091],[121.72319,24.75042],[121.72393,24.75053]]}},{"type":"Feature","properties":{"n":"興農路","k":5},"geometry":{"type":"LineString","coordinates":[[121.72574,24.7448],[121.72348,24.74779]]}},{"type":"Feature","properties":{"n":"尚智路","k":5},"geometry":{"type":"LineString","coordinates":[[121.72412,24.74486],[121.72325,24.74536]]}},{"type":"Feature","properties":{"n":"文化路153巷","k":5},"geometry":{"type":"LineString","coordinates":[[121.72306,24.74517],[121.72316,24.74461]]}},{"type":"Feature","properties":{"n":"員山路一段312巷","k":5},"geometry":{"type":"LineString","coordinates":[[121.72392,24.74351],[121.72313,24.74435]]}},{"type":"Feature","properties":{"n":"復興路8巷","k":5},"geometry":{"type":"LineString","coordinates":[[121.72316,24.74461],[121.72398,24.74463]]}},{"type":"Feature","properties":{"n":"復興路125巷","k":5},"geometry":{"type":"LineString","coordinates":[[121.72121,24.74612],[121.72014,24.74609]]}},{"type":"Feature","properties":{"n":"金泰路214巷","k":5},"geometry":{"type":"LineString","coordinates":[[121.73176,24.74118],[121.72997,24.73946],[121.72979,24.73921],[121.72914,24.73865]]}},{"type":"Feature","properties":{"n":"進士一路163巷","k":5},"geometry":{"type":"LineString","coordinates":[[121.73913,24.73845],[121.73734,24.73999]]}},{"type":"Feature","properties":{"n":"女中路三段","k":5},"geometry":{"type":"LineString","coordinates":[[121.73233,24.74841],[121.74457,24.74495],[121.74835,24.74478]]}},{"type":"Feature","properties":{"n":"農權路三段","k":5},"geometry":{"type":"LineString","coordinates":[[121.7369,24.75068],[121.74179,24.74932],[121.74211,24.74885],[121.74323,24.74855]]}},{"type":"Feature","properties":{"n":"嵐峰路三段","k":4},"geometry":{"type":"LineString","coordinates":[[121.73193,24.74822],[121.73293,24.74735],[121.73421,24.74642],[121.7346,24.74622],[121.73698,24.74537],[121.73835,24.74504],[121.74044,24.74486],[121.74099,24.74478],[121.74196,24.74452]]}},{"type":"Feature","properties":{"n":"金泰路112巷","k":5},"geometry":{"type":"LineString","coordinates":[[121.73092,24.73711],[121.73366,24.73974]]}},{"type":"Feature","properties":{"n":"金古二路","k":5},"geometry":{"type":"LineString","coordinates":[[121.73635,24.7456],[121.73176,24.74118]]}},{"type":"Feature","properties":{"n":"金山東路295巷","k":5},"geometry":{"type":"LineString","coordinates":[[121.7306,24.74334],[121.72741,24.74027]]}},{"type":"Feature","properties":{"n":"金古一路","k":5},"geometry":{"type":"LineString","coordinates":[[121.73366,24.73974],[121.73907,24.74498]]}},{"type":"Feature","properties":{"n":"嵐峰路三段100巷","k":5},"geometry":{"type":"LineString","coordinates":[[121.73977,24.7457],[121.73961,24.74494]]}},{"type":"Feature","properties":{"n":"金山東路","k":4},"geometry":{"type":"LineString","coordinates":[[121.72945,24.74552],[121.73157,24.74144],[121.73202,24.74088],[121.73247,24.74049],[121.73286,24.74024],[121.73579,24.73848]]}},{"type":"Feature","properties":{"n":"金山東路","k":4},"geometry":{"type":"LineString","coordinates":[[121.72877,24.74659],[121.72895,24.74632]]}},{"type":"Feature","properties":{"n":"金山東路","k":4},"geometry":{"type":"LineString","coordinates":[[121.72945,24.74552],[121.72895,24.74632]]}},{"type":"Feature","properties":{"n":"金山東路","k":4},"geometry":{"type":"LineString","coordinates":[[121.72895,24.74632],[121.72904,24.7461],[121.72945,24.74552]]}},{"type":"Feature","properties":{"n":"民族路","k":5},"geometry":{"type":"LineString","coordinates":[[121.77164,24.67332],[121.76735,24.67447]]}},{"type":"Feature","properties":{"n":"民族路","k":5},"geometry":{"type":"LineString","coordinates":[[121.73763,24.74692],[121.74704,24.7517],[121.75149,24.75308]]}},{"type":"Feature","properties":{"n":"金古三路","k":5},"geometry":{"type":"LineString","coordinates":[[121.73433,24.74634],[121.73362,24.7456],[121.73352,24.7456],[121.73326,24.74577],[121.73308,24.74574],[121.7306,24.74334]]}},{"type":"Feature","properties":{"n":"金六結路","k":5},"geometry":{"type":"LineString","coordinates":[[121.74325,24.75651],[121.74086,24.75477],[121.73762,24.75258],[121.73675,24.75168],[121.7363,24.75131],[121.73525,24.75103],[121.73359,24.74922],[121.73223,24.74854],[121.73193,24.74822]]}},{"type":"Feature","properties":{"n":"泰山路","k":2},"geometry":{"type":"LineString","coordinates":[[121.74945,24.75587],[121.74807,24.75469],[121.74747,24.7544],[121.74383,24.75417],[121.74331,24.75406],[121.74294,24.7539],[121.74232,24.75338],[121.74208,24.75324],[121.73831,24.75162],[121.73648,24.75039],[121.73193,24.74822]]}},{"type":"Feature","properties":{"n":"金山東路400巷","k":5},"geometry":{"type":"LineString","coordinates":[[121.72906,24.7465],[121.72973,24.74641]]}},{"type":"Feature","properties":{"n":"女中路三段320巷","k":5},"geometry":{"type":"LineString","coordinates":[[121.73497,24.74767],[121.73523,24.7483]]}},{"type":"Feature","properties":{"n":"溫泉路","k":5},"geometry":{"type":"LineString","coordinates":[[121.71551,24.7497],[121.71459,24.74978],[121.71368,24.74973]]}},{"type":"Feature","properties":{"n":"溫泉路","k":5},"geometry":{"type":"LineString","coordinates":[[121.77211,24.83015],[121.77459,24.82751],[121.77507,24.82717],[121.77514,24.82704],[121.77522,24.82705],[121.77522,24.82712],[121.77507,24.82717]]}},{"type":"Feature","properties":{"n":"永金一路221巷","k":5},"geometry":{"type":"LineString","coordinates":[[121.71517,24.75437],[121.71639,24.75595]]}},{"type":"Feature","properties":{"n":"永金一路191巷","k":5},"geometry":{"type":"LineString","coordinates":[[121.71718,24.75542],[121.71601,24.75387]]}},{"type":"Feature","properties":{"n":"永金一路131巷","k":5},"geometry":{"type":"LineString","coordinates":[[121.71895,24.75431],[121.71776,24.75275]]}},{"type":"Feature","properties":{"n":"永金一號橋","k":5},"geometry":{"type":"LineString","coordinates":[[121.72386,24.75067],[121.72339,24.75147]]}},{"type":"Feature","properties":{"n":"永金二路37巷","k":5},"geometry":{"type":"LineString","coordinates":[[121.72482,24.75177],[121.72561,24.75281]]}},{"type":"Feature","properties":{"n":"永金二路97巷","k":5},"geometry":{"type":"LineString","coordinates":[[121.72222,24.75177],[121.72387,24.75393]]}},{"type":"Feature","properties":{"n":"永金二路157巷","k":5},"geometry":{"type":"LineString","coordinates":[[121.72071,24.75318],[121.7221,24.75503]]}},{"type":"Feature","properties":{"n":"永金三路","k":5},"geometry":{"type":"LineString","coordinates":[[121.73105,24.75449],[121.72654,24.75736],[121.72647,24.75735]]}},{"type":"Feature","properties":{"n":"永同路三段80巷","k":5},"geometry":{"type":"LineString","coordinates":[[121.71493,24.75756],[121.71613,24.75681],[121.71619,24.75669],[121.7162,24.75628],[121.71615,24.75618]]}},{"type":"Feature","properties":{"n":"永金一路","k":5},"geometry":{"type":"LineString","coordinates":[[121.72329,24.75156],[121.71718,24.75542],[121.71617,24.7561],[121.71615,24.75618]]}},{"type":"Feature","properties":{"n":"永同路二段","k":2},"geometry":{"type":"LineString","coordinates":[[121.72731,24.76372],[121.72597,24.76341],[121.72503,24.76332],[121.72478,24.76322],[121.7224,24.76154],[121.72023,24.76038],[121.71978,24.75992]]}},{"type":"Feature","properties":{"n":"永金二路38巷","k":5},"geometry":{"type":"LineString","coordinates":[[121.72561,24.75281],[121.72825,24.75626]]}},{"type":"Feature","properties":{"n":"頭分路","k":5},"geometry":{"type":"LineString","coordinates":[[121.71671,24.76597],[121.71887,24.76383],[121.7247,24.75887]]}},{"type":"Feature","properties":{"n":"永金二路158巷","k":5},"geometry":{"type":"LineString","coordinates":[[121.7221,24.75503],[121.72315,24.75637],[121.72481,24.75715],[121.72647,24.75735]]}},{"type":"Feature","properties":{"n":"永金二路","k":5},"geometry":{"type":"LineString","coordinates":[[121.72007,24.75579],[121.72033,24.75558],[121.72066,24.75545],[121.72135,24.75553],[121.72695,24.75196]]}},{"type":"Feature","properties":{"n":"永金二路","k":5},"geometry":{"type":"LineString","coordinates":[[121.71777,24.75744],[121.72015,24.75587]]}},{"type":"Feature","properties":{"n":"永金二路98巷","k":5},"geometry":{"type":"LineString","coordinates":[[121.72387,24.75393],[121.72647,24.75735]]}},{"type":"Feature","properties":{"n":"永金二路277巷","k":5},"geometry":{"type":"LineString","coordinates":[[121.71841,24.757],[121.71718,24.75542]]}},{"type":"Feature","properties":{"n":"永金二路217巷","k":5},"geometry":{"type":"LineString","coordinates":[[121.72077,24.75827],[121.72148,24.75758],[121.72143,24.75729],[121.72128,24.75712],[121.72087,24.75687],[121.72047,24.75613],[121.72007,24.75579],[121.71895,24.75431]]}},{"type":"Feature","properties":{"n":"永金一路71巷","k":5},"geometry":{"type":"LineString","coordinates":[[121.71986,24.75204],[121.72071,24.75318]]}},{"type":"Feature","properties":{"n":"永金二路278巷","k":5},"geometry":{"type":"LineString","coordinates":[[121.71888,24.75893],[121.71952,24.75847],[121.71841,24.757]]}},{"type":"Feature","properties":{"n":"永同路二段115巷1弄","k":5},"geometry":{"type":"LineString","coordinates":[[121.72423,24.76183],[121.72302,24.76107]]}},{"type":"Feature","properties":{"n":"永同路二段120巷","k":5},"geometry":{"type":"LineString","coordinates":[[121.72199,24.76206],[121.72222,24.76229],[121.72183,24.76264],[121.72157,24.76245]]}},{"type":"Feature","properties":{"n":"永同路二段120巷","k":5},"geometry":{"type":"LineString","coordinates":[[121.72229,24.76149],[121.72214,24.76169],[121.72226,24.76183],[121.72148,24.76252]]}},{"type":"Feature","properties":{"n":"永同路二段115巷","k":5},"geometry":{"type":"LineString","coordinates":[[121.72302,24.76107],[121.7224,24.76154]]}},{"type":"Feature","properties":{"n":"永金二號橋","k":5},"geometry":{"type":"LineString","coordinates":[[121.73251,24.75341],[121.73143,24.75348]]}},{"type":"Feature","properties":{"n":"永金三路1巷","k":5},"geometry":{"type":"LineString","coordinates":[[121.73116,24.75446],[121.73139,24.75384],[121.73143,24.75348],[121.73123,24.75297],[121.73101,24.75269],[121.7303,24.75223],[121.72968,24.75193],[121.72887,24.75192]]}},{"type":"Feature","properties":{"n":"建軍路","k":5},"geometry":{"type":"LineString","coordinates":[[121.73831,24.75162],[121.73717,24.75328]]}},{"type":"Feature","properties":{"n":"建軍路","k":5},"geometry":{"type":"LineString","coordinates":[[121.73717,24.75328],[121.73713,24.75335]]}},{"type":"Feature","properties":{"n":"建軍路","k":5},"geometry":{"type":"LineString","coordinates":[[121.73244,24.75462],[121.7329,24.75396],[121.73496,24.75327],[121.73621,24.753],[121.73717,24.75328]]}},{"type":"Feature","properties":{"n":"泰山路262巷","k":5},"geometry":{"type":"LineString","coordinates":[[121.73783,24.75175],[121.73766,24.75183],[121.73759,24.75178],[121.73703,24.75117],[121.73727,24.75094]]}},{"type":"Feature","properties":{"n":"建軍路13巷","k":5},"geometry":{"type":"LineString","coordinates":[[121.73804,24.75201],[121.73783,24.75175]]}},{"type":"Feature","properties":{"n":"復興路三段203巷","k":5},"geometry":{"type":"LineString","coordinates":[[121.73874,24.75155],[121.73846,24.75074]]}},{"type":"Feature","properties":{"n":"新城橋","k":2},"geometry":{"type":"LineString","coordinates":[[121.73499,24.76277],[121.73417,24.76368],[121.73374,24.76396],[121.73338,24.76408],[121.73293,24.76416],[121.73107,24.76434]]}},{"type":"Feature","properties":{"n":"新城橋","k":2},"geometry":{"type":"LineString","coordinates":[[121.73106,24.76427],[121.73321,24.76406],[121.73354,24.76398],[121.73394,24.76379],[121.73412,24.76364],[121.73494,24.76272]]}},{"type":"Feature","properties":{"n":"民權路三段","k":2},"geometry":{"type":"LineString","coordinates":[[121.73534,24.76229],[121.7361,24.76161],[121.73691,24.76103],[121.7388,24.7598],[121.73985,24.75932],[121.74043,24.75916],[121.74072,24.75913]]}},{"type":"Feature","properties":{"n":"民權路三段","k":2},"geometry":{"type":"LineString","coordinates":[[121.73494,24.76272],[121.73534,24.76229]]}},{"type":"Feature","properties":{"n":"民權路三段","k":2},"geometry":{"type":"LineString","coordinates":[[121.73534,24.76229],[121.73529,24.76244],[121.73499,24.76277]]}},{"type":"Feature","properties":{"n":"環河路","k":5},"geometry":{"type":"LineString","coordinates":[[121.74896,24.76124],[121.74725,24.75963],[121.74413,24.75703],[121.74325,24.75651],[121.74265,24.7564],[121.74223,24.75634],[121.74159,24.75638],[121.74116,24.75647],[121.73954,24.75701],[121.73814,24.75756],[121.73636,24.75853],[121.73556,24.7588],[121.73454,24.75879],[121.73376,24.75852],[121.73317,24.7581],[121.73282,24.75768],[121.73257,24.75726],[121.73233,24.75655],[121.73225,24.75602],[121.73225,24.75543],[121.7326,24.75383],[121.73253,24.753],[121.7323,24.75243],[121.73179,24.75182],[121.73047,24.75101],[121.72989,24.75084],[121.72881,24.75081]]}},{"type":"Feature","properties":{"n":"環河路","k":5},"geometry":{"type":"LineString","coordinates":[[121.75487,24.76464],[121.75451,24.76454],[121.7515,24.76302],[121.74983,24.76197]]}},{"type":"Feature","properties":{"n":"復興路三段","k":5},"geometry":{"type":"LineString","coordinates":[[121.74389,24.75008],[121.73981,24.75126],[121.73831,24.75162]]}},{"type":"Feature","properties":{"n":"同新路","k":4},"geometry":{"type":"LineString","coordinates":[[121.73251,24.76377],[121.73247,24.76362],[121.73148,24.76258],[121.73145,24.76199],[121.73128,24.7616],[121.73108,24.76143],[121.73074,24.76142],[121.7306,24.76145],[121.72884,24.76237],[121.72828,24.76288],[121.72781,24.76319],[121.72739,24.76354],[121.72731,24.76372],[121.72554,24.76435],[121.72406,24.76511],[121.72333,24.76557],[121.7227,24.76586]]}},{"type":"Feature","properties":{"n":"慈航三路","k":5},"geometry":{"type":"LineString","coordinates":[[121.74286,24.75942],[121.74225,24.76019],[121.74053,24.76187],[121.73746,24.76442]]}},{"type":"Feature","properties":{"n":"慈航三路","k":5},"geometry":{"type":"LineString","coordinates":[[121.73738,24.76448],[121.73361,24.7676]]}},{"type":"Feature","properties":{"n":"慈航二路","k":5},"geometry":{"type":"LineString","coordinates":[[121.74439,24.76168],[121.74243,24.76299],[121.73472,24.76936],[121.73463,24.76938]]}},{"type":"Feature","properties":{"n":"鎮平二路","k":5},"geometry":{"type":"LineString","coordinates":[[121.74162,24.76581],[121.74049,24.76467],[121.74012,24.76448],[121.73966,24.76384],[121.73691,24.76103]]}},{"type":"Feature","properties":{"n":"鎮平二路","k":5},"geometry":{"type":"LineString","coordinates":[[121.74903,24.77342],[121.74877,24.77304],[121.7422,24.7664],[121.74217,24.76614],[121.74178,24.76571]]}},{"type":"Feature","properties":{"n":"同新路3巷","k":5},"geometry":{"type":"LineString","coordinates":[[121.73226,24.7634],[121.73345,24.76259]]}},{"type":"Feature","properties":{"n":"雪峰路","k":4},"geometry":{"type":"LineString","coordinates":[[121.73659,24.76355],[121.73534,24.76229]]}},{"type":"Feature","properties":{"n":"雪峰路","k":4},"geometry":{"type":"LineString","coordinates":[[121.73746,24.76442],[121.73664,24.7636]]}},{"type":"Feature","properties":{"n":"雪峰路","k":4},"geometry":{"type":"LineString","coordinates":[[121.74738,24.77449],[121.73752,24.76449]]}},{"type":"Feature","properties":{"n":"鎮平一路","k":5},"geometry":{"type":"LineString","coordinates":[[121.74047,24.76181],[121.7386,24.75992]]}},{"type":"Feature","properties":{"n":"鎮平一路","k":5},"geometry":{"type":"LineString","coordinates":[[121.75081,24.77229],[121.74618,24.7676],[121.74566,24.76669],[121.74532,24.76672],[121.74361,24.76499],[121.74311,24.76521],[121.74289,24.76505],[121.74314,24.76457],[121.74063,24.76197]]}},{"type":"Feature","properties":{"n":"永金三路30巷","k":5},"geometry":{"type":"LineString","coordinates":[[121.7309,24.75633],[121.73001,24.75515]]}},{"type":"Feature","properties":{"n":"永金三路90巷","k":5},"geometry":{"type":"LineString","coordinates":[[121.72825,24.75626],[121.72917,24.75746],[121.72927,24.75767],[121.72905,24.75826]]}},{"type":"Feature","properties":{"n":"永興路二段453巷","k":5},"geometry":{"type":"LineString","coordinates":[[121.75248,24.66236],[121.75229,24.66229],[121.75127,24.6623],[121.75094,24.66212],[121.74977,24.66216],[121.74919,24.66204]]}},{"type":"Feature","properties":{"n":"新邦路","k":5},"geometry":{"type":"LineString","coordinates":[[121.74204,24.67327],[121.74259,24.67244],[121.74416,24.66974],[121.74457,24.66925]]}},{"type":"Feature","properties":{"n":"梅花路255巷","k":5},"geometry":{"type":"LineString","coordinates":[[121.74576,24.66305],[121.7435,24.66622]]}},{"type":"Feature","properties":{"n":"興安路27巷","k":5},"geometry":{"type":"LineString","coordinates":[[121.74756,24.67023],[121.74569,24.67004],[121.74583,24.66974],[121.7455,24.66936]]}},{"type":"Feature","properties":{"n":"廣安路","k":5},"geometry":{"type":"LineString","coordinates":[[121.74409,24.6699],[121.74456,24.67017],[121.74499,24.67054],[121.74545,24.67074],[121.7457,24.67093],[121.74606,24.67136],[121.74671,24.6715],[121.74688,24.67128],[121.74954,24.67281],[121.7498,24.67338],[121.7501,24.67329]]}},{"type":"Feature","properties":{"n":"水源路37巷","k":5},"geometry":{"type":"LineString","coordinates":[[121.7544,24.66999],[121.75334,24.66985],[121.75245,24.66988]]}},{"type":"Feature","properties":{"n":"鹿埔路857巷","k":5},"geometry":{"type":"LineString","coordinates":[[121.75134,24.6633],[121.75473,24.66396]]}},{"type":"Feature","properties":{"n":"廣興路158巷","k":5},"geometry":{"type":"LineString","coordinates":[[121.75009,24.67018],[121.74926,24.67151]]}},{"type":"Feature","properties":{"n":"廣興路158巷","k":5},"geometry":{"type":"LineString","coordinates":[[121.74922,24.67157],[121.7486,24.67228]]}},{"type":"Feature","properties":{"n":"永興路二段640巷","k":5},"geometry":{"type":"LineString","coordinates":[[121.74971,24.66538],[121.7511,24.66544],[121.75149,24.6657],[121.7522,24.6658],[121.75239,24.66598],[121.75256,24.66584],[121.75294,24.66575]]}},{"type":"Feature","properties":{"n":"廣興路218巷","k":5},"geometry":{"type":"LineString","coordinates":[[121.74808,24.67127],[121.74899,24.66983]]}},{"type":"Feature","properties":{"n":"廣興路218巷","k":5},"geometry":{"type":"LineString","coordinates":[[121.74777,24.67181],[121.74804,24.67133]]}},{"type":"Feature","properties":{"n":"鹿梅路","k":4},"geometry":{"type":"LineString","coordinates":[[121.75294,24.66575],[121.75268,24.6654],[121.75071,24.66379]]}},{"type":"Feature","properties":{"n":"鹿埔路655巷","k":5},"geometry":{"type":"LineString","coordinates":[[121.75129,24.6588],[121.75286,24.65868]]}},{"type":"Feature","properties":{"n":"梅花路255巷22弄","k":5},"geometry":{"type":"LineString","coordinates":[[121.74464,24.66462],[121.73996,24.66175]]}},{"type":"Feature","properties":{"n":"廣興路529巷","k":5},"geometry":{"type":"LineString","coordinates":[[121.74158,24.66887],[121.74294,24.66698]]}},{"type":"Feature","properties":{"n":"五結路三段","k":3},"geometry":{"type":"LineString","coordinates":[[121.77607,24.68194],[121.77855,24.68243],[121.78465,24.68281],[121.78746,24.68304],[121.79513,24.68438]]}},{"type":"Feature","properties":{"n":"五結路三段","k":3},"geometry":{"type":"LineString","coordinates":[[121.82475,24.69258],[121.82487,24.69258]]}},{"type":"Feature","properties":{"n":"五結路三段","k":3},"geometry":{"type":"LineString","coordinates":[[121.83247,24.69261],[121.83241,24.6927]]}},{"type":"Feature","properties":{"n":"溪濱路二段","k":4},"geometry":{"type":"LineString","coordinates":[[121.82073,24.7085],[121.81823,24.70897],[121.81513,24.70916],[121.81209,24.70923],[121.80823,24.70965],[121.80268,24.71016],[121.79144,24.71131],[121.78764,24.71187]]}},{"type":"Feature","properties":{"n":"興安橋","k":5},"geometry":{"type":"LineString","coordinates":[[121.74727,24.67068],[121.74721,24.67075]]}},{"type":"Feature","properties":{"n":"永興路二段273巷","k":5},"geometry":{"type":"LineString","coordinates":[[121.75442,24.65856],[121.75674,24.65837]]}},{"type":"Feature","properties":{"n":"光明一路","k":5},"geometry":{"type":"LineString","coordinates":[[121.75473,24.66396],[121.75616,24.66395],[121.75696,24.66427],[121.75697,24.66443],[121.75708,24.66448],[121.75817,24.66482],[121.75829,24.6645]]}},{"type":"Feature","properties":{"n":"光明路366巷","k":5},"geometry":{"type":"LineString","coordinates":[[121.75616,24.66395],[121.75637,24.66337]]}},{"type":"Feature","properties":{"n":"鹿埔路656巷","k":5},"geometry":{"type":"LineString","coordinates":[[121.75286,24.65868],[121.75442,24.65856]]}},{"type":"Feature","properties":{"n":"清溝路317巷","k":5},"geometry":{"type":"LineString","coordinates":[[121.76091,24.65855],[121.76151,24.65855]]}},{"type":"Feature","properties":{"n":"純精路一段","k":2},"geometry":{"type":"LineString","coordinates":[[121.76366,24.67429],[121.76386,24.6718],[121.76408,24.67097],[121.76435,24.67057],[121.7653,24.66964],[121.76599,24.66913],[121.76663,24.66873]]}},{"type":"Feature","properties":{"n":"純精路一段","k":2},"geometry":{"type":"LineString","coordinates":[[121.76669,24.66877],[121.76613,24.6691],[121.76562,24.66948],[121.76498,24.67003],[121.76441,24.67059],[121.76423,24.67084],[121.76406,24.67121],[121.76393,24.6718],[121.76373,24.67431]]}},{"type":"Feature","properties":{"n":"純精路一段","k":2},"geometry":{"type":"LineString","coordinates":[[121.76677,24.66885],[121.76567,24.66954],[121.76508,24.67004],[121.76448,24.67064],[121.76429,24.6709],[121.76414,24.67123],[121.76402,24.6718],[121.7638,24.67433]]}},{"type":"Feature","properties":{"n":"純精路一段","k":2},"geometry":{"type":"LineString","coordinates":[[121.76357,24.67427],[121.76377,24.6718],[121.76399,24.67095],[121.76427,24.67055],[121.76486,24.66994],[121.76557,24.66934],[121.76658,24.66868]]}},{"type":"Feature","properties":{"n":"永清路","k":5},"geometry":{"type":"LineString","coordinates":[[121.77423,24.66471],[121.77375,24.66451],[121.77236,24.66457],[121.76163,24.66467],[121.76132,24.66476],[121.76067,24.66466],[121.75875,24.66468]]}},{"type":"Feature","properties":{"n":"光明路","k":5},"geometry":{"type":"LineString","coordinates":[[121.75471,24.66227],[121.75535,24.66246],[121.75562,24.6628],[121.75678,24.66361],[121.75736,24.66362],[121.7578,24.66381],[121.75808,24.66437],[121.75823,24.66448],[121.7587,24.66462],[121.75909,24.66499],[121.75939,24.66553],[121.76104,24.66574],[121.76445,24.66642],[121.76764,24.66674],[121.76786,24.66671]]}},{"type":"Feature","properties":{"n":"光明路","k":5},"geometry":{"type":"LineString","coordinates":[[121.85316,24.5912],[121.85312,24.5939]]}},{"type":"Feature","properties":{"n":"成功街","k":4},"geometry":{"type":"LineString","coordinates":[[121.7633,24.67182],[121.76319,24.67149],[121.76274,24.67096],[121.76245,24.67032],[121.76224,24.67002],[121.76177,24.66954],[121.76128,24.66918]]}},{"type":"Feature","properties":{"n":"廣興路11巷","k":5},"geometry":{"type":"LineString","coordinates":[[121.75356,24.6714],[121.75475,24.66945]]}},{"type":"Feature","properties":{"n":"南盟路","k":5},"geometry":{"type":"LineString","coordinates":[[121.76461,24.66897],[121.76528,24.66887],[121.76636,24.6684],[121.76677,24.66885]]}},{"type":"Feature","properties":{"n":"永安路","k":5},"geometry":{"type":"LineString","coordinates":[[121.77521,24.66287],[121.77461,24.66267],[121.76912,24.66269],[121.76826,24.66262],[121.7675,24.66272],[121.76214,24.66279],[121.76186,24.66278],[121.76135,24.66262],[121.76063,24.66261],[121.75955,24.66284],[121.75916,24.66278],[121.75562,24.6628]]}},{"type":"Feature","properties":{"n":"鹿安路","k":5},"geometry":{"type":"LineString","coordinates":[[121.77625,24.66107],[121.77618,24.66093],[121.77561,24.66073],[121.77212,24.66078],[121.77175,24.66072],[121.77151,24.66078],[121.77058,24.66078],[121.77011,24.66094],[121.76983,24.66093],[121.7689,24.66111],[121.76822,24.66087],[121.76771,24.6608],[121.7675,24.66057],[121.76505,24.66083],[121.75976,24.66088],[121.75948,24.66076],[121.75805,24.66075],[121.75762,24.66079],[121.75743,24.66088],[121.75455,24.66092]]}},{"type":"Feature","properties":{"n":"西安街","k":4},"geometry":{"type":"LineString","coordinates":[[121.76128,24.66918],[121.76119,24.66925],[121.7609,24.66933],[121.76042,24.66938],[121.76002,24.66932],[121.75918,24.66929],[121.7583,24.66913],[121.75754,24.66876],[121.7573,24.66869],[121.75653,24.66857],[121.75627,24.66841],[121.75514,24.66713],[121.75294,24.66575]]}},{"type":"Feature","properties":{"n":"義成路三段162巷","k":5},"geometry":{"type":"LineString","coordinates":[[121.76534,24.65894],[121.77081,24.65889]]}},{"type":"Feature","properties":{"n":"永光路","k":5},"geometry":{"type":"LineString","coordinates":[[121.76313,24.66617],[121.76316,24.66275]]}},{"type":"Feature","properties":{"n":"永光路","k":5},"geometry":{"type":"LineString","coordinates":[[121.8509,24.5942],[121.85088,24.59391],[121.85077,24.59369],[121.85075,24.59334],[121.85083,24.59306],[121.85117,24.59255],[121.85138,24.59206],[121.85179,24.5921]]}},{"type":"Feature","properties":{"n":"光明二路","k":5},"geometry":{"type":"LineString","coordinates":[[121.75474,24.66587],[121.75842,24.66582]]}},{"type":"Feature","properties":{"n":"西安街382巷","k":5},"geometry":{"type":"LineString","coordinates":[[121.75481,24.66935],[121.75573,24.66781]]}},{"type":"Feature","properties":{"n":"西安街87巷","k":5},"geometry":{"type":"LineString","coordinates":[[121.76128,24.66918],[121.76093,24.66881],[121.76081,24.66854],[121.76079,24.66701]]}},{"type":"Feature","properties":{"n":"光明路131巷","k":5},"geometry":{"type":"LineString","coordinates":[[121.76314,24.66555],[121.76392,24.66555],[121.76389,24.66632]]}},{"type":"Feature","properties":{"n":"光明路152巷","k":5},"geometry":{"type":"LineString","coordinates":[[121.76506,24.66732],[121.76497,24.66748],[121.7648,24.66741]]}},{"type":"Feature","properties":{"n":"北投街","k":5},"geometry":{"type":"LineString","coordinates":[[121.75225,24.67172],[121.7521,24.67262],[121.75143,24.67293],[121.75047,24.67305],[121.7501,24.67329],[121.75054,24.67445],[121.75089,24.67507],[121.75305,24.67769],[121.75348,24.67829],[121.75407,24.67871],[121.75414,24.67898]]}},{"type":"Feature","properties":{"n":"河濱路","k":5},"geometry":{"type":"LineString","coordinates":[[121.74765,24.67175],[121.7471,24.67256]]}},{"type":"Feature","properties":{"n":"河濱路","k":5},"geometry":{"type":"LineString","coordinates":[[121.75546,24.70324],[121.75525,24.70282],[121.75495,24.7007],[121.75492,24.69861],[121.75475,24.69746],[121.75358,24.69179],[121.75322,24.69082],[121.75322,24.69063],[121.75223,24.68836],[121.75163,24.68666]]}},{"type":"Feature","properties":{"n":"安和路","k":5},"geometry":{"type":"LineString","coordinates":[[121.74964,24.67522],[121.74738,24.67398],[121.74714,24.67366],[121.74692,24.67353],[121.74662,24.67354],[121.74649,24.67345]]}},{"type":"Feature","properties":{"n":"水井一路246巷","k":5},"geometry":{"type":"LineString","coordinates":[[121.74949,24.67703],[121.7505,24.67646]]}},{"type":"Feature","properties":{"n":"北投街235巷1弄","k":5},"geometry":{"type":"LineString","coordinates":[[121.75116,24.67607],[121.74964,24.67522]]}},{"type":"Feature","properties":{"n":"北投街183巷","k":5},"geometry":{"type":"LineString","coordinates":[[121.75054,24.67445],[121.7503,24.67449],[121.74958,24.67408]]}},{"type":"Feature","properties":{"n":"公正路","k":4},"geometry":{"type":"LineString","coordinates":[[121.75488,24.67957],[121.75483,24.67949]]}},{"type":"Feature","properties":{"n":"公正路","k":4},"geometry":{"type":"LineString","coordinates":[[121.74955,24.6823],[121.75118,24.6816],[121.75164,24.68136],[121.75174,24.68124],[121.75545,24.67913],[121.75571,24.67911],[121.75633,24.67933],[121.75672,24.67951],[121.75747,24.67998],[121.75833,24.68037],[121.75915,24.68052],[121.76019,24.68058],[121.76125,24.68054],[121.76209,24.68042],[121.76358,24.68012],[121.76401,24.6801],[121.76366,24.68022],[121.76125,24.68065],[121.7597,24.68065],[121.75884,24.68059],[121.7584,24.68052],[121.75778,24.68026],[121.75743,24.68009],[121.75666,24.67958],[121.7561,24.67934],[121.75565,24.67922],[121.7555,24.67924],[121.75488,24.67957],[121.7521,24.68116],[121.75177,24.68134],[121.75164,24.68136]]}},{"type":"Feature","properties":{"n":"四維路","k":5},"geometry":{"type":"LineString","coordinates":[[121.75163,24.68666],[121.75794,24.68308],[121.75782,24.68251],[121.75769,24.68231],[121.75757,24.68218],[121.7571,24.68193],[121.75671,24.68181],[121.75607,24.68134],[121.75566,24.68091],[121.75488,24.67957]]}},{"type":"Feature","properties":{"n":"北成路二段","k":5},"geometry":{"type":"LineString","coordinates":[[121.75545,24.67913],[121.75414,24.67898],[121.75157,24.68036],[121.74808,24.68238]]}},{"type":"Feature","properties":{"n":"水井路","k":5},"geometry":{"type":"LineString","coordinates":[[121.74421,24.6763],[121.74569,24.67464],[121.7471,24.67256]]}},{"type":"Feature","properties":{"n":"水井一路","k":5},"geometry":{"type":"LineString","coordinates":[[121.74569,24.67464],[121.74624,24.67481],[121.74711,24.67525],[121.74783,24.67576],[121.74828,24.67617],[121.74918,24.67668],[121.74949,24.67703],[121.746,24.67902]]}},{"type":"Feature","properties":{"n":"水井三路","k":5},"geometry":{"type":"LineString","coordinates":[[121.74476,24.6757],[121.74888,24.6818]]}},{"type":"Feature","properties":{"n":"水井三路","k":5},"geometry":{"type":"LineString","coordinates":[[121.74891,24.68185],[121.74894,24.68188]]}},{"type":"Feature","properties":{"n":"水井一路288巷","k":5},"geometry":{"type":"LineString","coordinates":[[121.74898,24.67788],[121.74855,24.67758]]}},{"type":"Feature","properties":{"n":"北成橋","k":4},"geometry":{"type":"LineString","coordinates":[[121.74509,24.6842],[121.74955,24.6823]]}},{"type":"Feature","properties":{"n":"光華六路","k":5},"geometry":{"type":"LineString","coordinates":[[121.73983,24.68303],[121.74277,24.68012]]}},{"type":"Feature","properties":{"n":"維揚路","k":5},"geometry":{"type":"LineString","coordinates":[[121.75604,24.67225],[121.75685,24.67223],[121.75891,24.67185],[121.76001,24.67186],[121.76296,24.67241],[121.76378,24.67267]]}},{"type":"Feature","properties":{"n":"中山路四段","k":2},"geometry":{"type":"LineString","coordinates":[[121.76366,24.67429],[121.75884,24.6732],[121.75356,24.6714]]}},{"type":"Feature","properties":{"n":"中山路三段","k":2},"geometry":{"type":"LineString","coordinates":[[121.76366,24.67429],[121.76826,24.67531],[121.77224,24.67442],[121.77267,24.6745],[121.77434,24.67501]]}},{"type":"Feature","properties":{"n":"純精路二段","k":2},"geometry":{"type":"LineString","coordinates":[[121.76402,24.68009],[121.76358,24.67871],[121.76344,24.67778],[121.76342,24.67719],[121.76357,24.67427]]}},{"type":"Feature","properties":{"n":"純精路二段","k":2},"geometry":{"type":"LineString","coordinates":[[121.76373,24.67431],[121.76357,24.67709],[121.76363,24.67789],[121.76376,24.67875],[121.76419,24.68005]]}},{"type":"Feature","properties":{"n":"純精路二段","k":2},"geometry":{"type":"LineString","coordinates":[[121.76412,24.68007],[121.7637,24.67875],[121.76355,24.67783],[121.76351,24.67713],[121.76366,24.67429]]}},{"type":"Feature","properties":{"n":"純精路二段","k":2},"geometry":{"type":"LineString","coordinates":[[121.7638,24.67433],[121.76367,24.67703],[121.76371,24.67792],[121.76382,24.67868],[121.76427,24.68003]]}},{"type":"Feature","properties":{"n":"國華街","k":5},"geometry":{"type":"LineString","coordinates":[[121.7611,24.67754],[121.76049,24.67538]]}},{"type":"Feature","properties":{"n":"中山路四段20巷","k":5},"geometry":{"type":"LineString","coordinates":[[121.7629,24.67499],[121.76308,24.67416]]}},{"type":"Feature","properties":{"n":"維揚路26巷","k":5},"geometry":{"type":"LineString","coordinates":[[121.76275,24.67179],[121.76259,24.67275],[121.76279,24.67332],[121.76314,24.67382],[121.76308,24.67416]]}},{"type":"Feature","properties":{"n":"成功街","k":5},"geometry":{"type":"LineString","coordinates":[[121.76521,24.6729],[121.76521,24.67239],[121.76657,24.67291]]}},{"type":"Feature","properties":{"n":"民權路","k":5},"geometry":{"type":"LineString","coordinates":[[121.77182,24.67498],[121.76399,24.67702],[121.76367,24.67703],[121.76342,24.67719]]}},{"type":"Feature","properties":{"n":"大成路","k":5},"geometry":{"type":"LineString","coordinates":[[121.76163,24.6752],[121.76161,24.67462],[121.76169,24.67427],[121.76169,24.67386]]}},{"type":"Feature","properties":{"n":"大成路","k":5},"geometry":{"type":"LineString","coordinates":[[121.8483,24.6221],[121.85036,24.62273],[121.85038,24.62316],[121.85003,24.62389],[121.85016,24.62443],[121.84993,24.62443],[121.84962,24.62456],[121.84898,24.62515]]}},{"type":"Feature","properties":{"n":"中山路四段175巷","k":5},"geometry":{"type":"LineString","coordinates":[[121.75982,24.67303],[121.75981,24.67343]]}},{"type":"Feature","properties":{"n":"南門路","k":4},"geometry":{"type":"LineString","coordinates":[[121.76378,24.67267],[121.76406,24.67281],[121.76438,24.6729],[121.76723,24.67293],[121.76764,24.67285],[121.76935,24.67287],[121.76981,24.67278],[121.77033,24.67257]]}},{"type":"Feature","properties":{"n":"純精路三段","k":2},"geometry":{"type":"LineString","coordinates":[[121.76412,24.68007],[121.76461,24.68172],[121.76518,24.6829],[121.76574,24.68389],[121.7666,24.68502],[121.76713,24.6856],[121.76785,24.68621],[121.76884,24.68675],[121.77061,24.6876],[121.77041,24.68759],[121.76807,24.68646],[121.7671,24.68566],[121.76653,24.68504],[121.76566,24.68393],[121.7651,24.68295],[121.7647,24.68215],[121.76443,24.68148],[121.76402,24.68009]]}},{"type":"Feature","properties":{"n":"純精路三段","k":2},"geometry":{"type":"LineString","coordinates":[[121.76427,24.68003],[121.7647,24.68152],[121.7651,24.68242],[121.76592,24.68388],[121.76673,24.68494],[121.76733,24.68558],[121.76795,24.68611],[121.76886,24.6866],[121.77051,24.68739],[121.77063,24.68751]]}},{"type":"Feature","properties":{"n":"純精路三段","k":2},"geometry":{"type":"LineString","coordinates":[[121.76419,24.68005],[121.76457,24.68141],[121.76485,24.68211],[121.76581,24.68386],[121.76666,24.68498],[121.76717,24.68552],[121.76814,24.68634],[121.77048,24.68748],[121.77063,24.68751]]}},{"type":"Feature","properties":{"n":"純精路三段","k":2},"geometry":{"type":"LineString","coordinates":[[121.77063,24.68751],[121.77077,24.68753]]}},{"type":"Feature","properties":{"n":"北成路一段","k":4},"geometry":{"type":"LineString","coordinates":[[121.7555,24.67924],[121.75545,24.67913],[121.75545,24.67892],[121.75822,24.67611],[121.7587,24.6757],[121.76353,24.67487]]}},{"type":"Feature","properties":{"n":"公正路","k":5},"geometry":{"type":"LineString","coordinates":[[121.76402,24.68009],[121.77216,24.67801],[121.77401,24.67795]]}},{"type":"Feature","properties":{"n":"純精路三段160巷","k":5},"geometry":{"type":"LineString","coordinates":[[121.76645,24.68256],[121.76593,24.68269],[121.76538,24.68295],[121.76506,24.68287]]}},{"type":"Feature","properties":{"n":"四育路","k":5},"geometry":{"type":"LineString","coordinates":[[121.75941,24.67557],[121.76011,24.678],[121.76071,24.67919],[121.76085,24.67986],[121.76088,24.68067]]}},{"type":"Feature","properties":{"n":"光華街","k":5},"geometry":{"type":"LineString","coordinates":[[121.75745,24.67944],[121.75962,24.67728]]}},{"type":"Feature","properties":{"n":"建國街","k":5},"geometry":{"type":"LineString","coordinates":[[121.75999,24.6776],[121.75822,24.67611]]}},{"type":"Feature","properties":{"n":"林森路","k":5},"geometry":{"type":"LineString","coordinates":[[121.77108,24.67919],[121.76577,24.68049]]}},{"type":"Feature","properties":{"n":"林森路","k":5},"geometry":{"type":"LineString","coordinates":[[121.76099,24.75812],[121.76234,24.7612]]}},{"type":"Feature","properties":{"n":"林森路","k":5},"geometry":{"type":"LineString","coordinates":[[121.85181,24.59674],[121.85172,24.59696],[121.85173,24.59744]]}},{"type":"Feature","properties":{"n":"愛國路","k":5},"geometry":{"type":"LineString","coordinates":[[121.76553,24.67973],[121.76702,24.68427],[121.76718,24.6847],[121.7674,24.68506],[121.7679,24.68529],[121.76839,24.68539],[121.76931,24.68519],[121.77067,24.68479]]}},{"type":"Feature","properties":{"n":"忠孝路","k":5},"geometry":{"type":"LineString","coordinates":[[121.76431,24.67445],[121.76599,24.67961]]}},{"type":"Feature","properties":{"n":"忠孝路","k":5},"geometry":{"type":"LineString","coordinates":[[121.77464,24.83208],[121.77407,24.83172],[121.77348,24.83148],[121.77312,24.83122],[121.77211,24.83015],[121.77138,24.82904]]}},{"type":"Feature","properties":{"n":"豐年路","k":5},"geometry":{"type":"LineString","coordinates":[[121.76188,24.68224],[121.76029,24.68263],[121.75995,24.68265],[121.75931,24.68247],[121.75907,24.68229],[121.75867,24.68172],[121.75843,24.68106],[121.7584,24.68052]]}},{"type":"Feature","properties":{"n":"敬業路","k":5},"geometry":{"type":"LineString","coordinates":[[121.75941,24.67334],[121.7593,24.67337],[121.75917,24.67378],[121.75924,24.6756]]}},{"type":"Feature","properties":{"n":"培英路","k":5},"geometry":{"type":"LineString","coordinates":[[121.75707,24.67985],[121.75745,24.67944],[121.76011,24.678],[121.7611,24.67754],[121.76236,24.67728],[121.76342,24.67719]]}},{"type":"Feature","properties":{"n":"民生路","k":5},"geometry":{"type":"LineString","coordinates":[[121.77149,24.6763],[121.76997,24.67686],[121.76485,24.67818],[121.76377,24.67795]]}},{"type":"Feature","properties":{"n":"民生路","k":5},"geometry":{"type":"LineString","coordinates":[[121.86414,24.58242],[121.86433,24.58119]]}},{"type":"Feature","properties":{"n":"培英路105巷","k":5},"geometry":{"type":"LineString","coordinates":[[121.75915,24.67772],[121.75941,24.67795],[121.75961,24.67827]]}},{"type":"Feature","properties":{"n":"豐年路25巷","k":5},"geometry":{"type":"LineString","coordinates":[[121.75841,24.68076],[121.75784,24.6809]]}},{"type":"Feature","properties":{"n":"樹人路","k":5},"geometry":{"type":"LineString","coordinates":[[121.76506,24.68287],[121.76457,24.68288],[121.76418,24.68276],[121.76368,24.68231],[121.76337,24.68176],[121.76291,24.68026]]}},{"type":"Feature","properties":{"n":"樹人路","k":5},"geometry":{"type":"LineString","coordinates":[[121.76559,24.68488],[121.76542,24.68451]]}},{"type":"Feature","properties":{"n":"樹人路","k":5},"geometry":{"type":"LineString","coordinates":[[121.75908,24.76328],[121.75791,24.76011]]}},{"type":"Feature","properties":{"n":"學府街","k":5},"geometry":{"type":"LineString","coordinates":[[121.76143,24.68063],[121.76207,24.68291],[121.76186,24.68298]]}},{"type":"Feature","properties":{"n":"樹人路50巷","k":5},"geometry":{"type":"LineString","coordinates":[[121.7647,24.68215],[121.76418,24.68232],[121.76368,24.68231]]}},{"type":"Feature","properties":{"n":"豐年路133巷","k":5},"geometry":{"type":"LineString","coordinates":[[121.75995,24.68265],[121.76006,24.68331]]}},{"type":"Feature","properties":{"n":"文林路","k":5},"geometry":{"type":"LineString","coordinates":[[121.76039,24.68058],[121.76042,24.68106],[121.76097,24.68322]]}},{"type":"Feature","properties":{"n":"民有街7巷","k":5},"geometry":{"type":"LineString","coordinates":[[121.76377,24.67795],[121.76344,24.67778]]}},{"type":"Feature","properties":{"n":"樹人路31巷","k":5},"geometry":{"type":"LineString","coordinates":[[121.76418,24.68276],[121.76397,24.68312],[121.76403,24.68332],[121.76454,24.68342]]}},{"type":"Feature","properties":{"n":"鹿安路37巷","k":5},"geometry":{"type":"LineString","coordinates":[[121.77506,24.66074],[121.77482,24.66056],[121.77445,24.65982],[121.77391,24.65956],[121.77356,24.65914],[121.77351,24.65887]]}},{"type":"Feature","properties":{"n":"冬山路三段500巷","k":5},"geometry":{"type":"LineString","coordinates":[[121.77491,24.66341],[121.7768,24.6642]]}},{"type":"Feature","properties":{"n":"冬山路三段301巷","k":5},"geometry":{"type":"LineString","coordinates":[[121.7773,24.65934],[121.7764,24.65884],[121.77345,24.65888]]}},{"type":"Feature","properties":{"n":"鹿安路17巷","k":5},"geometry":{"type":"LineString","coordinates":[[121.77552,24.65978],[121.77551,24.66073]]}},{"type":"Feature","properties":{"n":"冬山路三段301巷51弄","k":5},"geometry":{"type":"LineString","coordinates":[[121.77559,24.65847],[121.77641,24.65847]]}},{"type":"Feature","properties":{"n":"冬山路三段301巷73弄","k":5},"geometry":{"type":"LineString","coordinates":[[121.77477,24.65848],[121.77559,24.65847]]}},{"type":"Feature","properties":{"n":"冬山路三段301巷75弄","k":5},"geometry":{"type":"LineString","coordinates":[[121.77559,24.65815],[121.77477,24.65816]]}},{"type":"Feature","properties":{"n":"金陵街","k":5},"geometry":{"type":"LineString","coordinates":[[121.77346,24.67196],[121.77359,24.67141],[121.7732,24.67132],[121.77334,24.67066],[121.77255,24.6705]]}},{"type":"Feature","properties":{"n":"冬山路五段","k":2},"geometry":{"type":"LineString","coordinates":[[121.77286,24.66707],[121.7712,24.66699],[121.76953,24.66742],[121.76917,24.66756],[121.76677,24.66885]]}},{"type":"Feature","properties":{"n":"冬山路五段","k":2},"geometry":{"type":"LineString","coordinates":[[121.76663,24.66873],[121.76909,24.66743],[121.7701,24.66712],[121.77128,24.66684],[121.7729,24.66698],[121.77282,24.6669],[121.77272,24.66688],[121.7716,24.66678],[121.77095,24.66682],[121.76934,24.66726],[121.76817,24.66781],[121.76658,24.66868]]}},{"type":"Feature","properties":{"n":"冬山路五段","k":2},"geometry":{"type":"LineString","coordinates":[[121.77286,24.66707],[121.77158,24.66692],[121.77119,24.66692],[121.7693,24.66741],[121.76669,24.66877]]}},{"type":"Feature","properties":{"n":"冬山路五段","k":2},"geometry":{"type":"LineString","coordinates":[[121.77301,24.66711],[121.77286,24.66707]]}},{"type":"Feature","properties":{"n":"中正南路","k":5},"geometry":{"type":"LineString","coordinates":[[121.77268,24.66755],[121.77038,24.67193],[121.77025,24.67227],[121.77033,24.67257]]}},{"type":"Feature","properties":{"n":"中正南路","k":5},"geometry":{"type":"LineString","coordinates":[[121.77301,24.66711],[121.77268,24.66755]]}},{"type":"Feature","properties":{"n":"中正南路","k":5},"geometry":{"type":"LineString","coordinates":[[121.77268,24.66755],[121.7729,24.66698]]}},{"type":"Feature","properties":{"n":"興東南路","k":5},"geometry":{"type":"LineString","coordinates":[[121.76758,24.67517],[121.76713,24.67376],[121.76703,24.67293],[121.76826,24.67091],[121.77211,24.66859]]}},{"type":"Feature","properties":{"n":"興東南路","k":5},"geometry":{"type":"LineString","coordinates":[[121.77182,24.66876],[121.77199,24.66885]]}},{"type":"Feature","properties":{"n":"八仙二路","k":5},"geometry":{"type":"LineString","coordinates":[[121.78888,24.66012],[121.78632,24.66033],[121.7861,24.66013],[121.78583,24.66018],[121.78565,24.66038],[121.77879,24.66094],[121.7783,24.66075]]}},{"type":"Feature","properties":{"n":"站東路","k":5},"geometry":{"type":"LineString","coordinates":[[121.77487,24.68069],[121.77518,24.67861],[121.77518,24.67667],[121.77471,24.67549],[121.77483,24.67417],[121.77625,24.66828]]}},{"type":"Feature","properties":{"n":"天祥路","k":5},"geometry":{"type":"LineString","coordinates":[[121.77612,24.67381],[121.77595,24.67346],[121.77591,24.6723],[121.77668,24.66838]]}},{"type":"Feature","properties":{"n":"天祥路","k":5},"geometry":{"type":"LineString","coordinates":[[121.77641,24.67602],[121.77706,24.6759],[121.77697,24.67545],[121.77651,24.67434],[121.77619,24.67389]]}},{"type":"Feature","properties":{"n":"天祥路","k":5},"geometry":{"type":"LineString","coordinates":[[121.77711,24.67916],[121.7771,24.68003],[121.77693,24.68095]]}},{"type":"Feature","properties":{"n":"文化街","k":5},"geometry":{"type":"LineString","coordinates":[[121.77038,24.67193],[121.76902,24.66976]]}},{"type":"Feature","properties":{"n":"站前南路","k":5},"geometry":{"type":"LineString","coordinates":[[121.77216,24.66851],[121.77513,24.6694],[121.77391,24.67488]]}},{"type":"Feature","properties":{"n":"康莊路","k":5},"geometry":{"type":"LineString","coordinates":[[121.77702,24.66894],[121.777,24.672]]}},{"type":"Feature","properties":{"n":"羅莊二街","k":5},"geometry":{"type":"LineString","coordinates":[[121.77826,24.66941],[121.78531,24.667]]}},{"type":"Feature","properties":{"n":"體育路","k":5},"geometry":{"type":"LineString","coordinates":[[121.76702,24.66911],[121.76675,24.66924],[121.7664,24.66963],[121.76632,24.66993],[121.76634,24.67015],[121.76789,24.67152]]}},{"type":"Feature","properties":{"n":"九分三路","k":5},"geometry":{"type":"LineString","coordinates":[[121.77715,24.66428],[121.77912,24.66418],[121.78443,24.6634]]}},{"type":"Feature","properties":{"n":"九分一路","k":5},"geometry":{"type":"LineString","coordinates":[[121.77735,24.6675],[121.77766,24.66729],[121.78428,24.665],[121.7858,24.66464],[121.78951,24.6643]]}},{"type":"Feature","properties":{"n":"羅莊一街","k":4},"geometry":{"type":"LineString","coordinates":[[121.77892,24.67203],[121.77816,24.66899],[121.77818,24.66888],[121.77829,24.66882],[121.77826,24.66863],[121.77815,24.66847],[121.77796,24.66842]]}},{"type":"Feature","properties":{"n":"羅莊一街","k":4},"geometry":{"type":"LineString","coordinates":[[121.77788,24.66831],[121.77743,24.66762]]}},{"type":"Feature","properties":{"n":"羅莊街","k":5},"geometry":{"type":"LineString","coordinates":[[121.77892,24.67203],[121.7805,24.67147],[121.78084,24.67087],[121.78113,24.67066],[121.78143,24.67029],[121.78183,24.67026],[121.78249,24.66987],[121.78347,24.66813],[121.78592,24.66664],[121.78678,24.66601],[121.78719,24.66591]]}},{"type":"Feature","properties":{"n":"體育路11巷","k":5},"geometry":{"type":"LineString","coordinates":[[121.76754,24.67122],[121.76804,24.67044]]}},{"type":"Feature","properties":{"n":"南昌街53巷","k":5},"geometry":{"type":"LineString","coordinates":[[121.77474,24.66928],[121.77392,24.67205]]}},{"type":"Feature","properties":{"n":"九分二路","k":5},"geometry":{"type":"LineString","coordinates":[[121.7821,24.66475],[121.78146,24.66483],[121.77718,24.66631],[121.77669,24.66643]]}},{"type":"Feature","properties":{"n":"勝利街","k":5},"geometry":{"type":"LineString","coordinates":[[121.77273,24.66971],[121.77167,24.66947]]}},{"type":"Feature","properties":{"n":"美和路二段146巷","k":5},"geometry":{"type":"LineString","coordinates":[[121.77081,24.65889],[121.77115,24.65889],[121.77147,24.65881],[121.77295,24.65896],[121.77338,24.65889]]}},{"type":"Feature","properties":{"n":"群英路","k":5},"geometry":{"type":"LineString","coordinates":[[121.77145,24.66774],[121.77098,24.66752],[121.77033,24.66753],[121.76836,24.66837],[121.76702,24.66911]]}},{"type":"Feature","properties":{"n":"體育路17巷","k":5},"geometry":{"type":"LineString","coordinates":[[121.76679,24.67054],[121.76798,24.66972]]}},{"type":"Feature","properties":{"n":"興東南路139巷","k":5},"geometry":{"type":"LineString","coordinates":[[121.76757,24.67001],[121.76843,24.67079]]}},{"type":"Feature","properties":{"n":"文化街1巷","k":5},"geometry":{"type":"LineString","coordinates":[[121.76902,24.66976],[121.76862,24.67012]]}},{"type":"Feature","properties":{"n":"義成路三段","k":5},"geometry":{"type":"LineString","coordinates":[[121.76902,24.66976],[121.76865,24.66924],[121.76826,24.66804]]}},{"type":"Feature","properties":{"n":"南寧路","k":5},"geometry":{"type":"LineString","coordinates":[[121.77194,24.66869],[121.77145,24.66774]]}},{"type":"Feature","properties":{"n":"南寧路","k":5},"geometry":{"type":"LineString","coordinates":[[121.86978,24.58158],[121.86962,24.58166],[121.86606,24.58122],[121.86538,24.58123],[121.86528,24.58132]]}},{"type":"Feature","properties":{"n":"冬山路五段","k":4},"geometry":{"type":"LineString","coordinates":[[121.7729,24.66698],[121.77641,24.66815]]}},{"type":"Feature","properties":{"n":"冬山路五段","k":4},"geometry":{"type":"LineString","coordinates":[[121.77637,24.66822],[121.77301,24.66711]]}},{"type":"Feature","properties":{"n":"南宜一路","k":5},"geometry":{"type":"LineString","coordinates":[[121.77599,24.66937],[121.77746,24.66874]]}},{"type":"Feature","properties":{"n":"南北一路","k":4},"geometry":{"type":"LineString","coordinates":[[121.77735,24.6675],[121.77668,24.66646]]}},{"type":"Feature","properties":{"n":"富英路","k":5},"geometry":{"type":"LineString","coordinates":[[121.77668,24.66646],[121.7764,24.66789],[121.77625,24.66828]]}},{"type":"Feature","properties":{"n":"九分路","k":5},"geometry":{"type":"LineString","coordinates":[[121.7725,24.6679],[121.77285,24.66818],[121.77385,24.6683],[121.77425,24.66851],[121.77512,24.66844]]}},{"type":"Feature","properties":{"n":"日新路","k":5},"geometry":{"type":"LineString","coordinates":[[121.77624,24.66651],[121.77366,24.66578]]}},{"type":"Feature","properties":{"n":"南宜二路","k":5},"geometry":{"type":"LineString","coordinates":[[121.77762,24.67061],[121.77576,24.67041]]}},{"type":"Feature","properties":{"n":"博愛路100巷","k":5},"geometry":{"type":"LineString","coordinates":[[121.77339,24.67047],[121.77408,24.67061]]}},{"type":"Feature","properties":{"n":"富英三號橋","k":5},"geometry":{"type":"LineString","coordinates":[[121.78594,24.66374],[121.78593,24.66358]]}},{"type":"Feature","properties":{"n":"武罕三路","k":5},"geometry":{"type":"LineString","coordinates":[[121.78888,24.66012],[121.79665,24.65948],[121.79804,24.65925]]}},{"type":"Feature","properties":{"n":"月眉路","k":4},"geometry":{"type":"LineString","coordinates":[[121.79835,24.6639],[121.79754,24.66399],[121.79696,24.66424],[121.79589,24.6645],[121.79532,24.66472],[121.79445,24.66516],[121.79417,24.66537],[121.7938,24.6658],[121.79292,24.66654],[121.79225,24.66699],[121.79168,24.66703],[121.79093,24.66732],[121.7894,24.66753],[121.78857,24.66786],[121.78694,24.66888],[121.78628,24.66913],[121.78537,24.66957],[121.78474,24.66999],[121.78425,24.67061],[121.78396,24.67107],[121.78378,24.67125],[121.78324,24.67153],[121.78244,24.67205],[121.78116,24.67302],[121.77988,24.67407]]}},{"type":"Feature","properties":{"n":"武罕四路","k":5},"geometry":{"type":"LineString","coordinates":[[121.78908,24.66228],[121.79311,24.66194]]}},{"type":"Feature","properties":{"n":"中山路一段381巷","k":5},"geometry":{"type":"LineString","coordinates":[[121.79118,24.67228],[121.79041,24.6674],[121.79038,24.66632]]}},{"type":"Feature","properties":{"n":"八仙三路","k":5},"geometry":{"type":"LineString","coordinates":[[121.77959,24.65847],[121.77995,24.65866],[121.78543,24.65825],[121.78871,24.65794]]}},{"type":"Feature","properties":{"n":"新群一路","k":5},"geometry":{"type":"LineString","coordinates":[[121.79892,24.66765],[121.78672,24.66922]]}},{"type":"Feature","properties":{"n":"新群二路","k":5},"geometry":{"type":"LineString","coordinates":[[121.78499,24.67163],[121.79232,24.6707],[121.793,24.67039],[121.79311,24.67038],[121.79348,24.67054],[121.79925,24.66979]]}},{"type":"Feature","properties":{"n":"武罕七路","k":5},"geometry":{"type":"LineString","coordinates":[[121.79381,24.66301],[121.79317,24.66316],[121.79232,24.6641],[121.78954,24.66434]]}},{"type":"Feature","properties":{"n":"中山路一段579巷","k":5},"geometry":{"type":"LineString","coordinates":[[121.7869,24.67029],[121.78732,24.67295]]}},{"type":"Feature","properties":{"n":"新群南路","k":5},"geometry":{"type":"LineString","coordinates":[[121.78182,24.67139],[121.78113,24.67066]]}},{"type":"Feature","properties":{"n":"新群南路","k":5},"geometry":{"type":"LineString","coordinates":[[121.794,24.6643],[121.79309,24.66512],[121.79152,24.66598],[121.78982,24.66653],[121.78754,24.66703],[121.78651,24.66781]]}},{"type":"Feature","properties":{"n":"月眉路626巷","k":5},"geometry":{"type":"LineString","coordinates":[[121.78425,24.67061],[121.78535,24.6722]]}},{"type":"Feature","properties":{"n":"羅莊街186巷","k":5},"geometry":{"type":"LineString","coordinates":[[121.7831,24.66883],[121.78341,24.66928]]}},{"type":"Feature","properties":{"n":"十六份三路橋","k":5},"geometry":{"type":"LineString","coordinates":[[121.78373,24.66979],[121.78381,24.66991]]}},{"type":"Feature","properties":{"n":"月眉路625巷","k":5},"geometry":{"type":"LineString","coordinates":[[121.78341,24.66928],[121.78373,24.66979]]}},{"type":"Feature","properties":{"n":"月眉路625巷","k":5},"geometry":{"type":"LineString","coordinates":[[121.78381,24.66991],[121.78425,24.67061]]}},{"type":"Feature","properties":{"n":"月眉路520巷","k":5},"geometry":{"type":"LineString","coordinates":[[121.78669,24.66898],[121.7869,24.67029]]}},{"type":"Feature","properties":{"n":"羅莊街60巷","k":5},"geometry":{"type":"LineString","coordinates":[[121.78592,24.66664],[121.78642,24.66728],[121.78647,24.66758]]}},{"type":"Feature","properties":{"n":"月眉路519巷","k":5},"geometry":{"type":"LineString","coordinates":[[121.78651,24.66781],[121.78669,24.66898]]}},{"type":"Feature","properties":{"n":"十六份四路橋","k":5},"geometry":{"type":"LineString","coordinates":[[121.78647,24.66758],[121.78651,24.66781]]}},{"type":"Feature","properties":{"n":"羅莊街61巷","k":5},"geometry":{"type":"LineString","coordinates":[[121.78577,24.66558],[121.78574,24.66487]]}},{"type":"Feature","properties":{"n":"羅莊街61巷","k":5},"geometry":{"type":"LineString","coordinates":[[121.78592,24.66664],[121.78584,24.66652],[121.78577,24.66577]]}},{"type":"Feature","properties":{"n":"羅群橋","k":5},"geometry":{"type":"LineString","coordinates":[[121.78574,24.66487],[121.78578,24.66469]]}},{"type":"Feature","properties":{"n":"七大排四路橋","k":5},"geometry":{"type":"LineString","coordinates":[[121.78577,24.66577],[121.78577,24.66558]]}},{"type":"Feature","properties":{"n":"五路橋","k":5},"geometry":{"type":"LineString","coordinates":[[121.79024,24.666],[121.79016,24.6658]]}},{"type":"Feature","properties":{"n":"新群南路191巷","k":5},"geometry":{"type":"LineString","coordinates":[[121.79038,24.66632],[121.79024,24.666]]}},{"type":"Feature","properties":{"n":"新群南路215巷","k":5},"geometry":{"type":"LineString","coordinates":[[121.78948,24.66661],[121.78928,24.66567]]}},{"type":"Feature","properties":{"n":"羅莊街18巷","k":5},"geometry":{"type":"LineString","coordinates":[[121.78678,24.66601],[121.78745,24.6668]]}},{"type":"Feature","properties":{"n":"中正街","k":5},"geometry":{"type":"LineString","coordinates":[[121.77098,24.67646],[121.76952,24.67183],[121.77014,24.67156]]}},{"type":"Feature","properties":{"n":"公園路","k":5},"geometry":{"type":"LineString","coordinates":[[121.76889,24.67518],[121.76813,24.67288]]}},{"type":"Feature","properties":{"n":"公園路","k":5},"geometry":{"type":"LineString","coordinates":[[121.76899,24.67571],[121.76954,24.67634],[121.76973,24.67692]]}},{"type":"Feature","properties":{"n":"公園路","k":5},"geometry":{"type":"LineString","coordinates":[[121.8012,24.68641],[121.80163,24.68586],[121.80217,24.68501],[121.8027,24.68463],[121.80602,24.68411],[121.80828,24.68365]]}},{"type":"Feature","properties":{"n":"公園路","k":5},"geometry":{"type":"LineString","coordinates":[[121.74991,24.73793],[121.75686,24.74182]]}},{"type":"Feature","properties":{"n":"公園路","k":5},"geometry":{"type":"LineString","coordinates":[[121.75931,24.74001],[121.75149,24.73561]]}},{"type":"Feature","properties":{"n":"公園路","k":5},"geometry":{"type":"LineString","coordinates":[[121.77684,24.82932],[121.77667,24.82942],[121.77622,24.82992],[121.77613,24.83043],[121.77582,24.831],[121.77476,24.83217],[121.77462,24.83264],[121.77428,24.83311]]}},{"type":"Feature","properties":{"n":"公園路","k":5},"geometry":{"type":"LineString","coordinates":[[121.82257,24.86335],[121.81921,24.8579]]}},{"type":"Feature","properties":{"n":"中正街113巷","k":5},"geometry":{"type":"LineString","coordinates":[[121.77006,24.67648],[121.77089,24.67615]]}},{"type":"Feature","properties":{"n":"振泰街","k":5},"geometry":{"type":"LineString","coordinates":[[121.76954,24.67634],[121.77081,24.67592]]}},{"type":"Feature","properties":{"n":"興東路","k":5},"geometry":{"type":"LineString","coordinates":[[121.77101,24.68572],[121.76989,24.68244],[121.76758,24.67517]]}},{"type":"Feature","properties":{"n":"民權路56巷","k":5},"geometry":{"type":"LineString","coordinates":[[121.77023,24.6761],[121.77008,24.67543]]}},{"type":"Feature","properties":{"n":"公園路160巷","k":5},"geometry":{"type":"LineString","coordinates":[[121.76964,24.67661],[121.77006,24.67648]]}},{"type":"Feature","properties":{"n":"羅莊街","k":4},"geometry":{"type":"LineString","coordinates":[[121.77482,24.67299],[121.77592,24.67322],[121.77611,24.67314],[121.77625,24.67292],[121.77649,24.67277],[121.77737,24.67233],[121.77764,24.67227],[121.7782,24.67228],[121.77847,24.67224],[121.77892,24.67203]]}},{"type":"Feature","properties":{"n":"開羅街","k":5},"geometry":{"type":"LineString","coordinates":[[121.77287,24.67367],[121.77412,24.67384]]}},{"type":"Feature","properties":{"n":"清潭路","k":5},"geometry":{"type":"LineString","coordinates":[[121.77118,24.67212],[121.77165,24.67288],[121.77164,24.67332],[121.77173,24.67345],[121.77213,24.67365],[121.77234,24.67383],[121.77253,24.67391],[121.7727,24.67382],[121.77287,24.67367],[121.77317,24.67319],[121.77346,24.67301],[121.77372,24.67298],[121.77406,24.67304],[121.77417,24.67357]]}},{"type":"Feature","properties":{"n":"東宜二路","k":5},"geometry":{"type":"LineString","coordinates":[[121.77518,24.67667],[121.7778,24.67665]]}},{"type":"Feature","properties":{"n":"東宜一路","k":5},"geometry":{"type":"LineString","coordinates":[[121.7758,24.67753],[121.77574,24.67575],[121.77579,24.67568],[121.77763,24.67537]]}},{"type":"Feature","properties":{"n":"南昌東街","k":5},"geometry":{"type":"LineString","coordinates":[[121.77524,24.6723],[121.77554,24.67237],[121.77775,24.67183]]}},{"type":"Feature","properties":{"n":"南昌東街","k":5},"geometry":{"type":"LineString","coordinates":[[121.77454,24.67215],[121.77492,24.67223]]}},{"type":"Feature","properties":{"n":"南昌路","k":5},"geometry":{"type":"LineString","coordinates":[[121.77492,24.67223],[121.77524,24.6723]]}},{"type":"Feature","properties":{"n":"南宜四路","k":5},"geometry":{"type":"LineString","coordinates":[[121.777,24.67149],[121.77544,24.67168]]}},{"type":"Feature","properties":{"n":"南昌街","k":5},"geometry":{"type":"LineString","coordinates":[[121.77346,24.67301],[121.7735,24.67258],[121.77366,24.672]]}},{"type":"Feature","properties":{"n":"南昌街","k":5},"geometry":{"type":"LineString","coordinates":[[121.77434,24.6729],[121.77348,24.67281]]}},{"type":"Feature","properties":{"n":"站前南路183巷","k":5},"geometry":{"type":"LineString","coordinates":[[121.774,24.67207],[121.77454,24.67215]]}},{"type":"Feature","properties":{"n":"站前路","k":5},"geometry":{"type":"LineString","coordinates":[[121.77401,24.67795],[121.77389,24.67555],[121.77391,24.67488]]}},{"type":"Feature","properties":{"n":"站前路","k":5},"geometry":{"type":"LineString","coordinates":[[121.76266,24.78681],[121.76168,24.7869]]}},{"type":"Feature","properties":{"n":"民生東路","k":5},"geometry":{"type":"LineString","coordinates":[[121.77434,24.67501],[121.77389,24.67555],[121.77146,24.67619]]}},{"type":"Feature","properties":{"n":"南昌街","k":4},"geometry":{"type":"LineString","coordinates":[[121.77033,24.67257],[121.77082,24.67229],[121.77141,24.67205],[121.77281,24.67186],[121.774,24.67207],[121.77434,24.6729],[121.77482,24.67299]]}},{"type":"Feature","properties":{"n":"防火巷","k":5},"geometry":{"type":"LineString","coordinates":[[121.77392,24.67205],[121.77383,24.67239]]}},{"type":"Feature","properties":{"n":"羅榮路","k":5},"geometry":{"type":"LineString","coordinates":[[121.77968,24.67663],[121.7778,24.67665]]}},{"type":"Feature","properties":{"n":"復興路一段","k":3},"geometry":{"type":"LineString","coordinates":[[121.76713,24.6856],[121.76851,24.68281],[121.77144,24.68205]]}},{"type":"Feature","properties":{"n":"傳藝路二段","k":3},"geometry":{"type":"LineString","coordinates":[[121.78302,24.67778],[121.78019,24.67789],[121.77786,24.6779]]}},{"type":"Feature","properties":{"n":"傳藝路二段","k":3},"geometry":{"type":"LineString","coordinates":[[121.78371,24.67776],[121.78459,24.67803],[121.78641,24.67888],[121.78722,24.67911],[121.788,24.67924],[121.78963,24.67941],[121.79945,24.68079]]}},{"type":"Feature","properties":{"n":"傳藝路二段","k":3},"geometry":{"type":"LineString","coordinates":[[121.7994,24.68088],[121.78963,24.6795],[121.78776,24.67931],[121.78662,24.67905],[121.7858,24.67872],[121.78471,24.67819],[121.78412,24.67796],[121.78359,24.67784]]}},{"type":"Feature","properties":{"n":"傳藝路二段","k":3},"geometry":{"type":"LineString","coordinates":[[121.77786,24.67781],[121.78103,24.67778],[121.78243,24.67767],[121.7831,24.67768]]}},{"type":"Feature","properties":{"n":"光榮北路","k":4},"geometry":{"type":"LineString","coordinates":[[121.77077,24.68753],[121.77327,24.68717],[121.77541,24.68676],[121.77627,24.68651],[121.77702,24.68623],[121.77758,24.68595],[121.77773,24.68575],[121.7778,24.68551],[121.77773,24.6814]]}},{"type":"Feature","properties":{"n":"光榮北路","k":4},"geometry":{"type":"LineString","coordinates":[[121.77789,24.68182],[121.77789,24.68553],[121.7778,24.6858],[121.77764,24.686],[121.77742,24.68614],[121.77678,24.68641],[121.77611,24.68665],[121.77518,24.68689],[121.77128,24.68758],[121.77061,24.6876]]}},{"type":"Feature","properties":{"n":"五結路三段630巷","k":4},"geometry":{"type":"LineString","coordinates":[[121.78075,24.68513],[121.78022,24.68374],[121.78018,24.68351],[121.77993,24.68305],[121.7798,24.68294],[121.77933,24.68298],[121.77855,24.68243]]}},{"type":"Feature","properties":{"n":"倉前路","k":3},"geometry":{"type":"LineString","coordinates":[[121.77162,24.6804],[121.77282,24.68008],[121.77306,24.68007],[121.77368,24.68019],[121.77465,24.68062],[121.77607,24.68194]]}},{"type":"Feature","properties":{"n":"林場路","k":5},"geometry":{"type":"LineString","coordinates":[[121.76784,24.68415],[121.769,24.68427],[121.77038,24.68389],[121.77128,24.68396]]}},{"type":"Feature","properties":{"n":"大同路","k":5},"geometry":{"type":"LineString","coordinates":[[121.77368,24.68019],[121.77372,24.68004],[121.77282,24.67867],[121.77216,24.67801]]}},{"type":"Feature","properties":{"n":"陽明路","k":5},"geometry":{"type":"LineString","coordinates":[[121.77635,24.68076],[121.77651,24.6786],[121.77647,24.67788],[121.77653,24.6778],[121.77653,24.67667],[121.77651,24.6764],[121.77612,24.67499]]}},{"type":"Feature","properties":{"n":"陽明路","k":5},"geometry":{"type":"LineString","coordinates":[[121.76003,24.75087],[121.76117,24.74758],[121.76146,24.74589],[121.76147,24.74495],[121.76138,24.74376],[121.76143,24.74364],[121.7615,24.74374],[121.76156,24.74446],[121.76158,24.7457],[121.7613,24.7476],[121.76013,24.75089]]}},{"type":"Feature","properties":{"n":"公正街","k":5},"geometry":{"type":"LineString","coordinates":[[121.77395,24.6767],[121.77177,24.67719],[121.7671,24.67847]]}},{"type":"Feature","properties":{"n":"天津路","k":5},"geometry":{"type":"LineString","coordinates":[[121.77074,24.68222],[121.76913,24.67709]]}},{"type":"Feature","properties":{"n":"長春路","k":5},"geometry":{"type":"LineString","coordinates":[[121.77108,24.67919],[121.77024,24.67676]]}},{"type":"Feature","properties":{"n":"欣榮路75巷","k":5},"geometry":{"type":"LineString","coordinates":[[121.77839,24.68095],[121.7791,24.68095]]}},{"type":"Feature","properties":{"n":"欣榮路","k":5},"geometry":{"type":"LineString","coordinates":[[121.7791,24.68121],[121.77897,24.678]]}},{"type":"Feature","properties":{"n":"中正北路","k":5},"geometry":{"type":"LineString","coordinates":[[121.77096,24.68603],[121.77127,24.6841],[121.77144,24.68205]]}},{"type":"Feature","properties":{"n":"中正北路","k":5},"geometry":{"type":"LineString","coordinates":[[121.77204,24.67804],[121.77207,24.67819],[121.77162,24.6804]]}},{"type":"Feature","properties":{"n":"中正北路","k":5},"geometry":{"type":"LineString","coordinates":[[121.77096,24.68603],[121.771,24.68614],[121.77077,24.68753]]}},{"type":"Feature","properties":{"n":"中正北路","k":5},"geometry":{"type":"LineString","coordinates":[[121.77063,24.68751],[121.77088,24.68613],[121.77096,24.68603]]}},{"type":"Feature","properties":{"n":"光榮路230巷","k":5},"geometry":{"type":"LineString","coordinates":[[121.77777,24.67534],[121.77924,24.67543],[121.77974,24.67535]]}},{"type":"Feature","properties":{"n":"向榮路","k":5},"geometry":{"type":"LineString","coordinates":[[121.77789,24.68019],[121.77971,24.68019]]}},{"type":"Feature","properties":{"n":"信義路","k":5},"geometry":{"type":"LineString","coordinates":[[121.773,24.68007],[121.77276,24.68172],[121.77259,24.68182],[121.77144,24.68205]]}},{"type":"Feature","properties":{"n":"信義路","k":5},"geometry":{"type":"LineString","coordinates":[[121.7713,24.8257],[121.77038,24.82631],[121.76989,24.8269]]}},{"type":"Feature","properties":{"n":"中山路三段81巷","k":5},"geometry":{"type":"LineString","coordinates":[[121.77235,24.67442],[121.77253,24.67391]]}},{"type":"Feature","properties":{"n":"傳藝路二段","k":5},"geometry":{"type":"LineString","coordinates":[[121.77786,24.67781],[121.77814,24.67773],[121.78318,24.67759]]}},{"type":"Feature","properties":{"n":"傳藝路二段","k":5},"geometry":{"type":"LineString","coordinates":[[121.78294,24.67787],[121.78065,24.67799],[121.77843,24.67801],[121.77812,24.678],[121.77786,24.6779]]}},{"type":"Feature","properties":{"n":"傳藝路二段","k":5},"geometry":{"type":"LineString","coordinates":[[121.79936,24.68096],[121.78892,24.6795],[121.78741,24.67934],[121.78637,24.67905],[121.78435,24.67813],[121.78344,24.67792]]}},{"type":"Feature","properties":{"n":"傳藝路二段","k":5},"geometry":{"type":"LineString","coordinates":[[121.78388,24.6777],[121.78481,24.678],[121.78626,24.67872],[121.78747,24.67907],[121.78867,24.67919],[121.79951,24.68068]]}},{"type":"Feature","properties":{"n":"倉前路","k":5},"geometry":{"type":"LineString","coordinates":[[121.76801,24.68131],[121.77162,24.6804]]}},{"type":"Feature","properties":{"n":"中正北路","k":3},"geometry":{"type":"LineString","coordinates":[[121.77162,24.6804],[121.7717,24.6805],[121.77159,24.68188],[121.77144,24.68205],[121.77162,24.6804]]}},{"type":"Feature","properties":{"n":"中山北路149巷","k":5},"geometry":{"type":"LineString","coordinates":[[121.771,24.68278],[121.77124,24.68343],[121.77133,24.68347]]}},{"type":"Feature","properties":{"n":"公正路186巷","k":5},"geometry":{"type":"LineString","coordinates":[[121.76831,24.679],[121.76855,24.67981]]}},{"type":"Feature","properties":{"n":"東宜三路","k":5},"geometry":{"type":"LineString","coordinates":[[121.77774,24.67913],[121.77508,24.67922]]}},{"type":"Feature","properties":{"n":"陽明北路","k":5},"geometry":{"type":"LineString","coordinates":[[121.77635,24.68076],[121.7763,24.68201]]}},{"type":"Feature","properties":{"n":"傳藝路三段","k":4},"geometry":{"type":"LineString","coordinates":[[121.77518,24.67781],[121.77786,24.67781]]}},{"type":"Feature","properties":{"n":"傳藝路三段","k":4},"geometry":{"type":"LineString","coordinates":[[121.77786,24.6779],[121.77518,24.67789]]}},{"type":"Feature","properties":{"n":"站前北路","k":5},"geometry":{"type":"LineString","coordinates":[[121.77422,24.68033],[121.77407,24.678],[121.77401,24.67795]]}},{"type":"Feature","properties":{"n":"禮運路","k":5},"geometry":{"type":"LineString","coordinates":[[121.77774,24.68178],[121.77729,24.68115],[121.77693,24.68095],[121.77558,24.68055],[121.77488,24.68046]]}},{"type":"Feature","properties":{"n":"安康路","k":5},"geometry":{"type":"LineString","coordinates":[[121.77558,24.68055],[121.77569,24.67985],[121.77567,24.67861]]}},{"type":"Feature","properties":{"n":"陽明路160巷","k":5},"geometry":{"type":"LineString","coordinates":[[121.77643,24.67986],[121.7771,24.68003]]}},{"type":"Feature","properties":{"n":"黎明街","k":5},"geometry":{"type":"LineString","coordinates":[[121.77518,24.67861],[121.77651,24.6786]]}},{"type":"Feature","properties":{"n":"向榮路30巷","k":5},"geometry":{"type":"LineString","coordinates":[[121.77839,24.68055],[121.77844,24.68019]]}},{"type":"Feature","properties":{"n":"東宜四路","k":5},"geometry":{"type":"LineString","coordinates":[[121.77497,24.67986],[121.77643,24.67986]]}},{"type":"Feature","properties":{"n":"光榮路405巷","k":5},"geometry":{"type":"LineString","coordinates":[[121.7771,24.68003],[121.77789,24.68019]]}},{"type":"Feature","properties":{"n":"中山路二段2巷","k":5},"geometry":{"type":"LineString","coordinates":[[121.78537,24.67306],[121.78527,24.6764]]}},{"type":"Feature","properties":{"n":"打那岸一號橋","k":5},"geometry":{"type":"LineString","coordinates":[[121.78527,24.6764],[121.78527,24.67673]]}},{"type":"Feature","properties":{"n":"月眉路737巷","k":5},"geometry":{"type":"LineString","coordinates":[[121.78244,24.67205],[121.78193,24.67151]]}},{"type":"Feature","properties":{"n":"東榮路一段","k":5},"geometry":{"type":"LineString","coordinates":[[121.77936,24.67419],[121.77974,24.67535],[121.77966,24.67771]]}},{"type":"Feature","properties":{"n":"十六份二路橋","k":5},"geometry":{"type":"LineString","coordinates":[[121.7819,24.67148],[121.78182,24.67139]]}},{"type":"Feature","properties":{"n":"中山路一段673巷","k":5},"geometry":{"type":"LineString","coordinates":[[121.78535,24.6722],[121.78537,24.67306]]}},{"type":"Feature","properties":{"n":"中山路一段580巷","k":5},"geometry":{"type":"LineString","coordinates":[[121.78732,24.67295],[121.78752,24.67395]]}},{"type":"Feature","properties":{"n":"中山路一段580巷","k":5},"geometry":{"type":"LineString","coordinates":[[121.78757,24.67421],[121.78799,24.67607]]}},{"type":"Feature","properties":{"n":"中山路一段382巷","k":5},"geometry":{"type":"LineString","coordinates":[[121.79117,24.67263],[121.79113,24.67235],[121.79118,24.67228]]}},{"type":"Feature","properties":{"n":"中山路一段382巷","k":5},"geometry":{"type":"LineString","coordinates":[[121.79223,24.67753],[121.79122,24.67289]]}},{"type":"Feature","properties":{"n":"打那岸三號橋","k":5},"geometry":{"type":"LineString","coordinates":[[121.79122,24.67289],[121.79117,24.67263]]}},{"type":"Feature","properties":{"n":"打那岸二號橋","k":5},"geometry":{"type":"LineString","coordinates":[[121.78752,24.67395],[121.78757,24.67421]]}},{"type":"Feature","properties":{"n":"仁五路一段","k":4},"geometry":{"type":"LineString","coordinates":[[121.78644,24.68294],[121.7863,24.68501],[121.78641,24.68559],[121.7865,24.68796]]}},{"type":"Feature","properties":{"n":"中福南路","k":5},"geometry":{"type":"LineString","coordinates":[[121.78523,24.67882],[121.79079,24.67774],[121.79387,24.67722]]}},{"type":"Feature","properties":{"n":"中福南路","k":5},"geometry":{"type":"LineString","coordinates":[[121.79461,24.67709],[121.80111,24.67591]]}},{"type":"Feature","properties":{"n":"新群五路","k":5},"geometry":{"type":"LineString","coordinates":[[121.79453,24.67488],[121.78678,24.6763],[121.786,24.67638],[121.78527,24.67673]]}},{"type":"Feature","properties":{"n":"新群五路","k":5},"geometry":{"type":"LineString","coordinates":[[121.79897,24.6741],[121.79797,24.67426],[121.79747,24.67408],[121.7973,24.67437],[121.79519,24.67478]]}},{"type":"Feature","properties":{"n":"五結路三段508巷","k":5},"geometry":{"type":"LineString","coordinates":[[121.78258,24.68484],[121.78244,24.68425],[121.78192,24.68307],[121.78193,24.68264]]}},{"type":"Feature","properties":{"n":"仁一路","k":5},"geometry":{"type":"LineString","coordinates":[[121.79071,24.68361],[121.79061,24.68406],[121.79053,24.68427],[121.79047,24.68429],[121.7905,24.68449],[121.79059,24.68449],[121.79066,24.68477]]}},{"type":"Feature","properties":{"n":"新五路","k":5},"geometry":{"type":"LineString","coordinates":[[121.78527,24.67673],[121.7852,24.67926],[121.78527,24.67969],[121.78502,24.68284]]}},{"type":"Feature","properties":{"n":"光榮路500巷","k":5},"geometry":{"type":"LineString","coordinates":[[121.78148,24.67963],[121.78139,24.67953],[121.78041,24.6796]]}},{"type":"Feature","properties":{"n":"東福橋","k":5},"geometry":{"type":"LineString","coordinates":[[121.78168,24.67971],[121.78148,24.67963]]}},{"type":"Feature","properties":{"n":"福東橋","k":5},"geometry":{"type":"LineString","coordinates":[[121.78318,24.67759],[121.78388,24.6777]]}},{"type":"Feature","properties":{"n":"福東橋","k":5},"geometry":{"type":"LineString","coordinates":[[121.78344,24.67792],[121.78294,24.67787]]}},{"type":"Feature","properties":{"n":"福東橋","k":3},"geometry":{"type":"LineString","coordinates":[[121.7831,24.67768],[121.78371,24.67776]]}},{"type":"Feature","properties":{"n":"福東橋","k":3},"geometry":{"type":"LineString","coordinates":[[121.78359,24.67784],[121.78302,24.67778]]}},{"type":"Feature","properties":{"n":"東榮路二段","k":5},"geometry":{"type":"LineString","coordinates":[[121.77965,24.678],[121.77974,24.68119],[121.7791,24.68121]]}},{"type":"Feature","properties":{"n":"新三路","k":5},"geometry":{"type":"LineString","coordinates":[[121.78846,24.67821],[121.78867,24.67919]]}},{"type":"Feature","properties":{"n":"萬長春橋","k":4},"geometry":{"type":"LineString","coordinates":[[121.74347,24.68491],[121.74165,24.68597]]}},{"type":"Feature","properties":{"n":"長春一路","k":5},"geometry":{"type":"LineString","coordinates":[[121.74058,24.68988],[121.7415,24.68937],[121.74177,24.68931],[121.74505,24.68744]]}},{"type":"Feature","properties":{"n":"河濱路23巷","k":5},"geometry":{"type":"LineString","coordinates":[[121.7526,24.68749],[121.75201,24.6878]]}},{"type":"Feature","properties":{"n":"河濱路23巷","k":5},"geometry":{"type":"LineString","coordinates":[[121.7544,24.68806],[121.75318,24.68746],[121.75292,24.68741],[121.75265,24.68747]]}},{"type":"Feature","properties":{"n":"長春二路","k":5},"geometry":{"type":"LineString","coordinates":[[121.74674,24.69021],[121.7419,24.69295]]}},{"type":"Feature","properties":{"n":"安農二路","k":5},"geometry":{"type":"LineString","coordinates":[[121.7408,24.68649],[121.74675,24.69518],[121.74972,24.69653]]}},{"type":"Feature","properties":{"n":"安農一路","k":5},"geometry":{"type":"LineString","coordinates":[[121.74306,24.686],[121.74751,24.69254],[121.74775,24.69242]]}},{"type":"Feature","properties":{"n":"尾塹橋","k":5},"geometry":{"type":"LineString","coordinates":[[121.74541,24.69641],[121.74479,24.69723]]}},{"type":"Feature","properties":{"n":"竹林街","k":5},"geometry":{"type":"LineString","coordinates":[[121.75738,24.68549],[121.75705,24.68555],[121.75663,24.68552],[121.75459,24.68721],[121.7544,24.68806]]}},{"type":"Feature","properties":{"n":"竹林街","k":5},"geometry":{"type":"LineString","coordinates":[[121.75908,24.68531],[121.76061,24.68528],[121.76164,24.68546],[121.76202,24.68545],[121.76234,24.68539],[121.76285,24.68498],[121.7644,24.68471],[121.7651,24.68476],[121.76635,24.68507],[121.76653,24.68504]]}},{"type":"Feature","properties":{"n":"竹林街405巷","k":5},"geometry":{"type":"LineString","coordinates":[[121.75309,24.68665],[121.7535,24.68716]]}},{"type":"Feature","properties":{"n":"竹林街405巷","k":5},"geometry":{"type":"LineString","coordinates":[[121.75301,24.68655],[121.75304,24.68659]]}},{"type":"Feature","properties":{"n":"河濱路23巷1弄","k":5},"geometry":{"type":"LineString","coordinates":[[121.75336,24.68755],[121.75313,24.68804]]}},{"type":"Feature","properties":{"n":"河濱路23巷3弄","k":5},"geometry":{"type":"LineString","coordinates":[[121.75365,24.68776],[121.75343,24.68811]]}},{"type":"Feature","properties":{"n":"河濱路23巷5弄","k":5},"geometry":{"type":"LineString","coordinates":[[121.75392,24.68789],[121.75369,24.68824]]}},{"type":"Feature","properties":{"n":"仁愛路一段別墅橋","k":5},"geometry":{"type":"LineString","coordinates":[[121.75544,24.68846],[121.75541,24.68853]]}},{"type":"Feature","properties":{"n":"復興路三段157巷119弄","k":5},"geometry":{"type":"LineString","coordinates":[[121.75688,24.69304],[121.75918,24.6896]]}},{"type":"Feature","properties":{"n":"復興路二段","k":3},"geometry":{"type":"LineString","coordinates":[[121.76351,24.69237],[121.76383,24.69186],[121.76485,24.68984],[121.76713,24.6856]]}},{"type":"Feature","properties":{"n":"仁愛路一段","k":5},"geometry":{"type":"LineString","coordinates":[[121.77039,24.68886],[121.76835,24.69024],[121.76781,24.69085],[121.76747,24.69143],[121.76687,24.69367],[121.76669,24.69411],[121.76452,24.69711]]}},{"type":"Feature","properties":{"n":"仁愛路一段","k":5},"geometry":{"type":"LineString","coordinates":[[121.76448,24.69717],[121.76433,24.69737]]}},{"type":"Feature","properties":{"n":"復興路三段","k":3},"geometry":{"type":"LineString","coordinates":[[121.75531,24.70322],[121.75546,24.70324],[121.75894,24.69828],[121.7596,24.69729],[121.76108,24.69488],[121.76276,24.69303],[121.76351,24.69237]]}},{"type":"Feature","properties":{"n":"復興路三段135巷","k":5},"geometry":{"type":"LineString","coordinates":[[121.75911,24.69434],[121.7597,24.69355],[121.7614,24.69451]]}},{"type":"Feature","properties":{"n":"福德路","k":5},"geometry":{"type":"LineString","coordinates":[[121.76318,24.69403],[121.76416,24.69424],[121.76496,24.69629],[121.76507,24.69639]]}},{"type":"Feature","properties":{"n":"福德路","k":5},"geometry":{"type":"LineString","coordinates":[[121.76207,24.70238],[121.76243,24.70228],[121.76503,24.70208]]}},{"type":"Feature","properties":{"n":"福德路","k":5},"geometry":{"type":"LineString","coordinates":[[121.76356,24.69955],[121.76358,24.69956]]}},{"type":"Feature","properties":{"n":"福德路","k":5},"geometry":{"type":"LineString","coordinates":[[121.76361,24.69958],[121.7642,24.69991],[121.7655,24.7004],[121.76601,24.70083],[121.76631,24.7012],[121.76646,24.70152],[121.76685,24.70147],[121.76703,24.70152]]}},{"type":"Feature","properties":{"n":"復興路三段135巷36弄","k":5},"geometry":{"type":"LineString","coordinates":[[121.75993,24.69459],[121.76036,24.69395]]}},{"type":"Feature","properties":{"n":"復興路三段1巷","k":5},"geometry":{"type":"LineString","coordinates":[[121.76304,24.6918],[121.76323,24.69194],[121.7634,24.69224],[121.76356,24.69231]]}},{"type":"Feature","properties":{"n":"上將路一段200巷","k":5},"geometry":{"type":"LineString","coordinates":[[121.74673,24.70196],[121.7466,24.70217],[121.74633,24.70219]]}},{"type":"Feature","properties":{"n":"上將路一段181巷","k":5},"geometry":{"type":"LineString","coordinates":[[121.74738,24.7017],[121.74724,24.70213]]}},{"type":"Feature","properties":{"n":"三星鄉清洲一路30巷","k":5},"geometry":{"type":"LineString","coordinates":[[121.74999,24.70257],[121.75005,24.70278]]}},{"type":"Feature","properties":{"n":"歪仔歪橋","k":3},"geometry":{"type":"LineString","coordinates":[[121.75006,24.70247],[121.75057,24.70248],[121.75531,24.70322]]}},{"type":"Feature","properties":{"n":"鎮安路","k":5},"geometry":{"type":"LineString","coordinates":[[121.74633,24.70219],[121.74636,24.70252],[121.74626,24.70281],[121.74639,24.70325],[121.74679,24.70404],[121.74854,24.70541]]}},{"type":"Feature","properties":{"n":"鎮安路","k":5},"geometry":{"type":"LineString","coordinates":[[121.76648,24.71075],[121.76645,24.71067],[121.76666,24.7099],[121.7675,24.70716],[121.76786,24.70462]]}},{"type":"Feature","properties":{"n":"鎮安路","k":5},"geometry":{"type":"LineString","coordinates":[[121.76831,24.72663],[121.76843,24.72707],[121.76817,24.73036]]}},{"type":"Feature","properties":{"n":"清洲三路","k":5},"geometry":{"type":"LineString","coordinates":[[121.74414,24.71009],[121.74461,24.70905],[121.74887,24.7051]]}},{"type":"Feature","properties":{"n":"清洲五路","k":5},"geometry":{"type":"LineString","coordinates":[[121.74094,24.70797],[121.74522,24.70402],[121.74573,24.70374],[121.7477,24.70229]]}},{"type":"Feature","properties":{"n":"社區路","k":5},"geometry":{"type":"LineString","coordinates":[[121.74321,24.69957],[121.74509,24.7005],[121.74554,24.70085],[121.74709,24.70142],[121.74738,24.7017]]}},{"type":"Feature","properties":{"n":"清洲一路","k":5},"geometry":{"type":"LineString","coordinates":[[121.74965,24.70255],[121.74972,24.70306],[121.75015,24.70484],[121.75018,24.70538],[121.75038,24.70564],[121.75093,24.7088],[121.75094,24.70896],[121.75042,24.70937],[121.75036,24.70966]]}},{"type":"Feature","properties":{"n":"清洲六路","k":5},"geometry":{"type":"LineString","coordinates":[[121.74608,24.70178],[121.74787,24.69898]]}},{"type":"Feature","properties":{"n":"清洲二路","k":5},"geometry":{"type":"LineString","coordinates":[[121.74856,24.70257],[121.74887,24.7051]]}},{"type":"Feature","properties":{"n":"河濱路316巷","k":5},"geometry":{"type":"LineString","coordinates":[[121.75547,24.69926],[121.75515,24.69972],[121.75491,24.69969]]}},{"type":"Feature","properties":{"n":"仁愛路三段","k":5},"geometry":{"type":"LineString","coordinates":[[121.76433,24.69737],[121.76356,24.69844],[121.75907,24.70276],[121.75825,24.70317],[121.75745,24.70335],[121.75546,24.70324]]}},{"type":"Feature","properties":{"n":"仁愛路三段238巷","k":5},"geometry":{"type":"LineString","coordinates":[[121.76052,24.7027],[121.7607,24.70233],[121.7616,24.7011],[121.76117,24.70077]]}},{"type":"Feature","properties":{"n":"仁愛路三段238巷","k":5},"geometry":{"type":"LineString","coordinates":[[121.75764,24.70651],[121.76048,24.70274]]}},{"type":"Feature","properties":{"n":"復興路三段388巷","k":5},"geometry":{"type":"LineString","coordinates":[[121.76091,24.69899],[121.76127,24.69876]]}},{"type":"Feature","properties":{"n":"復興路三段388巷","k":5},"geometry":{"type":"LineString","coordinates":[[121.75894,24.69828],[121.75955,24.69862],[121.75965,24.6985],[121.76043,24.69914],[121.76084,24.69901]]}},{"type":"Feature","properties":{"n":"仁義橋","k":5},"geometry":{"type":"LineString","coordinates":[[121.76084,24.69901],[121.76091,24.69899]]}},{"type":"Feature","properties":{"n":"溪濱路三段","k":4},"geometry":{"type":"LineString","coordinates":[[121.77246,24.71144],[121.77068,24.71116],[121.76881,24.71093],[121.76494,24.71065],[121.76326,24.71036],[121.7626,24.7102],[121.76177,24.70989],[121.76091,24.70942],[121.75915,24.70798],[121.75841,24.70731],[121.75764,24.70651]]}},{"type":"Feature","properties":{"n":"溪濱路三段","k":4},"geometry":{"type":"LineString","coordinates":[[121.78764,24.71187],[121.78273,24.7126],[121.78155,24.71268],[121.77992,24.71271],[121.77903,24.71263],[121.77395,24.71177],[121.77317,24.71157]]}},{"type":"Feature","properties":{"n":"西河三路","k":5},"geometry":{"type":"LineString","coordinates":[[121.76623,24.70598],[121.76229,24.70628]]}},{"type":"Feature","properties":{"n":"西河一路","k":5},"geometry":{"type":"LineString","coordinates":[[121.76515,24.70313],[121.76728,24.70297]]}},{"type":"Feature","properties":{"n":"西河一路","k":5},"geometry":{"type":"LineString","coordinates":[[121.76811,24.70292],[121.76738,24.70296]]}},{"type":"Feature","properties":{"n":"向上路","k":5},"geometry":{"type":"LineString","coordinates":[[121.769,24.69802],[121.76569,24.69763]]}},{"type":"Feature","properties":{"n":"河濱路","k":4},"geometry":{"type":"LineString","coordinates":[[121.75764,24.70651],[121.75657,24.70513],[121.75546,24.70324]]}},{"type":"Feature","properties":{"n":"清水路","k":5},"geometry":{"type":"LineString","coordinates":[[121.77439,24.68933],[121.77365,24.68976],[121.77323,24.68988],[121.77178,24.69011],[121.77033,24.69018]]}},{"type":"Feature","properties":{"n":"竹義路","k":5},"geometry":{"type":"LineString","coordinates":[[121.77099,24.68587],[121.76954,24.68586]]}},{"type":"Feature","properties":{"n":"竹義路","k":5},"geometry":{"type":"LineString","coordinates":[[121.76884,24.68585],[121.76895,24.68575],[121.7692,24.68572],[121.76954,24.68586]]}},{"type":"Feature","properties":{"n":"竹義路","k":5},"geometry":{"type":"LineString","coordinates":[[121.7674,24.68506],[121.76837,24.68577],[121.76866,24.68587],[121.76884,24.68585]]}},{"type":"Feature","properties":{"n":"竹義路","k":5},"geometry":{"type":"LineString","coordinates":[[121.76954,24.68586],[121.76941,24.6859],[121.76884,24.68585]]}},{"type":"Feature","properties":{"n":"中正路一段","k":2},"geometry":{"type":"LineString","coordinates":[[121.76977,24.69288],[121.77063,24.68751]]}},{"type":"Feature","properties":{"n":"中正路一段","k":2},"geometry":{"type":"LineString","coordinates":[[121.77077,24.68753],[121.76988,24.69288]]}},{"type":"Feature","properties":{"n":"中正路一段2巷75弄","k":5},"geometry":{"type":"LineString","coordinates":[[121.77255,24.68607],[121.77273,24.68718]]}},{"type":"Feature","properties":{"n":"中正路1段2巷","k":5},"geometry":{"type":"LineString","coordinates":[[121.77391,24.68624],[121.77337,24.68616]]}},{"type":"Feature","properties":{"n":"中正路一段2巷115弄","k":5},"geometry":{"type":"LineString","coordinates":[[121.77337,24.68616],[121.77353,24.68705]]}},{"type":"Feature","properties":{"n":"中正路二段","k":2},"geometry":{"type":"LineString","coordinates":[[121.76988,24.69288],[121.769,24.69802],[121.76891,24.69876],[121.76899,24.69916],[121.7696,24.70098]]}},{"type":"Feature","properties":{"n":"中正路二段","k":2},"geometry":{"type":"LineString","coordinates":[[121.76946,24.70096],[121.76888,24.6992],[121.7688,24.69888],[121.7688,24.69862],[121.76977,24.69288]]}},{"type":"Feature","properties":{"n":"清水路15巷","k":5},"geometry":{"type":"LineString","coordinates":[[121.77102,24.69097],[121.77102,24.69014]]}},{"type":"Feature","properties":{"n":"光榮北路","k":5},"geometry":{"type":"LineString","coordinates":[[121.77144,24.68739],[121.77442,24.68689],[121.77447,24.68709],[121.77116,24.68766]]}},{"type":"Feature","properties":{"n":"中正東路","k":5},"geometry":{"type":"LineString","coordinates":[[121.77497,24.69636],[121.77511,24.69763],[121.77504,24.69788],[121.77476,24.69808],[121.77379,24.69835],[121.77256,24.69854],[121.7688,24.69876]]}},{"type":"Feature","properties":{"n":"中正東路","k":5},"geometry":{"type":"LineString","coordinates":[[121.7688,24.69888],[121.76892,24.69886]]}},{"type":"Feature","properties":{"n":"三結一路","k":5},"geometry":{"type":"LineString","coordinates":[[121.79048,24.69687],[121.78979,24.6969],[121.78914,24.69736],[121.78863,24.69753],[121.7883,24.69756],[121.788,24.69754],[121.78729,24.6973],[121.78713,24.69714],[121.78707,24.69698],[121.7838,24.69708],[121.78358,24.69698],[121.78269,24.69711],[121.77734,24.69726],[121.77552,24.69827]]}},{"type":"Feature","properties":{"n":"中正路一段2巷","k":5},"geometry":{"type":"LineString","coordinates":[[121.77096,24.68603],[121.77179,24.68597],[121.77337,24.68616]]}},{"type":"Feature","properties":{"n":"中興路三段19巷","k":5},"geometry":{"type":"LineString","coordinates":[[121.7741,24.69284],[121.77405,24.68953]]}},{"type":"Feature","properties":{"n":"文興路二段","k":4},"geometry":{"type":"LineString","coordinates":[[121.79069,24.69335],[121.78184,24.69362],[121.78061,24.69357],[121.77949,24.69338],[121.77865,24.69332],[121.77591,24.69335],[121.77475,24.69329],[121.77213,24.69334],[121.77128,24.69337],[121.76995,24.69351],[121.76978,24.69351],[121.76967,24.6934],[121.77034,24.6934],[121.77128,24.69329],[121.77251,24.69325],[121.77456,24.69323],[121.7759,24.69329],[121.77867,24.69321],[121.77949,24.69326],[121.78068,24.69348],[121.78181,24.69352],[121.78935,24.69328],[121.7904,24.6932],[121.79052,24.69311],[121.7907,24.69285]]}},{"type":"Feature","properties":{"n":"文興路二段","k":5},"geometry":{"type":"LineString","coordinates":[[121.79068,24.69344],[121.7818,24.69372],[121.78069,24.69365],[121.77901,24.6934],[121.77542,24.69339]]}},{"type":"Feature","properties":{"n":"文興路二段","k":5},"geometry":{"type":"LineString","coordinates":[[121.77543,24.69322],[121.77919,24.69317],[121.7806,24.69339],[121.78151,24.69346],[121.79049,24.69314]]}},{"type":"Feature","properties":{"n":"中里路","k":5},"geometry":{"type":"LineString","coordinates":[[121.7755,24.69766],[121.77525,24.69284]]}},{"type":"Feature","properties":{"n":"中里路","k":5},"geometry":{"type":"LineString","coordinates":[[121.77556,24.70371],[121.77548,24.70183],[121.77559,24.70068],[121.77552,24.69827]]}},{"type":"Feature","properties":{"n":"中里路180巷","k":5},"geometry":{"type":"LineString","coordinates":[[121.77767,24.69685],[121.77551,24.69807]]}},{"type":"Feature","properties":{"n":"中正路二段7巷","k":5},"geometry":{"type":"LineString","coordinates":[[121.76654,24.69432],[121.76691,24.69428],[121.76794,24.69386],[121.76967,24.6934]]}},{"type":"Feature","properties":{"n":"隆昌路","k":5},"geometry":{"type":"LineString","coordinates":[[121.77179,24.69096],[121.77007,24.69097]]}},{"type":"Feature","properties":{"n":"興盛北路","k":4},"geometry":{"type":"LineString","coordinates":[[121.78029,24.6858],[121.78018,24.68536],[121.78075,24.68513]]}},{"type":"Feature","properties":{"n":"大興路108巷","k":5},"geometry":{"type":"LineString","coordinates":[[121.78049,24.6904],[121.78314,24.69032]]}},{"type":"Feature","properties":{"n":"大興路65巷","k":5},"geometry":{"type":"LineString","coordinates":[[121.78041,24.68813],[121.77963,24.68815]]}},{"type":"Feature","properties":{"n":"中福北路","k":5},"geometry":{"type":"LineString","coordinates":[[121.7863,24.68501],[121.78678,24.68492],[121.78859,24.68504],[121.79066,24.68477],[121.79203,24.68478]]}},{"type":"Feature","properties":{"n":"仁五路二段","k":4},"geometry":{"type":"LineString","coordinates":[[121.7865,24.68796],[121.78657,24.69014]]}},{"type":"Feature","properties":{"n":"中興路二段15巷","k":5},"geometry":{"type":"LineString","coordinates":[[121.78558,24.69008],[121.78581,24.69043]]}},{"type":"Feature","properties":{"n":"國民南路","k":5},"geometry":{"type":"LineString","coordinates":[[121.79139,24.68781],[121.78973,24.68789],[121.78938,24.68776],[121.78843,24.6879],[121.78073,24.68813]]}},{"type":"Feature","properties":{"n":"國民中路","k":5},"geometry":{"type":"LineString","coordinates":[[121.78659,24.69056],[121.78752,24.69052],[121.78794,24.69021],[121.78813,24.69017],[121.79343,24.69001]]}},{"type":"Feature","properties":{"n":"三興路","k":4},"geometry":{"type":"LineString","coordinates":[[121.78095,24.70379],[121.78065,24.69523]]}},{"type":"Feature","properties":{"n":"三興路","k":4},"geometry":{"type":"LineString","coordinates":[[121.78123,24.71269],[121.78099,24.70514],[121.78108,24.70467],[121.78095,24.70387]]}},{"type":"Feature","properties":{"n":"仁五路三段","k":4},"geometry":{"type":"LineString","coordinates":[[121.78657,24.69014],[121.7868,24.69643]]}},{"type":"Feature","properties":{"n":"三興東路","k":4},"geometry":{"type":"LineString","coordinates":[[121.7868,24.69677],[121.78701,24.70228]]}},{"type":"Feature","properties":{"n":"中興路二段200巷","k":5},"geometry":{"type":"LineString","coordinates":[[121.77955,24.69475],[121.77958,24.69465],[121.77997,24.69425],[121.77947,24.69352],[121.77906,24.69269]]}},{"type":"Feature","properties":{"n":"雙興橋","k":4},"geometry":{"type":"LineString","coordinates":[[121.7868,24.69643],[121.7868,24.69677]]}},{"type":"Feature","properties":{"n":"中正西路","k":5},"geometry":{"type":"LineString","coordinates":[[121.76881,24.69894],[121.76828,24.70201]]}},{"type":"Feature","properties":{"n":"中正東路72巷","k":5},"geometry":{"type":"LineString","coordinates":[[121.76936,24.69979],[121.76955,24.69872]]}},{"type":"Feature","properties":{"n":"中正東路52巷","k":5},"geometry":{"type":"LineString","coordinates":[[121.77017,24.6989],[121.76999,24.69989]]}},{"type":"Feature","properties":{"n":"中正東路52巷","k":5},"geometry":{"type":"LineString","coordinates":[[121.77019,24.69869],[121.77017,24.69886]]}},{"type":"Feature","properties":{"n":"中正路二段126巷","k":5},"geometry":{"type":"LineString","coordinates":[[121.76921,24.6998],[121.76999,24.69989]]}},{"type":"Feature","properties":{"n":"中正東路48巷","k":5},"geometry":{"type":"LineString","coordinates":[[121.77201,24.70064],[121.77221,24.6993],[121.7724,24.69872]]}},{"type":"Feature","properties":{"n":"中正路三段","k":2},"geometry":{"type":"LineString","coordinates":[[121.77001,24.70249],[121.76946,24.70096]]}},{"type":"Feature","properties":{"n":"中正路三段","k":2},"geometry":{"type":"LineString","coordinates":[[121.7696,24.70098],[121.77015,24.70257]]}},{"type":"Feature","properties":{"n":"中正路三段","k":2},"geometry":{"type":"LineString","coordinates":[[121.7702,24.70273],[121.77273,24.71024],[121.77281,24.71077],[121.7727,24.71166]]}},{"type":"Feature","properties":{"n":"中正路三段","k":2},"geometry":{"type":"LineString","coordinates":[[121.77255,24.71165],[121.77267,24.71083],[121.7726,24.71027],[121.77202,24.70842],[121.77006,24.70264]]}},{"type":"Feature","properties":{"n":"四結橋","k":2},"geometry":{"type":"LineString","coordinates":[[121.77015,24.70257],[121.7702,24.70273]]}},{"type":"Feature","properties":{"n":"四結橋","k":2},"geometry":{"type":"LineString","coordinates":[[121.77006,24.70264],[121.77001,24.70249]]}},{"type":"Feature","properties":{"n":"中正東路60巷","k":5},"geometry":{"type":"LineString","coordinates":[[121.76969,24.69984],[121.76989,24.6987]]}},{"type":"Feature","properties":{"n":"五結中路三段","k":4},"geometry":{"type":"LineString","coordinates":[[121.7711,24.70569],[121.77238,24.70534],[121.77445,24.70437],[121.77556,24.70371],[121.77632,24.70342],[121.77696,24.70329],[121.77792,24.70318],[121.78339,24.70333],[121.78558,24.70287],[121.78594,24.70276],[121.79038,24.70083],[121.7911,24.70031]]}},{"type":"Feature","properties":{"n":"三結二路","k":5},"geometry":{"type":"LineString","coordinates":[[121.79088,24.69912],[121.77556,24.69957]]}},{"type":"Feature","properties":{"n":"二結路","k":5},"geometry":{"type":"LineString","coordinates":[[121.76828,24.70201],[121.76786,24.70462],[121.76808,24.70528],[121.77281,24.71077]]}},{"type":"Feature","properties":{"n":"二結路","k":5},"geometry":{"type":"LineString","coordinates":[[121.69276,24.78455],[121.69165,24.78454],[121.69142,24.78471],[121.69021,24.78483],[121.68777,24.78531],[121.68753,24.78541],[121.68693,24.78594]]}},{"type":"Feature","properties":{"n":"二結路","k":5},"geometry":{"type":"LineString","coordinates":[[121.68671,24.78605],[121.68641,24.78612],[121.68613,24.7861],[121.68549,24.78626],[121.68457,24.78628],[121.68336,24.78595],[121.68275,24.78592],[121.68235,24.78583],[121.68067,24.78529],[121.67979,24.78536],[121.67866,24.78497],[121.6776,24.78486],[121.67683,24.78495],[121.67663,24.78465],[121.67635,24.78444],[121.67595,24.78427],[121.67479,24.78424],[121.67369,24.78406],[121.67338,24.78413],[121.67223,24.78463],[121.67215,24.7848],[121.67208,24.78539],[121.67198,24.78554],[121.6718,24.78559],[121.67191,24.78638],[121.6718,24.78644],[121.67155,24.78625],[121.67135,24.78639]]}},{"type":"Feature","properties":{"n":"二結路","k":5},"geometry":{"type":"LineString","coordinates":[[121.7245,24.78143],[121.72372,24.78127],[121.72286,24.78094],[121.7221,24.78089],[121.72104,24.78093],[121.72018,24.78109],[121.719,24.78097],[121.71835,24.78145],[121.71793,24.78146],[121.71729,24.78143],[121.71543,24.78116],[121.71495,24.7812],[121.7133,24.78081],[121.71269,24.78082],[121.71168,24.78127],[121.71125,24.78136],[121.71053,24.78101],[121.71036,24.78101],[121.70914,24.78115],[121.70751,24.7815],[121.70651,24.7818],[121.70599,24.78207],[121.70558,24.78201],[121.70505,24.78211],[121.70472,24.78221],[121.70444,24.78239],[121.7041,24.78282],[121.70366,24.78304],[121.69768,24.78387],[121.69711,24.78384],[121.69597,24.78394],[121.69449,24.78415],[121.69309,24.78454]]}},{"type":"Feature","properties":{"n":"二結路357巷","k":5},"geometry":{"type":"LineString","coordinates":[[121.77243,24.70932],[121.77108,24.7097],[121.77068,24.71116]]}},{"type":"Feature","properties":{"n":"五結中路三段","k":5},"geometry":{"type":"LineString","coordinates":[[121.7677,24.7058],[121.76918,24.70607],[121.76962,24.70609],[121.7711,24.70569]]}},{"type":"Feature","properties":{"n":"舊街一路123巷","k":5},"geometry":{"type":"LineString","coordinates":[[121.76883,24.70966],[121.76837,24.70956]]}},{"type":"Feature","properties":{"n":"五結中路三段658巷","k":5},"geometry":{"type":"LineString","coordinates":[[121.77394,24.70556],[121.77419,24.70469],[121.77412,24.70453]]}},{"type":"Feature","properties":{"n":"三吉二路","k":4},"geometry":{"type":"LineString","coordinates":[[121.78701,24.70228],[121.78737,24.70344],[121.78744,24.70517],[121.78754,24.70532],[121.78745,24.70554],[121.78746,24.70639],[121.78764,24.71187]]}},{"type":"Feature","properties":{"n":"三吉中路","k":5},"geometry":{"type":"LineString","coordinates":[[121.79374,24.70983],[121.79241,24.70874],[121.78982,24.70728],[121.78935,24.70643],[121.78754,24.70532]]}},{"type":"Feature","properties":{"n":"三吉中路115巷","k":5},"geometry":{"type":"LineString","coordinates":[[121.78913,24.70628],[121.78977,24.70471],[121.79049,24.70234],[121.79102,24.70221]]}},{"type":"Feature","properties":{"n":"三結一號橋","k":4},"geometry":{"type":"LineString","coordinates":[[121.78095,24.70387],[121.78095,24.70379]]}},{"type":"Feature","properties":{"n":"五結中路二段","k":4},"geometry":{"type":"LineString","coordinates":[[121.79784,24.68676],[121.79784,24.68487]]}},{"type":"Feature","properties":{"n":"五結中路二段","k":4},"geometry":{"type":"LineString","coordinates":[[121.7911,24.70031],[121.7969,24.69593],[121.79715,24.69572],[121.79726,24.69553],[121.79708,24.69337],[121.79673,24.69066],[121.79673,24.69025],[121.79774,24.68758],[121.79782,24.68704]]}},{"type":"Feature","properties":{"n":"三結五路25巷","k":5},"geometry":{"type":"LineString","coordinates":[[121.78738,24.70375],[121.78506,24.70381],[121.7847,24.70391],[121.78464,24.70409]]}},{"type":"Feature","properties":{"n":"武罕五路","k":5},"geometry":{"type":"LineString","coordinates":[[121.79311,24.66194],[121.79492,24.66181],[121.7955,24.66155],[121.79632,24.66077],[121.79686,24.66036],[121.79732,24.66009],[121.79754,24.66003],[121.79769,24.65983],[121.79803,24.65966]]}},{"type":"Feature","properties":{"n":"三川橋","k":4},"geometry":{"type":"LineString","coordinates":[[121.798,24.65899],[121.79801,24.65909]]}},{"type":"Feature","properties":{"n":"東二路","k":4},"geometry":{"type":"LineString","coordinates":[[121.80139,24.66404],[121.79988,24.66403],[121.79941,24.66397]]}},{"type":"Feature","properties":{"n":"武淵路68巷","k":5},"geometry":{"type":"LineString","coordinates":[[121.79986,24.66095],[121.80102,24.6608],[121.80142,24.661],[121.80163,24.6607],[121.80221,24.66063],[121.80333,24.6616]]}},{"type":"Feature","properties":{"n":"七路橋","k":5},"geometry":{"type":"LineString","coordinates":[[121.80071,24.66254],[121.80083,24.66281]]}},{"type":"Feature","properties":{"n":"茄苳橋","k":5},"geometry":{"type":"LineString","coordinates":[[121.8014,24.65805],[121.80004,24.65847]]}},{"type":"Feature","properties":{"n":"武淵路122巷","k":5},"geometry":{"type":"LineString","coordinates":[[121.80333,24.6616],[121.80045,24.66196]]}},{"type":"Feature","properties":{"n":"武淵路","k":5},"geometry":{"type":"LineString","coordinates":[[121.798,24.6604],[121.7989,24.66062],[121.79932,24.66049],[121.79975,24.66073],[121.80036,24.66169],[121.80071,24.66254]]}},{"type":"Feature","properties":{"n":"武淵路","k":5},"geometry":{"type":"LineString","coordinates":[[121.80083,24.66281],[121.80139,24.66404],[121.80241,24.67062]]}},{"type":"Feature","properties":{"n":"東五路","k":5},"geometry":{"type":"LineString","coordinates":[[121.80154,24.66512],[121.80659,24.66447]]}},{"type":"Feature","properties":{"n":"東六路","k":5},"geometry":{"type":"LineString","coordinates":[[121.80189,24.66727],[121.80876,24.66638]]}},{"type":"Feature","properties":{"n":"武淵一路","k":5},"geometry":{"type":"LineString","coordinates":[[121.80561,24.66994],[121.80463,24.66364]]}},{"type":"Feature","properties":{"n":"武淵一路","k":5},"geometry":{"type":"LineString","coordinates":[[121.80573,24.67095],[121.80562,24.67017]]}},{"type":"Feature","properties":{"n":"東二路","k":5},"geometry":{"type":"LineString","coordinates":[[121.80139,24.66404],[121.80551,24.66352]]}},{"type":"Feature","properties":{"n":"富農路三段","k":4},"geometry":{"type":"LineString","coordinates":[[121.79826,24.66313],[121.79858,24.6655],[121.79977,24.67328]]}},{"type":"Feature","properties":{"n":"親河路二段291巷","k":5},"geometry":{"type":"LineString","coordinates":[[121.80241,24.67062],[121.80281,24.67328]]}},{"type":"Feature","properties":{"n":"東七路","k":5},"geometry":{"type":"LineString","coordinates":[[121.80125,24.66954],[121.80544,24.66899]]}},{"type":"Feature","properties":{"n":"富農路三段2巷","k":4},"geometry":{"type":"LineString","coordinates":[[121.7989,24.6639],[121.79835,24.6639]]}},{"type":"Feature","properties":{"n":"中山路一段199巷","k":5},"geometry":{"type":"LineString","coordinates":[[121.7946,24.6682],[121.79513,24.67155]]}},{"type":"Feature","properties":{"n":"月眉路207巷","k":5},"geometry":{"type":"LineString","coordinates":[[121.79398,24.66352],[121.79378,24.66373],[121.794,24.6643],[121.79417,24.66537]]}},{"type":"Feature","properties":{"n":"月眉路208巷","k":5},"geometry":{"type":"LineString","coordinates":[[121.79417,24.66537],[121.7946,24.6682]]}},{"type":"Feature","properties":{"n":"孝威路","k":4},"geometry":{"type":"LineString","coordinates":[[121.80828,24.68365],[121.80852,24.68527],[121.80953,24.6889],[121.81021,24.69206],[121.81076,24.69427],[121.8109,24.69508],[121.81133,24.69663],[121.81161,24.69839],[121.81233,24.70196],[121.81234,24.70224]]}},{"type":"Feature","properties":{"n":"富農路三段240巷","k":5},"geometry":{"type":"LineString","coordinates":[[121.79925,24.66979],[121.801,24.66958]]}},{"type":"Feature","properties":{"n":"富堵五路","k":5},"geometry":{"type":"LineString","coordinates":[[121.80877,24.65995],[121.80586,24.66106],[121.80565,24.66107],[121.80538,24.66094]]}},{"type":"Feature","properties":{"n":"富堵六路","k":5},"geometry":{"type":"LineString","coordinates":[[121.80997,24.66305],[121.80942,24.66301],[121.80877,24.66286],[121.80836,24.66245],[121.80829,24.66213],[121.80831,24.66185],[121.80847,24.66151],[121.8091,24.6608]]}},{"type":"Feature","properties":{"n":"協進路","k":5},"geometry":{"type":"LineString","coordinates":[[121.80988,24.65941],[121.81351,24.65849]]}},{"type":"Feature","properties":{"n":"協進路","k":5},"geometry":{"type":"LineString","coordinates":[[121.70859,24.77739],[121.71488,24.7753],[121.7202,24.77436],[121.72035,24.77432],[121.72092,24.77394]]}},{"type":"Feature","properties":{"n":"親河路一段","k":2},"geometry":{"type":"LineString","coordinates":[[121.81494,24.66885],[121.8157,24.66838],[121.81648,24.66812],[121.81727,24.66806],[121.81843,24.6681]]}},{"type":"Feature","properties":{"n":"親河路一段","k":2},"geometry":{"type":"LineString","coordinates":[[121.81878,24.66811],[121.82161,24.66826],[121.82357,24.66854],[121.82775,24.66872]]}},{"type":"Feature","properties":{"n":"利澤簡橋","k":2},"geometry":{"type":"LineString","coordinates":[[121.81242,24.67109],[121.81494,24.66885]]}},{"type":"Feature","properties":{"n":"五福路","k":5},"geometry":{"type":"LineString","coordinates":[[121.82413,24.66112],[121.81851,24.65996],[121.81435,24.65992]]}},{"type":"Feature","properties":{"n":"親河路一段180巷","k":5},"geometry":{"type":"LineString","coordinates":[[121.81827,24.66809],[121.81849,24.66887],[121.81854,24.66974],[121.81777,24.67129],[121.81763,24.67174]]}},{"type":"Feature","properties":{"n":"親河路二段213巷","k":5},"geometry":{"type":"LineString","coordinates":[[121.8061,24.67345],[121.80573,24.67095]]}},{"type":"Feature","properties":{"n":"東八路","k":5},"geometry":{"type":"LineString","coordinates":[[121.81191,24.67036],[121.80577,24.67115]]}},{"type":"Feature","properties":{"n":"親河路一段180巷5弄","k":5},"geometry":{"type":"LineString","coordinates":[[121.81748,24.66903],[121.81844,24.66859]]}},{"type":"Feature","properties":{"n":"東六路151巷","k":5},"geometry":{"type":"LineString","coordinates":[[121.81088,24.66825],[121.80958,24.66839],[121.80856,24.66749],[121.80839,24.66643]]}},{"type":"Feature","properties":{"n":"親河路一段","k":5},"geometry":{"type":"LineString","coordinates":[[121.81512,24.66938],[121.81559,24.66912],[121.81715,24.6687],[121.81819,24.66819],[121.81827,24.66809]]}},{"type":"Feature","properties":{"n":"中山路一段168巷","k":5},"geometry":{"type":"LineString","coordinates":[[121.79625,24.67678],[121.79561,24.67374],[121.79583,24.67314],[121.79564,24.673],[121.79509,24.67291]]}},{"type":"Feature","properties":{"n":"協和橋","k":4},"geometry":{"type":"LineString","coordinates":[[121.80114,24.67577],[121.80118,24.67563]]}},{"type":"Feature","properties":{"n":"五結中路一段","k":4},"geometry":{"type":"LineString","coordinates":[[121.80118,24.67563],[121.80137,24.67477],[121.80118,24.67334]]}},{"type":"Feature","properties":{"n":"五結中路一段","k":4},"geometry":{"type":"LineString","coordinates":[[121.79784,24.68487],[121.79792,24.68449],[121.79841,24.68398],[121.79858,24.68367],[121.79877,24.68206],[121.79904,24.68148],[121.79963,24.68045],[121.80007,24.67948],[121.80114,24.67577]]}},{"type":"Feature","properties":{"n":"上鼎橄社橋","k":2},"geometry":{"type":"LineString","coordinates":[[121.79977,24.67328],[121.80009,24.67331]]}},{"type":"Feature","properties":{"n":"親河路二段","k":2},"geometry":{"type":"LineString","coordinates":[[121.80009,24.67331],[121.80075,24.67336],[121.80164,24.67329],[121.8035,24.67329],[121.80673,24.67347],[121.81032,24.6733],[121.8107,24.67316],[121.81117,24.6728],[121.81197,24.67162],[121.81242,24.67109]]}},{"type":"Feature","properties":{"n":"五結中路一段33巷","k":5},"geometry":{"type":"LineString","coordinates":[[121.80136,24.67464],[121.80063,24.67469],[121.79991,24.67498]]}},{"type":"Feature","properties":{"n":"親河路二段406巷","k":5},"geometry":{"type":"LineString","coordinates":[[121.80013,24.67332],[121.80003,24.67365],[121.79986,24.67385],[121.79957,24.67414],[121.79932,24.67423]]}},{"type":"Feature","properties":{"n":"協安路","k":5},"geometry":{"type":"LineString","coordinates":[[121.80471,24.67547],[121.80475,24.67334]]}},{"type":"Feature","properties":{"n":"協安路","k":5},"geometry":{"type":"LineString","coordinates":[[121.80539,24.68422],[121.80462,24.67978],[121.80471,24.67558]]}},{"type":"Feature","properties":{"n":"宏國橋","k":5},"geometry":{"type":"LineString","coordinates":[[121.80471,24.67558],[121.80471,24.67547]]}},{"type":"Feature","properties":{"n":"傳藝路一段","k":3},"geometry":{"type":"LineString","coordinates":[[121.81471,24.68119],[121.81276,24.68175],[121.81222,24.68186],[121.81085,24.68205],[121.80976,24.6821],[121.80793,24.68199],[121.80493,24.68153],[121.7994,24.68088]]}},{"type":"Feature","properties":{"n":"傳藝路一段","k":3},"geometry":{"type":"LineString","coordinates":[[121.79945,24.68079],[121.80491,24.68142],[121.80759,24.68186],[121.80909,24.68199],[121.81066,24.68197],[121.8122,24.68177],[121.81274,24.68167],[121.81461,24.68111]]}},{"type":"Feature","properties":{"n":"傳藝路一段","k":3},"geometry":{"type":"LineString","coordinates":[[121.815,24.681],[121.81579,24.68078],[121.81673,24.68059],[121.81793,24.68053],[121.81904,24.68061],[121.82043,24.68099]]}},{"type":"Feature","properties":{"n":"傳藝路一段","k":3},"geometry":{"type":"LineString","coordinates":[[121.82038,24.68103],[121.81931,24.68077],[121.81851,24.68066],[121.81792,24.68064],[121.81633,24.68075],[121.81509,24.68107]]}},{"type":"Feature","properties":{"n":"傳藝路一段","k":3},"geometry":{"type":"LineString","coordinates":[[121.82537,24.68278],[121.82629,24.68317],[121.82608,24.68316],[121.82531,24.68287]]}},{"type":"Feature","properties":{"n":"協和中路","k":5},"geometry":{"type":"LineString","coordinates":[[121.80769,24.67903],[121.80521,24.67954],[121.80335,24.6802],[121.80179,24.68066],[121.80102,24.68074],[121.80083,24.68085]]}},{"type":"Feature","properties":{"n":"福和二路","k":5},"geometry":{"type":"LineString","coordinates":[[121.79382,24.67944],[121.80041,24.67828]]}},{"type":"Feature","properties":{"n":"傳藝路一段","k":5},"geometry":{"type":"LineString","coordinates":[[121.81489,24.68124],[121.81361,24.68163],[121.81224,24.68194],[121.81068,24.68217],[121.80919,24.68219],[121.80832,24.68214],[121.80405,24.68149],[121.79936,24.68096]]}},{"type":"Feature","properties":{"n":"傳藝路一段","k":5},"geometry":{"type":"LineString","coordinates":[[121.79951,24.68068],[121.80488,24.68132],[121.80832,24.68186],[121.80911,24.6819],[121.81059,24.68188],[121.81218,24.68169],[121.81319,24.68146],[121.81455,24.68104]]}},{"type":"Feature","properties":{"n":"傳藝路一段","k":5},"geometry":{"type":"LineString","coordinates":[[121.81493,24.68092],[121.81649,24.68052],[121.81703,24.68046],[121.81872,24.68047],[121.81904,24.68061]]}},{"type":"Feature","properties":{"n":"傳藝路一段","k":5},"geometry":{"type":"LineString","coordinates":[[121.81931,24.68077],[121.81891,24.6808],[121.81781,24.68073],[121.81671,24.68079],[121.81525,24.68113]]}},{"type":"Feature","properties":{"n":"公園三路","k":5},"geometry":{"type":"LineString","coordinates":[[121.81303,24.67889],[121.81175,24.67813],[121.81117,24.67806],[121.80997,24.67821],[121.80922,24.67815],[121.80814,24.67892],[121.80769,24.67903],[121.80025,24.67887]]}},{"type":"Feature","properties":{"n":"公園三路","k":5},"geometry":{"type":"LineString","coordinates":[[121.75773,24.74299],[121.75809,24.74207]]}},{"type":"Feature","properties":{"n":"福和二路118巷","k":5},"geometry":{"type":"LineString","coordinates":[[121.79823,24.67865],[121.79807,24.67776],[121.79788,24.67747],[121.79775,24.67743],[121.79724,24.67755],[121.79714,24.6777],[121.79649,24.67783]]}},{"type":"Feature","properties":{"n":"自強東路","k":5},"geometry":{"type":"LineString","coordinates":[[121.79858,24.68367],[121.79961,24.68385],[121.80217,24.68501]]}},{"type":"Feature","properties":{"n":"公園路219巷","k":5},"geometry":{"type":"LineString","coordinates":[[121.80314,24.68455],[121.80277,24.68239]]}},{"type":"Feature","properties":{"n":"協福路","k":5},"geometry":{"type":"LineString","coordinates":[[121.80135,24.67453],[121.80986,24.67442],[121.81021,24.67426]]}},{"type":"Feature","properties":{"n":"公園二路","k":5},"geometry":{"type":"LineString","coordinates":[[121.80088,24.67671],[121.81464,24.677]]}},{"type":"Feature","properties":{"n":"公園二路","k":5},"geometry":{"type":"LineString","coordinates":[[121.75982,24.7417],[121.75869,24.74105]]}},{"type":"Feature","properties":{"n":"公園二路","k":5},"geometry":{"type":"LineString","coordinates":[[121.75875,24.741],[121.75986,24.74162]]}},{"type":"Feature","properties":{"n":"五結中路一段496巷","k":5},"geometry":{"type":"LineString","coordinates":[[121.79849,24.68386],[121.79855,24.68431],[121.79867,24.68461],[121.79859,24.68499]]}},{"type":"Feature","properties":{"n":"傳藝路一段456巷","k":5},"geometry":{"type":"LineString","coordinates":[[121.80277,24.68239],[121.80636,24.68186]]}},{"type":"Feature","properties":{"n":"五結路三段60巷","k":4},"geometry":{"type":"LineString","coordinates":[[121.79367,24.68414],[121.79343,24.6851]]}},{"type":"Feature","properties":{"n":"新一路","k":5},"geometry":{"type":"LineString","coordinates":[[121.79704,24.68032],[121.79625,24.67678]]}},{"type":"Feature","properties":{"n":"公園路291巷","k":5},"geometry":{"type":"LineString","coordinates":[[121.79961,24.68385],[121.79931,24.68445],[121.80174,24.68569]]}},{"type":"Feature","properties":{"n":"自強路42巷","k":5},"geometry":{"type":"LineString","coordinates":[[121.7953,24.68377],[121.79744,24.68414],[121.79755,24.68349]]}},{"type":"Feature","properties":{"n":"國道五號側車道","k":3},"geometry":{"type":"LineString","coordinates":[[121.79365,24.68007],[121.79363,24.68015]]}},{"type":"Feature","properties":{"n":"武淵三路","k":5},"geometry":{"type":"LineString","coordinates":[[121.80936,24.6726],[121.81092,24.67248],[121.81138,24.67216],[121.81154,24.67227]]}},{"type":"Feature","properties":{"n":"親河橋","k":4},"geometry":{"type":"LineString","coordinates":[[121.81017,24.67481],[121.81016,24.67495]]}},{"type":"Feature","properties":{"n":"親河路二段88巷","k":4},"geometry":{"type":"LineString","coordinates":[[121.81032,24.6733],[121.81017,24.67481]]}},{"type":"Feature","properties":{"n":"親河路二段88巷","k":4},"geometry":{"type":"LineString","coordinates":[[121.81016,24.67495],[121.80993,24.67688],[121.80983,24.67821]]}},{"type":"Feature","properties":{"n":"公園路","k":4},"geometry":{"type":"LineString","coordinates":[[121.81609,24.67531],[121.81373,24.67803],[121.81298,24.67897],[121.8126,24.67932]]}},{"type":"Feature","properties":{"n":"公園路","k":4},"geometry":{"type":"LineString","coordinates":[[121.81248,24.67943],[121.80997,24.6819]]}},{"type":"Feature","properties":{"n":"公園路","k":4},"geometry":{"type":"LineString","coordinates":[[121.80966,24.68218],[121.80844,24.68339],[121.80828,24.68365]]}},{"type":"Feature","properties":{"n":"公園路","k":4},"geometry":{"type":"LineString","coordinates":[[121.75686,24.74182],[121.75698,24.74188]]}},{"type":"Feature","properties":{"n":"孝威南路","k":5},"geometry":{"type":"LineString","coordinates":[[121.80935,24.68821],[121.81202,24.68769],[121.81226,24.68756],[121.81239,24.68745],[121.81252,24.68719],[121.81366,24.68631],[121.81376,24.68618],[121.81377,24.686],[121.81398,24.68545],[121.81442,24.68526],[121.81371,24.68253],[121.81352,24.6806]]}},{"type":"Feature","properties":{"n":"孝威南路","k":5},"geometry":{"type":"LineString","coordinates":[[121.81068,24.68217],[121.81213,24.6876]]}},{"type":"Feature","properties":{"n":"孝威南路","k":5},"geometry":{"type":"LineString","coordinates":[[121.8083,24.68386],[121.80876,24.68377],[121.809,24.68364],[121.80975,24.68357],[121.80993,24.68349],[121.81013,24.68325],[121.81038,24.68313],[121.81094,24.68313],[121.81371,24.68253]]}},{"type":"Feature","properties":{"n":"孝威南路","k":5},"geometry":{"type":"LineString","coordinates":[[121.81059,24.68188],[121.81048,24.68138]]}},{"type":"Feature","properties":{"n":"公園一路56巷","k":5},"geometry":{"type":"LineString","coordinates":[[121.81703,24.68046],[121.81704,24.68038],[121.81966,24.67731]]}},{"type":"Feature","properties":{"n":"公園一路56巷","k":5},"geometry":{"type":"LineString","coordinates":[[121.81983,24.67712],[121.82019,24.67668]]}},{"type":"Feature","properties":{"n":"公園一路","k":5},"geometry":{"type":"LineString","coordinates":[[121.81483,24.67675],[121.81989,24.68037],[121.82123,24.68124]]}},{"type":"Feature","properties":{"n":"公園一路","k":5},"geometry":{"type":"LineString","coordinates":[[121.75778,24.74173],[121.75972,24.74025]]}},{"type":"Feature","properties":{"n":"傳藝路一段56巷","k":5},"geometry":{"type":"LineString","coordinates":[[121.81599,24.68092],[121.82014,24.68385]]}},{"type":"Feature","properties":{"n":"傳藝路一段399巷","k":5},"geometry":{"type":"LineString","coordinates":[[121.80746,24.68175],[121.80678,24.67923],[121.80681,24.67682]]}},{"type":"Feature","properties":{"n":"親河路一段180巷72弄","k":5},"geometry":{"type":"LineString","coordinates":[[121.81859,24.67199],[121.81853,24.67148],[121.81817,24.67127],[121.81782,24.67119]]}},{"type":"Feature","properties":{"n":"公園五路","k":5},"geometry":{"type":"LineString","coordinates":[[121.80602,24.68411],[121.80617,24.68472],[121.80639,24.68525],[121.80639,24.68554],[121.80649,24.68595],[121.80663,24.68627],[121.80662,24.68681],[121.80678,24.68749]]}},{"type":"Feature","properties":{"n":"孝威南路","k":4},"geometry":{"type":"LineString","coordinates":[[121.80983,24.67821],[121.8098,24.67883],[121.81,24.67966],[121.80991,24.68047],[121.81001,24.68078],[121.81048,24.68138]]}},{"type":"Feature","properties":{"n":"傳藝路一段418巷","k":5},"geometry":{"type":"LineString","coordinates":[[121.80758,24.68203],[121.80803,24.6837]]}},{"type":"Feature","properties":{"n":"公園路98巷","k":5},"geometry":{"type":"LineString","coordinates":[[121.81298,24.67897],[121.81569,24.68071]]}},{"type":"Feature","properties":{"n":"火埔橋","k":4},"geometry":{"type":"LineString","coordinates":[[121.8126,24.67932],[121.81248,24.67943]]}},{"type":"Feature","properties":{"n":"大埔一號橋","k":5},"geometry":{"type":"LineString","coordinates":[[121.81455,24.68104],[121.81493,24.68092]]}},{"type":"Feature","properties":{"n":"大埔一號橋","k":5},"geometry":{"type":"LineString","coordinates":[[121.81525,24.68113],[121.81489,24.68124]]}},{"type":"Feature","properties":{"n":"大埔一號橋","k":3},"geometry":{"type":"LineString","coordinates":[[121.81461,24.68111],[121.815,24.681]]}},{"type":"Feature","properties":{"n":"大埔一號橋","k":3},"geometry":{"type":"LineString","coordinates":[[121.81509,24.68107],[121.81471,24.68119]]}},{"type":"Feature","properties":{"n":"成鳳路188巷","k":5},"geometry":{"type":"LineString","coordinates":[[121.82862,24.66372],[121.82561,24.66318]]}},{"type":"Feature","properties":{"n":"成鳳路168巷","k":5},"geometry":{"type":"LineString","coordinates":[[121.82571,24.6628],[121.82666,24.66295]]}},{"type":"Feature","properties":{"n":"利成路二段","k":2},"geometry":{"type":"LineString","coordinates":[[121.82505,24.65806],[121.82381,24.66219],[121.82347,24.66385],[121.82315,24.66509],[121.82292,24.66572],[121.82225,24.66714],[121.82163,24.66797],[121.82123,24.66823]]}},{"type":"Feature","properties":{"n":"利成路二段248巷","k":5},"geometry":{"type":"LineString","coordinates":[[121.82359,24.66319],[121.82551,24.66353]]}},{"type":"Feature","properties":{"n":"新店路","k":4},"geometry":{"type":"LineString","coordinates":[[121.82391,24.66856],[121.82434,24.66894],[121.82452,24.66923],[121.82547,24.67103],[121.82596,24.67184],[121.82638,24.6727],[121.82651,24.67285],[121.82726,24.67321],[121.82819,24.67386],[121.82866,24.67398],[121.82968,24.67414]]}},{"type":"Feature","properties":{"n":"利工一路二段126巷","k":5},"geometry":{"type":"LineString","coordinates":[[121.83116,24.66477],[121.83581,24.66588]]}},{"type":"Feature","properties":{"n":"利興三路","k":5},"geometry":{"type":"LineString","coordinates":[[121.83168,24.66287],[121.83144,24.66289],[121.8291,24.66246],[121.82892,24.66235],[121.82916,24.66233],[121.83147,24.66275],[121.83157,24.66284]]}},{"type":"Feature","properties":{"n":"利工一路","k":5},"geometry":{"type":"LineString","coordinates":[[121.8314,24.66376],[121.8309,24.66579],[121.83561,24.66689]]}},{"type":"Feature","properties":{"n":"利工一路二段116巷","k":5},"geometry":{"type":"LineString","coordinates":[[121.8314,24.66376],[121.83605,24.66485]]}},{"type":"Feature","properties":{"n":"利寶路","k":4},"geometry":{"type":"LineString","coordinates":[[121.82509,24.6655],[121.82533,24.66545],[121.82642,24.66554],[121.82821,24.66592],[121.83045,24.66629],[121.83524,24.6678],[121.83572,24.66782],[121.83639,24.66754],[121.83722,24.66744],[121.83784,24.66743],[121.83842,24.66753]]}},{"type":"Feature","properties":{"n":"下福東路","k":4},"geometry":{"type":"LineString","coordinates":[[121.82315,24.66632],[121.82388,24.66647],[121.82407,24.66643],[121.82509,24.6655]]}},{"type":"Feature","properties":{"n":"五濱路二段","k":2},"geometry":{"type":"LineString","coordinates":[[121.82498,24.69092],[121.82553,24.68813],[121.8273,24.67659],[121.82741,24.67543],[121.82752,24.67045],[121.82761,24.66871]]}},{"type":"Feature","properties":{"n":"五濱路二段","k":2},"geometry":{"type":"LineString","coordinates":[[121.82075,24.70354],[121.82376,24.6964]]}},{"type":"Feature","properties":{"n":"五濱路二段","k":2},"geometry":{"type":"LineString","coordinates":[[121.82387,24.69642],[121.82086,24.70357]]}},{"type":"Feature","properties":{"n":"五濱路二段","k":2},"geometry":{"type":"LineString","coordinates":[[121.82775,24.66872],[121.82763,24.67031],[121.82754,24.67512],[121.82747,24.67618],[121.82564,24.68815],[121.82512,24.69093]]}},{"type":"Feature","properties":{"n":"五濱路二段","k":2},"geometry":{"type":"LineString","coordinates":[[121.82399,24.69585],[121.82415,24.69552],[121.8244,24.69474]]}},{"type":"Feature","properties":{"n":"五濱路二段","k":2},"geometry":{"type":"LineString","coordinates":[[121.82451,24.69475],[121.82408,24.69592]]}},{"type":"Feature","properties":{"n":"五濱路二段","k":2},"geometry":{"type":"LineString","coordinates":[[121.82487,24.69258],[121.82464,24.69406]]}},{"type":"Feature","properties":{"n":"五濱路二段","k":2},"geometry":{"type":"LineString","coordinates":[[121.82453,24.69404],[121.82475,24.69258]]}},{"type":"Feature","properties":{"n":"五濱路二段","k":2},"geometry":{"type":"LineString","coordinates":[[121.82048,24.70435],[121.82012,24.70525],[121.82007,24.70575]]}},{"type":"Feature","properties":{"n":"下福路","k":5},"geometry":{"type":"LineString","coordinates":[[121.82385,24.66422],[121.82363,24.66507]]}},{"type":"Feature","properties":{"n":"利澤南路","k":5},"geometry":{"type":"LineString","coordinates":[[121.82363,24.66507],[121.82342,24.66579],[121.82315,24.66632]]}},{"type":"Feature","properties":{"n":"親河路一段119巷1弄","k":5},"geometry":{"type":"LineString","coordinates":[[121.8216,24.6673],[121.82143,24.66776],[121.82029,24.66773]]}},{"type":"Feature","properties":{"n":"利澤路","k":4},"geometry":{"type":"LineString","coordinates":[[121.82315,24.66632],[121.8226,24.66769],[121.82243,24.66798],[121.82217,24.66822],[121.82199,24.66832]]}},{"type":"Feature","properties":{"n":"利澤東路","k":5},"geometry":{"type":"LineString","coordinates":[[121.82362,24.66642],[121.82327,24.66791]]}},{"type":"Feature","properties":{"n":"利澤東路","k":5},"geometry":{"type":"LineString","coordinates":[[121.8226,24.66769],[121.82321,24.66787],[121.82347,24.66828],[121.82391,24.66856]]}},{"type":"Feature","properties":{"n":"五股橋","k":2},"geometry":{"type":"LineString","coordinates":[[121.81843,24.6681],[121.81878,24.66811]]}},{"type":"Feature","properties":{"n":"五十二甲橋","k":5},"geometry":{"type":"LineString","coordinates":[[121.81875,24.66679],[121.81912,24.66676]]}},{"type":"Feature","properties":{"n":"五濱路一段136巷","k":5},"geometry":{"type":"LineString","coordinates":[[121.82795,24.66752],[121.82877,24.6676],[121.82884,24.66743]]}},{"type":"Feature","properties":{"n":"五濱路一段112巷","k":5},"geometry":{"type":"LineString","coordinates":[[121.82805,24.66687],[121.8289,24.66699]]}},{"type":"Feature","properties":{"n":"義成橋","k":5},"geometry":{"type":"LineString","coordinates":[[121.81966,24.67731],[121.81983,24.67712]]}},{"type":"Feature","properties":{"n":"傳藝大橋","k":3},"geometry":{"type":"LineString","coordinates":[[121.82043,24.68099],[121.82537,24.68278]]}},{"type":"Feature","properties":{"n":"傳藝大橋","k":3},"geometry":{"type":"LineString","coordinates":[[121.82531,24.68287],[121.82038,24.68103]]}},{"type":"Feature","properties":{"n":"季水路","k":4},"geometry":{"type":"LineString","coordinates":[[121.82968,24.67414],[121.83035,24.67426],[121.83181,24.67485],[121.83205,24.67553],[121.83285,24.67694],[121.83373,24.67818],[121.83412,24.67921],[121.83415,24.68006],[121.83399,24.68134],[121.83387,24.68303],[121.83359,24.68454],[121.83331,24.68569],[121.8333,24.68606],[121.83346,24.68683],[121.83345,24.687],[121.83331,24.68771],[121.83304,24.68869],[121.83306,24.68878],[121.83341,24.68916],[121.83355,24.68947],[121.83417,24.69051],[121.83418,24.69089],[121.834,24.69115]]}},{"type":"Feature","properties":{"n":"季水路北巷","k":5},"geometry":{"type":"LineString","coordinates":[[121.83203,24.67546],[121.83173,24.67589],[121.83169,24.6763],[121.83127,24.67758],[121.83131,24.67771],[121.83167,24.67789],[121.83031,24.67984],[121.83011,24.68023],[121.82997,24.68074],[121.82988,24.68084],[121.82964,24.68092],[121.82929,24.68224],[121.8288,24.68343]]}},{"type":"Feature","properties":{"n":"五濱路二段191巷","k":5},"geometry":{"type":"LineString","coordinates":[[121.82574,24.68303],[121.82322,24.68269]]}},{"type":"Feature","properties":{"n":"季水路","k":5},"geometry":{"type":"LineString","coordinates":[[121.83007,24.6742],[121.8302,24.67391],[121.83026,24.67341],[121.83044,24.67318],[121.83043,24.67266],[121.8308,24.67266],[121.83109,24.67287],[121.83141,24.67299],[121.83289,24.67287]]}},{"type":"Feature","properties":{"n":"季水路","k":5},"geometry":{"type":"LineString","coordinates":[[121.834,24.69115],[121.83491,24.69207],[121.83525,24.69233],[121.83562,24.6925],[121.83571,24.69283],[121.83561,24.69305]]}},{"type":"Feature","properties":{"n":"季水路清水一巷2弄","k":5},"geometry":{"type":"LineString","coordinates":[[121.83162,24.68162],[121.83132,24.68373]]}},{"type":"Feature","properties":{"n":"公園一路56巷35弄","k":5},"geometry":{"type":"LineString","coordinates":[[121.81983,24.67712],[121.8216,24.67902],[121.82183,24.67936],[121.82202,24.6801]]}},{"type":"Feature","properties":{"n":"協和三號橋","k":5},"geometry":{"type":"LineString","coordinates":[[121.82014,24.68385],[121.82039,24.68403]]}},{"type":"Feature","properties":{"n":"新店路","k":5},"geometry":{"type":"LineString","coordinates":[[121.82625,24.67791],[121.82718,24.67818]]}},{"type":"Feature","properties":{"n":"季水路34巷","k":5},"geometry":{"type":"LineString","coordinates":[[121.83205,24.67553],[121.83242,24.67549]]}},{"type":"Feature","properties":{"n":"季水路清水一巷1弄","k":5},"geometry":{"type":"LineString","coordinates":[[121.8325,24.68365],[121.83275,24.68182]]}},{"type":"Feature","properties":{"n":"季水路清水一巷","k":5},"geometry":{"type":"LineString","coordinates":[[121.83267,24.68248],[121.8339,24.68265]]}},{"type":"Feature","properties":{"n":"國民南路","k":4},"geometry":{"type":"LineString","coordinates":[[121.79343,24.6851],[121.79329,24.68603],[121.79338,24.68835]]}},{"type":"Feature","properties":{"n":"新生路","k":5},"geometry":{"type":"LineString","coordinates":[[121.79754,24.68676],[121.79724,24.68637],[121.79685,24.6847]]}},{"type":"Feature","properties":{"n":"新生路","k":5},"geometry":{"type":"LineString","coordinates":[[121.84871,24.59661],[121.85085,24.59674],[121.85083,24.5971]]}},{"type":"Feature","properties":{"n":"新興路","k":5},"geometry":{"type":"LineString","coordinates":[[121.79577,24.68765],[121.79513,24.68438]]}},{"type":"Feature","properties":{"n":"新興路","k":5},"geometry":{"type":"LineString","coordinates":[[121.75216,24.76314],[121.75703,24.76162],[121.75849,24.75906],[121.75884,24.75812]]}},{"type":"Feature","properties":{"n":"新興路","k":5},"geometry":{"type":"LineString","coordinates":[[121.82037,24.857],[121.81966,24.85592],[121.8194,24.85401],[121.81896,24.85317]]}},{"type":"Feature","properties":{"n":"五結北路","k":5},"geometry":{"type":"LineString","coordinates":[[121.79785,24.6859],[121.79543,24.68592]]}},{"type":"Feature","properties":{"n":"新生街59巷","k":5},"geometry":{"type":"LineString","coordinates":[[121.79724,24.68637],[121.79708,24.68654],[121.79635,24.68669],[121.79601,24.6867]]}},{"type":"Feature","properties":{"n":"五結中路二段117巷32弄","k":5},"geometry":{"type":"LineString","coordinates":[[121.79739,24.68853],[121.79699,24.68837],[121.79693,24.68825],[121.79708,24.68789],[121.79675,24.68778]]}},{"type":"Feature","properties":{"n":"五結橋","k":4},"geometry":{"type":"LineString","coordinates":[[121.79782,24.68704],[121.79784,24.68676]]}},{"type":"Feature","properties":{"n":"國民橋","k":4},"geometry":{"type":"LineString","coordinates":[[121.79504,24.68787],[121.79478,24.68795]]}},{"type":"Feature","properties":{"n":"五結路二段","k":3},"geometry":{"type":"LineString","coordinates":[[121.79513,24.68438],[121.79891,24.68506],[121.8012,24.68641],[121.80312,24.68777],[121.80505,24.68927],[121.80579,24.68991],[121.80698,24.69146],[121.80796,24.69353],[121.80811,24.69366],[121.80899,24.69428],[121.80928,24.69443],[121.80974,24.69451],[121.81051,24.69448],[121.81077,24.69442]]}},{"type":"Feature","properties":{"n":"國民中路","k":4},"geometry":{"type":"LineString","coordinates":[[121.79338,24.68835],[121.79343,24.69001],[121.79351,24.69098],[121.79369,24.6968],[121.79376,24.69805],[121.79388,24.6982]]}},{"type":"Feature","properties":{"n":"五結路二段266巷","k":5},"geometry":{"type":"LineString","coordinates":[[121.80312,24.68777],[121.80279,24.68808],[121.80063,24.68883]]}},{"type":"Feature","properties":{"n":"五結路二段317巷","k":5},"geometry":{"type":"LineString","coordinates":[[121.8005,24.68427],[121.79964,24.68547]]}},{"type":"Feature","properties":{"n":"協同街","k":5},"geometry":{"type":"LineString","coordinates":[[121.80101,24.68629],[121.80067,24.68679],[121.80033,24.68662]]}},{"type":"Feature","properties":{"n":"五結路二段266巷12弄","k":5},"geometry":{"type":"LineString","coordinates":[[121.80274,24.68899],[121.80242,24.68823]]}},{"type":"Feature","properties":{"n":"五結路二段219巷","k":5},"geometry":{"type":"LineString","coordinates":[[121.80312,24.68777],[121.80355,24.68759],[121.80363,24.68749],[121.80338,24.68655],[121.80302,24.68456]]}},{"type":"Feature","properties":{"n":"公園路311巷","k":5},"geometry":{"type":"LineString","coordinates":[[121.79989,24.68512],[121.80115,24.68583]]}},{"type":"Feature","properties":{"n":"大吉二路","k":5},"geometry":{"type":"LineString","coordinates":[[121.79677,24.69012],[121.80039,24.69127],[121.8011,24.69104],[121.80135,24.69119],[121.80148,24.69141],[121.80176,24.69234],[121.80165,24.69281],[121.80186,24.69374],[121.80194,24.69464],[121.80235,24.6962],[121.8025,24.69744],[121.80274,24.6987],[121.80274,24.70024]]}},{"type":"Feature","properties":{"n":"大吉二路","k":5},"geometry":{"type":"LineString","coordinates":[[121.80427,24.6988],[121.80273,24.69898]]}},{"type":"Feature","properties":{"n":"大吉一路","k":5},"geometry":{"type":"LineString","coordinates":[[121.80166,24.69103],[121.80264,24.69069],[121.80211,24.69034],[121.80145,24.69012],[121.80048,24.68921],[121.8003,24.68884],[121.79808,24.68813],[121.79773,24.68819],[121.79757,24.68803]]}},{"type":"Feature","properties":{"n":"大吉一路","k":5},"geometry":{"type":"LineString","coordinates":[[121.80245,24.69076],[121.80293,24.69467],[121.80337,24.69697],[121.80396,24.70101]]}},{"type":"Feature","properties":{"n":"大吉一路","k":5},"geometry":{"type":"LineString","coordinates":[[121.80556,24.70211],[121.80588,24.70228],[121.80603,24.70287],[121.80649,24.7041],[121.80688,24.70483],[121.80678,24.70531],[121.80823,24.70965]]}},{"type":"Feature","properties":{"n":"孝威三路","k":5},"geometry":{"type":"LineString","coordinates":[[121.8058,24.69849],[121.80537,24.6969],[121.80438,24.69183],[121.80362,24.68997],[121.80335,24.68913]]}},{"type":"Feature","properties":{"n":"孝威二路","k":5},"geometry":{"type":"LineString","coordinates":[[121.80482,24.69411],[121.8059,24.69393],[121.80596,24.69398],[121.80641,24.6964],[121.80654,24.69654],[121.80651,24.69685],[121.80751,24.70204]]}},{"type":"Feature","properties":{"n":"大吉三路211巷","k":5},"geometry":{"type":"LineString","coordinates":[[121.79717,24.69443],[121.79987,24.69434]]}},{"type":"Feature","properties":{"n":"大吉二路59巷","k":5},"geometry":{"type":"LineString","coordinates":[[121.79805,24.69185],[121.7985,24.69065]]}},{"type":"Feature","properties":{"n":"大吉五路","k":4},"geometry":{"type":"LineString","coordinates":[[121.79726,24.69553],[121.79979,24.69606],[121.80029,24.69772],[121.80066,24.69881],[121.80092,24.69942],[121.80093,24.69979],[121.80087,24.70025],[121.8009,24.70064],[121.80113,24.70151],[121.80153,24.70231],[121.8015,24.70243],[121.80135,24.70257],[121.80146,24.70398],[121.80151,24.70546],[121.80214,24.70793]]}},{"type":"Feature","properties":{"n":"大吉五路","k":4},"geometry":{"type":"LineString","coordinates":[[121.80217,24.70806],[121.80268,24.71016]]}},{"type":"Feature","properties":{"n":"大吉五路61巷","k":5},"geometry":{"type":"LineString","coordinates":[[121.79995,24.69659],[121.79813,24.69666],[121.79783,24.69681],[121.79752,24.69676],[121.79741,24.69668],[121.7959,24.6967]]}},{"type":"Feature","properties":{"n":"五結中路二段423巷","k":5},"geometry":{"type":"LineString","coordinates":[[121.79364,24.69547],[121.7968,24.696]]}},{"type":"Feature","properties":{"n":"五結中路二段423巷6弄","k":5},"geometry":{"type":"LineString","coordinates":[[121.79476,24.69658],[121.79508,24.69658],[121.79583,24.69597],[121.79587,24.69587]]}},{"type":"Feature","properties":{"n":"五結中路二段389巷","k":5},"geometry":{"type":"LineString","coordinates":[[121.79619,24.69532],[121.79666,24.69538]]}},{"type":"Feature","properties":{"n":"五結中路二段389巷","k":5},"geometry":{"type":"LineString","coordinates":[[121.7962,24.69502],[121.79724,24.69514]]}},{"type":"Feature","properties":{"n":"五結中路二段375巷","k":5},"geometry":{"type":"LineString","coordinates":[[121.7961,24.69462],[121.7972,24.6948]]}},{"type":"Feature","properties":{"n":"五結中路二段361巷","k":5},"geometry":{"type":"LineString","coordinates":[[121.79602,24.69426],[121.79717,24.69443]]}},{"type":"Feature","properties":{"n":"五結中路二段323巷","k":5},"geometry":{"type":"LineString","coordinates":[[121.7961,24.69462],[121.79573,24.69469],[121.79544,24.69335],[121.79708,24.69337]]}},{"type":"Feature","properties":{"n":"五結中路二段423巷11弄","k":5},"geometry":{"type":"LineString","coordinates":[[121.79587,24.69587],[121.79619,24.69532],[121.7962,24.69502],[121.7961,24.69462]]}},{"type":"Feature","properties":{"n":"五結中路二段423巷8弄","k":5},"geometry":{"type":"LineString","coordinates":[[121.79514,24.69612],[121.79541,24.69591],[121.79546,24.6958]]}},{"type":"Feature","properties":{"n":"五結中路二段323巷60弄","k":5},"geometry":{"type":"LineString","coordinates":[[121.7961,24.69462],[121.796,24.69418],[121.79613,24.69413],[121.79605,24.69373],[121.79597,24.69349],[121.79584,24.69344]]}},{"type":"Feature","properties":{"n":"五結中路二段323巷60弄","k":5},"geometry":{"type":"LineString","coordinates":[[121.79591,24.69382],[121.79582,24.69332]]}},{"type":"Feature","properties":{"n":"五結中路二段343巷","k":5},"geometry":{"type":"LineString","coordinates":[[121.79605,24.69373],[121.79713,24.69386]]}},{"type":"Feature","properties":{"n":"五結中路二段323巷17弄","k":5},"geometry":{"type":"LineString","coordinates":[[121.79636,24.69335],[121.79638,24.69295],[121.79558,24.6929]]}},{"type":"Feature","properties":{"n":"五結中路二段368巷1弄","k":5},"geometry":{"type":"LineString","coordinates":[[121.79763,24.6936],[121.79741,24.69321],[121.79744,24.69298]]}},{"type":"Feature","properties":{"n":"五結中路二段368巷7弄","k":5},"geometry":{"type":"LineString","coordinates":[[121.79813,24.69341],[121.79796,24.69342],[121.7976,24.69287]]}},{"type":"Feature","properties":{"n":"五結中路二段467巷","k":5},"geometry":{"type":"LineString","coordinates":[[121.7959,24.6967],[121.79369,24.6968]]}},{"type":"Feature","properties":{"n":"五結中路二段368巷17弄","k":5},"geometry":{"type":"LineString","coordinates":[[121.79795,24.69276],[121.79827,24.69326],[121.79813,24.69341]]}},{"type":"Feature","properties":{"n":"五結中路二段368巷","k":5},"geometry":{"type":"LineString","coordinates":[[121.79703,24.69301],[121.79744,24.69298],[121.79795,24.69276]]}},{"type":"Feature","properties":{"n":"大吉三路","k":5},"geometry":{"type":"LineString","coordinates":[[121.79979,24.69606],[121.79985,24.69594],[121.80218,24.69569]]}},{"type":"Feature","properties":{"n":"大吉三路","k":5},"geometry":{"type":"LineString","coordinates":[[121.79985,24.69594],[121.79977,24.6955],[121.79993,24.6948],[121.79987,24.69434],[121.79958,24.69367],[121.79945,24.69232],[121.79967,24.69181],[121.79996,24.69143],[121.80039,24.69127]]}},{"type":"Feature","properties":{"n":"大吉三路211巷35弄","k":5},"geometry":{"type":"LineString","coordinates":[[121.79899,24.69438],[121.79896,24.69339]]}},{"type":"Feature","properties":{"n":"大吉三路256巷","k":5},"geometry":{"type":"LineString","coordinates":[[121.79978,24.6956],[121.80005,24.69558]]}},{"type":"Feature","properties":{"n":"大吉三路208巷","k":5},"geometry":{"type":"LineString","coordinates":[[121.8007,24.69393],[121.79975,24.69402]]}},{"type":"Feature","properties":{"n":"大吉三路218巷","k":5},"geometry":{"type":"LineString","coordinates":[[121.80143,24.69493],[121.79986,24.69508]]}},{"type":"Feature","properties":{"n":"大吉三路216巷","k":5},"geometry":{"type":"LineString","coordinates":[[121.79993,24.6948],[121.80141,24.69463]]}},{"type":"Feature","properties":{"n":"大吉三路212巷","k":5},"geometry":{"type":"LineString","coordinates":[[121.7999,24.69453],[121.80127,24.69436]]}},{"type":"Feature","properties":{"n":"大吉三路210巷","k":5},"geometry":{"type":"LineString","coordinates":[[121.79983,24.69426],[121.80072,24.69418]]}},{"type":"Feature","properties":{"n":"大吉三路168巷","k":5},"geometry":{"type":"LineString","coordinates":[[121.80072,24.69299],[121.7995,24.69306]]}},{"type":"Feature","properties":{"n":"大吉二路237巷","k":5},"geometry":{"type":"LineString","coordinates":[[121.80078,24.6935],[121.80177,24.6934]]}},{"type":"Feature","properties":{"n":"大吉二路235巷","k":5},"geometry":{"type":"LineString","coordinates":[[121.80074,24.69314],[121.80169,24.69304]]}},{"type":"Feature","properties":{"n":"大吉三路168巷41弄","k":5},"geometry":{"type":"LineString","coordinates":[[121.80076,24.69335],[121.80025,24.69339]]}},{"type":"Feature","properties":{"n":"大吉一路163巷","k":5},"geometry":{"type":"LineString","coordinates":[[121.80179,24.69346],[121.80278,24.69341]]}},{"type":"Feature","properties":{"n":"大吉二路350巷","k":5},"geometry":{"type":"LineString","coordinates":[[121.80235,24.6962],[121.8027,24.69633],[121.80274,24.69666]]}},{"type":"Feature","properties":{"n":"大吉二路355巷","k":5},"geometry":{"type":"LineString","coordinates":[[121.80236,24.69636],[121.80167,24.69642],[121.80168,24.69659],[121.8015,24.69662],[121.80152,24.69683]]}},{"type":"Feature","properties":{"n":"大吉三路302巷","k":5},"geometry":{"type":"LineString","coordinates":[[121.8009,24.69585],[121.80084,24.69525]]}},{"type":"Feature","properties":{"n":"大吉三路302巷2弄","k":5},"geometry":{"type":"LineString","coordinates":[[121.80031,24.69559],[121.80087,24.69553]]}},{"type":"Feature","properties":{"n":"大吉二路365巷","k":5},"geometry":{"type":"LineString","coordinates":[[121.80152,24.69683],[121.80241,24.69675]]}},{"type":"Feature","properties":{"n":"大吉二路251巷","k":5},"geometry":{"type":"LineString","coordinates":[[121.80186,24.69374],[121.80082,24.69382]]}},{"type":"Feature","properties":{"n":"大吉三路198巷","k":5},"geometry":{"type":"LineString","coordinates":[[121.80079,24.69361],[121.79961,24.69373]]}},{"type":"Feature","properties":{"n":"大吉三路302巷3弄","k":5},"geometry":{"type":"LineString","coordinates":[[121.80084,24.69525],[121.80145,24.69519]]}},{"type":"Feature","properties":{"n":"大吉三路302巷1弄","k":5},"geometry":{"type":"LineString","coordinates":[[121.80087,24.69553],[121.80149,24.69547]]}},{"type":"Feature","properties":{"n":"大吉三路302巷6弄","k":5},"geometry":{"type":"LineString","coordinates":[[121.8003,24.69531],[121.80084,24.69525]]}},{"type":"Feature","properties":{"n":"五結路二段123巷7弄","k":5},"geometry":{"type":"LineString","coordinates":[[121.80699,24.68979],[121.80643,24.68991]]}},{"type":"Feature","properties":{"n":"五結路一段469巷","k":5},"geometry":{"type":"LineString","coordinates":[[121.81586,24.69269],[121.81566,24.69216],[121.81564,24.69174],[121.81539,24.69109],[121.8154,24.6891],[121.81479,24.68661]]}},{"type":"Feature","properties":{"n":"五結路一段537巷","k":5},"geometry":{"type":"LineString","coordinates":[[121.81275,24.68994],[121.81293,24.69066],[121.81291,24.69104],[121.81315,24.69146],[121.81369,24.6934]]}},{"type":"Feature","properties":{"n":"五結路二段105巷","k":5},"geometry":{"type":"LineString","coordinates":[[121.80684,24.69126],[121.80989,24.69058]]}},{"type":"Feature","properties":{"n":"孝威一路","k":5},"geometry":{"type":"LineString","coordinates":[[121.80796,24.69353],[121.80797,24.69376],[121.80882,24.69607],[121.80909,24.69782],[121.80987,24.70183]]}},{"type":"Feature","properties":{"n":"孝錦路","k":5},"geometry":{"type":"LineString","coordinates":[[121.81516,24.70263],[121.81365,24.69497]]}},{"type":"Feature","properties":{"n":"大眾三路","k":5},"geometry":{"type":"LineString","coordinates":[[121.81407,24.69697],[121.82358,24.69636],[121.82376,24.6964]]}},{"type":"Feature","properties":{"n":"大眾三路","k":5},"geometry":{"type":"LineString","coordinates":[[121.83068,24.6959],[121.82825,24.69616],[121.82784,24.69608],[121.82462,24.69629]]}},{"type":"Feature","properties":{"n":"大眾一路","k":5},"geometry":{"type":"LineString","coordinates":[[121.82229,24.69445],[121.81736,24.69477],[121.81697,24.6946],[121.81663,24.69464],[121.81653,24.69548]]}},{"type":"Feature","properties":{"n":"大眾一路","k":5},"geometry":{"type":"LineString","coordinates":[[121.83073,24.69327],[121.83079,24.6938],[121.83075,24.6939],[121.82264,24.69443]]}},{"type":"Feature","properties":{"n":"大眾二路","k":5},"geometry":{"type":"LineString","coordinates":[[121.81918,24.69664],[121.81785,24.69593],[121.81613,24.69534],[121.81503,24.69508],[121.81365,24.69497]]}},{"type":"Feature","properties":{"n":"五結路一段419巷","k":5},"geometry":{"type":"LineString","coordinates":[[121.81666,24.68811],[121.81777,24.69242]]}},{"type":"Feature","properties":{"n":"五結路二段123巷","k":5},"geometry":{"type":"LineString","coordinates":[[121.8065,24.6908],[121.80654,24.69067],[121.8064,24.6898],[121.80651,24.68947],[121.80602,24.68763]]}},{"type":"Feature","properties":{"n":"五結路二段117巷","k":5},"geometry":{"type":"LineString","coordinates":[[121.80717,24.69068],[121.8065,24.6908]]}},{"type":"Feature","properties":{"n":"孝威路296巷","k":5},"geometry":{"type":"LineString","coordinates":[[121.8109,24.69508],[121.81249,24.695],[121.81266,24.69493],[121.81365,24.69497]]}},{"type":"Feature","properties":{"n":"孝威路341巷","k":5},"geometry":{"type":"LineString","coordinates":[[121.81136,24.69689],[121.80985,24.69748]]}},{"type":"Feature","properties":{"n":"五結路一段","k":3},"geometry":{"type":"LineString","coordinates":[[121.81077,24.69442],[121.81112,24.69435],[121.815,24.69292],[121.81552,24.69277],[121.81949,24.69218],[121.82003,24.69219]]}},{"type":"Feature","properties":{"n":"五結路一段","k":3},"geometry":{"type":"LineString","coordinates":[[121.82487,24.69258],[121.82648,24.6925],[121.83103,24.69213],[121.83149,24.69222],[121.83219,24.69271],[121.83241,24.6927]]}},{"type":"Feature","properties":{"n":"五結路一段","k":3},"geometry":{"type":"LineString","coordinates":[[121.8206,24.69224],[121.82148,24.69237],[121.82348,24.6924],[121.8242,24.69254],[121.82475,24.69258]]}},{"type":"Feature","properties":{"n":"孝威路348巷","k":5},"geometry":{"type":"LineString","coordinates":[[121.81407,24.69697],[121.81147,24.69747]]}},{"type":"Feature","properties":{"n":"孝威一路13巷","k":5},"geometry":{"type":"LineString","coordinates":[[121.8082,24.69437],[121.80611,24.69476]]}},{"type":"Feature","properties":{"n":"三吉一路123巷15弄","k":5},"geometry":{"type":"LineString","coordinates":[[121.79292,24.7036],[121.79287,24.70193]]}},{"type":"Feature","properties":{"n":"孝吉橋","k":5},"geometry":{"type":"LineString","coordinates":[[121.80477,24.6987],[121.80427,24.6988]]}},{"type":"Feature","properties":{"n":"大吉二路395巷","k":5},"geometry":{"type":"LineString","coordinates":[[121.80255,24.69769],[121.80193,24.69773]]}},{"type":"Feature","properties":{"n":"大吉五路62巷","k":5},"geometry":{"type":"LineString","coordinates":[[121.80023,24.69754],[121.80138,24.69741]]}},{"type":"Feature","properties":{"n":"三吉一路","k":4},"geometry":{"type":"LineString","coordinates":[[121.79377,24.69828],[121.7941,24.70809]]}},{"type":"Feature","properties":{"n":"三吉一路","k":4},"geometry":{"type":"LineString","coordinates":[[121.7945,24.70808],[121.79438,24.70876],[121.79374,24.70983]]}},{"type":"Feature","properties":{"n":"大吉五路309巷","k":5},"geometry":{"type":"LineString","coordinates":[[121.8021,24.70777],[121.80175,24.70786],[121.8014,24.70806],[121.80075,24.70788],[121.7945,24.70808]]}},{"type":"Feature","properties":{"n":"大吉五路115巷","k":5},"geometry":{"type":"LineString","coordinates":[[121.80066,24.69881],[121.80036,24.69888],[121.79596,24.69901],[121.79553,24.69896],[121.79546,24.69902],[121.79273,24.69907]]}},{"type":"Feature","properties":{"n":"大吉五路270巷","k":5},"geometry":{"type":"LineString","coordinates":[[121.80556,24.70211],[121.80531,24.70181],[121.80504,24.70105],[121.80494,24.701],[121.80201,24.70107],[121.80153,24.70133],[121.80122,24.70166]]}},{"type":"Feature","properties":{"n":"大吉東路","k":5},"geometry":{"type":"LineString","coordinates":[[121.80987,24.69763],[121.80477,24.6987]]}},{"type":"Feature","properties":{"n":"三吉一路230巷","k":5},"geometry":{"type":"LineString","coordinates":[[121.79924,24.70794],[121.79922,24.70839],[121.7977,24.70852],[121.79624,24.70881],[121.79438,24.70876]]}},{"type":"Feature","properties":{"n":"大吉五路235巷","k":5},"geometry":{"type":"LineString","coordinates":[[121.79404,24.7058],[121.79636,24.70629],[121.79706,24.70631],[121.80152,24.70552]]}},{"type":"Feature","properties":{"n":"三吉中路","k":4},"geometry":{"type":"LineString","coordinates":[[121.79464,24.71098],[121.79458,24.71053],[121.79411,24.71015]]}},{"type":"Feature","properties":{"n":"三吉中路","k":4},"geometry":{"type":"LineString","coordinates":[[121.79402,24.71008],[121.79374,24.70983]]}},{"type":"Feature","properties":{"n":"大吉一路381巷","k":5},"geometry":{"type":"LineString","coordinates":[[121.80394,24.70421],[121.80639,24.70382]]}},{"type":"Feature","properties":{"n":"大吉一路435巷","k":5},"geometry":{"type":"LineString","coordinates":[[121.80241,24.70905],[121.80722,24.7066]]}},{"type":"Feature","properties":{"n":"大吉一路407巷","k":5},"geometry":{"type":"LineString","coordinates":[[121.80685,24.70548],[121.80285,24.70748],[121.80221,24.7082]]}},{"type":"Feature","properties":{"n":"大吉五路121巷","k":5},"geometry":{"type":"LineString","coordinates":[[121.80075,24.69903],[121.79866,24.70014],[121.79838,24.70093],[121.79841,24.70117]]}},{"type":"Feature","properties":{"n":"大吉一路325巷","k":5},"geometry":{"type":"LineString","coordinates":[[121.80533,24.70184],[121.80396,24.7024],[121.80381,24.70264],[121.80284,24.70306],[121.80143,24.70378]]}},{"type":"Feature","properties":{"n":"大吉五路157巷","k":5},"geometry":{"type":"LineString","coordinates":[[121.80102,24.70111],[121.79799,24.70119],[121.79757,24.70138],[121.79714,24.70138],[121.79663,24.70121],[121.79387,24.7013]]}},{"type":"Feature","properties":{"n":"大吉五路376巷","k":5},"geometry":{"type":"LineString","coordinates":[[121.80394,24.70421],[121.80383,24.70383],[121.80369,24.70385],[121.80337,24.70419],[121.80334,24.70437],[121.80326,24.70444],[121.80151,24.70546]]}},{"type":"Feature","properties":{"n":"大吉五路181巷","k":5},"geometry":{"type":"LineString","coordinates":[[121.80135,24.70257],[121.80087,24.70292],[121.80043,24.70289],[121.8004,24.70337],[121.79395,24.70356]]}},{"type":"Feature","properties":{"n":"大吉五路396巷","k":5},"geometry":{"type":"LineString","coordinates":[[121.80172,24.70622],[121.80222,24.70619],[121.80247,24.70625]]}},{"type":"Feature","properties":{"n":"大吉五路436巷","k":5},"geometry":{"type":"LineString","coordinates":[[121.80199,24.7073],[121.80232,24.70722],[121.80266,24.70697],[121.80273,24.70677],[121.80304,24.7066],[121.80306,24.7063],[121.80319,24.70627],[121.80344,24.70607],[121.80347,24.70582],[121.80369,24.70555],[121.80367,24.70507],[121.80382,24.70501],[121.80394,24.70421]]}},{"type":"Feature","properties":{"n":"孝威路359巷","k":5},"geometry":{"type":"LineString","coordinates":[[121.81022,24.69829],[121.81155,24.69806]]}},{"type":"Feature","properties":{"n":"錦孝橋","k":4},"geometry":{"type":"LineString","coordinates":[[121.81234,24.70224],[121.81228,24.70267]]}},{"type":"Feature","properties":{"n":"孝威路422巷","k":5},"geometry":{"type":"LineString","coordinates":[[121.81213,24.70108],[121.81483,24.70091]]}},{"type":"Feature","properties":{"n":"大眾六路460巷","k":5},"geometry":{"type":"LineString","coordinates":[[121.81677,24.7008],[121.81685,24.70109],[121.81706,24.7014],[121.81743,24.70134],[121.8176,24.70125],[121.81826,24.70118]]}},{"type":"Feature","properties":{"n":"大眾六路410巷","k":5},"geometry":{"type":"LineString","coordinates":[[121.81826,24.70118],[121.81823,24.70069]]}},{"type":"Feature","properties":{"n":"錦草五路","k":4},"geometry":{"type":"LineString","coordinates":[[121.81418,24.70705],[121.81559,24.70721],[121.81731,24.70719],[121.81808,24.70706],[121.81985,24.70701],[121.82047,24.70718],[121.82065,24.70718],[121.82199,24.70694],[121.82248,24.70668],[121.82368,24.70623],[121.82523,24.70576],[121.82578,24.70549],[121.82588,24.70554],[121.8262,24.70625]]}},{"type":"Feature","properties":{"n":"錦草三路","k":5},"geometry":{"type":"LineString","coordinates":[[121.81366,24.7061],[121.81932,24.7046],[121.82048,24.70435]]}},{"type":"Feature","properties":{"n":"錦草三路","k":5},"geometry":{"type":"LineString","coordinates":[[121.8076,24.70768],[121.81117,24.7067],[121.81151,24.70677],[121.8118,24.70673],[121.81237,24.70642],[121.81364,24.70607]]}},{"type":"Feature","properties":{"n":"錦草一路","k":5},"geometry":{"type":"LineString","coordinates":[[121.80695,24.70573],[121.81558,24.70341],[121.81759,24.70715]]}},{"type":"Feature","properties":{"n":"錦草五路300巷","k":5},"geometry":{"type":"LineString","coordinates":[[121.81854,24.70892],[121.81764,24.70733]]}},{"type":"Feature","properties":{"n":"大眾五路","k":5},"geometry":{"type":"LineString","coordinates":[[121.82302,24.69843],[121.8228,24.69839],[121.81445,24.69894]]}},{"type":"Feature","properties":{"n":"大眾六路","k":5},"geometry":{"type":"LineString","coordinates":[[121.81483,24.70091],[121.82766,24.70009]]}},{"type":"Feature","properties":{"n":"大眾六路","k":5},"geometry":{"type":"LineString","coordinates":[[121.82829,24.70005],[121.83118,24.69989]]}},{"type":"Feature","properties":{"n":"錦草二路","k":5},"geometry":{"type":"LineString","coordinates":[[121.81323,24.70534],[121.81235,24.70574],[121.81175,24.70586],[121.81165,24.70594],[121.81177,24.70616],[121.81079,24.70662]]}},{"type":"Feature","properties":{"n":"錦草二路","k":5},"geometry":{"type":"LineString","coordinates":[[121.80722,24.7066],[121.808,24.70622],[121.80825,24.70617],[121.80909,24.70631],[121.80928,24.70627],[121.81117,24.7067]]}},{"type":"Feature","properties":{"n":"孝威路391巷","k":5},"geometry":{"type":"LineString","coordinates":[[121.81181,24.69937],[121.80715,24.70013]]}},{"type":"Feature","properties":{"n":"錦草中路1巷","k":5},"geometry":{"type":"LineString","coordinates":[[121.80628,24.70352],[121.81155,24.70252],[121.81228,24.70267]]}},{"type":"Feature","properties":{"n":"錦草中路195巷","k":5},"geometry":{"type":"LineString","coordinates":[[121.81462,24.7079],[121.81108,24.70886]]}},{"type":"Feature","properties":{"n":"錦草中路","k":4},"geometry":{"type":"LineString","coordinates":[[121.81228,24.70267],[121.81219,24.70322],[121.81225,24.70351],[121.81418,24.70705]]}},{"type":"Feature","properties":{"n":"錦草中路","k":5},"geometry":{"type":"LineString","coordinates":[[121.81418,24.70705],[121.81524,24.70915]]}},{"type":"Feature","properties":{"n":"加禮遠橋","k":2},"geometry":{"type":"LineString","coordinates":[[121.82475,24.69258],[121.82498,24.69092]]}},{"type":"Feature","properties":{"n":"加禮遠橋","k":2},"geometry":{"type":"LineString","coordinates":[[121.82512,24.69093],[121.82487,24.69258]]}},{"type":"Feature","properties":{"n":"大眾三路360巷","k":5},"geometry":{"type":"LineString","coordinates":[[121.82058,24.70055],[121.82027,24.69656]]}},{"type":"Feature","properties":{"n":"錦眾橋","k":5},"geometry":{"type":"LineString","coordinates":[[121.82462,24.69629],[121.82409,24.69647]]}},{"type":"Feature","properties":{"n":"錦眾二號橋","k":2},"geometry":{"type":"LineString","coordinates":[[121.82376,24.6964],[121.82399,24.69585]]}},{"type":"Feature","properties":{"n":"錦眾二號橋","k":2},"geometry":{"type":"LineString","coordinates":[[121.82408,24.69592],[121.82387,24.69642]]}},{"type":"Feature","properties":{"n":"錦眾三號橋","k":2},"geometry":{"type":"LineString","coordinates":[[121.82464,24.69406],[121.82451,24.69475]]}},{"type":"Feature","properties":{"n":"錦眾三號橋","k":2},"geometry":{"type":"LineString","coordinates":[[121.8244,24.69474],[121.82453,24.69404]]}},{"type":"Feature","properties":{"n":"五結路一段376巷","k":5},"geometry":{"type":"LineString","coordinates":[[121.81989,24.69218],[121.82012,24.69459]]}},{"type":"Feature","properties":{"n":"大眾橋","k":3},"geometry":{"type":"LineString","coordinates":[[121.82003,24.69219],[121.8206,24.69224]]}},{"type":"Feature","properties":{"n":"大眾一路422巷","k":5},"geometry":{"type":"LineString","coordinates":[[121.82012,24.69459],[121.82027,24.69656]]}},{"type":"Feature","properties":{"n":"大眾一路215巷","k":5},"geometry":{"type":"LineString","coordinates":[[121.82665,24.69416],[121.82648,24.6925]]}},{"type":"Feature","properties":{"n":"溪濱路一段","k":4},"geometry":{"type":"LineString","coordinates":[[121.83241,24.6927],[121.83299,24.69322],[121.83308,24.69341],[121.83311,24.69437],[121.83298,24.69519],[121.8327,24.69612],[121.83151,24.69929],[121.83124,24.6998],[121.82974,24.70193],[121.8294,24.70254],[121.82941,24.70301],[121.82948,24.70339]]}},{"type":"Feature","properties":{"n":"溪濱路一段","k":4},"geometry":{"type":"LineString","coordinates":[[121.82958,24.70395],[121.82958,24.70413],[121.82947,24.70435],[121.82876,24.70488],[121.82666,24.70608],[121.8262,24.70625],[121.82467,24.70707],[121.82374,24.70748],[121.82198,24.70816],[121.82073,24.7085]]}},{"type":"Feature","properties":{"n":"大閘門一號橋","k":4},"geometry":{"type":"LineString","coordinates":[[121.834,24.69115],[121.83247,24.69261]]}},{"type":"Feature","properties":{"n":"東西四路橋","k":5},"geometry":{"type":"LineString","coordinates":[[121.82766,24.70009],[121.82824,24.70005]]}},{"type":"Feature","properties":{"n":"噶瑪蘭橋","k":2},"geometry":{"type":"LineString","coordinates":[[121.82014,24.70849],[121.82066,24.7201],[121.8209,24.72373]]}},{"type":"Feature","properties":{"n":"錦眾一號橋","k":2},"geometry":{"type":"LineString","coordinates":[[121.82086,24.70357],[121.82058,24.70423]]}},{"type":"Feature","properties":{"n":"錦眾一號橋","k":2},"geometry":{"type":"LineString","coordinates":[[121.82047,24.70419],[121.82075,24.70354]]}},{"type":"Feature","properties":{"n":"大錦閘橋","k":4},"geometry":{"type":"LineString","coordinates":[[121.82948,24.70339],[121.82958,24.70395]]}},{"type":"Feature","properties":{"n":"溪濱路一段99巷","k":5},"geometry":{"type":"LineString","coordinates":[[121.82447,24.70226],[121.82974,24.70193]]}},{"type":"Feature","properties":{"n":"錦草橋","k":2},"geometry":{"type":"LineString","coordinates":[[121.82007,24.70575],[121.82014,24.70849]]}},{"type":"Feature","properties":{"n":"錦草東路28巷","k":5},"geometry":{"type":"LineString","coordinates":[[121.82394,24.70615],[121.82371,24.7045],[121.82075,24.70527]]}},{"type":"Feature","properties":{"n":"錦草東路","k":5},"geometry":{"type":"LineString","coordinates":[[121.82131,24.70707],[121.82054,24.70463],[121.82042,24.7045]]}},{"type":"Feature","properties":{"n":"浮洲路","k":4},"geometry":{"type":"LineString","coordinates":[[121.74095,24.72489],[121.74075,24.72458],[121.74072,24.72436],[121.74096,24.7232],[121.7421,24.72236],[121.74266,24.72182],[121.74275,24.72158],[121.74283,24.72101]]}},{"type":"Feature","properties":{"n":"浮洲路","k":4},"geometry":{"type":"LineString","coordinates":[[121.74285,24.72082],[121.74303,24.71895],[121.7432,24.71854],[121.74325,24.7181]]}},{"type":"Feature","properties":{"n":"浮洲路","k":4},"geometry":{"type":"LineString","coordinates":[[121.7412,24.72519],[121.74115,24.72512]]}},{"type":"Feature","properties":{"n":"浮洲路41巷","k":5},"geometry":{"type":"LineString","coordinates":[[121.73987,24.71832],[121.74288,24.72043]]}},{"type":"Feature","properties":{"n":"浮洲路85巷","k":5},"geometry":{"type":"LineString","coordinates":[[121.74006,24.72089],[121.7421,24.72236]]}},{"type":"Feature","properties":{"n":"河濱北路","k":5},"geometry":{"type":"LineString","coordinates":[[121.76212,24.76405],[121.77298,24.76218],[121.77732,24.76104],[121.77998,24.75967],[121.78024,24.75948],[121.78624,24.75448]]}},{"type":"Feature","properties":{"n":"建蘭南路","k":4},"geometry":{"type":"LineString","coordinates":[[121.75528,24.72458],[121.76154,24.72316],[121.7621,24.72313],[121.76466,24.7236],[121.76484,24.72369],[121.76514,24.72394],[121.76651,24.7254],[121.76663,24.72549],[121.76769,24.72591]]}},{"type":"Feature","properties":{"n":"凱旋路","k":5},"geometry":{"type":"LineString","coordinates":[[121.76227,24.72702],[121.76269,24.7255],[121.7628,24.72438],[121.76293,24.72386],[121.76378,24.7186]]}},{"type":"Feature","properties":{"n":"凱旋路","k":5},"geometry":{"type":"LineString","coordinates":[[121.76166,24.72833],[121.76166,24.72825],[121.76192,24.72789],[121.76227,24.72702]]}},{"type":"Feature","properties":{"n":"凱旋路","k":5},"geometry":{"type":"LineString","coordinates":[[121.76227,24.72702],[121.762,24.72793],[121.76166,24.72833]]}},{"type":"Feature","properties":{"n":"凱旋路","k":5},"geometry":{"type":"LineString","coordinates":[[121.75783,24.73918],[121.76004,24.73317]]}},{"type":"Feature","properties":{"n":"凱旋路","k":5},"geometry":{"type":"LineString","coordinates":[[121.76108,24.73038],[121.7614,24.72947],[121.76149,24.7287],[121.76166,24.72833]]}},{"type":"Feature","properties":{"n":"凱旋路","k":5},"geometry":{"type":"LineString","coordinates":[[121.76108,24.73038],[121.76096,24.73109],[121.76031,24.73289],[121.76004,24.73317]]}},{"type":"Feature","properties":{"n":"凱旋路","k":5},"geometry":{"type":"LineString","coordinates":[[121.76004,24.73317],[121.76006,24.73281],[121.76071,24.73101],[121.76108,24.73038]]}},{"type":"Feature","properties":{"n":"南津路","k":4},"geometry":{"type":"LineString","coordinates":[[121.76378,24.7186],[121.76573,24.71817],[121.76701,24.71816],[121.77153,24.71889]]}},{"type":"Feature","properties":{"n":"浮洲橋","k":4},"geometry":{"type":"LineString","coordinates":[[121.7591,24.71907],[121.76184,24.71895],[121.76295,24.7188]]}},{"type":"Feature","properties":{"n":"南橋路","k":4},"geometry":{"type":"LineString","coordinates":[[121.75523,24.72414],[121.75588,24.72412],[121.75689,24.72395],[121.75811,24.72359],[121.75862,24.72333],[121.75905,24.72301],[121.75974,24.72223],[121.76099,24.71998],[121.76162,24.71935],[121.76196,24.71917]]}},{"type":"Feature","properties":{"n":"南橋路","k":4},"geometry":{"type":"LineString","coordinates":[[121.76377,24.71876],[121.76253,24.71897],[121.76196,24.71917]]}},{"type":"Feature","properties":{"n":"南橋路","k":4},"geometry":{"type":"LineString","coordinates":[[121.76196,24.71917],[121.76254,24.71881],[121.76356,24.71858],[121.76378,24.7186]]}},{"type":"Feature","properties":{"n":"南橋路","k":4},"geometry":{"type":"LineString","coordinates":[[121.74043,24.73581],[121.74053,24.73572],[121.74076,24.73294],[121.7413,24.72546],[121.74129,24.72532],[121.7412,24.72519]]}},{"type":"Feature","properties":{"n":"縣政二街","k":5},"geometry":{"type":"LineString","coordinates":[[121.76551,24.72436],[121.7701,24.72085],[121.77027,24.72058]]}},{"type":"Feature","properties":{"n":"七賢一橋","k":4},"geometry":{"type":"LineString","coordinates":[[121.74115,24.72512],[121.74095,24.72489]]}},{"type":"Feature","properties":{"n":"清華路","k":5},"geometry":{"type":"LineString","coordinates":[[121.74119,24.72699],[121.74417,24.72696]]}},{"type":"Feature","properties":{"n":"惠好十一路","k":5},"geometry":{"type":"LineString","coordinates":[[121.74115,24.72512],[121.74017,24.72553]]}},{"type":"Feature","properties":{"n":"清華二路","k":4},"geometry":{"type":"LineString","coordinates":[[121.7412,24.72519],[121.74314,24.7242],[121.74346,24.72413],[121.74491,24.72424],[121.74622,24.72428],[121.74847,24.72416],[121.75051,24.72414],[121.75263,24.72419],[121.75523,24.72414]]}},{"type":"Feature","properties":{"n":"清華一路","k":4},"geometry":{"type":"LineString","coordinates":[[121.74129,24.72532],[121.74203,24.72514],[121.74228,24.72514],[121.74458,24.7255],[121.74693,24.72557]]}},{"type":"Feature","properties":{"n":"進士路二段","k":4},"geometry":{"type":"LineString","coordinates":[[121.74043,24.73581],[121.7416,24.73709],[121.74341,24.73805],[121.74594,24.74006],[121.7462,24.74043],[121.74672,24.74143],[121.74835,24.74478]]}},{"type":"Feature","properties":{"n":"宜科一路","k":5},"geometry":{"type":"LineString","coordinates":[[121.7491,24.74013],[121.74899,24.74191],[121.74894,24.74199],[121.74889,24.7419],[121.74893,24.74102],[121.74904,24.73949],[121.74915,24.73909],[121.75224,24.73445],[121.7525,24.73389],[121.75341,24.73115],[121.75386,24.73065],[121.75411,24.73046],[121.75463,24.7302],[121.75471,24.73024],[121.75407,24.73061],[121.7534,24.7314],[121.75261,24.73385],[121.75238,24.73439],[121.74932,24.73901],[121.74915,24.73938],[121.7491,24.74013]]}},{"type":"Feature","properties":{"n":"宜科路","k":5},"geometry":{"type":"LineString","coordinates":[[121.74569,24.72889],[121.75708,24.73529],[121.75743,24.73539],[121.75775,24.73524],[121.75799,24.73532],[121.75903,24.7359],[121.76151,24.73703],[121.7616,24.73715],[121.759,24.736],[121.75775,24.73524]]}},{"type":"Feature","properties":{"n":"宜科北路","k":5},"geometry":{"type":"LineString","coordinates":[[121.75248,24.73418],[121.7513,24.73351],[121.74486,24.73074],[121.74471,24.73057]]}},{"type":"Feature","properties":{"n":"宜科五路","k":5},"geometry":{"type":"LineString","coordinates":[[121.74471,24.73057],[121.74569,24.72889]]}},{"type":"Feature","properties":{"n":"珍珠路","k":5},"geometry":{"type":"LineString","coordinates":[[121.74207,24.73185],[121.75016,24.73534],[121.75133,24.73601]]}},{"type":"Feature","properties":{"n":"宜科南一路","k":5},"geometry":{"type":"LineString","coordinates":[[121.75962,24.73391],[121.75421,24.73084],[121.75089,24.72903],[121.74555,24.72596],[121.74489,24.7259],[121.74453,24.72596],[121.74442,24.72604],[121.74417,24.72696]]}},{"type":"Feature","properties":{"n":"建業路","k":4},"geometry":{"type":"LineString","coordinates":[[121.75525,24.72661],[121.75082,24.7271],[121.74886,24.727],[121.74744,24.72591],[121.74693,24.72557]]}},{"type":"Feature","properties":{"n":"大學路","k":5},"geometry":{"type":"LineString","coordinates":[[121.74043,24.73581],[121.7406,24.73579],[121.74101,24.73556],[121.74114,24.73546],[121.74133,24.73514],[121.74139,24.73268],[121.74156,24.7324],[121.74256,24.73136]]}},{"type":"Feature","properties":{"n":"宜科三路","k":5},"geometry":{"type":"LineString","coordinates":[[121.74752,24.73187],[121.74841,24.73042]]}},{"type":"Feature","properties":{"n":"建業路","k":5},"geometry":{"type":"LineString","coordinates":[[121.75525,24.72661],[121.75799,24.72672],[121.75919,24.7274]]}},{"type":"Feature","properties":{"n":"縣政八街","k":5},"geometry":{"type":"LineString","coordinates":[[121.75895,24.7292],[121.75746,24.729],[121.75711,24.72939],[121.75488,24.72909]]}},{"type":"Feature","properties":{"n":"縣政八街51巷","k":5},"geometry":{"type":"LineString","coordinates":[[121.75641,24.72616],[121.75641,24.72677],[121.75599,24.72924]]}},{"type":"Feature","properties":{"n":"縣政七街50巷","k":5},"geometry":{"type":"LineString","coordinates":[[121.75764,24.72596],[121.75758,24.72611],[121.75735,24.72635],[121.75733,24.7267]]}},{"type":"Feature","properties":{"n":"建蘭南路290巷","k":5},"geometry":{"type":"LineString","coordinates":[[121.75828,24.72511],[121.758,24.72466],[121.75783,24.72398]]}},{"type":"Feature","properties":{"n":"建業路68巷","k":5},"geometry":{"type":"LineString","coordinates":[[121.75746,24.729],[121.75779,24.72851],[121.75793,24.7275],[121.75791,24.72671]]}},{"type":"Feature","properties":{"n":"縣政北路","k":4},"geometry":{"type":"LineString","coordinates":[[121.76444,24.7319],[121.76363,24.73162],[121.76259,24.73157],[121.76199,24.73143],[121.76078,24.73087],[121.76024,24.73055],[121.75956,24.73005],[121.7592,24.72974],[121.75901,24.7295],[121.75884,24.72919],[121.75875,24.7288],[121.75878,24.72819],[121.75902,24.72765],[121.75919,24.7274]]}},{"type":"Feature","properties":{"n":"縣政北路","k":4},"geometry":{"type":"LineString","coordinates":[[121.75929,24.72746],[121.75905,24.72778],[121.7589,24.72813],[121.75882,24.72847],[121.75883,24.72875],[121.75895,24.7292],[121.7591,24.72946],[121.75956,24.72992],[121.75997,24.73026],[121.76062,24.73067],[121.76181,24.73126],[121.76258,24.73147],[121.7638,24.73157],[121.76448,24.73183]]}},{"type":"Feature","properties":{"n":"建蘭北路","k":4},"geometry":{"type":"LineString","coordinates":[[121.75528,24.72458],[121.75525,24.72661]]}},{"type":"Feature","properties":{"n":"建蘭北路","k":5},"geometry":{"type":"LineString","coordinates":[[121.75528,24.72458],[121.75523,24.72414]]}},{"type":"Feature","properties":{"n":"建蘭北路","k":5},"geometry":{"type":"LineString","coordinates":[[121.75525,24.72661],[121.75471,24.73024],[121.75706,24.73138],[121.75823,24.73219],[121.76004,24.73317],[121.76301,24.73455]]}},{"type":"Feature","properties":{"n":"建業路68巷5弄","k":5},"geometry":{"type":"LineString","coordinates":[[121.75793,24.72717],[121.75726,24.72702]]}},{"type":"Feature","properties":{"n":"縣政五街","k":5},"geometry":{"type":"LineString","coordinates":[[121.76142,24.72678],[121.76178,24.72536]]}},{"type":"Feature","properties":{"n":"縣政二街108巷","k":5},"geometry":{"type":"LineString","coordinates":[[121.76178,24.72536],[121.76352,24.72563]]}},{"type":"Feature","properties":{"n":"縣政南路","k":4},"geometry":{"type":"LineString","coordinates":[[121.76565,24.72938],[121.76512,24.72913],[121.76485,24.72895],[121.76405,24.72792],[121.76378,24.72769],[121.76343,24.72744],[121.76272,24.72715],[121.76118,24.72671],[121.76083,24.72663],[121.76044,24.72662],[121.76012,24.72669],[121.75969,24.72694],[121.75929,24.72746]]}},{"type":"Feature","properties":{"n":"縣政南路","k":4},"geometry":{"type":"LineString","coordinates":[[121.75919,24.7274],[121.75944,24.72707],[121.75979,24.72674],[121.76011,24.7266],[121.76042,24.72653],[121.76086,24.72654],[121.7623,24.72693],[121.76329,24.72727],[121.76388,24.72764],[121.7641,24.72783],[121.76474,24.7287],[121.76501,24.72896],[121.76533,24.72915],[121.76582,24.72935]]}},{"type":"Feature","properties":{"n":"縣政五街80巷","k":5},"geometry":{"type":"LineString","coordinates":[[121.76179,24.72471],[121.76194,24.72471]]}},{"type":"Feature","properties":{"n":"縣政五街80巷","k":5},"geometry":{"type":"LineString","coordinates":[[121.76179,24.72471],[121.76031,24.72495]]}},{"type":"Feature","properties":{"n":"縣政五街80巷","k":5},"geometry":{"type":"LineString","coordinates":[[121.76031,24.72495],[121.76036,24.72489],[121.76118,24.72473],[121.76179,24.72471]]}},{"type":"Feature","properties":{"n":"縣政五街80巷","k":5},"geometry":{"type":"LineString","coordinates":[[121.75969,24.72513],[121.76031,24.72495]]}},{"type":"Feature","properties":{"n":"縣政一街","k":5},"geometry":{"type":"LineString","coordinates":[[121.76465,24.72856],[121.76457,24.72861]]}},{"type":"Feature","properties":{"n":"縣政九街","k":5},"geometry":{"type":"LineString","coordinates":[[121.75754,24.73168],[121.75845,24.73036],[121.75923,24.72963]]}},{"type":"Feature","properties":{"n":"縣政九街","k":5},"geometry":{"type":"LineString","coordinates":[[121.75928,24.72967],[121.75868,24.73018],[121.7576,24.73172]]}},{"type":"Feature","properties":{"n":"縣政六街","k":5},"geometry":{"type":"LineString","coordinates":[[121.76028,24.72664],[121.75997,24.72564],[121.75938,24.72456],[121.75916,24.72369]]}},{"type":"Feature","properties":{"n":"縣政七街","k":5},"geometry":{"type":"LineString","coordinates":[[121.75944,24.72707],[121.75764,24.72596]]}},{"type":"Feature","properties":{"n":"縣政十街","k":5},"geometry":{"type":"LineString","coordinates":[[121.76029,24.73047],[121.75944,24.7316],[121.75971,24.73176],[121.7597,24.73183],[121.75915,24.73268]]}},{"type":"Feature","properties":{"n":"縣政六街68巷","k":5},"geometry":{"type":"LineString","coordinates":[[121.75813,24.72626],[121.75872,24.72555],[121.75969,24.72513]]}},{"type":"Feature","properties":{"n":"中山路一段","k":4},"geometry":{"type":"LineString","coordinates":[[121.76944,24.72266],[121.76093,24.73838]]}},{"type":"Feature","properties":{"n":"中山路一段","k":4},"geometry":{"type":"LineString","coordinates":[[121.76079,24.73836],[121.76928,24.7227]]}},{"type":"Feature","properties":{"n":"中山路一段","k":4},"geometry":{"type":"LineString","coordinates":[[121.75634,24.74317],[121.75686,24.74182],[121.7572,24.74149],[121.76017,24.7392],[121.76054,24.73879],[121.76074,24.73846]]}},{"type":"Feature","properties":{"n":"中山路一段","k":4},"geometry":{"type":"LineString","coordinates":[[121.76087,24.73849],[121.76057,24.73898],[121.76027,24.73928],[121.75728,24.74156],[121.75698,24.74188],[121.75676,24.74232],[121.75638,24.74331]]}},{"type":"Feature","properties":{"n":"建蘭北路225巷","k":5},"geometry":{"type":"LineString","coordinates":[[121.75593,24.73085],[121.75677,24.72934]]}},{"type":"Feature","properties":{"n":"縣政十街31巷","k":5},"geometry":{"type":"LineString","coordinates":[[121.75944,24.7316],[121.759,24.73135]]}},{"type":"Feature","properties":{"n":"縣政十街31巷","k":5},"geometry":{"type":"LineString","coordinates":[[121.75871,24.73118],[121.759,24.73135]]}},{"type":"Feature","properties":{"n":"縣政十街31巷","k":5},"geometry":{"type":"LineString","coordinates":[[121.75871,24.73118],[121.75814,24.73077]]}},{"type":"Feature","properties":{"n":"縣政十街31巷","k":5},"geometry":{"type":"LineString","coordinates":[[121.759,24.73135],[121.75871,24.73118]]}},{"type":"Feature","properties":{"n":"縣政九街45巷","k":5},"geometry":{"type":"LineString","coordinates":[[121.75716,24.73011],[121.75654,24.72978]]}},{"type":"Feature","properties":{"n":"縣政九街45巷","k":5},"geometry":{"type":"LineString","coordinates":[[121.75716,24.73011],[121.75768,24.7304]]}},{"type":"Feature","properties":{"n":"縣政九街45巷","k":5},"geometry":{"type":"LineString","coordinates":[[121.75768,24.7304],[121.75716,24.73011]]}},{"type":"Feature","properties":{"n":"縣政九街45巷","k":5},"geometry":{"type":"LineString","coordinates":[[121.75824,24.73076],[121.75768,24.7304]]}},{"type":"Feature","properties":{"n":"凱旋路473巷","k":5},"geometry":{"type":"LineString","coordinates":[[121.75499,24.73585],[121.75836,24.73773]]}},{"type":"Feature","properties":{"n":"中山路一段245巷","k":5},"geometry":{"type":"LineString","coordinates":[[121.76413,24.72682],[121.76725,24.72643]]}},{"type":"Feature","properties":{"n":"宜科南路","k":5},"geometry":{"type":"LineString","coordinates":[[121.75306,24.73209],[121.75771,24.73466],[121.75782,24.73491],[121.75775,24.73524]]}},{"type":"Feature","properties":{"n":"建蘭北路225巷8弄","k":5},"geometry":{"type":"LineString","coordinates":[[121.7561,24.73053],[121.75517,24.73009]]}},{"type":"Feature","properties":{"n":"建蘭北路225巷19弄","k":5},"geometry":{"type":"LineString","coordinates":[[121.75627,24.73025],[121.75739,24.73087]]}},{"type":"Feature","properties":{"n":"宜科東路","k":5},"geometry":{"type":"LineString","coordinates":[[121.75477,24.73303],[121.75568,24.73169]]}},{"type":"Feature","properties":{"n":"縣政十一街","k":5},"geometry":{"type":"LineString","coordinates":[[121.76072,24.73352],[121.76146,24.73222],[121.76142,24.73203],[121.76181,24.73126]]}},{"type":"Feature","properties":{"n":"縣政十二街","k":5},"geometry":{"type":"LineString","coordinates":[[121.76238,24.73428],[121.7633,24.73261],[121.7635,24.73159]]}},{"type":"Feature","properties":{"n":"縣政十二街59巷","k":5},"geometry":{"type":"LineString","coordinates":[[121.76267,24.73372],[121.76102,24.73301]]}},{"type":"Feature","properties":{"n":"縣政十二街35巷","k":5},"geometry":{"type":"LineString","coordinates":[[121.76144,24.73209],[121.76312,24.73289]]}},{"type":"Feature","properties":{"n":"蘭陽大橋","k":2},"geometry":{"type":"LineString","coordinates":[[121.7727,24.71166],[121.77107,24.71871]]}},{"type":"Feature","properties":{"n":"蘭陽大橋","k":2},"geometry":{"type":"LineString","coordinates":[[121.77094,24.71864],[121.77255,24.71165]]}},{"type":"Feature","properties":{"n":"環市東路一段","k":2},"geometry":{"type":"LineString","coordinates":[[121.76998,24.72283],[121.7709,24.72325],[121.77164,24.72384],[121.77206,24.72444],[121.77225,24.72487],[121.77234,24.72528],[121.77237,24.72596],[121.77215,24.72798],[121.77198,24.7335],[121.77191,24.7341],[121.77189,24.7335],[121.772,24.72937],[121.77209,24.7278],[121.77229,24.72596],[121.77223,24.72511],[121.77192,24.72434],[121.77146,24.72378],[121.77107,24.72346],[121.77056,24.72317],[121.76944,24.72266]]}},{"type":"Feature","properties":{"n":"環市東路一段","k":2},"geometry":{"type":"LineString","coordinates":[[121.76986,24.72303],[121.77101,24.72366],[121.77135,24.72396],[121.77158,24.72422],[121.77183,24.72462],[121.77199,24.725],[121.77206,24.72533],[121.7721,24.72576],[121.77191,24.72755],[121.77179,24.72959],[121.7717,24.7335],[121.77179,24.7341],[121.77188,24.72959],[121.77197,24.72796],[121.77219,24.72599],[121.77213,24.72518],[121.772,24.72474],[121.7718,24.72437],[121.77127,24.72375],[121.7708,24.72341],[121.77046,24.72323],[121.76928,24.7227]]}},{"type":"Feature","properties":{"n":"東津路","k":4},"geometry":{"type":"LineString","coordinates":[[121.77578,24.7355],[121.77572,24.73509],[121.77567,24.73389],[121.77559,24.73312],[121.77548,24.7326],[121.77562,24.72904],[121.77494,24.72493],[121.7744,24.72255],[121.77382,24.72055],[121.77351,24.71919]]}},{"type":"Feature","properties":{"n":"東津路","k":4},"geometry":{"type":"LineString","coordinates":[[121.76725,24.72643],[121.7674,24.72643]]}},{"type":"Feature","properties":{"n":"新南路四段","k":4},"geometry":{"type":"LineString","coordinates":[[121.77153,24.71889],[121.77435,24.71934],[121.77755,24.72002],[121.7787,24.7202],[121.78129,24.72038],[121.7827,24.72033]]}},{"type":"Feature","properties":{"n":"中山路一段5巷","k":5},"geometry":{"type":"LineString","coordinates":[[121.77036,24.72068],[121.76969,24.71993],[121.76913,24.7185]]}},{"type":"Feature","properties":{"n":"環市南路","k":4},"geometry":{"type":"LineString","coordinates":[[121.76928,24.7227],[121.76861,24.72227],[121.76849,24.72211],[121.76869,24.72219],[121.76916,24.72254],[121.76944,24.72266]]}},{"type":"Feature","properties":{"n":"環市南路","k":5},"geometry":{"type":"LineString","coordinates":[[121.76849,24.72211],[121.76799,24.72157],[121.76758,24.72098],[121.76652,24.71906],[121.76611,24.71815]]}},{"type":"Feature","properties":{"n":"東津二路","k":5},"geometry":{"type":"LineString","coordinates":[[121.77153,24.71889],[121.7715,24.719]]}},{"type":"Feature","properties":{"n":"東津二路","k":5},"geometry":{"type":"LineString","coordinates":[[121.77228,24.71914],[121.77224,24.719]]}},{"type":"Feature","properties":{"n":"壯二南橋","k":2},"geometry":{"type":"LineString","coordinates":[[121.77107,24.71871],[121.77101,24.71895]]}},{"type":"Feature","properties":{"n":"壯二南橋","k":2},"geometry":{"type":"LineString","coordinates":[[121.77088,24.71893],[121.77094,24.71864]]}},{"type":"Feature","properties":{"n":"美福路二段","k":4},"geometry":{"type":"LineString","coordinates":[[121.78379,24.72459],[121.78551,24.72429],[121.7877,24.72404],[121.788,24.7239],[121.78845,24.72382],[121.79241,24.72324],[121.79379,24.7231]]}},{"type":"Feature","properties":{"n":"中央路一段","k":4},"geometry":{"type":"LineString","coordinates":[[121.78716,24.731],[121.78771,24.72391],[121.78822,24.71957]]}},{"type":"Feature","properties":{"n":"中央路一段","k":4},"geometry":{"type":"LineString","coordinates":[[121.78674,24.73637],[121.78711,24.73152]]}},{"type":"Feature","properties":{"n":"中央路一段","k":4},"geometry":{"type":"LineString","coordinates":[[121.78654,24.73896],[121.78672,24.73659]]}},{"type":"Feature","properties":{"n":"新南路三段","k":4},"geometry":{"type":"LineString","coordinates":[[121.7827,24.72033],[121.78458,24.72016],[121.79108,24.71914],[121.79323,24.71898]]}},{"type":"Feature","properties":{"n":"建蘭南路","k":5},"geometry":{"type":"LineString","coordinates":[[121.76922,24.7264],[121.76879,24.72635],[121.76769,24.72591]]}},{"type":"Feature","properties":{"n":"壯二路","k":4},"geometry":{"type":"LineString","coordinates":[[121.7674,24.72643],[121.76792,24.72664],[121.76814,24.72667],[121.77219,24.72574],[121.77399,24.72517],[121.77494,24.72493]]}},{"type":"Feature","properties":{"n":"宜壯橋","k":2},"geometry":{"type":"LineString","coordinates":[[121.77191,24.7341],[121.77183,24.73842]]}},{"type":"Feature","properties":{"n":"宜壯橋","k":2},"geometry":{"type":"LineString","coordinates":[[121.77172,24.73842],[121.77179,24.7341]]}},{"type":"Feature","properties":{"n":"黎明二路","k":4},"geometry":{"type":"LineString","coordinates":[[121.77365,24.75012],[121.77371,24.74732],[121.77408,24.74601],[121.77424,24.74563],[121.77442,24.74452],[121.77474,24.74379],[121.77709,24.73772],[121.77711,24.73747],[121.77696,24.73704],[121.77603,24.73587]]}},{"type":"Feature","properties":{"n":"東津橋","k":4},"geometry":{"type":"LineString","coordinates":[[121.76888,24.73686],[121.76892,24.73632]]}},{"type":"Feature","properties":{"n":"美福路三段","k":4},"geometry":{"type":"LineString","coordinates":[[121.77494,24.72493],[121.77544,24.72481],[121.77571,24.7248],[121.77706,24.72484],[121.7781,24.72497],[121.77961,24.72488],[121.78084,24.72465],[121.78312,24.72467],[121.78379,24.72459]]}},{"type":"Feature","properties":{"n":"旋流路","k":4},"geometry":{"type":"LineString","coordinates":[[121.76892,24.73632],[121.76909,24.73445],[121.76906,24.73433],[121.76889,24.7341],[121.769,24.73369],[121.76894,24.73258],[121.7691,24.73219],[121.76921,24.73076],[121.76915,24.73001],[121.76949,24.72916],[121.76971,24.7263]]}},{"type":"Feature","properties":{"n":"新港橋","k":4},"geometry":{"type":"LineString","coordinates":[[121.77603,24.73587],[121.77578,24.7355]]}},{"type":"Feature","properties":{"n":"中興南一號橋","k":4},"geometry":{"type":"LineString","coordinates":[[121.78672,24.73659],[121.78674,24.73637]]}},{"type":"Feature","properties":{"n":"美福橋","k":4},"geometry":{"type":"LineString","coordinates":[[121.78711,24.73152],[121.78716,24.731]]}},{"type":"Feature","properties":{"n":"鎮興路","k":5},"geometry":{"type":"LineString","coordinates":[[121.74672,24.74143],[121.749,24.74009],[121.7491,24.74013]]}},{"type":"Feature","properties":{"n":"嵐峰路一段199巷","k":5},"geometry":{"type":"LineString","coordinates":[[121.75113,24.74133],[121.75086,24.74221]]}},{"type":"Feature","properties":{"n":"宜科一路279巷","k":5},"geometry":{"type":"LineString","coordinates":[[121.74765,24.7414],[121.7484,24.741],[121.74904,24.74105]]}},{"type":"Feature","properties":{"n":"中山路二段","k":4},"geometry":{"type":"LineString","coordinates":[[121.75208,24.75452],[121.75259,24.75329],[121.7563,24.74342]]}},{"type":"Feature","properties":{"n":"中山路二段","k":4},"geometry":{"type":"LineString","coordinates":[[121.7563,24.74342],[121.75634,24.74317]]}},{"type":"Feature","properties":{"n":"中山路二段","k":4},"geometry":{"type":"LineString","coordinates":[[121.75638,24.74331],[121.7563,24.74342]]}},{"type":"Feature","properties":{"n":"嵐峰路一段","k":3},"geometry":{"type":"LineString","coordinates":[[121.75598,24.74318],[121.75505,24.74283],[121.75318,24.74245],[121.74817,24.74192],[121.74699,24.74198],[121.7471,24.74192],[121.74816,24.74183],[121.75309,24.74235],[121.75509,24.74274],[121.75594,24.74304]]}},{"type":"Feature","properties":{"n":"嵐峰路一段","k":3},"geometry":{"type":"LineString","coordinates":[[121.75606,24.74308],[121.75634,24.74317]]}},{"type":"Feature","properties":{"n":"嵐峰路一段","k":3},"geometry":{"type":"LineString","coordinates":[[121.75638,24.74331],[121.7562,24.74325]]}},{"type":"Feature","properties":{"n":"民權新路47巷","k":5},"geometry":{"type":"LineString","coordinates":[[121.75141,24.75054],[121.75196,24.74902]]}},{"type":"Feature","properties":{"n":"擺厘路","k":5},"geometry":{"type":"LineString","coordinates":[[121.74956,24.74473],[121.75157,24.74374],[121.75305,24.74244]]}},{"type":"Feature","properties":{"n":"復興路二段","k":5},"geometry":{"type":"LineString","coordinates":[[121.74997,24.7484],[121.74389,24.75008]]}},{"type":"Feature","properties":{"n":"健康路二段","k":5},"geometry":{"type":"LineString","coordinates":[[121.75054,24.74988],[121.75232,24.74526]]}},{"type":"Feature","properties":{"n":"神農路一段","k":4},"geometry":{"type":"LineString","coordinates":[[121.75054,24.74988],[121.74939,24.74693],[121.74835,24.74478]]}},{"type":"Feature","properties":{"n":"嵐峰路二段","k":4},"geometry":{"type":"LineString","coordinates":[[121.74196,24.74452],[121.74249,24.74448],[121.74332,24.74422],[121.74569,24.74213],[121.74699,24.74198]]}},{"type":"Feature","properties":{"n":"復興路一段","k":5},"geometry":{"type":"LineString","coordinates":[[121.75396,24.74965],[121.74997,24.7484]]}},{"type":"Feature","properties":{"n":"宜中路","k":5},"geometry":{"type":"LineString","coordinates":[[121.7444,24.7524],[121.74196,24.74452]]}},{"type":"Feature","properties":{"n":"南大路","k":5},"geometry":{"type":"LineString","coordinates":[[121.74824,24.74588],[121.7436,24.74583]]}},{"type":"Feature","properties":{"n":"健康路一段","k":5},"geometry":{"type":"LineString","coordinates":[[121.75232,24.74526],[121.75296,24.74354],[121.75305,24.74244],[121.75388,24.74016]]}},{"type":"Feature","properties":{"n":"女中路二段","k":5},"geometry":{"type":"LineString","coordinates":[[121.74835,24.74478],[121.75054,24.7447],[121.75819,24.7471],[121.76117,24.74758]]}},{"type":"Feature","properties":{"n":"農權路","k":5},"geometry":{"type":"LineString","coordinates":[[121.74936,24.74688],[121.75047,24.74658],[121.75661,24.74851]]}},{"type":"Feature","properties":{"n":"農權路二段","k":5},"geometry":{"type":"LineString","coordinates":[[121.74323,24.74855],[121.74936,24.74688]]}},{"type":"Feature","properties":{"n":"西道路","k":5},"geometry":{"type":"LineString","coordinates":[[121.7454,24.74585],[121.74532,24.74595],[121.74526,24.74715],[121.7454,24.74796]]}},{"type":"Feature","properties":{"n":"女中路三段46巷","k":5},"geometry":{"type":"LineString","coordinates":[[121.74105,24.74595],[121.7412,24.74637]]}},{"type":"Feature","properties":{"n":"弘志路","k":5},"geometry":{"type":"LineString","coordinates":[[121.75196,24.74902],[121.75266,24.74726]]}},{"type":"Feature","properties":{"n":"凱旋路518巷","k":5},"geometry":{"type":"LineString","coordinates":[[121.75925,24.73932],[121.75803,24.73863]]}},{"type":"Feature","properties":{"n":"公園路455巷","k":5},"geometry":{"type":"LineString","coordinates":[[121.75494,24.74075],[121.75479,24.74099],[121.75502,24.74125],[121.755,24.74132],[121.75572,24.74174]]}},{"type":"Feature","properties":{"n":"公園路455巷43弄","k":5},"geometry":{"type":"LineString","coordinates":[[121.75614,24.74197],[121.75597,24.74221],[121.75572,24.74239],[121.75611,24.7431]]}},{"type":"Feature","properties":{"n":"公園路79巷","k":5},"geometry":{"type":"LineString","coordinates":[[121.75579,24.73804],[121.75683,24.73689]]}},{"type":"Feature","properties":{"n":"嵐峰橋","k":3},"geometry":{"type":"LineString","coordinates":[[121.75594,24.74304],[121.75606,24.74308]]}},{"type":"Feature","properties":{"n":"嵐峰橋","k":3},"geometry":{"type":"LineString","coordinates":[[121.7562,24.74325],[121.75598,24.74318]]}},{"type":"Feature","properties":{"n":"公園三路37巷","k":5},"geometry":{"type":"LineString","coordinates":[[121.75773,24.74299],[121.75711,24.74279],[121.75723,24.74239],[121.75732,24.74236],[121.75791,24.74252]]}},{"type":"Feature","properties":{"n":"公園東路103巷","k":5},"geometry":{"type":"LineString","coordinates":[[121.75791,24.74252],[121.7584,24.74265],[121.7593,24.74275]]}},{"type":"Feature","properties":{"n":"凱旋路501巷","k":5},"geometry":{"type":"LineString","coordinates":[[121.75792,24.73749],[121.75738,24.73826],[121.75803,24.73863]]}},{"type":"Feature","properties":{"n":"黎明橋","k":4},"geometry":{"type":"LineString","coordinates":[[121.76085,24.74232],[121.76058,24.7423]]}},{"type":"Feature","properties":{"n":"凱旋橋","k":4},"geometry":{"type":"LineString","coordinates":[[121.76074,24.73846],[121.76079,24.73836]]}},{"type":"Feature","properties":{"n":"凱旋橋","k":4},"geometry":{"type":"LineString","coordinates":[[121.76093,24.73838],[121.76087,24.73849]]}},{"type":"Feature","properties":{"n":"黎明路","k":4},"geometry":{"type":"LineString","coordinates":[[121.76058,24.7423],[121.7599,24.74227]]}},{"type":"Feature","properties":{"n":"黎明路","k":4},"geometry":{"type":"LineString","coordinates":[[121.78609,24.74453],[121.77212,24.74362],[121.77089,24.74299],[121.76677,24.74271],[121.7662,24.74292],[121.76594,24.74292],[121.76596,24.74258],[121.76543,24.74263],[121.76085,24.74232]]}},{"type":"Feature","properties":{"n":"縣民大道二段","k":4},"geometry":{"type":"LineString","coordinates":[[121.75642,24.7432],[121.7566,24.74318],[121.75831,24.74365],[121.75916,24.74375],[121.76091,24.74369],[121.76272,24.74346],[121.76386,24.74321],[121.76548,24.74275],[121.77249,24.74014],[121.775,24.73932],[121.77664,24.73892],[121.77854,24.7386],[121.77941,24.73851],[121.78136,24.73845]]}},{"type":"Feature","properties":{"n":"縣民大道二段","k":4},"geometry":{"type":"LineString","coordinates":[[121.78136,24.73874],[121.78031,24.73875],[121.77907,24.73883],[121.77781,24.73899],[121.77615,24.73935],[121.77471,24.73972],[121.77188,24.7407],[121.76594,24.74292],[121.76448,24.74338],[121.76276,24.74376],[121.76088,24.744],[121.75988,24.74405],[121.75894,24.74402],[121.7582,24.74393],[121.75731,24.74371],[121.75651,24.74347],[121.75638,24.74331]]}},{"type":"Feature","properties":{"n":"縣民大道二段","k":3},"geometry":{"type":"LineString","coordinates":[[121.78181,24.73867],[121.7808,24.73866],[121.77877,24.73877],[121.77654,24.73914],[121.77566,24.73937],[121.7736,24.73998],[121.76491,24.74315],[121.76275,24.74366],[121.76089,24.7439],[121.75904,24.74394],[121.75799,24.74378],[121.75638,24.74331]]}},{"type":"Feature","properties":{"n":"縣民大道二段","k":3},"geometry":{"type":"LineString","coordinates":[[121.75634,24.74317],[121.75656,24.74327],[121.75814,24.74371],[121.75908,24.74384],[121.7609,24.7438],[121.76273,24.74356],[121.76432,24.74321],[121.76516,24.74297],[121.77168,24.74055],[121.77405,24.73972],[121.7751,24.7394],[121.77659,24.73904],[121.77849,24.7387],[121.78001,24.73858],[121.78181,24.73856]]}},{"type":"Feature","properties":{"n":"陽明一路","k":5},"geometry":{"type":"LineString","coordinates":[[121.76189,24.75141],[121.76268,24.7492],[121.76139,24.74885]]}},{"type":"Feature","properties":{"n":"陽明二路","k":5},"geometry":{"type":"LineString","coordinates":[[121.76273,24.75164],[121.76424,24.7491],[121.76448,24.74852],[121.76468,24.74828]]}},{"type":"Feature","properties":{"n":"校舍二路","k":5},"geometry":{"type":"LineString","coordinates":[[121.76268,24.7492],[121.76564,24.75002]]}},{"type":"Feature","properties":{"n":"宜興路一段","k":4},"geometry":{"type":"LineString","coordinates":[[121.75837,24.75682],[121.75756,24.75475],[121.75744,24.75459],[121.75649,24.75213],[121.75582,24.75024],[121.7548,24.74815],[121.75462,24.7479],[121.7549,24.74807],[121.75594,24.75023],[121.75658,24.75211],[121.75753,24.75456],[121.75753,24.75468]]}},{"type":"Feature","properties":{"n":"宜興路一段","k":4},"geometry":{"type":"LineString","coordinates":[[121.75837,24.75682],[121.75844,24.75687],[121.75896,24.75811]]}},{"type":"Feature","properties":{"n":"宜興路一段","k":4},"geometry":{"type":"LineString","coordinates":[[121.75884,24.75812],[121.75835,24.75689],[121.75837,24.75682]]}},{"type":"Feature","properties":{"n":"陽明路131巷","k":5},"geometry":{"type":"LineString","coordinates":[[121.75747,24.7465],[121.75888,24.74617],[121.75912,24.74626],[121.76031,24.74604],[121.76147,24.74627]]}},{"type":"Feature","properties":{"n":"公園北路","k":4},"geometry":{"type":"LineString","coordinates":[[121.7599,24.74227],[121.75729,24.74197],[121.75698,24.74188]]}},{"type":"Feature","properties":{"n":"中山路一段699巷","k":5},"geometry":{"type":"LineString","coordinates":[[121.7605,24.73906],[121.75987,24.73851],[121.75959,24.73847],[121.75888,24.7391]]}},{"type":"Feature","properties":{"n":"中山路一段699巷2弄","k":5},"geometry":{"type":"LineString","coordinates":[[121.76,24.73863],[121.75904,24.73953]]}},{"type":"Feature","properties":{"n":"公園南路","k":5},"geometry":{"type":"LineString","coordinates":[[121.76036,24.74061],[121.75931,24.74001]]}},{"type":"Feature","properties":{"n":"公園東路","k":5},"geometry":{"type":"LineString","coordinates":[[121.761,24.73947],[121.76036,24.74061],[121.75909,24.74321]]}},{"type":"Feature","properties":{"n":"公園東路125巷","k":5},"geometry":{"type":"LineString","coordinates":[[121.75909,24.74321],[121.75886,24.74317],[121.75856,24.74322],[121.75773,24.74299]]}},{"type":"Feature","properties":{"n":"公園二路26巷","k":5},"geometry":{"type":"LineString","coordinates":[[121.75938,24.74137],[121.7592,24.74183],[121.75914,24.74186],[121.75853,24.74168],[121.75825,24.74138]]}},{"type":"Feature","properties":{"n":"公園東路51巷","k":5},"geometry":{"type":"LineString","coordinates":[[121.76011,24.74112],[121.75924,24.74063]]}},{"type":"Feature","properties":{"n":"凱旋路446巷","k":5},"geometry":{"type":"LineString","coordinates":[[121.75872,24.73677],[121.75943,24.73699]]}},{"type":"Feature","properties":{"n":"女中路一段","k":5},"geometry":{"type":"LineString","coordinates":[[121.76117,24.74758],[121.7629,24.74785],[121.76526,24.74842],[121.76791,24.7493],[121.76965,24.75106]]}},{"type":"Feature","properties":{"n":"自強新路","k":5},"geometry":{"type":"LineString","coordinates":[[121.75592,24.74448],[121.7581,24.74518],[121.75683,24.74775],[121.75661,24.74851]]}},{"type":"Feature","properties":{"n":"宜興路一段29巷","k":5},"geometry":{"type":"LineString","coordinates":[[121.7553,24.74892],[121.75446,24.74916],[121.75418,24.74908]]}},{"type":"Feature","properties":{"n":"泰山路62巷","k":5},"geometry":{"type":"LineString","coordinates":[[121.746,24.75563],[121.7461,24.7543]]}},{"type":"Feature","properties":{"n":"泰山路62巷1弄","k":5},"geometry":{"type":"LineString","coordinates":[[121.74607,24.75478],[121.7445,24.75471],[121.74441,24.75464]]}},{"type":"Feature","properties":{"n":"民權新路235巷","k":5},"geometry":{"type":"LineString","coordinates":[[121.74606,24.75196],[121.74591,24.75147],[121.74607,24.75121]]}},{"type":"Feature","properties":{"n":"健康路三段","k":5},"geometry":{"type":"LineString","coordinates":[[121.74895,24.75402],[121.75054,24.74988]]}},{"type":"Feature","properties":{"n":"民權路二段38巷","k":5},"geometry":{"type":"LineString","coordinates":[[121.75059,24.75521],[121.74968,24.75372]]}},{"type":"Feature","properties":{"n":"舊城南路","k":2},"geometry":{"type":"LineString","coordinates":[[121.75208,24.75452],[121.75095,24.755],[121.74961,24.75585],[121.74945,24.75587],[121.74956,24.75574],[121.75119,24.75475],[121.75183,24.75452],[121.75208,24.75452]]}},{"type":"Feature","properties":{"n":"舊城南路","k":2},"geometry":{"type":"LineString","coordinates":[[121.75303,24.75432],[121.75208,24.75452]]}},{"type":"Feature","properties":{"n":"舊城南路","k":2},"geometry":{"type":"LineString","coordinates":[[121.75208,24.75452],[121.75228,24.7544],[121.75279,24.75431],[121.75303,24.75432]]}},{"type":"Feature","properties":{"n":"舊城南路","k":2},"geometry":{"type":"LineString","coordinates":[[121.75557,24.75518],[121.75525,24.75507],[121.75444,24.75459],[121.75417,24.75448],[121.75303,24.75432]]}},{"type":"Feature","properties":{"n":"民族路145巷","k":5},"geometry":{"type":"LineString","coordinates":[[121.75032,24.75214],[121.75013,24.75264]]}},{"type":"Feature","properties":{"n":"國榮路","k":5},"geometry":{"type":"LineString","coordinates":[[121.75011,24.75353],[121.74994,24.75313],[121.74839,24.75264],[121.74649,24.75325],[121.74488,24.75364]]}},{"type":"Feature","properties":{"n":"健康路三段59巷","k":5},"geometry":{"type":"LineString","coordinates":[[121.74876,24.75165],[121.74974,24.75196]]}},{"type":"Feature","properties":{"n":"民權路二段","k":5},"geometry":{"type":"LineString","coordinates":[[121.74755,24.75625],[121.74807,24.75469],[121.74895,24.75402],[121.75011,24.75353],[121.75149,24.75308]]}},{"type":"Feature","properties":{"n":"負郭路30巷","k":5},"geometry":{"type":"LineString","coordinates":[[121.74779,24.75224],[121.74631,24.75271]]}},{"type":"Feature","properties":{"n":"國榮路97巷","k":5},"geometry":{"type":"LineString","coordinates":[[121.74729,24.75299],[121.74697,24.75214]]}},{"type":"Feature","properties":{"n":"神農路二段57巷","k":5},"geometry":{"type":"LineString","coordinates":[[121.74974,24.75196],[121.75032,24.75214],[121.75112,24.75191]]}},{"type":"Feature","properties":{"n":"神農路二段","k":4},"geometry":{"type":"LineString","coordinates":[[121.75208,24.75452],[121.75192,24.75438],[121.75112,24.75191],[121.75054,24.74988]]}},{"type":"Feature","properties":{"n":"民權路一段","k":5},"geometry":{"type":"LineString","coordinates":[[121.75149,24.75308],[121.75649,24.75213]]}},{"type":"Feature","properties":{"n":"民生街","k":5},"geometry":{"type":"LineString","coordinates":[[121.75266,24.7558],[121.7525,24.75508]]}},{"type":"Feature","properties":{"n":"國榮路75巷","k":5},"geometry":{"type":"LineString","coordinates":[[121.74764,24.75229],[121.74784,24.75281]]}},{"type":"Feature","properties":{"n":"國榮路55巷1弄","k":5},"geometry":{"type":"LineString","coordinates":[[121.7477,24.75244],[121.74824,24.75227]]}},{"type":"Feature","properties":{"n":"國榮路55巷","k":5},"geometry":{"type":"LineString","coordinates":[[121.74824,24.75227],[121.74839,24.75264]]}},{"type":"Feature","properties":{"n":"國榮路70巷","k":5},"geometry":{"type":"LineString","coordinates":[[121.74784,24.75281],[121.74797,24.75315]]}},{"type":"Feature","properties":{"n":"民族路142巷","k":5},"geometry":{"type":"LineString","coordinates":[[121.75013,24.75264],[121.74994,24.75313]]}},{"type":"Feature","properties":{"n":"中華路177巷","k":5},"geometry":{"type":"LineString","coordinates":[[121.75264,24.75011],[121.7519,24.74987]]}},{"type":"Feature","properties":{"n":"光復路","k":5},"geometry":{"type":"LineString","coordinates":[[121.75223,24.7559],[121.75756,24.75475]]}},{"type":"Feature","properties":{"n":"光復路","k":5},"geometry":{"type":"LineString","coordinates":[[121.85288,24.59614],[121.85284,24.59787]]}},{"type":"Feature","properties":{"n":"康樂路","k":5},"geometry":{"type":"LineString","coordinates":[[121.75786,24.75552],[121.75542,24.75595],[121.75241,24.75661]]}},{"type":"Feature","properties":{"n":"新民路","k":5},"geometry":{"type":"LineString","coordinates":[[121.7527,24.75781],[121.75621,24.75697],[121.75814,24.75624]]}},{"type":"Feature","properties":{"n":"三清路","k":2},"geometry":{"type":"LineString","coordinates":[[121.74755,24.75625],[121.74945,24.75587]]}},{"type":"Feature","properties":{"n":"西門橋","k":2},"geometry":{"type":"LineString","coordinates":[[121.74072,24.75913],[121.74192,24.75898],[121.7424,24.75887],[121.74655,24.75675]]}},{"type":"Feature","properties":{"n":"舊城西路","k":5},"geometry":{"type":"LineString","coordinates":[[121.74945,24.75587],[121.74968,24.75619],[121.7496,24.75718],[121.7496,24.75826],[121.74965,24.75856],[121.74988,24.75909],[121.75016,24.75961],[121.75045,24.75993],[121.75086,24.7602],[121.75148,24.76044]]}},{"type":"Feature","properties":{"n":"文昌路","k":5},"geometry":{"type":"LineString","coordinates":[[121.7527,24.75781],[121.7496,24.75826],[121.7488,24.75828],[121.74541,24.7581]]}},{"type":"Feature","properties":{"n":"民權新路","k":5},"geometry":{"type":"LineString","coordinates":[[121.74086,24.75477],[121.74182,24.75315],[121.74199,24.75306],[121.75139,24.75054],[121.7534,24.75115]]}},{"type":"Feature","properties":{"n":"城隍街","k":5},"geometry":{"type":"LineString","coordinates":[[121.75295,24.75898],[121.748,24.75979]]}},{"type":"Feature","properties":{"n":"慶和橋","k":4},"geometry":{"type":"LineString","coordinates":[[121.74896,24.76124],[121.74921,24.76113],[121.74934,24.76116],[121.7496,24.76135],[121.74969,24.76155],[121.74969,24.76166],[121.74955,24.76201],[121.74933,24.76225],[121.74653,24.76444]]}},{"type":"Feature","properties":{"n":"碧霞街","k":5},"geometry":{"type":"LineString","coordinates":[[121.7521,24.76333],[121.75216,24.76314],[121.75121,24.75924]]}},{"type":"Feature","properties":{"n":"泰山路86巷","k":5},"geometry":{"type":"LineString","coordinates":[[121.74309,24.7564],[121.74468,24.75424]]}},{"type":"Feature","properties":{"n":"南興街","k":5},"geometry":{"type":"LineString","coordinates":[[121.75318,24.75492],[121.75207,24.75518],[121.75126,24.75551]]}},{"type":"Feature","properties":{"n":"南興街","k":5},"geometry":{"type":"LineString","coordinates":[[121.82371,24.85561],[121.82438,24.85513],[121.82528,24.85476]]}},{"type":"Feature","properties":{"n":"慶和街","k":5},"geometry":{"type":"LineString","coordinates":[[121.75346,24.764],[121.75271,24.76131],[121.75239,24.76052]]}},{"type":"Feature","properties":{"n":"同慶街","k":4},"geometry":{"type":"LineString","coordinates":[[121.74983,24.76197],[121.75352,24.76112]]}},{"type":"Feature","properties":{"n":"西後街","k":5},"geometry":{"type":"LineString","coordinates":[[121.75239,24.76052],[121.75161,24.75678],[121.75126,24.75551],[121.75089,24.75491]]}},{"type":"Feature","properties":{"n":"負郭路","k":5},"geometry":{"type":"LineString","coordinates":[[121.74684,24.75434],[121.74606,24.75196]]}},{"type":"Feature","properties":{"n":"環河北路","k":5},"geometry":{"type":"LineString","coordinates":[[121.75427,24.76719],[121.75323,24.76673],[121.75176,24.7663],[121.7504,24.76557],[121.74994,24.76514],[121.74929,24.76467],[121.74296,24.75911],[121.7427,24.75894],[121.74232,24.75881],[121.74174,24.75876],[121.74065,24.75903],[121.74053,24.75915]]}},{"type":"Feature","properties":{"n":"鎮平路","k":5},"geometry":{"type":"LineString","coordinates":[[121.74486,24.76311],[121.74501,24.76287],[121.74455,24.76212],[121.74419,24.76113],[121.74394,24.76068],[121.74345,24.76001],[121.74238,24.75893]]}},{"type":"Feature","properties":{"n":"民生新街","k":5},"geometry":{"type":"LineString","coordinates":[[121.75285,24.75652],[121.75266,24.7558]]}},{"type":"Feature","properties":{"n":"負郭路18巷","k":5},"geometry":{"type":"LineString","coordinates":[[121.74739,24.752],[121.74621,24.75239]]}},{"type":"Feature","properties":{"n":"金同春路","k":5},"geometry":{"type":"LineString","coordinates":[[121.75008,24.76746],[121.74898,24.76604],[121.7486,24.7658],[121.74707,24.76519],[121.74485,24.76378],[121.74451,24.76347],[121.74286,24.76271]]}},{"type":"Feature","properties":{"n":"舊城北路","k":5},"geometry":{"type":"LineString","coordinates":[[121.75148,24.76044],[121.75286,24.76055],[121.75329,24.7605],[121.75435,24.76006],[121.75547,24.75938],[121.75675,24.75856],[121.75669,24.75837]]}},{"type":"Feature","properties":{"n":"武營街","k":5},"geometry":{"type":"LineString","coordinates":[[121.7496,24.75718],[121.75241,24.75661]]}},{"type":"Feature","properties":{"n":"西門路","k":5},"geometry":{"type":"LineString","coordinates":[[121.74983,24.76197],[121.74955,24.75951],[121.7488,24.75828]]}},{"type":"Feature","properties":{"n":"西安街","k":5},"geometry":{"type":"LineString","coordinates":[[121.75087,24.7593],[121.75035,24.75704]]}},{"type":"Feature","properties":{"n":"西安街7巷","k":5},"geometry":{"type":"LineString","coordinates":[[121.75046,24.75752],[121.7496,24.75764]]}},{"type":"Feature","properties":{"n":"西安街16巷","k":5},"geometry":{"type":"LineString","coordinates":[[121.75048,24.7576],[121.75108,24.75746]]}},{"type":"Feature","properties":{"n":"西安街4巷","k":5},"geometry":{"type":"LineString","coordinates":[[121.75099,24.75717],[121.75041,24.7573]]}},{"type":"Feature","properties":{"n":"環河路","k":4},"geometry":{"type":"LineString","coordinates":[[121.74983,24.76197],[121.74943,24.76169],[121.74896,24.76124]]}},{"type":"Feature","properties":{"n":"民權路二段","k":2},"geometry":{"type":"LineString","coordinates":[[121.74655,24.75675],[121.74755,24.75625]]}},{"type":"Feature","properties":{"n":"西安街1巷","k":5},"geometry":{"type":"LineString","coordinates":[[121.7496,24.75739],[121.75041,24.7573]]}},{"type":"Feature","properties":{"n":"校舍路","k":4},"geometry":{"type":"LineString","coordinates":[[121.76488,24.75226],[121.75754,24.75014],[121.75728,24.75012],[121.75594,24.75023]]}},{"type":"Feature","properties":{"n":"宜興路一段111巷","k":5},"geometry":{"type":"LineString","coordinates":[[121.75527,24.75148],[121.75619,24.75127]]}},{"type":"Feature","properties":{"n":"林森路","k":4},"geometry":{"type":"LineString","coordinates":[[121.75798,24.75027],[121.75794,24.75043],[121.76028,24.75647],[121.76099,24.75812]]}},{"type":"Feature","properties":{"n":"和睦路團管區巷","k":5},"geometry":{"type":"LineString","coordinates":[[121.7534,24.75115],[121.7551,24.75168],[121.75531,24.75161]]}},{"type":"Feature","properties":{"n":"民權幹道","k":5},"geometry":{"type":"LineString","coordinates":[[121.75841,24.7516],[121.75953,24.75133],[121.75981,24.75118],[121.76003,24.75087]]}},{"type":"Feature","properties":{"n":"民權幹道","k":5},"geometry":{"type":"LineString","coordinates":[[121.76013,24.75089],[121.75997,24.75116],[121.7597,24.75135],[121.75844,24.75169]]}},{"type":"Feature","properties":{"n":"東港路二段","k":2},"geometry":{"type":"LineString","coordinates":[[121.7618,24.75589],[121.76488,24.75226]]}},{"type":"Feature","properties":{"n":"東港路二段","k":2},"geometry":{"type":"LineString","coordinates":[[121.77156,24.75066],[121.76583,24.75185],[121.76523,24.75205],[121.76488,24.75226]]}},{"type":"Feature","properties":{"n":"東港路二段","k":2},"geometry":{"type":"LineString","coordinates":[[121.76488,24.75226],[121.76492,24.75217],[121.7651,24.75203],[121.76576,24.75178],[121.77156,24.75057]]}},{"type":"Feature","properties":{"n":"校舍一路","k":5},"geometry":{"type":"LineString","coordinates":[[121.76233,24.75019],[121.76517,24.75097]]}},{"type":"Feature","properties":{"n":"東港陸橋","k":2},"geometry":{"type":"LineString","coordinates":[[121.75669,24.75837],[121.75953,24.75797],[121.75998,24.75781],[121.76036,24.75752],[121.7618,24.75589]]}},{"type":"Feature","properties":{"n":"東港路二段419巷","k":5},"geometry":{"type":"LineString","coordinates":[[121.76234,24.75523],[121.76203,24.75483]]}},{"type":"Feature","properties":{"n":"陽明二路68巷","k":5},"geometry":{"type":"LineString","coordinates":[[121.76408,24.75018],[121.76368,24.75007]]}},{"type":"Feature","properties":{"n":"東園路","k":5},"geometry":{"type":"LineString","coordinates":[[121.75703,24.76162],[121.75959,24.76099],[121.7601,24.76104]]}},{"type":"Feature","properties":{"n":"舊城東路","k":2},"geometry":{"type":"LineString","coordinates":[[121.75669,24.75837],[121.75557,24.75518]]}},{"type":"Feature","properties":{"n":"宜興橋","k":4},"geometry":{"type":"LineString","coordinates":[[121.76118,24.76635],[121.76134,24.76603],[121.76145,24.76555],[121.76145,24.76492],[121.7614,24.76466],[121.76005,24.76119]]}},{"type":"Feature","properties":{"n":"宜興橋","k":4},"geometry":{"type":"LineString","coordinates":[[121.76014,24.76116],[121.76147,24.76456],[121.76156,24.76507],[121.76155,24.76558],[121.76144,24.76604],[121.76126,24.7664]]}},{"type":"Feature","properties":{"n":"宜興路二段","k":4},"geometry":{"type":"LineString","coordinates":[[121.76005,24.76119],[121.75884,24.75812]]}},{"type":"Feature","properties":{"n":"宜興路二段","k":4},"geometry":{"type":"LineString","coordinates":[[121.75896,24.75811],[121.76014,24.76116]]}},{"type":"Feature","properties":{"n":"力新路","k":5},"geometry":{"type":"LineString","coordinates":[[121.75565,24.76348],[121.75435,24.76006],[121.75378,24.75884],[121.75345,24.75764]]}},{"type":"Feature","properties":{"n":"環河東路","k":5},"geometry":{"type":"LineString","coordinates":[[121.75487,24.76464],[121.75653,24.76429],[121.75785,24.7639],[121.75925,24.76319],[121.76013,24.76255]]}},{"type":"Feature","properties":{"n":"崇聖街","k":5},"geometry":{"type":"LineString","coordinates":[[121.75703,24.76162],[121.75612,24.75895],[121.75537,24.75743],[121.75379,24.75265]]}},{"type":"Feature","properties":{"n":"昇平街","k":5},"geometry":{"type":"LineString","coordinates":[[121.75389,24.75753],[121.75303,24.75432]]}},{"type":"Feature","properties":{"n":"下渡頭大橋（慈安橋）","k":4},"geometry":{"type":"LineString","coordinates":[[121.7646,24.76068],[121.76501,24.76132],[121.76655,24.76486]]}},{"type":"Feature","properties":{"n":"同興街","k":5},"geometry":{"type":"LineString","coordinates":[[121.75396,24.764],[121.75286,24.76055]]}},{"type":"Feature","properties":{"n":"東港路二段","k":5},"geometry":{"type":"LineString","coordinates":[[121.75886,24.758],[121.7595,24.7579],[121.76001,24.75771],[121.76032,24.75744],[121.76152,24.75605],[121.7618,24.75589],[121.76173,24.75611],[121.76017,24.7578],[121.75955,24.75803],[121.7589,24.75812]]}},{"type":"Feature","properties":{"n":"力行路","k":5},"geometry":{"type":"LineString","coordinates":[[121.75367,24.7641],[121.75997,24.76212]]}},{"type":"Feature","properties":{"n":"延平路","k":3},"geometry":{"type":"LineString","coordinates":[[121.7748,24.75774],[121.7743,24.75739],[121.77403,24.75726],[121.76417,24.75521],[121.763,24.75446]]}},{"type":"Feature","properties":{"n":"河濱南路","k":5},"geometry":{"type":"LineString","coordinates":[[121.78692,24.75044],[121.78564,24.75046],[121.7846,24.75038],[121.78386,24.75057],[121.78243,24.75068],[121.78204,24.75087],[121.78016,24.7527],[121.7799,24.75323],[121.7792,24.75601],[121.77832,24.75704],[121.7754,24.75748],[121.77466,24.75776],[121.77001,24.75996],[121.76539,24.76122],[121.76503,24.76149],[121.76491,24.76151],[121.76419,24.76132],[121.76119,24.76117],[121.76103,24.76089]]}},{"type":"Feature","properties":{"n":"聖後街","k":5},"geometry":{"type":"LineString","coordinates":[[121.75295,24.75898],[121.75669,24.75837]]}},{"type":"Feature","properties":{"n":"聖後街","k":5},"geometry":{"type":"LineString","coordinates":[[121.7589,24.75812],[121.75691,24.75841],[121.75669,24.75837]]}},{"type":"Feature","properties":{"n":"聖後街","k":5},"geometry":{"type":"LineString","coordinates":[[121.75669,24.75837],[121.75688,24.75828],[121.75886,24.758]]}},{"type":"Feature","properties":{"n":"小東路","k":5},"geometry":{"type":"LineString","coordinates":[[121.75751,24.76081],[121.75675,24.75856]]}},{"type":"Feature","properties":{"n":"幸福路","k":5},"geometry":{"type":"LineString","coordinates":[[121.75791,24.76011],[121.75734,24.75999],[121.75711,24.76],[121.75352,24.76112]]}},{"type":"Feature","properties":{"n":"新興路48巷","k":5},"geometry":{"type":"LineString","coordinates":[[121.75824,24.75947],[121.75862,24.76006],[121.75898,24.75991]]}},{"type":"Feature","properties":{"n":"舊城北路70巷","k":5},"geometry":{"type":"LineString","coordinates":[[121.75536,24.76054],[121.75491,24.75972]]}},{"type":"Feature","properties":{"n":"慈安路","k":4},"geometry":{"type":"LineString","coordinates":[[121.76099,24.75812],[121.76267,24.75954],[121.76287,24.75967],[121.7641,24.76014],[121.76427,24.76026],[121.7646,24.76068]]}},{"type":"Feature","properties":{"n":"慈安路","k":4},"geometry":{"type":"LineString","coordinates":[[121.76655,24.76486],[121.76672,24.76508],[121.7673,24.76556],[121.76734,24.76566]]}},{"type":"Feature","properties":{"n":"慈安路12巷","k":5},"geometry":{"type":"LineString","coordinates":[[121.76172,24.75876],[121.76215,24.75873],[121.76238,24.75907]]}},{"type":"Feature","properties":{"n":"慈安路","k":5},"geometry":{"type":"LineString","coordinates":[[121.76099,24.75812],[121.7604,24.7576]]}},{"type":"Feature","properties":{"n":"環市東路二段","k":2},"geometry":{"type":"LineString","coordinates":[[121.7715,24.75688],[121.7715,24.75673],[121.77159,24.75663],[121.77192,24.73871],[121.77183,24.73842],[121.7715,24.75673]]}},{"type":"Feature","properties":{"n":"環市東路二段","k":2},"geometry":{"type":"LineString","coordinates":[[121.77139,24.75687],[121.77172,24.73842],[121.77161,24.7387],[121.77159,24.73976],[121.77133,24.7546],[121.77131,24.75657],[121.77139,24.75672]]}},{"type":"Feature","properties":{"n":"縣民大道二段315巷","k":5},"geometry":{"type":"LineString","coordinates":[[121.77361,24.73987],[121.77362,24.73974]]}},{"type":"Feature","properties":{"n":"黎明三路","k":4},"geometry":{"type":"LineString","coordinates":[[121.76888,24.73686],[121.76852,24.74164],[121.76867,24.7419],[121.76893,24.7421],[121.76897,24.74224],[121.76878,24.74454],[121.7682,24.74562],[121.76777,24.75096],[121.76779,24.75146]]}},{"type":"Feature","properties":{"n":"東港路一段","k":2},"geometry":{"type":"LineString","coordinates":[[121.77156,24.75057],[121.77983,24.74879],[121.78252,24.74772],[121.7824,24.74782],[121.77977,24.74891],[121.77156,24.75066]]}},{"type":"Feature","properties":{"n":"縣民大道一段","k":4},"geometry":{"type":"LineString","coordinates":[[121.78136,24.73845],[121.7828,24.73851],[121.79681,24.73942],[121.79749,24.73949],[121.79829,24.73964],[121.79845,24.73983],[121.79824,24.73992],[121.79756,24.7398],[121.79615,24.73967],[121.78524,24.73895],[121.78136,24.73874]]}},{"type":"Feature","properties":{"n":"縣民大道一段","k":3},"geometry":{"type":"LineString","coordinates":[[121.78181,24.73856],[121.79624,24.73948],[121.7972,24.73956],[121.79821,24.73973],[121.79845,24.73983],[121.79691,24.73965],[121.79319,24.73938],[121.78181,24.73867]]}},{"type":"Feature","properties":{"n":"中央大橋","k":4},"geometry":{"type":"LineString","coordinates":[[121.78975,24.75466],[121.78866,24.75261],[121.78783,24.7503],[121.78721,24.74894]]}},{"type":"Feature","properties":{"n":"中央路二段","k":4},"geometry":{"type":"LineString","coordinates":[[121.78721,24.74894],[121.78599,24.74627],[121.78609,24.74453],[121.78654,24.73896]]}},{"type":"Feature","properties":{"n":"壯五路","k":2},"geometry":{"type":"LineString","coordinates":[[121.79287,24.74338],[121.78252,24.74772]]}},{"type":"Feature","properties":{"n":"壯志路","k":5},"geometry":{"type":"LineString","coordinates":[[121.78492,24.74672],[121.7853,24.74741],[121.78536,24.74743],[121.78634,24.74703]]}},{"type":"Feature","properties":{"n":"富祥路","k":5},"geometry":{"type":"LineString","coordinates":[[121.7871,24.7487],[121.79465,24.74865],[121.79499,24.74851],[121.79753,24.74149]]}},{"type":"Feature","properties":{"n":"壯五路255巷","k":5},"geometry":{"type":"LineString","coordinates":[[121.78477,24.74529],[121.78599,24.74627]]}},{"type":"Feature","properties":{"n":"中央路二段355巷","k":5},"geometry":{"type":"LineString","coordinates":[[121.78524,24.74872],[121.7871,24.7487]]}},{"type":"Feature","properties":{"n":"東港路一段186巷12弄","k":5},"geometry":{"type":"LineString","coordinates":[[121.78304,24.74874],[121.78524,24.74872]]}},{"type":"Feature","properties":{"n":"東港路一段186巷15弄","k":5},"geometry":{"type":"LineString","coordinates":[[121.78228,24.74875],[121.78304,24.74874]]}},{"type":"Feature","properties":{"n":"莊敬路","k":5},"geometry":{"type":"LineString","coordinates":[[121.78568,24.74795],[121.7866,24.74758]]}},{"type":"Feature","properties":{"n":"延平路56巷","k":5},"geometry":{"type":"LineString","coordinates":[[121.76717,24.75581],[121.76772,24.75377]]}},{"type":"Feature","properties":{"n":"東港路二段155巷","k":5},"geometry":{"type":"LineString","coordinates":[[121.76686,24.75156],[121.76697,24.75068]]}},{"type":"Feature","properties":{"n":"黎明三路一段","k":5},"geometry":{"type":"LineString","coordinates":[[121.76779,24.75146],[121.76799,24.75255],[121.76774,24.75352]]}},{"type":"Feature","properties":{"n":"黎明三路一段18巷","k":5},"geometry":{"type":"LineString","coordinates":[[121.76872,24.75163],[121.76785,24.75181]]}},{"type":"Feature","properties":{"n":"東港路二段110巷","k":5},"geometry":{"type":"LineString","coordinates":[[121.76936,24.75207],[121.7683,24.75135],[121.76828,24.75126]]}},{"type":"Feature","properties":{"n":"七張橋","k":3},"geometry":{"type":"LineString","coordinates":[[121.77917,24.76146],[121.77899,24.76113],[121.77848,24.7606],[121.7748,24.75774]]}},{"type":"Feature","properties":{"n":"黎霧橋","k":2},"geometry":{"type":"LineString","coordinates":[[121.7715,24.75688],[121.77135,24.76411]]}},{"type":"Feature","properties":{"n":"黎霧橋","k":2},"geometry":{"type":"LineString","coordinates":[[121.77124,24.7641],[121.77139,24.75687]]}},{"type":"Feature","properties":{"n":"延平一路","k":4},"geometry":{"type":"LineString","coordinates":[[121.77417,24.75731],[121.77365,24.75012]]}},{"type":"Feature","properties":{"n":"七張路","k":4},"geometry":{"type":"LineString","coordinates":[[121.78624,24.75448],[121.78421,24.75817],[121.78074,24.76068],[121.777,24.76254],[121.76734,24.76566]]}},{"type":"Feature","properties":{"n":"延平路39巷","k":5},"geometry":{"type":"LineString","coordinates":[[121.76701,24.7564],[121.76717,24.75581]]}},{"type":"Feature","properties":{"n":"慈安路80巷","k":5},"geometry":{"type":"LineString","coordinates":[[121.76609,24.76003],[121.76628,24.75935]]}},{"type":"Feature","properties":{"n":"壯六路","k":4},"geometry":{"type":"LineString","coordinates":[[121.81603,24.74906],[121.81423,24.74901],[121.7959,24.75206],[121.79541,24.75211],[121.79457,24.75234],[121.79361,24.75252],[121.792,24.75253],[121.79047,24.75244],[121.78913,24.75257],[121.7886,24.75271],[121.78746,24.75333],[121.78698,24.75371],[121.78624,24.75448]]}},{"type":"Feature","properties":{"n":"慈雲路","k":3},"geometry":{"type":"LineString","coordinates":[[121.78018,24.76469],[121.77917,24.76146]]}},{"type":"Feature","properties":{"n":"忠義路","k":4},"geometry":{"type":"LineString","coordinates":[[121.78569,24.76392],[121.78258,24.76295],[121.7793,24.76182]]}},{"type":"Feature","properties":{"n":"中央路三段","k":4},"geometry":{"type":"LineString","coordinates":[[121.79819,24.77102],[121.79818,24.77013],[121.79317,24.76093],[121.79261,24.75983],[121.78975,24.75466]]}},{"type":"Feature","properties":{"n":"永樂路","k":5},"geometry":{"type":"LineString","coordinates":[[121.78139,24.76021],[121.78157,24.76041]]}},{"type":"Feature","properties":{"n":"新南路","k":4},"geometry":{"type":"LineString","coordinates":[[121.80159,24.72576],[121.80139,24.72497],[121.80077,24.72297],[121.79957,24.7193]]}},{"type":"Feature","properties":{"n":"新南路","k":4},"geometry":{"type":"LineString","coordinates":[[121.80207,24.72757],[121.80171,24.72625]]}},{"type":"Feature","properties":{"n":"新南路","k":4},"geometry":{"type":"LineString","coordinates":[[121.81344,24.7242],[121.80584,24.72923],[121.80375,24.73067],[121.80216,24.72772]]}},{"type":"Feature","properties":{"n":"新南路","k":4},"geometry":{"type":"LineString","coordinates":[[121.8209,24.72373],[121.82032,24.72373]]}},{"type":"Feature","properties":{"n":"新南路","k":5},"geometry":{"type":"LineString","coordinates":[[121.80077,24.72297],[121.80777,24.72115]]}},{"type":"Feature","properties":{"n":"新南路","k":5},"geometry":{"type":"LineString","coordinates":[[121.81837,24.72362],[121.82016,24.72364],[121.8209,24.72373],[121.8203,24.7238],[121.81828,24.72378]]}},{"type":"Feature","properties":{"n":"美福路一段","k":4},"geometry":{"type":"LineString","coordinates":[[121.79379,24.7231],[121.79604,24.72287],[121.79678,24.72284],[121.79934,24.72292],[121.80072,24.72284]]}},{"type":"Feature","properties":{"n":"新南路二段","k":4},"geometry":{"type":"LineString","coordinates":[[121.79323,24.71898],[121.79576,24.71896],[121.79695,24.71903],[121.80029,24.71935],[121.80242,24.71931],[121.80515,24.71905],[121.80704,24.71869]]}},{"type":"Feature","properties":{"n":"新南路二段230巷5弄","k":5},"geometry":{"type":"LineString","coordinates":[[121.7946,24.71966],[121.79396,24.71977]]}},{"type":"Feature","properties":{"n":"新南三路50巷","k":5},"geometry":{"type":"LineString","coordinates":[[121.79384,24.72042],[121.79346,24.72051]]}},{"type":"Feature","properties":{"n":"新南三路52巷","k":5},"geometry":{"type":"LineString","coordinates":[[121.79357,24.72086],[121.79397,24.72077]]}},{"type":"Feature","properties":{"n":"新南三路33巷","k":5},"geometry":{"type":"LineString","coordinates":[[121.79345,24.72027],[121.79255,24.72049]]}},{"type":"Feature","properties":{"n":"壯濱路三段","k":2},"geometry":{"type":"LineString","coordinates":[[121.81603,24.74906],[121.81592,24.75242],[121.81562,24.75604],[121.81563,24.75742],[121.81558,24.75834],[121.81569,24.76148],[121.81595,24.76242],[121.81599,24.76274],[121.81585,24.76392]]}},{"type":"Feature","properties":{"n":"壯濱路三段","k":2},"geometry":{"type":"LineString","coordinates":[[121.81576,24.76392],[121.81589,24.76273],[121.81583,24.76232],[121.8156,24.76147],[121.81556,24.75961],[121.81548,24.75834],[121.81555,24.75742],[121.81554,24.75583],[121.81578,24.75326],[121.81595,24.74906]]}},{"type":"Feature","properties":{"n":"新南路一段","k":4},"geometry":{"type":"LineString","coordinates":[[121.80704,24.71869],[121.80952,24.71809],[121.81306,24.71749],[121.81414,24.71735],[121.81766,24.71725],[121.82127,24.71701],[121.82267,24.71679],[121.82328,24.7165]]}},{"type":"Feature","properties":{"n":"壯濱路一段1巷","k":5},"geometry":{"type":"LineString","coordinates":[[121.81828,24.72378],[121.8194,24.7219],[121.81987,24.72145],[121.82038,24.7211],[121.82059,24.72103]]}},{"type":"Feature","properties":{"n":"四結仔尾橋","k":5},"geometry":{"type":"LineString","coordinates":[[121.80866,24.724],[121.80846,24.72337]]}},{"type":"Feature","properties":{"n":"霧罕路","k":5},"geometry":{"type":"LineString","coordinates":[[121.80846,24.72337],[121.80704,24.71869]]}},{"type":"Feature","properties":{"n":"霧罕路","k":5},"geometry":{"type":"LineString","coordinates":[[121.80866,24.724],[121.80896,24.72454],[121.80921,24.72473],[121.80981,24.7249],[121.81065,24.72481],[121.81237,24.72438],[121.81344,24.7242]]}},{"type":"Feature","properties":{"n":"新興橋","k":4},"geometry":{"type":"LineString","coordinates":[[121.80216,24.72772],[121.80207,24.72757]]}},{"type":"Feature","properties":{"n":"新南橋","k":4},"geometry":{"type":"LineString","coordinates":[[121.80171,24.72625],[121.80159,24.72576]]}},{"type":"Feature","properties":{"n":"古結路","k":2},"geometry":{"type":"LineString","coordinates":[[121.80086,24.7356],[121.79762,24.74124],[121.79744,24.74145],[121.79704,24.74171],[121.79663,24.7419],[121.79621,24.74201]]}},{"type":"Feature","properties":{"n":"古結路","k":2},"geometry":{"type":"LineString","coordinates":[[121.79621,24.74201],[121.79717,24.74148],[121.79749,24.74119],[121.79764,24.74098],[121.80074,24.73554],[121.80088,24.7354]]}},{"type":"Feature","properties":{"n":"古結路","k":2},"geometry":{"type":"LineString","coordinates":[[121.79621,24.74201],[121.79287,24.74338]]}},{"type":"Feature","properties":{"n":"壯圍大橋","k":2},"geometry":{"type":"LineString","coordinates":[[121.80886,24.73564],[121.80801,24.73565],[121.80146,24.73546]]}},{"type":"Feature","properties":{"n":"壯圍大橋","k":2},"geometry":{"type":"LineString","coordinates":[[121.80146,24.73539],[121.80886,24.7356]]}},{"type":"Feature","properties":{"n":"紅葉路","k":2},"geometry":{"type":"LineString","coordinates":[[121.80088,24.7354],[121.80146,24.73539]]}},{"type":"Feature","properties":{"n":"紅葉路","k":2},"geometry":{"type":"LineString","coordinates":[[121.80146,24.73546],[121.80098,24.73553],[121.80086,24.7356]]}},{"type":"Feature","properties":{"n":"紅葉路","k":2},"geometry":{"type":"LineString","coordinates":[[121.81198,24.73561],[121.80951,24.73561]]}},{"type":"Feature","properties":{"n":"紅葉路","k":2},"geometry":{"type":"LineString","coordinates":[[121.80951,24.73561],[121.80886,24.73564]]}},{"type":"Feature","properties":{"n":"紅葉路","k":2},"geometry":{"type":"LineString","coordinates":[[121.80886,24.7356],[121.80951,24.73561]]}},{"type":"Feature","properties":{"n":"紅葉路","k":2},"geometry":{"type":"LineString","coordinates":[[121.8183,24.73561],[121.81207,24.73561]]}},{"type":"Feature","properties":{"n":"古結路","k":4},"geometry":{"type":"LineString","coordinates":[[121.80375,24.73067],[121.80359,24.73078],[121.80319,24.73139],[121.80088,24.7354]]}},{"type":"Feature","properties":{"n":"壯濱路二段115巷","k":5},"geometry":{"type":"LineString","coordinates":[[121.81701,24.73984],[121.81687,24.73961],[121.81689,24.73922],[121.81716,24.73645],[121.81739,24.73561]]}},{"type":"Feature","properties":{"n":"壯濱路二段49巷","k":5},"geometry":{"type":"LineString","coordinates":[[121.81739,24.73561],[121.81785,24.73515],[121.81837,24.73349],[121.81851,24.7335]]}},{"type":"Feature","properties":{"n":"紅葉路","k":4},"geometry":{"type":"LineString","coordinates":[[121.80656,24.74471],[121.80692,24.73568]]}},{"type":"Feature","properties":{"n":"貓里霧罕橋","k":4},"geometry":{"type":"LineString","coordinates":[[121.82032,24.72373],[121.81577,24.72369],[121.81344,24.7242]]}},{"type":"Feature","properties":{"n":"壯濱路二段","k":2},"geometry":{"type":"LineString","coordinates":[[121.81595,24.74906],[121.81619,24.74752],[121.81677,24.74043],[121.81694,24.73973],[121.8181,24.73605],[121.81828,24.73509],[121.81846,24.73308],[121.81925,24.7302]]}},{"type":"Feature","properties":{"n":"壯濱路二段","k":2},"geometry":{"type":"LineString","coordinates":[[121.81935,24.73022],[121.81855,24.73313],[121.81843,24.73459],[121.8183,24.73561],[121.8182,24.73605],[121.81701,24.73984],[121.81688,24.74042],[121.81678,24.74123],[121.81625,24.74776],[121.81603,24.74906]]}},{"type":"Feature","properties":{"n":"壯東橋","k":2},"geometry":{"type":"LineString","coordinates":[[121.81207,24.73561],[121.81198,24.73561]]}},{"type":"Feature","properties":{"n":"廍後路","k":5},"geometry":{"type":"LineString","coordinates":[[121.82747,24.71746],[121.82733,24.71784],[121.82696,24.71835],[121.82674,24.71939],[121.82626,24.72033],[121.82549,24.72133],[121.82522,24.72183],[121.82515,24.72211],[121.82468,24.72292],[121.82396,24.72349],[121.82376,24.72421],[121.82264,24.72627],[121.82253,24.72708]]}},{"type":"Feature","properties":{"n":"壯濱路一段2巷","k":5},"geometry":{"type":"LineString","coordinates":[[121.82078,24.72097],[121.82674,24.71939]]}},{"type":"Feature","properties":{"n":"壯濱路一段","k":5},"geometry":{"type":"LineString","coordinates":[[121.82078,24.72097],[121.82095,24.72353],[121.8209,24.72373],[121.82079,24.72353],[121.82059,24.72103]]}},{"type":"Feature","properties":{"n":"壯濱路一段110巷","k":5},"geometry":{"type":"LineString","coordinates":[[121.82104,24.72677],[121.82253,24.72708]]}},{"type":"Feature","properties":{"n":"壯濱路一段","k":2},"geometry":{"type":"LineString","coordinates":[[121.81925,24.7302],[121.81943,24.72965],[121.81961,24.72928],[121.82059,24.72801],[121.82079,24.72769],[121.82094,24.72731],[121.82105,24.72649],[121.82086,24.72394],[121.8209,24.72373],[121.82095,24.72395],[121.82115,24.72653],[121.82104,24.72731],[121.82076,24.72794],[121.81966,24.72939],[121.81935,24.73022]]}},{"type":"Feature","properties":{"n":"壯濱路二段196巷","k":5},"geometry":{"type":"LineString","coordinates":[[121.81745,24.73844],[121.81921,24.73852]]}},{"type":"Feature","properties":{"n":"壯六二路","k":4},"geometry":{"type":"LineString","coordinates":[[121.80621,24.75262],[121.80656,24.74471]]}},{"type":"Feature","properties":{"n":"順和二路","k":4},"geometry":{"type":"LineString","coordinates":[[121.80548,24.77055],[121.80606,24.75604],[121.80619,24.75558],[121.80611,24.755],[121.80621,24.75262]]}},{"type":"Feature","properties":{"n":"開興路","k":5},"geometry":{"type":"LineString","coordinates":[[121.81116,24.75786],[121.81427,24.75796]]}},{"type":"Feature","properties":{"n":"壯濱路三段261巷","k":5},"geometry":{"type":"LineString","coordinates":[[121.81427,24.75796],[121.81491,24.75799],[121.815,24.75834],[121.81548,24.75834]]}},{"type":"Feature","properties":{"n":"永春路","k":4},"geometry":{"type":"LineString","coordinates":[[121.84596,24.57671],[121.84621,24.5774],[121.84626,24.57789],[121.84621,24.57948],[121.84607,24.58146],[121.84618,24.58281],[121.84629,24.58316],[121.84655,24.58363],[121.84747,24.58582],[121.84811,24.58717],[121.84921,24.58844],[121.85093,24.59028],[121.8514,24.59101],[121.85156,24.59112]]}},{"type":"Feature","properties":{"n":"白米高架橋","k":2},"geometry":{"type":"LineString","coordinates":[[121.84935,24.58973],[121.84946,24.5891],[121.84945,24.58852],[121.84937,24.58815],[121.84872,24.58616],[121.84859,24.58551],[121.84859,24.58358],[121.84846,24.5821],[121.84836,24.58161],[121.84806,24.58056],[121.8478,24.57994],[121.84765,24.57961],[121.84664,24.5779],[121.84634,24.577],[121.84632,24.57639],[121.84638,24.57571],[121.84664,24.575],[121.8472,24.57382],[121.8475,24.57295],[121.84773,24.57164],[121.84775,24.57095]]}},{"type":"Feature","properties":{"n":"白米高架橋","k":2},"geometry":{"type":"LineString","coordinates":[[121.84782,24.57095],[121.84778,24.57177],[121.84758,24.57287],[121.84726,24.57384],[121.84655,24.57541],[121.8464,24.57607],[121.84638,24.57665],[121.84653,24.57736],[121.84673,24.57788],[121.84771,24.57959],[121.84801,24.58021],[121.84844,24.58159],[121.84864,24.58292],[121.84864,24.58515],[121.84868,24.58551],[121.84879,24.58614],[121.84954,24.58852],[121.84954,24.58912],[121.84942,24.58975]]}},{"type":"Feature","properties":{"n":"白米路","k":5},"geometry":{"type":"LineString","coordinates":[[121.84942,24.58866],[121.84934,24.58818],[121.84869,24.58616],[121.84856,24.58552],[121.84852,24.58292],[121.84832,24.5816],[121.84803,24.58056],[121.84764,24.57968],[121.84662,24.57792],[121.84627,24.5768],[121.84618,24.57672],[121.84596,24.57671]]}},{"type":"Feature","properties":{"n":"油庫一號橋","k":5},"geometry":{"type":"LineString","coordinates":[[121.84928,24.5777],[121.84983,24.57744]]}},{"type":"Feature","properties":{"n":"內埤路","k":5},"geometry":{"type":"LineString","coordinates":[[121.87189,24.57957],[121.86846,24.57714],[121.86803,24.57766],[121.86809,24.57787],[121.86943,24.57882],[121.87002,24.57899],[121.87029,24.57913],[121.8707,24.5797],[121.8707,24.57986],[121.87048,24.58033],[121.86978,24.58158]]}},{"type":"Feature","properties":{"n":"文化巷","k":5},"geometry":{"type":"LineString","coordinates":[[121.86414,24.57998],[121.86426,24.57889],[121.86355,24.57821],[121.86348,24.57822]]}},{"type":"Feature","properties":{"n":"學府路","k":5},"geometry":{"type":"LineString","coordinates":[[121.8684,24.57876],[121.86815,24.5783],[121.86805,24.57818],[121.86773,24.57802],[121.86752,24.57769],[121.86754,24.57744],[121.86773,24.57726],[121.86822,24.57702],[121.86856,24.57625],[121.8689,24.57614],[121.87005,24.57759],[121.86973,24.57782],[121.86942,24.5778]]}},{"type":"Feature","properties":{"n":"學府路","k":5},"geometry":{"type":"LineString","coordinates":[[121.86844,24.57653],[121.86859,24.57671],[121.86846,24.57714]]}},{"type":"Feature","properties":{"n":"學府路105巷","k":5},"geometry":{"type":"LineString","coordinates":[[121.86933,24.57672],[121.869,24.57366]]}},{"type":"Feature","properties":{"n":"造船路39巷","k":5},"geometry":{"type":"LineString","coordinates":[[121.87324,24.57924],[121.87276,24.5794],[121.87237,24.5797]]}},{"type":"Feature","properties":{"n":"蘇南公路","k":5},"geometry":{"type":"LineString","coordinates":[[121.85762,24.59275],[121.85811,24.5918],[121.85828,24.59129],[121.85874,24.59083],[121.85876,24.59065],[121.85854,24.59023],[121.85863,24.5899],[121.85879,24.58963],[121.85928,24.58931],[121.85964,24.58872],[121.8609,24.58824],[121.86216,24.58761],[121.86262,24.58726],[121.86283,24.58681],[121.86286,24.58644],[121.86325,24.58566],[121.86364,24.58516],[121.86419,24.58483],[121.86408,24.58423],[121.86488,24.58351]]}},{"type":"Feature","properties":{"n":"成功路","k":4},"geometry":{"type":"LineString","coordinates":[[121.85156,24.59112],[121.85178,24.59186],[121.8524,24.59322],[121.85317,24.59417]]}},{"type":"Feature","properties":{"n":"功明巷","k":5},"geometry":{"type":"LineString","coordinates":[[121.85316,24.5912],[121.85255,24.59119],[121.8525,24.59128],[121.85241,24.59234],[121.85258,24.59273]]}},{"type":"Feature","properties":{"n":"永光路50巷","k":5},"geometry":{"type":"LineString","coordinates":[[121.85092,24.59289],[121.85076,24.5928],[121.85069,24.59268],[121.8509,24.59233],[121.85091,24.59197],[121.85063,24.59175],[121.85041,24.59199]]}},{"type":"Feature","properties":{"n":"崑明路","k":5},"geometry":{"type":"LineString","coordinates":[[121.85127,24.59077],[121.85101,24.59098],[121.85087,24.59124],[121.85002,24.59196],[121.84982,24.592],[121.84946,24.59188],[121.84939,24.59191],[121.84929,24.59218],[121.84932,24.59226],[121.84959,24.59234],[121.84993,24.59235],[121.85041,24.59199]]}},{"type":"Feature","properties":{"n":"延平路","k":5},"geometry":{"type":"LineString","coordinates":[[121.8517,24.59423],[121.85179,24.5921]]}},{"type":"Feature","properties":{"n":"移山路","k":2},"geometry":{"type":"LineString","coordinates":[[121.85644,24.59627],[121.85658,24.59624],[121.85684,24.59609],[121.85781,24.59527],[121.85809,24.59493],[121.85821,24.59463],[121.85891,24.59182],[121.85922,24.59114],[121.85945,24.59077],[121.86006,24.59005],[121.86275,24.58793],[121.86301,24.58768],[121.86314,24.58741],[121.86341,24.58642],[121.8637,24.58591],[121.86393,24.58562]]}},{"type":"Feature","properties":{"n":"移山路","k":2},"geometry":{"type":"LineString","coordinates":[[121.86393,24.58562],[121.86436,24.58512]]}},{"type":"Feature","properties":{"n":"移山路","k":2},"geometry":{"type":"LineString","coordinates":[[121.86448,24.58519],[121.86393,24.58562]]}},{"type":"Feature","properties":{"n":"蘇澳隧道","k":2},"geometry":{"type":"LineString","coordinates":[[121.84605,24.59372],[121.84608,24.59305],[121.84628,24.59255],[121.84658,24.59212],[121.84697,24.59175]]}},{"type":"Feature","properties":{"n":"蘇澳隧道","k":2},"geometry":{"type":"LineString","coordinates":[[121.84707,24.59184],[121.84669,24.59218],[121.8464,24.59262],[121.84619,24.59325],[121.84619,24.5937]]}},{"type":"Feature","properties":{"n":"光明南巷","k":5},"geometry":{"type":"LineString","coordinates":[[121.85178,24.59186],[121.8522,24.59174],[121.85316,24.59177]]}},{"type":"Feature","properties":{"n":"力行街","k":5},"geometry":{"type":"LineString","coordinates":[[121.86383,24.58198],[121.86407,24.5801],[121.86414,24.57998]]}},{"type":"Feature","properties":{"n":"力行街60巷","k":5},"geometry":{"type":"LineString","coordinates":[[121.86363,24.58005],[121.86407,24.5801]]}},{"type":"Feature","properties":{"n":"天主巷","k":5},"geometry":{"type":"LineString","coordinates":[[121.86355,24.58235],[121.86362,24.58268],[121.86404,24.58326],[121.86407,24.58361],[121.86401,24.58397],[121.86408,24.58423]]}},{"type":"Feature","properties":{"n":"南安路","k":5},"geometry":{"type":"LineString","coordinates":[[121.86355,24.58235],[121.8697,24.58312]]}},{"type":"Feature","properties":{"n":"力行街26巷","k":5},"geometry":{"type":"LineString","coordinates":[[121.86396,24.58113],[121.8635,24.58108]]}},{"type":"Feature","properties":{"n":"江夏路","k":5},"geometry":{"type":"LineString","coordinates":[[121.86436,24.58512],[121.8645,24.58499],[121.86474,24.58456]]}},{"type":"Feature","properties":{"n":"江夏路","k":5},"geometry":{"type":"LineString","coordinates":[[121.86528,24.58132],[121.86515,24.582],[121.86503,24.58212],[121.86496,24.58253],[121.86474,24.58456]]}},{"type":"Feature","properties":{"n":"江夏路","k":5},"geometry":{"type":"LineString","coordinates":[[121.86474,24.58456],[121.86474,24.58474],[121.86448,24.58519],[121.86608,24.58543]]}},{"type":"Feature","properties":{"n":"華山路","k":5},"geometry":{"type":"LineString","coordinates":[[121.86629,24.58125],[121.86641,24.58046],[121.87012,24.58095]]}},{"type":"Feature","properties":{"n":"東勝路","k":5},"geometry":{"type":"LineString","coordinates":[[121.8686,24.58075],[121.86847,24.58152]]}},{"type":"Feature","properties":{"n":"南新路","k":5},"geometry":{"type":"LineString","coordinates":[[121.86931,24.58162],[121.86951,24.58031]]}},{"type":"Feature","properties":{"n":"海邊路","k":5},"geometry":{"type":"LineString","coordinates":[[121.8649,24.58311],[121.86814,24.58347],[121.86916,24.58364]]}},{"type":"Feature","properties":{"n":"跨港路","k":4},"geometry":{"type":"LineString","coordinates":[[121.86436,24.58512],[121.86448,24.58519]]}},{"type":"Feature","properties":{"n":"南安路74巷","k":5},"geometry":{"type":"LineString","coordinates":[[121.86736,24.58338],[121.86729,24.58381]]}},{"type":"Feature","properties":{"n":"跨港路","k":5},"geometry":{"type":"LineString","coordinates":[[121.87192,24.58605],[121.87216,24.5859],[121.8723,24.58558],[121.87134,24.58393],[121.87123,24.58382],[121.87088,24.58374],[121.87054,24.58379],[121.87031,24.58397],[121.87022,24.58424],[121.8703,24.58503],[121.86961,24.58774],[121.86975,24.58821]]}},{"type":"Feature","properties":{"n":"南方澳大橋","k":5},"geometry":{"type":"LineString","coordinates":[[121.86608,24.58543],[121.871,24.58605],[121.87192,24.58605]]}},{"type":"Feature","properties":{"n":"漁港路","k":5},"geometry":{"type":"LineString","coordinates":[[121.86967,24.5827],[121.86378,24.58197],[121.86368,24.58202],[121.86355,24.58235]]}},{"type":"Feature","properties":{"n":"新興巷","k":5},"geometry":{"type":"LineString","coordinates":[[121.84815,24.59485],[121.84842,24.59534],[121.84896,24.59594],[121.84871,24.59661]]}},{"type":"Feature","properties":{"n":"太原路","k":5},"geometry":{"type":"LineString","coordinates":[[121.84933,24.59539],[121.84925,24.59596]]}},{"type":"Feature","properties":{"n":"蘇南路","k":5},"geometry":{"type":"LineString","coordinates":[[121.84508,24.59569],[121.8451,24.59528],[121.84525,24.59521],[121.84933,24.59539]]}},{"type":"Feature","properties":{"n":"蘇南路","k":5},"geometry":{"type":"LineString","coordinates":[[121.85143,24.59548],[121.85337,24.59556]]}},{"type":"Feature","properties":{"n":"冷泉路","k":5},"geometry":{"type":"LineString","coordinates":[[121.85108,24.59606],[121.85106,24.5964],[121.851,24.59642],[121.85085,24.59674]]}},{"type":"Feature","properties":{"n":"冷泉路","k":5},"geometry":{"type":"LineString","coordinates":[[121.84689,24.59873],[121.84685,24.59858],[121.84691,24.59824]]}},{"type":"Feature","properties":{"n":"冷泉路","k":5},"geometry":{"type":"LineString","coordinates":[[121.84696,24.59799],[121.84689,24.59717]]}},{"type":"Feature","properties":{"n":"冷泉路","k":5},"geometry":{"type":"LineString","coordinates":[[121.84689,24.59873],[121.84702,24.5989],[121.84774,24.59933],[121.8479,24.59949]]}},{"type":"Feature","properties":{"n":"冷泉路","k":5},"geometry":{"type":"LineString","coordinates":[[121.84718,24.59926],[121.84686,24.59904],[121.84689,24.59873]]}},{"type":"Feature","properties":{"n":"泉興巷","k":5},"geometry":{"type":"LineString","coordinates":[[121.84871,24.59661],[121.84855,24.59674],[121.84841,24.597],[121.84835,24.59728],[121.84843,24.59737]]}},{"type":"Feature","properties":{"n":"中原路393巷","k":5},"geometry":{"type":"LineString","coordinates":[[121.84726,24.59625],[121.8482,24.59628]]}},{"type":"Feature","properties":{"n":"冷泉路53巷","k":5},"geometry":{"type":"LineString","coordinates":[[121.84655,24.59866],[121.8466,24.59895]]}},{"type":"Feature","properties":{"n":"冷泉路53巷","k":5},"geometry":{"type":"LineString","coordinates":[[121.84655,24.59866],[121.84602,24.59857]]}},{"type":"Feature","properties":{"n":"冷泉路53巷","k":5},"geometry":{"type":"LineString","coordinates":[[121.84691,24.59824],[121.84663,24.59827],[121.84655,24.59866]]}},{"type":"Feature","properties":{"n":"華中街","k":5},"geometry":{"type":"LineString","coordinates":[[121.84926,24.59741],[121.84934,24.59596]]}},{"type":"Feature","properties":{"n":"中原路381巷","k":5},"geometry":{"type":"LineString","coordinates":[[121.84724,24.59658],[121.84834,24.59662],[121.84855,24.59674]]}},{"type":"Feature","properties":{"n":"中原路10巷","k":5},"geometry":{"type":"LineString","coordinates":[[121.84978,24.59634],[121.851,24.59642]]}},{"type":"Feature","properties":{"n":"中原路48巷","k":5},"geometry":{"type":"LineString","coordinates":[[121.85083,24.5971],[121.84976,24.59703]]}},{"type":"Feature","properties":{"n":"新市路","k":5},"geometry":{"type":"LineString","coordinates":[[121.84843,24.59737],[121.85021,24.59747]]}},{"type":"Feature","properties":{"n":"中原路238巷","k":5},"geometry":{"type":"LineString","coordinates":[[121.84729,24.59854],[121.84689,24.59873]]}},{"type":"Feature","properties":{"n":"中原路","k":5},"geometry":{"type":"LineString","coordinates":[[121.84979,24.59599],[121.84958,24.59943],[121.84946,24.59965],[121.84925,24.59969],[121.84884,24.59965],[121.84826,24.59946],[121.84767,24.59903],[121.84745,24.59882],[121.84729,24.59854],[121.84716,24.59816],[121.84726,24.59583]]}},{"type":"Feature","properties":{"n":"蘇港路133巷","k":5},"geometry":{"type":"LineString","coordinates":[[121.85027,24.59407],[121.85046,24.59378],[121.85058,24.59311],[121.85076,24.5928]]}},{"type":"Feature","properties":{"n":"蘇東中路","k":2},"geometry":{"type":"LineString","coordinates":[[121.85429,24.59618],[121.85644,24.59627]]}},{"type":"Feature","properties":{"n":"蘇澳特號陸橋","k":2},"geometry":{"type":"LineString","coordinates":[[121.85535,24.59452],[121.85534,24.59431],[121.85542,24.59415]]}},{"type":"Feature","properties":{"n":"中正路","k":4},"geometry":{"type":"LineString","coordinates":[[121.8534,24.59428],[121.85335,24.59616]]}},{"type":"Feature","properties":{"n":"延平路21巷","k":5},"geometry":{"type":"LineString","coordinates":[[121.85175,24.59258],[121.85117,24.59255]]}},{"type":"Feature","properties":{"n":"中山路一段35巷","k":5},"geometry":{"type":"LineString","coordinates":[[121.85231,24.59611],[121.85233,24.59552]]}},{"type":"Feature","properties":{"n":"勝利路","k":5},"geometry":{"type":"LineString","coordinates":[[121.85222,24.59285],[121.85258,24.59273],[121.85413,24.59275]]}},{"type":"Feature","properties":{"n":"白米橋","k":2},"geometry":{"type":"LineString","coordinates":[[121.85342,24.59616],[121.85403,24.59619]]}},{"type":"Feature","properties":{"n":"六十四號橋","k":2},"geometry":{"type":"LineString","coordinates":[[121.85503,24.59536],[121.8552,24.59519]]}},{"type":"Feature","properties":{"n":"過溪橋","k":2},"geometry":{"type":"LineString","coordinates":[[121.8534,24.59417],[121.85408,24.59419]]}},{"type":"Feature","properties":{"n":"過溪橋","k":2},"geometry":{"type":"LineString","coordinates":[[121.85409,24.5943],[121.8534,24.59428]]}},{"type":"Feature","properties":{"n":"蘇東北路","k":2},"geometry":{"type":"LineString","coordinates":[[121.85628,24.59825],[121.8563,24.59627]]}},{"type":"Feature","properties":{"n":"蘇東北路","k":2},"geometry":{"type":"LineString","coordinates":[[121.85644,24.59627],[121.85637,24.59825]]}},{"type":"Feature","properties":{"n":"蘇東路","k":5},"geometry":{"type":"LineString","coordinates":[[121.85627,24.59561],[121.85517,24.59557],[121.85429,24.59618]]}},{"type":"Feature","properties":{"n":"蘇北路","k":5},"geometry":{"type":"LineString","coordinates":[[121.8523,24.59765],[121.8527,24.59788],[121.85332,24.59787]]}},{"type":"Feature","properties":{"n":"太平路","k":5},"geometry":{"type":"LineString","coordinates":[[121.8514,24.59608],[121.85143,24.59548]]}},{"type":"Feature","properties":{"n":"永安巷","k":5},"geometry":{"type":"LineString","coordinates":[[121.85172,24.59353],[121.8521,24.59354],[121.85249,24.59376],[121.85268,24.59361]]}},{"type":"Feature","properties":{"n":"延平路35巷","k":5},"geometry":{"type":"LineString","coordinates":[[121.85085,24.59303],[121.85174,24.59307]]}},{"type":"Feature","properties":{"n":"延平路41巷","k":5},"geometry":{"type":"LineString","coordinates":[[121.85076,24.5935],[121.85172,24.59353]]}},{"type":"Feature","properties":{"n":"濱海橋","k":2},"geometry":{"type":"LineString","coordinates":[[121.85637,24.59825],[121.85639,24.6]]}},{"type":"Feature","properties":{"n":"蘭陽第二隧道","k":2},"geometry":{"type":"LineString","coordinates":[[121.85547,24.60847],[121.85618,24.60012]]}},{"type":"Feature","properties":{"n":"蘭陽隧道","k":2},"geometry":{"type":"LineString","coordinates":[[121.85639,24.6],[121.85621,24.60427],[121.85582,24.60837]]}},{"type":"Feature","properties":{"n":"新海軍橋","k":5},"geometry":{"type":"LineString","coordinates":[[121.85637,24.59825],[121.85646,24.59836],[121.8566,24.59992]]}},{"type":"Feature","properties":{"n":"蘇東北路","k":5},"geometry":{"type":"LineString","coordinates":[[121.85514,24.59623],[121.85503,24.59961]]}},{"type":"Feature","properties":{"n":"軍港路","k":5},"geometry":{"type":"LineString","coordinates":[[121.85173,24.59744],[121.85215,24.59837],[121.85277,24.59919],[121.85314,24.59997],[121.85347,24.60019],[121.85477,24.60056],[121.856,24.60025],[121.85693,24.59976],[121.85707,24.59975]]}},{"type":"Feature","properties":{"n":"舊海軍橋","k":5},"geometry":{"type":"LineString","coordinates":[[121.85575,24.60029],[121.85623,24.59928]]}},{"type":"Feature","properties":{"n":"造船路","k":5},"geometry":{"type":"LineString","coordinates":[[121.87123,24.58382],[121.87161,24.58317],[121.87195,24.58215],[121.87229,24.58143],[121.87252,24.58044],[121.87237,24.5797]]}},{"type":"Feature","properties":{"n":"港邊路","k":5},"geometry":{"type":"LineString","coordinates":[[121.85607,24.60875],[121.85668,24.60965],[121.85713,24.61046]]}},{"type":"Feature","properties":{"n":"嶺腳路35巷5弄","k":5},"geometry":{"type":"LineString","coordinates":[[121.85386,24.61158],[121.85425,24.61134],[121.85446,24.61153]]}},{"type":"Feature","properties":{"n":"嶺腳路","k":4},"geometry":{"type":"LineString","coordinates":[[121.85171,24.61374],[121.85224,24.61302],[121.85311,24.61257],[121.85468,24.6119],[121.8561,24.61098],[121.85673,24.61063],[121.85863,24.60985],[121.86054,24.60936],[121.86234,24.60918],[121.86288,24.60926]]}},{"type":"Feature","properties":{"n":"嶺腳路","k":5},"geometry":{"type":"LineString","coordinates":[[121.85297,24.61264],[121.85347,24.61352],[121.85391,24.61394],[121.85403,24.61393],[121.85456,24.6136],[121.85514,24.61354],[121.85501,24.61231],[121.85468,24.6119]]}},{"type":"Feature","properties":{"n":"中興橋","k":5},"geometry":{"type":"LineString","coordinates":[[121.8478,24.62064],[121.84773,24.62042]]}},{"type":"Feature","properties":{"n":"港口橋","k":4},"geometry":{"type":"LineString","coordinates":[[121.84625,24.61937],[121.84646,24.6194]]}},{"type":"Feature","properties":{"n":"大業路","k":5},"geometry":{"type":"LineString","coordinates":[[121.84714,24.62656],[121.84628,24.62229],[121.84673,24.62177],[121.84671,24.62141],[121.84644,24.62122],[121.84606,24.62109],[121.84564,24.6193]]}},{"type":"Feature","properties":{"n":"存仁橋","k":4},"geometry":{"type":"LineString","coordinates":[[121.84831,24.62568],[121.84859,24.62547]]}},{"type":"Feature","properties":{"n":"雪山隧道","k":0},"geometry":{"type":"LineString","coordinates":[[121.7915,24.84789],[121.79166,24.84916],[121.79169,24.85043],[121.79156,24.85208],[121.79123,24.85406],[121.7903,24.85688],[121.78898,24.85948],[121.78744,24.86169],[121.78549,24.86407],[121.78198,24.86747],[121.77609,24.87299],[121.77117,24.87769],[121.76875,24.8804],[121.76614,24.88387],[121.7602,24.89249],[121.75829,24.89516],[121.7559,24.89799],[121.75406,24.89992],[121.75227,24.90156],[121.7501,24.90337],[121.74075,24.91054],[121.73412,24.91571],[121.73249,24.9171],[121.7309,24.91866],[121.729,24.92064],[121.72732,24.92265],[121.72543,24.92527],[121.72272,24.92946],[121.7205,24.93279],[121.71967,24.93372],[121.71883,24.93452],[121.71665,24.93643],[121.71556,24.93757],[121.71502,24.93819],[121.71474,24.93862]]}},{"type":"Feature","properties":{"n":"雪山隧道","k":0},"geometry":{"type":"LineString","coordinates":[[121.71444,24.93833],[121.71519,24.93736],[121.71633,24.93615],[121.71852,24.93414],[121.71928,24.93338],[121.72101,24.93095],[121.72494,24.92495],[121.72686,24.92232],[121.72859,24.92028],[121.73054,24.9182],[121.7321,24.91671],[121.73374,24.91528],[121.74976,24.90295],[121.7519,24.90116],[121.75363,24.89957],[121.75556,24.89757],[121.75784,24.89481],[121.75972,24.89222],[121.76572,24.8835],[121.76838,24.87998],[121.77077,24.87734],[121.77572,24.87258],[121.78329,24.86545],[121.78425,24.86461],[121.78588,24.86295],[121.78714,24.86138],[121.78843,24.85965],[121.78988,24.85668],[121.7907,24.85416],[121.79123,24.85147],[121.79125,24.84921],[121.79118,24.84821],[121.79104,24.84776]]}},{"type":"Feature","properties":{"n":"軟埤橋","k":5},"geometry":{"type":"LineString","coordinates":[[121.67693,24.78297],[121.67685,24.78299]]}},{"type":"Feature","properties":{"n":"慶安路","k":4},"geometry":{"type":"LineString","coordinates":[[121.7227,24.76586],[121.72205,24.76611],[121.72148,24.76645],[121.71993,24.76721],[121.71926,24.7677],[121.71889,24.76807],[121.71881,24.76822],[121.71865,24.76833],[121.71413,24.77064],[121.71408,24.77069],[121.71411,24.77111],[121.71349,24.77182],[121.71308,24.77264],[121.70859,24.77739]]}},{"type":"Feature","properties":{"n":"枕山十二路","k":5},"geometry":{"type":"LineString","coordinates":[[121.71295,24.77279],[121.71223,24.77069],[121.71145,24.76981],[121.71041,24.76841]]}},{"type":"Feature","properties":{"n":"慶安二路","k":5},"geometry":{"type":"LineString","coordinates":[[121.70824,24.77749],[121.70726,24.77471],[121.70976,24.77148]]}},{"type":"Feature","properties":{"n":"慶安三路","k":5},"geometry":{"type":"LineString","coordinates":[[121.70758,24.77565],[121.7113,24.77454]]}},{"type":"Feature","properties":{"n":"慶安一路","k":5},"geometry":{"type":"LineString","coordinates":[[121.70725,24.77478],[121.71186,24.77341],[121.71211,24.77368]]}},{"type":"Feature","properties":{"n":"坡城路","k":4},"geometry":{"type":"LineString","coordinates":[[121.70293,24.77886],[121.70256,24.77884],[121.69603,24.78048],[121.69142,24.78308],[121.69137,24.78318],[121.69139,24.78326]]}},{"type":"Feature","properties":{"n":"坡城路","k":4},"geometry":{"type":"LineString","coordinates":[[121.70859,24.77739],[121.70396,24.77877],[121.70337,24.77888],[121.70302,24.77887]]}},{"type":"Feature","properties":{"n":"大礁溪橋","k":5},"geometry":{"type":"LineString","coordinates":[[121.69139,24.78326],[121.69161,24.78433]]}},{"type":"Feature","properties":{"n":"軟埤橋","k":4},"geometry":{"type":"LineString","coordinates":[[121.70302,24.77887],[121.70293,24.77886]]}},{"type":"Feature","properties":{"n":"枕山路一段","k":4},"geometry":{"type":"LineString","coordinates":[[121.71383,24.7632],[121.71462,24.76406],[121.71638,24.76567],[121.71842,24.76739],[121.71889,24.76807]]}},{"type":"Feature","properties":{"n":"同新路420巷","k":5},"geometry":{"type":"LineString","coordinates":[[121.72406,24.76511],[121.72442,24.76592]]}},{"type":"Feature","properties":{"n":"同新路404巷","k":5},"geometry":{"type":"LineString","coordinates":[[121.72455,24.76485],[121.72515,24.76589]]}},{"type":"Feature","properties":{"n":"同新路420巷1弄","k":5},"geometry":{"type":"LineString","coordinates":[[121.7242,24.7654],[121.72363,24.76575],[121.72367,24.76604]]}},{"type":"Feature","properties":{"n":"同新路420巷2弄","k":5},"geometry":{"type":"LineString","coordinates":[[121.72367,24.76604],[121.7243,24.76566]]}},{"type":"Feature","properties":{"n":"山前路85巷","k":5},"geometry":{"type":"LineString","coordinates":[[121.72604,24.76623],[121.72532,24.766],[121.72515,24.76589]]}},{"type":"Feature","properties":{"n":"同新路404巷1弄","k":5},"geometry":{"type":"LineString","coordinates":[[121.72472,24.76512],[121.7242,24.7654]]}},{"type":"Feature","properties":{"n":"同新路404巷2弄","k":5},"geometry":{"type":"LineString","coordinates":[[121.72472,24.76512],[121.72515,24.76488]]}},{"type":"Feature","properties":{"n":"山前路","k":5},"geometry":{"type":"LineString","coordinates":[[121.72816,24.76409],[121.7278,24.76427],[121.72743,24.76487],[121.72702,24.765],[121.72665,24.76542],[121.72637,24.76561],[121.72552,24.76708],[121.72461,24.76762],[121.72487,24.76815],[121.72546,24.76885],[121.7255,24.76901],[121.72515,24.76927],[121.72458,24.76956],[121.72449,24.76969],[121.72448,24.76977],[121.7247,24.77011],[121.72504,24.7705],[121.72502,24.77093],[121.72336,24.77206]]}},{"type":"Feature","properties":{"n":"枕山路二段","k":4},"geometry":{"type":"LineString","coordinates":[[121.71889,24.76807],[121.71904,24.7697],[121.71905,24.77074],[121.72016,24.77248],[121.7207,24.77362],[121.72126,24.77443],[121.72197,24.77597],[121.7227,24.77689]]}},{"type":"Feature","properties":{"n":"蘭城路","k":5},"geometry":{"type":"LineString","coordinates":[[121.73034,24.77256],[121.72885,24.77365],[121.7266,24.77516],[121.72585,24.7755]]}},{"type":"Feature","properties":{"n":"蘭城路","k":5},"geometry":{"type":"LineString","coordinates":[[121.73121,24.77118],[121.73093,24.77075],[121.73051,24.77039],[121.7303,24.76988],[121.73002,24.76947],[121.73025,24.76932],[121.73024,24.76921],[121.7298,24.76893],[121.72932,24.76839],[121.72919,24.76781],[121.72896,24.7675],[121.7286,24.76663],[121.72879,24.76578],[121.72959,24.76505],[121.72978,24.76456]]}},{"type":"Feature","properties":{"n":"蘭城路","k":5},"geometry":{"type":"LineString","coordinates":[[121.73121,24.77118],[121.73078,24.772],[121.73075,24.77227],[121.73034,24.77256]]}},{"type":"Feature","properties":{"n":"蘭城路","k":5},"geometry":{"type":"LineString","coordinates":[[121.73106,24.77347],[121.73034,24.77256]]}},{"type":"Feature","properties":{"n":"蘭城路","k":5},"geometry":{"type":"LineString","coordinates":[[121.73283,24.77201],[121.73236,24.77164],[121.73182,24.77132],[121.73121,24.77118]]}},{"type":"Feature","properties":{"n":"蘭城路","k":5},"geometry":{"type":"LineString","coordinates":[[121.73034,24.77256],[121.72925,24.77115]]}},{"type":"Feature","properties":{"n":"蘭城五路","k":5},"geometry":{"type":"LineString","coordinates":[[121.7298,24.76893],[121.72829,24.76996],[121.72791,24.77036],[121.72531,24.77208]]}},{"type":"Feature","properties":{"n":"山前路200巷","k":5},"geometry":{"type":"LineString","coordinates":[[121.72614,24.77313],[121.72462,24.77125]]}},{"type":"Feature","properties":{"n":"永同路一段","k":2},"geometry":{"type":"LineString","coordinates":[[121.73089,24.76432],[121.73106,24.76427]]}},{"type":"Feature","properties":{"n":"永同路一段","k":2},"geometry":{"type":"LineString","coordinates":[[121.73107,24.76434],[121.73089,24.76432]]}},{"type":"Feature","properties":{"n":"永同路一段","k":2},"geometry":{"type":"LineString","coordinates":[[121.73089,24.76432],[121.72978,24.76456],[121.72905,24.76431],[121.72831,24.76417],[121.72771,24.76383],[121.72731,24.76372]]}},{"type":"Feature","properties":{"n":"蘭城路31巷","k":5},"geometry":{"type":"LineString","coordinates":[[121.72963,24.76876],[121.72894,24.76927]]}},{"type":"Feature","properties":{"n":"蘭城三路","k":5},"geometry":{"type":"LineString","coordinates":[[121.7294,24.7685],[121.72917,24.76869],[121.7292,24.76887]]}},{"type":"Feature","properties":{"n":"雪峰路23巷","k":5},"geometry":{"type":"LineString","coordinates":[[121.73658,24.76365],[121.73511,24.76489]]}},{"type":"Feature","properties":{"n":"慈航路","k":4},"geometry":{"type":"LineString","coordinates":[[121.74653,24.76444],[121.74453,24.76593],[121.74254,24.76751],[121.74154,24.76823],[121.73605,24.7725],[121.73469,24.77345],[121.7345,24.77369],[121.7341,24.77402],[121.7339,24.77431],[121.73382,24.77468],[121.73381,24.77542]]}},{"type":"Feature","properties":{"n":"梅洲一路","k":4},"geometry":{"type":"LineString","coordinates":[[121.73379,24.77521],[121.73422,24.77554],[121.73505,24.77593],[121.73514,24.77602]]}},{"type":"Feature","properties":{"n":"梅洲一路","k":4},"geometry":{"type":"LineString","coordinates":[[121.73514,24.77602],[121.73499,24.77603],[121.73428,24.77572],[121.73381,24.77542]]}},{"type":"Feature","properties":{"n":"梅洲一路","k":4},"geometry":{"type":"LineString","coordinates":[[121.74098,24.77926],[121.73857,24.77751],[121.73514,24.77602]]}},{"type":"Feature","properties":{"n":"水源路69巷","k":5},"geometry":{"type":"LineString","coordinates":[[121.74178,24.77439],[121.74035,24.77565],[121.74003,24.77595],[121.7398,24.77631],[121.73916,24.77684],[121.73916,24.77691],[121.73994,24.77769],[121.73983,24.77794],[121.73955,24.77821]]}},{"type":"Feature","properties":{"n":"水源路35巷","k":5},"geometry":{"type":"LineString","coordinates":[[121.74073,24.77334],[121.7377,24.77584]]}},{"type":"Feature","properties":{"n":"雪峰二路","k":5},"geometry":{"type":"LineString","coordinates":[[121.74093,24.7722],[121.74064,24.77196],[121.74001,24.77173],[121.73964,24.77131],[121.739,24.77165],[121.73294,24.76552]]}},{"type":"Feature","properties":{"n":"雪峰一路","k":5},"geometry":{"type":"LineString","coordinates":[[121.74577,24.77563],[121.74235,24.77222],[121.74229,24.77213],[121.74236,24.77209],[121.74238,24.77194],[121.74265,24.77172],[121.74264,24.77167],[121.74205,24.77132],[121.74169,24.77154],[121.73404,24.76382]]}},{"type":"Feature","properties":{"n":"富農路460巷","k":5},"geometry":{"type":"LineString","coordinates":[[121.73997,24.77532],[121.73865,24.77398],[121.73856,24.77392],[121.73831,24.7741],[121.73825,24.77405],[121.73809,24.77388],[121.7383,24.77369],[121.73805,24.77345],[121.73792,24.77343],[121.73778,24.7735],[121.73633,24.7746],[121.73602,24.77436]]}},{"type":"Feature","properties":{"n":"富農路462巷","k":5},"geometry":{"type":"LineString","coordinates":[[121.73799,24.77725],[121.73853,24.77668],[121.73642,24.77455]]}},{"type":"Feature","properties":{"n":"富農路480巷","k":5},"geometry":{"type":"LineString","coordinates":[[121.73714,24.77633],[121.73556,24.77474]]}},{"type":"Feature","properties":{"n":"蘭城橋","k":5},"geometry":{"type":"LineString","coordinates":[[121.73454,24.77576],[121.73418,24.77558],[121.73106,24.77347]]}},{"type":"Feature","properties":{"n":"雪峰三路","k":5},"geometry":{"type":"LineString","coordinates":[[121.73404,24.76382],[121.7334,24.76451],[121.73309,24.76506],[121.73294,24.76552],[121.73288,24.76602],[121.73292,24.76648],[121.73308,24.76685],[121.73413,24.76837],[121.73447,24.76896],[121.73478,24.76993],[121.73491,24.77126],[121.73491,24.77224],[121.73486,24.77288],[121.73469,24.77345]]}},{"type":"Feature","properties":{"n":"蘭城一路","k":5},"geometry":{"type":"LineString","coordinates":[[121.72728,24.76981],[121.72826,24.769],[121.72919,24.76781]]}},{"type":"Feature","properties":{"n":"蘭城一路30巷","k":5},"geometry":{"type":"LineString","coordinates":[[121.72849,24.76873],[121.72908,24.76945]]}},{"type":"Feature","properties":{"n":"富農路","k":5},"geometry":{"type":"LineString","coordinates":[[121.73446,24.77566],[121.73602,24.77436],[121.73876,24.77232],[121.74298,24.77208],[121.74313,24.77201],[121.74335,24.77164],[121.74397,24.77101],[121.74858,24.76721],[121.74933,24.76646],[121.7504,24.76557]]}},{"type":"Feature","properties":{"n":"蘭城十路","k":5},"geometry":{"type":"LineString","coordinates":[[121.72706,24.76958],[121.72865,24.7715]]}},{"type":"Feature","properties":{"n":"蘭城九路","k":5},"geometry":{"type":"LineString","coordinates":[[121.72925,24.77115],[121.73051,24.77039]]}},{"type":"Feature","properties":{"n":"蘭城七路","k":5},"geometry":{"type":"LineString","coordinates":[[121.73002,24.76947],[121.72862,24.77035]]}},{"type":"Feature","properties":{"n":"蘭城八路","k":5},"geometry":{"type":"LineString","coordinates":[[121.72784,24.76938],[121.72925,24.77115]]}},{"type":"Feature","properties":{"n":"蘭城二路","k":5},"geometry":{"type":"LineString","coordinates":[[121.72897,24.76952],[121.72994,24.77073]]}},{"type":"Feature","properties":{"n":"慈航路385巷","k":5},"geometry":{"type":"LineString","coordinates":[[121.73661,24.77207],[121.73577,24.77122],[121.73492,24.77181]]}},{"type":"Feature","properties":{"n":"慈航路500巷","k":5},"geometry":{"type":"LineString","coordinates":[[121.73556,24.77474],[121.7345,24.77369]]}},{"type":"Feature","properties":{"n":"枕山路","k":4},"geometry":{"type":"LineString","coordinates":[[121.7245,24.78143],[121.72436,24.78122],[121.72391,24.78]]}},{"type":"Feature","properties":{"n":"剌仔崙橋","k":4},"geometry":{"type":"LineString","coordinates":[[121.72391,24.78],[121.7227,24.77689]]}},{"type":"Feature","properties":{"n":"梅洲二路","k":4},"geometry":{"type":"LineString","coordinates":[[121.72931,24.78108],[121.7263,24.78147],[121.72523,24.78149],[121.7245,24.78143]]}},{"type":"Feature","properties":{"n":"梅洲二路","k":4},"geometry":{"type":"LineString","coordinates":[[121.74034,24.78001],[121.7397,24.78011],[121.73061,24.78099]]}},{"type":"Feature","properties":{"n":"結龍橋","k":4},"geometry":{"type":"LineString","coordinates":[[121.73061,24.78099],[121.72931,24.78108]]}},{"type":"Feature","properties":{"n":"大坡路二段","k":4},"geometry":{"type":"LineString","coordinates":[[121.74034,24.78001],[121.73899,24.78138],[121.73855,24.78177],[121.73793,24.78259],[121.73739,24.78317]]}},{"type":"Feature","properties":{"n":"漳福路","k":4},"geometry":{"type":"LineString","coordinates":[[121.73739,24.78317],[121.74142,24.78711],[121.73983,24.79083],[121.73972,24.79121],[121.73971,24.79176],[121.73973,24.79201],[121.73983,24.79208]]}},{"type":"Feature","properties":{"n":"匏杓崙路","k":5},"geometry":{"type":"LineString","coordinates":[[121.73739,24.78317],[121.73577,24.78532],[121.73538,24.7868],[121.73491,24.78771],[121.73384,24.7892],[121.73358,24.78974],[121.73244,24.7915],[121.7322,24.79199],[121.73051,24.79374],[121.72921,24.79498],[121.72831,24.79542],[121.72793,24.79578],[121.72725,24.796],[121.72709,24.79602],[121.72634,24.79536],[121.72616,24.79528],[121.7259,24.79548],[121.72515,24.79581],[121.72424,24.79607],[121.72392,24.79604],[121.72353,24.79614]]}},{"type":"Feature","properties":{"n":"匏杓崙路","k":5},"geometry":{"type":"LineString","coordinates":[[121.70087,24.80632],[121.70088,24.80649],[121.70074,24.80682],[121.70075,24.80694],[121.70085,24.80716],[121.70119,24.80757],[121.70164,24.80796],[121.70198,24.80793],[121.70269,24.80825],[121.70304,24.8085],[121.70334,24.80923],[121.70326,24.81028],[121.70332,24.8104]]}},{"type":"Feature","properties":{"n":"匏杓崙路","k":5},"geometry":{"type":"LineString","coordinates":[[121.71442,24.80501],[121.71357,24.80537],[121.71201,24.80557],[121.70696,24.80505],[121.70612,24.80508],[121.705,24.80538],[121.70397,24.80577],[121.70337,24.8059],[121.70142,24.80585],[121.70109,24.80597],[121.70093,24.80619]]}},{"type":"Feature","properties":{"n":"匏杓崙路","k":5},"geometry":{"type":"LineString","coordinates":[[121.70343,24.81051],[121.70365,24.8106],[121.70352,24.81112],[121.70337,24.81117],[121.70262,24.8121],[121.7027,24.81227],[121.70267,24.81237],[121.70226,24.81267],[121.70175,24.8128],[121.70149,24.81273],[121.70116,24.81254],[121.70099,24.81266],[121.70085,24.81294],[121.70065,24.81289],[121.70062,24.8128],[121.70076,24.8124],[121.70091,24.8122],[121.70166,24.81191],[121.70167,24.81179],[121.70112,24.8114]]}},{"type":"Feature","properties":{"n":"匏杓崙路","k":5},"geometry":{"type":"LineString","coordinates":[[121.71468,24.80492],[121.71456,24.80496]]}},{"type":"Feature","properties":{"n":"匏杓崙路","k":5},"geometry":{"type":"LineString","coordinates":[[121.72826,24.79044],[121.72513,24.79453],[121.72353,24.79614],[121.72194,24.79808],[121.72138,24.79863],[121.72053,24.7992],[121.71987,24.79987],[121.71766,24.8015],[121.71578,24.80403],[121.71533,24.80441],[121.71482,24.80459],[121.71472,24.80475],[121.71464,24.8051],[121.71493,24.80634],[121.71485,24.80736],[121.71448,24.80837],[121.71438,24.80921],[121.71427,24.8093],[121.71359,24.80954],[121.71332,24.80945],[121.71319,24.80831],[121.71272,24.80734],[121.71262,24.80687],[121.71247,24.80674],[121.71199,24.80668],[121.71154,24.80674],[121.71019,24.80659],[121.70959,24.80668],[121.70905,24.80706],[121.70867,24.80713],[121.70796,24.80679],[121.70732,24.80679],[121.70717,24.80672],[121.70701,24.80651],[121.7063,24.8063],[121.70553,24.80628],[121.70499,24.80659],[121.70496,24.80666],[121.705,24.80681],[121.70511,24.80687],[121.70557,24.80673],[121.70622,24.80687],[121.70639,24.80696],[121.70669,24.80724],[121.70719,24.80752],[121.70759,24.80805],[121.70817,24.80831],[121.7086,24.80895],[121.70886,24.80895],[121.70931,24.80863],[121.70955,24.80855],[121.71006,24.80863],[121.71043,24.80889],[121.711,24.80907],[121.71114,24.80919],[121.71118,24.80945],[121.71105,24.80988],[121.71109,24.81037],[121.71095,24.81077],[121.71076,24.81105],[121.71019,24.81151],[121.71008,24.81196],[121.70966,24.81254],[121.70901,24.8129],[121.70895,24.81305],[121.70899,24.81348],[121.70892,24.81365],[121.70854,24.81436],[121.7081,24.81474],[121.70837,24.81526],[121.70856,24.81586],[121.70829,24.81619],[121.70835,24.81638],[121.70886,24.81669],[121.70916,24.8167],[121.70976,24.81631],[121.71038,24.81569],[121.71056,24.81567],[121.71098,24.81597],[121.71133,24.81603],[121.71184,24.8164],[121.71197,24.81661],[121.71197,24.81676],[121.71191,24.81698],[121.71159,24.81749],[121.71116,24.81786],[121.71107,24.81848],[121.71113,24.81893],[121.71139,24.81904],[121.71161,24.81893],[121.71195,24.81862],[121.71299,24.81838],[121.71319,24.81839],[121.71408,24.81871],[121.71417,24.81921],[121.71463,24.8195],[121.71515,24.81915],[121.71566,24.8191],[121.71586,24.81897],[121.71588,24.81877],[121.71545,24.81783],[121.71565,24.81712],[121.71627,24.81651],[121.71672,24.81624],[121.71701,24.81625],[121.71719,24.81636],[121.71731,24.81663],[121.71716,24.81703],[121.71699,24.81824],[121.71704,24.81833],[121.71753,24.81844],[121.71796,24.81867],[121.71834,24.81927],[121.7183,24.81938],[121.71812,24.8194],[121.71769,24.81897],[121.7175,24.81886],[121.71732,24.8188],[121.71714,24.81886],[121.71709,24.81905],[121.7172,24.81957],[121.71704,24.82033],[121.71677,24.82072],[121.71695,24.82086],[121.71719,24.8208],[121.71749,24.82046],[121.71768,24.8204],[121.71782,24.82039],[121.71824,24.82056],[121.71854,24.82073],[121.7189,24.82108],[121.71892,24.82121],[121.7188,24.8215],[121.71895,24.82172],[121.71893,24.82193],[121.7179,24.82259],[121.71772,24.82281],[121.71757,24.82318],[121.7174,24.82335],[121.71712,24.82335],[121.71697,24.82327],[121.71669,24.82274],[121.71643,24.82256],[121.71611,24.82254],[121.7159,24.82262],[121.71562,24.82288],[121.71533,24.82349],[121.71414,24.82449],[121.71392,24.82455],[121.71358,24.82453],[121.71283,24.82423],[121.71261,24.82398],[121.71223,24.82389],[121.71207,24.82391],[121.71197,24.82402],[121.7118,24.82453],[121.71147,24.82498],[121.71133,24.8253],[121.71057,24.82576],[121.7103,24.82567],[121.71021,24.82524],[121.70984,24.82498],[121.70927,24.82504],[121.70886,24.82492],[121.70811,24.82513],[121.70713,24.82502],[121.70671,24.82472],[121.70631,24.82402],[121.70575,24.82364],[121.70541,24.82367],[121.70493,24.82411]]}},{"type":"Feature","properties":{"n":"匏杓崙路華美巷","k":5},"geometry":{"type":"LineString","coordinates":[[121.73781,24.78272],[121.73685,24.78208]]}},{"type":"Feature","properties":{"n":"匏杓崙路蘭陽三巷","k":5},"geometry":{"type":"LineString","coordinates":[[121.73723,24.78335],[121.73638,24.78278]]}},{"type":"Feature","properties":{"n":"雙崙橋","k":5},"geometry":{"type":"LineString","coordinates":[[121.72826,24.79044],[121.72722,24.78904]]}},{"type":"Feature","properties":{"n":"環湖道路","k":5},"geometry":{"type":"LineString","coordinates":[[121.74265,24.79246],[121.74274,24.79271],[121.74261,24.79307],[121.74249,24.7932],[121.74191,24.79347],[121.74191,24.79387],[121.74169,24.79464],[121.74171,24.79473],[121.74218,24.79516],[121.74225,24.79545],[121.74252,24.79581],[121.74324,24.79602],[121.74317,24.79617],[121.7427,24.79666],[121.74266,24.79694],[121.74279,24.7974],[121.74272,24.79752],[121.7425,24.7976],[121.74191,24.79746],[121.74181,24.79737],[121.74178,24.79691],[121.74171,24.79674],[121.74088,24.79631],[121.7406,24.79638],[121.74047,24.79653],[121.74018,24.79718],[121.73973,24.7976],[121.73994,24.79813],[121.74024,24.79858],[121.74024,24.7989],[121.74007,24.79907],[121.73929,24.79946],[121.73879,24.79925],[121.73832,24.79859],[121.73813,24.79777],[121.73774,24.79762],[121.73759,24.79749],[121.73744,24.79687],[121.73757,24.79668],[121.73802,24.79666],[121.73862,24.79604],[121.73869,24.79584],[121.73875,24.79509],[121.73899,24.79466],[121.73886,24.79432],[121.73905,24.79365],[121.73944,24.79305],[121.73983,24.79208],[121.74021,24.79183],[121.74102,24.79168],[121.74221,24.79198],[121.74243,24.79214],[121.74265,24.79246]]}},{"type":"Feature","properties":{"n":"匏崙杓路","k":5},"geometry":{"type":"LineString","coordinates":[[121.73051,24.79374],[121.73155,24.79597]]}},{"type":"Feature","properties":{"n":"漳福路53巷","k":5},"geometry":{"type":"LineString","coordinates":[[121.73903,24.78974],[121.74011,24.79018]]}},{"type":"Feature","properties":{"n":"小礁溪一號橋","k":5},"geometry":{"type":"LineString","coordinates":[[121.71456,24.80496],[121.71442,24.80501]]}},{"type":"Feature","properties":{"n":"林尾路","k":5},"geometry":{"type":"LineString","coordinates":[[121.74629,24.81765],[121.74522,24.81587],[121.74472,24.81483],[121.74383,24.81428],[121.7429,24.81392],[121.74233,24.81392],[121.74131,24.81434],[121.74103,24.81458],[121.74067,24.81525],[121.74048,24.81541],[121.74029,24.81546],[121.73899,24.8154],[121.73841,24.81599],[121.7382,24.81611],[121.73734,24.81636],[121.73699,24.81658],[121.73666,24.81697],[121.7364,24.81712],[121.7362,24.81715],[121.73586,24.81714],[121.7356,24.81706],[121.73541,24.81696],[121.73476,24.81635],[121.73419,24.81622],[121.73355,24.81596],[121.73325,24.81578],[121.73286,24.81533],[121.7327,24.81525],[121.73257,24.81535],[121.73257,24.81547],[121.73301,24.81596],[121.73395,24.81671],[121.73454,24.81706],[121.73459,24.81717],[121.73431,24.81764],[121.73427,24.81781],[121.73428,24.81814],[121.73436,24.81821],[121.73483,24.81827],[121.7356,24.81883],[121.73632,24.81882],[121.73753,24.8185],[121.73768,24.81854],[121.73777,24.8187],[121.73771,24.81917],[121.73738,24.81998],[121.73702,24.8203],[121.73667,24.82036],[121.7363,24.82028],[121.73597,24.82029],[121.73547,24.82043],[121.735,24.82069],[121.73488,24.8207],[121.73435,24.82021]]}},{"type":"Feature","properties":{"n":"林尾路","k":5},"geometry":{"type":"LineString","coordinates":[[121.73274,24.81855],[121.73262,24.81815]]}},{"type":"Feature","properties":{"n":"林尾路","k":5},"geometry":{"type":"LineString","coordinates":[[121.73412,24.82012],[121.734,24.81979]]}},{"type":"Feature","properties":{"n":"林尾路","k":5},"geometry":{"type":"LineString","coordinates":[[121.734,24.81979],[121.73423,24.82005]]}},{"type":"Feature","properties":{"n":"林尾路","k":5},"geometry":{"type":"LineString","coordinates":[[121.734,24.81979],[121.73382,24.81947],[121.7331,24.81919],[121.73291,24.819]]}},{"type":"Feature","properties":{"n":"生命之橋","k":5},"geometry":{"type":"LineString","coordinates":[[121.70493,24.82411],[121.70452,24.82409],[121.70439,24.82401],[121.70425,24.82378]]}},{"type":"Feature","properties":{"n":"慈心橋","k":5},"geometry":{"type":"LineString","coordinates":[[121.73291,24.819],[121.73274,24.81855]]}},{"type":"Feature","properties":{"n":"鎮平一路319巷","k":5},"geometry":{"type":"LineString","coordinates":[[121.74585,24.76701],[121.74505,24.76759]]}},{"type":"Feature","properties":{"n":"慈航路61巷","k":5},"geometry":{"type":"LineString","coordinates":[[121.74535,24.76534],[121.74437,24.76434]]}},{"type":"Feature","properties":{"n":"慈航一路","k":5},"geometry":{"type":"LineString","coordinates":[[121.74289,24.76505],[121.74162,24.76581],[121.74001,24.76699]]}},{"type":"Feature","properties":{"n":"慈航一路","k":5},"geometry":{"type":"LineString","coordinates":[[121.74314,24.76457],[121.7433,24.76463],[121.74368,24.76438],[121.74451,24.76347]]}},{"type":"Feature","properties":{"n":"金同春路69巷","k":5},"geometry":{"type":"LineString","coordinates":[[121.74437,24.76434],[121.74485,24.76378]]}},{"type":"Feature","properties":{"n":"慈航路","k":5},"geometry":{"type":"LineString","coordinates":[[121.7479,24.76343],[121.74664,24.76443],[121.74653,24.76444],[121.74655,24.76436],[121.74781,24.76336]]}},{"type":"Feature","properties":{"n":"津梅一路230巷","k":5},"geometry":{"type":"LineString","coordinates":[[121.74931,24.76801],[121.74868,24.76853]]}},{"type":"Feature","properties":{"n":"大坡路一段","k":3},"geometry":{"type":"LineString","coordinates":[[121.7564,24.76876],[121.75537,24.76931],[121.75339,24.77054],[121.75081,24.77229],[121.74738,24.77449]]}},{"type":"Feature","properties":{"n":"茭白路","k":5},"geometry":{"type":"LineString","coordinates":[[121.7503,24.77358],[121.75055,24.77377],[121.75336,24.77682],[121.75464,24.78112],[121.75366,24.78306]]}},{"type":"Feature","properties":{"n":"茭白二路","k":5},"geometry":{"type":"LineString","coordinates":[[121.74746,24.77444],[121.74749,24.77453],[121.74738,24.77484],[121.74777,24.7761],[121.74837,24.77659],[121.74857,24.77667],[121.75184,24.78022]]}},{"type":"Feature","properties":{"n":"茭白一路","k":5},"geometry":{"type":"LineString","coordinates":[[121.74735,24.77161],[121.74678,24.77203],[121.74684,24.77294],[121.74819,24.77388],[121.74819,24.7742],[121.74793,24.77467],[121.75006,24.77653]]}},{"type":"Feature","properties":{"n":"茭白一路","k":5},"geometry":{"type":"LineString","coordinates":[[121.75039,24.77639],[121.75056,24.77727],[121.75267,24.77958]]}},{"type":"Feature","properties":{"n":"大坡路二段","k":3},"geometry":{"type":"LineString","coordinates":[[121.74034,24.78001],[121.74105,24.77918]]}},{"type":"Feature","properties":{"n":"大坡路二段","k":3},"geometry":{"type":"LineString","coordinates":[[121.7434,24.77742],[121.74526,24.77599],[121.74738,24.77449]]}},{"type":"Feature","properties":{"n":"津梅一路","k":5},"geometry":{"type":"LineString","coordinates":[[121.74616,24.76474],[121.74889,24.76751],[121.74893,24.76756],[121.74889,24.76774],[121.74898,24.76784],[121.74949,24.76811],[121.75164,24.77028],[121.75208,24.77055],[121.75257,24.7711]]}},{"type":"Feature","properties":{"n":"津梅路","k":5},"geometry":{"type":"LineString","coordinates":[[121.75569,24.76683],[121.75411,24.76723],[121.75282,24.76734],[121.7522,24.76775],[121.75193,24.76782],[121.7512,24.76767],[121.75039,24.7673],[121.75008,24.76746],[121.74937,24.76803]]}},{"type":"Feature","properties":{"n":"大坡路一段121巷","k":5},"geometry":{"type":"LineString","coordinates":[[121.75339,24.77054],[121.75264,24.76946]]}},{"type":"Feature","properties":{"n":"大坡路一段272巷25弄","k":5},"geometry":{"type":"LineString","coordinates":[[121.7503,24.77358],[121.7494,24.77426]]}},{"type":"Feature","properties":{"n":"大坡路一段272巷","k":5},"geometry":{"type":"LineString","coordinates":[[121.74978,24.77295],[121.7503,24.77358]]}},{"type":"Feature","properties":{"n":"中山路五段","k":4},"geometry":{"type":"LineString","coordinates":[[121.75566,24.76677],[121.75596,24.76758]]}},{"type":"Feature","properties":{"n":"中山路五段","k":4},"geometry":{"type":"LineString","coordinates":[[121.75591,24.76762],[121.7556,24.76678]]}},{"type":"Feature","properties":{"n":"中山路五段","k":4},"geometry":{"type":"LineString","coordinates":[[121.75608,24.76811],[121.75594,24.7677]]}},{"type":"Feature","properties":{"n":"中山路五段","k":4},"geometry":{"type":"LineString","coordinates":[[121.756,24.76768],[121.75615,24.76809]]}},{"type":"Feature","properties":{"n":"中山路五段","k":4},"geometry":{"type":"LineString","coordinates":[[121.75916,24.77825],[121.75787,24.77375],[121.75633,24.7688]]}},{"type":"Feature","properties":{"n":"中山路五段","k":4},"geometry":{"type":"LineString","coordinates":[[121.7564,24.76876],[121.75679,24.7699],[121.75926,24.77816]]}},{"type":"Feature","properties":{"n":"中山路五段","k":3},"geometry":{"type":"LineString","coordinates":[[121.75615,24.76809],[121.7564,24.76876]]}},{"type":"Feature","properties":{"n":"中山路五段","k":3},"geometry":{"type":"LineString","coordinates":[[121.75633,24.7688],[121.75608,24.76811]]}},{"type":"Feature","properties":{"n":"宜蘭橋","k":4},"geometry":{"type":"LineString","coordinates":[[121.7556,24.76678],[121.75509,24.76537]]}},{"type":"Feature","properties":{"n":"宜蘭橋","k":4},"geometry":{"type":"LineString","coordinates":[[121.75517,24.76534],[121.75566,24.76677]]}},{"type":"Feature","properties":{"n":"北津路","k":5},"geometry":{"type":"LineString","coordinates":[[121.75483,24.76904],[121.7547,24.76871],[121.75459,24.76804]]}},{"type":"Feature","properties":{"n":"力行路106巷","k":5},"geometry":{"type":"LineString","coordinates":[[121.75751,24.76289],[121.75785,24.7639]]}},{"type":"Feature","properties":{"n":"二結橋","k":4},"geometry":{"type":"LineString","coordinates":[[121.75594,24.7677],[121.75591,24.76762]]}},{"type":"Feature","properties":{"n":"二結橋","k":4},"geometry":{"type":"LineString","coordinates":[[121.75596,24.76758],[121.756,24.76768]]}},{"type":"Feature","properties":{"n":"大福路二段","k":3},"geometry":{"type":"LineString","coordinates":[[121.75608,24.76811],[121.7569,24.76787],[121.75892,24.76675],[121.75937,24.76632],[121.76029,24.76516],[121.7615,24.76443]]}},{"type":"Feature","properties":{"n":"大福路二段","k":3},"geometry":{"type":"LineString","coordinates":[[121.7889,24.77805],[121.79325,24.7828],[121.79528,24.78493],[121.7958,24.78526],[121.79868,24.78669],[121.79896,24.78691],[121.80279,24.79312],[121.80506,24.79393],[121.80637,24.79486]]}},{"type":"Feature","properties":{"n":"北津路5巷","k":5},"geometry":{"type":"LineString","coordinates":[[121.75459,24.76804],[121.75462,24.76795],[121.75437,24.76729],[121.75427,24.76719]]}},{"type":"Feature","properties":{"n":"大坡路一段61巷19弄","k":5},"geometry":{"type":"LineString","coordinates":[[121.75437,24.76932],[121.75451,24.76918],[121.75483,24.76904]]}},{"type":"Feature","properties":{"n":"北津路/中山路五段/大福路二段","k":5},"geometry":{"type":"LineString","coordinates":[[121.756,24.76768],[121.75408,24.76817]]}},{"type":"Feature","properties":{"n":"中山路五段46巷21弄","k":5},"geometry":{"type":"LineString","coordinates":[[121.75648,24.76699],[121.75744,24.76721]]}},{"type":"Feature","properties":{"n":"中山路五段46巷21弄","k":5},"geometry":{"type":"LineString","coordinates":[[121.75726,24.76717],[121.75733,24.76692]]}},{"type":"Feature","properties":{"n":"宜興路三段63巷","k":5},"geometry":{"type":"LineString","coordinates":[[121.7597,24.76787],[121.76046,24.76771]]}},{"type":"Feature","properties":{"n":"環市東路三段","k":2},"geometry":{"type":"LineString","coordinates":[[121.7646,24.77346],[121.76853,24.76991],[121.76918,24.76928],[121.76978,24.76847],[121.77055,24.76718],[121.77086,24.76645],[121.77116,24.7654],[121.77135,24.76411],[121.77142,24.76434],[121.77125,24.76544],[121.77088,24.76666],[121.77041,24.76765],[121.76935,24.7692],[121.76863,24.76993],[121.76517,24.77306],[121.7644,24.77385],[121.76083,24.77701]]}},{"type":"Feature","properties":{"n":"環市東路三段","k":2},"geometry":{"type":"LineString","coordinates":[[121.76008,24.77756],[121.75919,24.77834]]}},{"type":"Feature","properties":{"n":"環市東路三段","k":2},"geometry":{"type":"LineString","coordinates":[[121.75916,24.77825],[121.76024,24.77726]]}},{"type":"Feature","properties":{"n":"環市東路三段","k":2},"geometry":{"type":"LineString","coordinates":[[121.76449,24.77345],[121.7684,24.76989],[121.76907,24.76922],[121.7695,24.76866],[121.77023,24.76757],[121.7707,24.7666],[121.77091,24.76598],[121.77107,24.76531],[121.77124,24.7641],[121.77112,24.76443],[121.77112,24.76467],[121.77094,24.7656],[121.77066,24.7665],[121.76996,24.76787],[121.76904,24.76912],[121.76831,24.76987],[121.76083,24.77659]]}},{"type":"Feature","properties":{"n":"辛仔罕橋","k":2},"geometry":{"type":"LineString","coordinates":[[121.7646,24.77346],[121.76008,24.77756]]}},{"type":"Feature","properties":{"n":"辛仔罕橋","k":2},"geometry":{"type":"LineString","coordinates":[[121.76024,24.77726],[121.76449,24.77345]]}},{"type":"Feature","properties":{"n":"宜興路三段","k":4},"geometry":{"type":"LineString","coordinates":[[121.76126,24.7664],[121.75792,24.77202]]}},{"type":"Feature","properties":{"n":"宜興路三段","k":4},"geometry":{"type":"LineString","coordinates":[[121.75789,24.77185],[121.76118,24.76635]]}},{"type":"Feature","properties":{"n":"宜興路三段","k":4},"geometry":{"type":"LineString","coordinates":[[121.75741,24.77225],[121.75761,24.77221],[121.75773,24.77213],[121.75789,24.77185]]}},{"type":"Feature","properties":{"n":"宜興路三段","k":4},"geometry":{"type":"LineString","coordinates":[[121.75792,24.77202],[121.75773,24.77223],[121.75744,24.77232]]}},{"type":"Feature","properties":{"n":"宜興路三段","k":4},"geometry":{"type":"LineString","coordinates":[[121.75742,24.772],[121.75759,24.77205],[121.75789,24.77185]]}},{"type":"Feature","properties":{"n":"宜興路三段","k":4},"geometry":{"type":"LineString","coordinates":[[121.75792,24.77202],[121.75777,24.77243],[121.75772,24.77299]]}},{"type":"Feature","properties":{"n":"大福路一段","k":3},"geometry":{"type":"LineString","coordinates":[[121.7615,24.76443],[121.76201,24.76425],[121.76251,24.76423],[121.76278,24.76428],[121.76647,24.76573],[121.76668,24.76578],[121.76734,24.76566],[121.76749,24.76577],[121.77055,24.76718],[121.77169,24.76778]]}},{"type":"Feature","properties":{"n":"大福路一段","k":3},"geometry":{"type":"LineString","coordinates":[[121.80693,24.795],[121.80737,24.79511],[121.80779,24.79531],[121.81239,24.79816],[121.81684,24.80047]]}},{"type":"Feature","properties":{"n":"大坡路一段61巷","k":5},"geometry":{"type":"LineString","coordinates":[[121.75477,24.76969],[121.75437,24.76932],[121.75426,24.76943],[121.75411,24.76939],[121.75367,24.76965]]}},{"type":"Feature","properties":{"n":"大坡路一段116巷","k":5},"geometry":{"type":"LineString","coordinates":[[121.75417,24.7716],[121.75339,24.77054]]}},{"type":"Feature","properties":{"n":"大坡路一段98巷","k":5},"geometry":{"type":"LineString","coordinates":[[121.75477,24.76969],[121.75555,24.77117]]}},{"type":"Feature","properties":{"n":"中山路五段127巷","k":5},"geometry":{"type":"LineString","coordinates":[[121.75514,24.77033],[121.75671,24.76993]]}},{"type":"Feature","properties":{"n":"三皇路","k":4},"geometry":{"type":"LineString","coordinates":[[121.74105,24.77918],[121.74357,24.78166]]}},{"type":"Feature","properties":{"n":"育龍路67巷","k":5},"geometry":{"type":"LineString","coordinates":[[121.74468,24.77889],[121.74364,24.77965]]}},{"type":"Feature","properties":{"n":"國宅街","k":5},"geometry":{"type":"LineString","coordinates":[[121.7443,24.78033],[121.74228,24.7782]]}},{"type":"Feature","properties":{"n":"育龍路17巷","k":5},"geometry":{"type":"LineString","coordinates":[[121.74413,24.77927],[121.74346,24.77853]]}},{"type":"Feature","properties":{"n":"育龍路17巷","k":5},"geometry":{"type":"LineString","coordinates":[[121.74342,24.7785],[121.74323,24.7783]]}},{"type":"Feature","properties":{"n":"永興街","k":5},"geometry":{"type":"LineString","coordinates":[[121.74352,24.78196],[121.74315,24.78231],[121.74141,24.78101],[121.74038,24.77997]]}},{"type":"Feature","properties":{"n":"大坡路二段;大坡路","k":3},"geometry":{"type":"LineString","coordinates":[[121.74105,24.77918],[121.74159,24.77869],[121.7434,24.77742]]}},{"type":"Feature","properties":{"n":"大坡路12巷","k":5},"geometry":{"type":"LineString","coordinates":[[121.74312,24.77761],[121.74351,24.7781]]}},{"type":"Feature","properties":{"n":"茭白三路","k":5},"geometry":{"type":"LineString","coordinates":[[121.74526,24.77599],[121.74983,24.78097],[121.74971,24.78107],[121.74986,24.78142],[121.74987,24.78241]]}},{"type":"Feature","properties":{"n":"龍潭路","k":4},"geometry":{"type":"LineString","coordinates":[[121.74357,24.78166],[121.74855,24.78237],[121.75195,24.78244],[121.75354,24.783],[121.75608,24.78404]]}},{"type":"Feature","properties":{"n":"開蘭路","k":5},"geometry":{"type":"LineString","coordinates":[[121.7488,24.79131],[121.75728,24.78925],[121.7618,24.78825]]}},{"type":"Feature","properties":{"n":"開蘭路","k":5},"geometry":{"type":"LineString","coordinates":[[121.82873,24.86504],[121.82576,24.86103]]}},{"type":"Feature","properties":{"n":"四結路","k":4},"geometry":{"type":"LineString","coordinates":[[121.75404,24.79397],[121.75395,24.79397],[121.75349,24.79422],[121.75333,24.79438],[121.75303,24.79507],[121.75286,24.79525],[121.75271,24.79527],[121.75213,24.79516],[121.75163,24.79532],[121.75113,24.79522],[121.75101,24.79515],[121.75091,24.79505],[121.75065,24.79442],[121.75008,24.7938],[121.74841,24.79061],[121.74762,24.78852]]}},{"type":"Feature","properties":{"n":"龍泉路","k":4},"geometry":{"type":"LineString","coordinates":[[121.74762,24.78852],[121.74745,24.78828],[121.74631,24.78737],[121.74512,24.78656],[121.74453,24.78627],[121.74395,24.78589],[121.74353,24.78559],[121.74338,24.78538],[121.74324,24.78505],[121.74357,24.78166]]}},{"type":"Feature","properties":{"n":"育龍路","k":4},"geometry":{"type":"LineString","coordinates":[[121.7434,24.77742],[121.74646,24.78092],[121.74669,24.78134],[121.74674,24.78157],[121.74663,24.78233],[121.74324,24.78505],[121.74142,24.78711]]}},{"type":"Feature","properties":{"n":"中山路五段425巷","k":5},"geometry":{"type":"LineString","coordinates":[[121.75184,24.78022],[121.7539,24.77865],[121.75892,24.7774]]}},{"type":"Feature","properties":{"n":"龍潭路244巷","k":5},"geometry":{"type":"LineString","coordinates":[[121.75354,24.783],[121.75296,24.78358],[121.75266,24.78354],[121.75251,24.78361],[121.75243,24.78352]]}},{"type":"Feature","properties":{"n":"龍泉路2巷","k":5},"geometry":{"type":"LineString","coordinates":[[121.74467,24.78306],[121.74427,24.78248],[121.74357,24.78166]]}},{"type":"Feature","properties":{"n":"育龍路236巷","k":5},"geometry":{"type":"LineString","coordinates":[[121.74714,24.78517],[121.74702,24.78499],[121.74676,24.78485],[121.74639,24.7844],[121.74636,24.78416],[121.74602,24.78388],[121.74601,24.78349],[121.74595,24.78335],[121.74565,24.78312]]}},{"type":"Feature","properties":{"n":"漳福路","k":5},"geometry":{"type":"LineString","coordinates":[[121.74411,24.78845],[121.74376,24.789],[121.74362,24.78938],[121.7436,24.78962],[121.74304,24.79062],[121.74275,24.79054],[121.74268,24.79059],[121.74245,24.79094],[121.74203,24.79191]]}},{"type":"Feature","properties":{"n":"漳福路","k":5},"geometry":{"type":"LineString","coordinates":[[121.74142,24.78711],[121.74238,24.7877],[121.74333,24.78814],[121.74399,24.78832],[121.74411,24.78845]]}},{"type":"Feature","properties":{"n":"漳福路","k":5},"geometry":{"type":"LineString","coordinates":[[121.74423,24.78852],[121.74411,24.78845]]}},{"type":"Feature","properties":{"n":"育龍路215巷","k":5},"geometry":{"type":"LineString","coordinates":[[121.74527,24.78342],[121.74467,24.78306]]}},{"type":"Feature","properties":{"n":"中山路五段","k":2},"geometry":{"type":"LineString","coordinates":[[121.75926,24.77816],[121.76067,24.78279]]}},{"type":"Feature","properties":{"n":"中山路五段","k":2},"geometry":{"type":"LineString","coordinates":[[121.76055,24.78282],[121.75916,24.77825]]}},{"type":"Feature","properties":{"n":"環市東路三段700巷2弄","k":5},"geometry":{"type":"LineString","coordinates":[[121.76522,24.77748],[121.76439,24.77692],[121.76424,24.77689],[121.76083,24.77716]]}},{"type":"Feature","properties":{"n":"中山路五段495巷","k":5},"geometry":{"type":"LineString","coordinates":[[121.75959,24.7792],[121.75447,24.78049]]}},{"type":"Feature","properties":{"n":"武暖路","k":4},"geometry":{"type":"LineString","coordinates":[[121.76129,24.78547],[121.76145,24.78544]]}},{"type":"Feature","properties":{"n":"武暖路","k":4},"geometry":{"type":"LineString","coordinates":[[121.76243,24.78456],[121.76288,24.78458],[121.76589,24.78504],[121.76938,24.78454],[121.77469,24.7833],[121.77854,24.78179]]}},{"type":"Feature","properties":{"n":"育英路","k":4},"geometry":{"type":"LineString","coordinates":[[121.75608,24.78404],[121.7568,24.78462],[121.75747,24.78529],[121.75809,24.78603],[121.75825,24.78611],[121.76157,24.78613]]}},{"type":"Feature","properties":{"n":"北門巷","k":5},"geometry":{"type":"LineString","coordinates":[[121.75905,24.78886],[121.75997,24.78784],[121.76068,24.78684]]}},{"type":"Feature","properties":{"n":"礁溪路一段302巷","k":5},"geometry":{"type":"LineString","coordinates":[[121.76186,24.78974],[121.76313,24.78958],[121.7634,24.78936],[121.76307,24.78821],[121.76302,24.78816],[121.76257,24.78822]]}},{"type":"Feature","properties":{"n":"礁溪路一段","k":2},"geometry":{"type":"LineString","coordinates":[[121.76071,24.78294],[121.76145,24.78544],[121.76163,24.78648],[121.76197,24.78972],[121.76211,24.79051],[121.76312,24.79409]]}},{"type":"Feature","properties":{"n":"礁溪路一段","k":2},"geometry":{"type":"LineString","coordinates":[[121.763,24.79412],[121.76199,24.79053],[121.76143,24.78615],[121.76129,24.78547],[121.76058,24.78295]]}},{"type":"Feature","properties":{"n":"中山路五段577巷18弄","k":5},"geometry":{"type":"LineString","coordinates":[[121.7595,24.7822],[121.75932,24.78152]]}},{"type":"Feature","properties":{"n":"中山路五段577巷","k":5},"geometry":{"type":"LineString","coordinates":[[121.76019,24.78127],[121.75923,24.78156],[121.75882,24.78146],[121.75812,24.7818]]}},{"type":"Feature","properties":{"n":"龍潭路","k":5},"geometry":{"type":"LineString","coordinates":[[121.75618,24.78409],[121.75719,24.78443],[121.75765,24.78445],[121.76091,24.78368],[121.76062,24.7838],[121.75778,24.78449],[121.75742,24.78453],[121.75687,24.78441],[121.75618,24.78409]]}},{"type":"Feature","properties":{"n":"開蘭路91巷","k":5},"geometry":{"type":"LineString","coordinates":[[121.75795,24.78728],[121.7581,24.78749],[121.75815,24.78808],[121.75838,24.789]]}},{"type":"Feature","properties":{"n":"下一結橋","k":2},"geometry":{"type":"LineString","coordinates":[[121.76067,24.78279],[121.76071,24.78294]]}},{"type":"Feature","properties":{"n":"下一結橋","k":2},"geometry":{"type":"LineString","coordinates":[[121.76058,24.78295],[121.76055,24.78282]]}},{"type":"Feature","properties":{"n":"中興路","k":4},"geometry":{"type":"LineString","coordinates":[[121.76145,24.78544],[121.76233,24.7846],[121.76243,24.78456]]}},{"type":"Feature","properties":{"n":"礁溪路一段141巷","k":5},"geometry":{"type":"LineString","coordinates":[[121.76068,24.78684],[121.76168,24.7869]]}},{"type":"Feature","properties":{"n":"大福路三段","k":3},"geometry":{"type":"LineString","coordinates":[[121.78295,24.77539],[121.78161,24.77436],[121.78111,24.77405],[121.77881,24.77304],[121.77618,24.7713],[121.77501,24.77078]]}},{"type":"Feature","properties":{"n":"大福路三段","k":3},"geometry":{"type":"LineString","coordinates":[[121.77169,24.76778],[121.77209,24.76799],[121.77417,24.76958],[121.77446,24.76988],[121.77499,24.77061]]}},{"type":"Feature","properties":{"n":"大福路三段","k":3},"geometry":{"type":"LineString","coordinates":[[121.77501,24.77068],[121.77628,24.77123],[121.77777,24.77219]]}},{"type":"Feature","properties":{"n":"大福路三段","k":3},"geometry":{"type":"LineString","coordinates":[[121.77769,24.77232],[121.77761,24.77232],[121.77611,24.77136],[121.77502,24.77086],[121.77501,24.77078]]}},{"type":"Feature","properties":{"n":"大福路三段","k":3},"geometry":{"type":"LineString","coordinates":[[121.77499,24.77061],[121.77631,24.77118],[121.77763,24.77203],[121.77777,24.77219]]}},{"type":"Feature","properties":{"n":"大福路三段","k":3},"geometry":{"type":"LineString","coordinates":[[121.77499,24.77061],[121.77501,24.77068]]}},{"type":"Feature","properties":{"n":"大福路三段","k":3},"geometry":{"type":"LineString","coordinates":[[121.77501,24.77068],[121.77501,24.77078]]}},{"type":"Feature","properties":{"n":"大福路三段","k":3},"geometry":{"type":"LineString","coordinates":[[121.78295,24.77539],[121.78343,24.77564],[121.78748,24.7773],[121.7889,24.77805]]}},{"type":"Feature","properties":{"n":"大福路三段","k":3},"geometry":{"type":"LineString","coordinates":[[121.77974,24.77332],[121.78056,24.7736],[121.78137,24.774],[121.78263,24.77495],[121.7827,24.77507]]}},{"type":"Feature","properties":{"n":"大福路三段","k":3},"geometry":{"type":"LineString","coordinates":[[121.78266,24.77519],[121.78237,24.77507],[121.7813,24.77425],[121.77987,24.77353]]}},{"type":"Feature","properties":{"n":"大福路三段","k":3},"geometry":{"type":"LineString","coordinates":[[121.77777,24.77219],[121.77902,24.77298],[121.78132,24.77404],[121.7827,24.77507],[121.78285,24.7752],[121.78295,24.77539]]}},{"type":"Feature","properties":{"n":"美宜路","k":4},"geometry":{"type":"LineString","coordinates":[[121.76975,24.7692],[121.76982,24.76932]]}},{"type":"Feature","properties":{"n":"雪隧路","k":5},"geometry":{"type":"LineString","coordinates":[[121.77169,24.76447],[121.77142,24.76434]]}},{"type":"Feature","properties":{"n":"美宜路","k":3},"geometry":{"type":"LineString","coordinates":[[121.76969,24.76874],[121.76965,24.76902],[121.76975,24.7692],[121.7699,24.76928],[121.77323,24.77001],[121.77499,24.77061]]}},{"type":"Feature","properties":{"n":"美宜路","k":3},"geometry":{"type":"LineString","coordinates":[[121.77501,24.77078],[121.77314,24.77015],[121.76918,24.76928],[121.76907,24.76922],[121.76904,24.76912],[121.77319,24.77008],[121.77501,24.77068]]}},{"type":"Feature","properties":{"n":"美宜路","k":3},"geometry":{"type":"LineString","coordinates":[[121.77502,24.77086],[121.77308,24.77024],[121.77001,24.76956],[121.76976,24.76942]]}},{"type":"Feature","properties":{"n":"美功路一段","k":3},"geometry":{"type":"LineString","coordinates":[[121.78295,24.77539],[121.78297,24.77449],[121.78288,24.77383],[121.78018,24.76469]]}},{"type":"Feature","properties":{"n":"美功路二段","k":3},"geometry":{"type":"LineString","coordinates":[[121.78384,24.78601],[121.78326,24.78002],[121.78296,24.77602],[121.78295,24.77539]]}},{"type":"Feature","properties":{"n":"功勞路","k":4},"geometry":{"type":"LineString","coordinates":[[121.79573,24.76565],[121.79221,24.76583],[121.79182,24.76581],[121.78569,24.76392]]}},{"type":"Feature","properties":{"n":"永美路二段","k":4},"geometry":{"type":"LineString","coordinates":[[121.7889,24.77805],[121.79684,24.77112],[121.79712,24.77101],[121.79819,24.77102]]}},{"type":"Feature","properties":{"n":"永美路三段","k":4},"geometry":{"type":"LineString","coordinates":[[121.77854,24.78179],[121.7806,24.78095],[121.7889,24.77805]]}},{"type":"Feature","properties":{"n":"瑪璘路","k":5},"geometry":{"type":"LineString","coordinates":[[121.77806,24.78894],[121.77788,24.78895]]}},{"type":"Feature","properties":{"n":"玉龍路一段","k":3},"geometry":{"type":"LineString","coordinates":[[121.78692,24.79836],[121.78468,24.79289],[121.78459,24.79257],[121.78384,24.78601]]}},{"type":"Feature","properties":{"n":"東西十路","k":5},"geometry":{"type":"LineString","coordinates":[[121.7908,24.78336],[121.793,24.78251]]}},{"type":"Feature","properties":{"n":"美功路二段175巷","k":5},"geometry":{"type":"LineString","coordinates":[[121.78103,24.78453],[121.78228,24.78437],[121.78272,24.78444],[121.78366,24.78434]]}},{"type":"Feature","properties":{"n":"柴圍路","k":4},"geometry":{"type":"LineString","coordinates":[[121.75373,24.80204],[121.75303,24.80184],[121.75285,24.80176],[121.75265,24.80156],[121.75254,24.80118],[121.75241,24.80021],[121.75253,24.79968],[121.75347,24.79821],[121.75349,24.79667],[121.75355,24.79632],[121.75395,24.79526],[121.75429,24.79487],[121.75436,24.79471],[121.7543,24.79426],[121.75418,24.79404],[121.75404,24.79397]]}},{"type":"Feature","properties":{"n":"柴圍路","k":4},"geometry":{"type":"LineString","coordinates":[[121.75254,24.80118],[121.76425,24.79844]]}},{"type":"Feature","properties":{"n":"柴圍路","k":4},"geometry":{"type":"LineString","coordinates":[[121.75491,24.81087],[121.75516,24.81076],[121.75603,24.81018],[121.75646,24.81004],[121.75659,24.80984],[121.75649,24.80797],[121.75656,24.80567],[121.75648,24.80549],[121.75608,24.80525],[121.7555,24.8046],[121.7554,24.80437],[121.75519,24.80354],[121.75411,24.80223],[121.75393,24.8021]]}},{"type":"Feature","properties":{"n":"柴圍橋","k":2},"geometry":{"type":"LineString","coordinates":[[121.76305,24.79432],[121.763,24.79412]]}},{"type":"Feature","properties":{"n":"柴圍橋","k":2},"geometry":{"type":"LineString","coordinates":[[121.76312,24.79409],[121.76317,24.79427]]}},{"type":"Feature","properties":{"n":"礁溪路三段","k":2},"geometry":{"type":"LineString","coordinates":[[121.76635,24.8073],[121.76569,24.80568],[121.76521,24.80332]]}},{"type":"Feature","properties":{"n":"礁溪路三段","k":2},"geometry":{"type":"LineString","coordinates":[[121.76514,24.80289],[121.76457,24.80032]]}},{"type":"Feature","properties":{"n":"礁溪路三段","k":2},"geometry":{"type":"LineString","coordinates":[[121.76469,24.80029],[121.76526,24.80289]]}},{"type":"Feature","properties":{"n":"礁溪路三段","k":2},"geometry":{"type":"LineString","coordinates":[[121.76535,24.80336],[121.76574,24.80538],[121.76591,24.80594],[121.76647,24.80726]]}},{"type":"Feature","properties":{"n":"礁溪路三段","k":2},"geometry":{"type":"LineString","coordinates":[[121.76766,24.81574],[121.76749,24.81475],[121.76732,24.81226],[121.76692,24.80891],[121.76652,24.80772]]}},{"type":"Feature","properties":{"n":"礁溪路三段","k":2},"geometry":{"type":"LineString","coordinates":[[121.76666,24.80775],[121.76712,24.8091],[121.76739,24.81169],[121.76764,24.81493],[121.76782,24.81591]]}},{"type":"Feature","properties":{"n":"礁溪路二段","k":2},"geometry":{"type":"LineString","coordinates":[[121.76457,24.80032],[121.76305,24.79432]]}},{"type":"Feature","properties":{"n":"礁溪路二段","k":2},"geometry":{"type":"LineString","coordinates":[[121.76317,24.79427],[121.7638,24.79658],[121.76469,24.80029]]}},{"type":"Feature","properties":{"n":"林尾路","k":4},"geometry":{"type":"LineString","coordinates":[[121.75006,24.81745],[121.75178,24.81639],[121.75235,24.81597],[121.75381,24.81525],[121.75465,24.81466],[121.75532,24.81431],[121.75562,24.8141],[121.75574,24.81412],[121.75598,24.81434],[121.75626,24.8147],[121.7564,24.81469]]}},{"type":"Feature","properties":{"n":"林尾路","k":4},"geometry":{"type":"LineString","coordinates":[[121.74971,24.81668],[121.74969,24.81653],[121.7498,24.81575],[121.74997,24.81491],[121.7504,24.81431],[121.75335,24.81152],[121.75363,24.81135],[121.75491,24.81087]]}},{"type":"Feature","properties":{"n":"林尾路","k":4},"geometry":{"type":"LineString","coordinates":[[121.75006,24.81745],[121.74948,24.81786],[121.74879,24.81806],[121.74713,24.81787],[121.74629,24.81765]]}},{"type":"Feature","properties":{"n":"林尾路","k":4},"geometry":{"type":"LineString","coordinates":[[121.75901,24.82142],[121.75896,24.82137],[121.75809,24.82176],[121.75736,24.82156],[121.7549,24.82121],[121.7543,24.82156],[121.75401,24.82155],[121.75325,24.8211],[121.75268,24.82051],[121.75234,24.82006],[121.75216,24.81991],[121.75175,24.8197],[121.75164,24.81959],[121.7509,24.8184],[121.75072,24.81823],[121.75032,24.81798],[121.75006,24.81745]]}},{"type":"Feature","properties":{"n":"得子口橋","k":2},"geometry":{"type":"LineString","coordinates":[[121.76521,24.80332],[121.76514,24.80289]]}},{"type":"Feature","properties":{"n":"得子口橋","k":2},"geometry":{"type":"LineString","coordinates":[[121.76526,24.80289],[121.76535,24.80336]]}},{"type":"Feature","properties":{"n":"南北四路","k":5},"geometry":{"type":"LineString","coordinates":[[121.76612,24.81507],[121.76502,24.81387],[121.76406,24.81241],[121.76336,24.81107]]}},{"type":"Feature","properties":{"n":"南北三路","k":5},"geometry":{"type":"LineString","coordinates":[[121.76358,24.81753],[121.76296,24.81645],[121.7623,24.81495],[121.76089,24.81248]]}},{"type":"Feature","properties":{"n":"十六結路","k":4},"geometry":{"type":"LineString","coordinates":[[121.76588,24.80952],[121.76638,24.80927],[121.76692,24.80891],[121.76712,24.8091]]}},{"type":"Feature","properties":{"n":"十六結路","k":4},"geometry":{"type":"LineString","coordinates":[[121.7564,24.81469],[121.75676,24.81456],[121.76195,24.81192],[121.76318,24.8112],[121.76548,24.80974]]}},{"type":"Feature","properties":{"n":"台2庚延伸線","k":5},"geometry":{"type":"LineString","coordinates":[[121.75917,24.82021],[121.7588,24.81908],[121.75858,24.81731],[121.75843,24.81668],[121.7574,24.81424]]}},{"type":"Feature","properties":{"n":"三民橋","k":4},"geometry":{"type":"LineString","coordinates":[[121.76548,24.80974],[121.76588,24.80952]]}},{"type":"Feature","properties":{"n":"玉龍路二段","k":3},"geometry":{"type":"LineString","coordinates":[[121.79058,24.80737],[121.78692,24.79836]]}},{"type":"Feature","properties":{"n":"玉龍路二段","k":3},"geometry":{"type":"LineString","coordinates":[[121.80043,24.82616],[121.79218,24.81079]]}},{"type":"Feature","properties":{"n":"玉民路一段","k":4},"geometry":{"type":"LineString","coordinates":[[121.78692,24.79836],[121.78949,24.79692],[121.79008,24.79666],[121.79625,24.79515],[121.8037,24.79345]]}},{"type":"Feature","properties":{"n":"玉民路二段","k":4},"geometry":{"type":"LineString","coordinates":[[121.77968,24.80235],[121.78692,24.79836]]}},{"type":"Feature","properties":{"n":"玉民路二段","k":4},"geometry":{"type":"LineString","coordinates":[[121.76712,24.8091],[121.76843,24.80875],[121.77136,24.80688]]}},{"type":"Feature","properties":{"n":"玉民路二段","k":4},"geometry":{"type":"LineString","coordinates":[[121.77412,24.80525],[121.7794,24.80252]]}},{"type":"Feature","properties":{"n":"十六結橋","k":2},"geometry":{"type":"LineString","coordinates":[[121.76652,24.80772],[121.76635,24.8073]]}},{"type":"Feature","properties":{"n":"十六結橋","k":2},"geometry":{"type":"LineString","coordinates":[[121.76647,24.80726],[121.76666,24.80775]]}},{"type":"Feature","properties":{"n":"民權橋","k":5},"geometry":{"type":"LineString","coordinates":[[121.77839,24.80689],[121.77721,24.80506]]}},{"type":"Feature","properties":{"n":"七結路52巷","k":5},"geometry":{"type":"LineString","coordinates":[[121.77259,24.80472],[121.77292,24.80465],[121.77299,24.8047],[121.773,24.80552]]}},{"type":"Feature","properties":{"n":"六結路65巷11弄","k":5},"geometry":{"type":"LineString","coordinates":[[121.77212,24.8147],[121.77274,24.81548]]}},{"type":"Feature","properties":{"n":"淇武蘭八路","k":5},"geometry":{"type":"LineString","coordinates":[[121.77731,24.81575],[121.77659,24.81394],[121.77596,24.81142],[121.77576,24.81116]]}},{"type":"Feature","properties":{"n":"七結橋","k":4},"geometry":{"type":"LineString","coordinates":[[121.77136,24.80688],[121.77293,24.80588],[121.77412,24.80525]]}},{"type":"Feature","properties":{"n":"淇武蘭路","k":4},"geometry":{"type":"LineString","coordinates":[[121.7915,24.80938],[121.79096,24.80968],[121.79045,24.80981],[121.78979,24.80981],[121.78938,24.80971],[121.78904,24.80958],[121.78757,24.80882],[121.78737,24.80877],[121.78668,24.80878],[121.78611,24.80862],[121.78456,24.80768],[121.78397,24.80739],[121.78346,24.8072],[121.78152,24.80672],[121.78114,24.80687],[121.78066,24.80831],[121.78035,24.80866],[121.77952,24.809],[121.77843,24.80895],[121.77782,24.80914],[121.77746,24.80939],[121.77714,24.80994],[121.7768,24.81029],[121.77632,24.81067]]}},{"type":"Feature","properties":{"n":"淇武蘭路","k":4},"geometry":{"type":"LineString","coordinates":[[121.78793,24.81629],[121.79547,24.8169]]}},{"type":"Feature","properties":{"n":"六結路","k":4},"geometry":{"type":"LineString","coordinates":[[121.77632,24.81067],[121.77158,24.81479],[121.77063,24.81648],[121.77033,24.81682]]}},{"type":"Feature","properties":{"n":"七結路54巷","k":5},"geometry":{"type":"LineString","coordinates":[[121.77315,24.80562],[121.773,24.80552],[121.772,24.80552]]}},{"type":"Feature","properties":{"n":"六結路143巷","k":5},"geometry":{"type":"LineString","coordinates":[[121.77381,24.81287],[121.77642,24.81632]]}},{"type":"Feature","properties":{"n":"淇武蘭七路","k":5},"geometry":{"type":"LineString","coordinates":[[121.77855,24.81328],[121.77794,24.8107]]}},{"type":"Feature","properties":{"n":"港尾橋","k":4},"geometry":{"type":"LineString","coordinates":[[121.7794,24.80252],[121.77968,24.80235]]}},{"type":"Feature","properties":{"n":"玉龍橋","k":3},"geometry":{"type":"LineString","coordinates":[[121.79218,24.81079],[121.79137,24.80926],[121.79058,24.80737]]}},{"type":"Feature","properties":{"n":"玉龍路二段","k":5},"geometry":{"type":"LineString","coordinates":[[121.7915,24.80938],[121.79217,24.81064],[121.79218,24.81079],[121.79204,24.81067],[121.79136,24.80948]]}},{"type":"Feature","properties":{"n":"淇武蘭六路","k":5},"geometry":{"type":"LineString","coordinates":[[121.78085,24.81376],[121.77995,24.81031]]}},{"type":"Feature","properties":{"n":"順和路","k":4},"geometry":{"type":"LineString","coordinates":[[121.81585,24.76392],[121.81509,24.76392],[121.8129,24.76409],[121.8109,24.76439],[121.80258,24.76411],[121.79695,24.76556],[121.79573,24.76565]]}},{"type":"Feature","properties":{"n":"古亭路","k":4},"geometry":{"type":"LineString","coordinates":[[121.79819,24.77102],[121.79903,24.77107],[121.79928,24.77119],[121.80294,24.77436],[121.80519,24.7775],[121.80543,24.77271],[121.80548,24.77055]]}},{"type":"Feature","properties":{"n":"永美路一段","k":4},"geometry":{"type":"LineString","coordinates":[[121.79819,24.77031],[121.81573,24.7709]]}},{"type":"Feature","properties":{"n":"塭底路","k":4},"geometry":{"type":"LineString","coordinates":[[121.81284,24.81706],[121.81149,24.8113],[121.81126,24.80904],[121.81112,24.8087],[121.81031,24.80735],[121.81007,24.80659],[121.80929,24.80458],[121.80745,24.80134],[121.80705,24.79772],[121.80652,24.79707],[121.8064,24.79554]]}},{"type":"Feature","properties":{"n":"塭底路","k":4},"geometry":{"type":"LineString","coordinates":[[121.81365,24.81818],[121.81336,24.81789]]}},{"type":"Feature","properties":{"n":"壯濱路四段","k":2},"geometry":{"type":"LineString","coordinates":[[121.81585,24.76392],[121.81591,24.76625],[121.81589,24.76748],[121.81572,24.76915],[121.81573,24.7709],[121.81524,24.77727],[121.81506,24.77793],[121.81451,24.7788]]}},{"type":"Feature","properties":{"n":"壯濱路四段","k":2},"geometry":{"type":"LineString","coordinates":[[121.81439,24.7788],[121.81497,24.77785],[121.81506,24.77765],[121.81513,24.77728],[121.81563,24.77089],[121.81562,24.76914],[121.81579,24.76777],[121.81582,24.76625],[121.81576,24.76392]]}},{"type":"Feature","properties":{"n":"新社路","k":4},"geometry":{"type":"LineString","coordinates":[[121.80637,24.79486],[121.8064,24.79424],[121.8065,24.79396],[121.806,24.78822],[121.80519,24.7775],[121.80974,24.77912],[121.81355,24.78019]]}},{"type":"Feature","properties":{"n":"壯濱路五段","k":4},"geometry":{"type":"LineString","coordinates":[[121.81387,24.78097],[121.81372,24.78097],[121.81365,24.78083],[121.81355,24.78019],[121.81385,24.77974],[121.81403,24.77956],[121.81415,24.77951]]}},{"type":"Feature","properties":{"n":"壯濱路五段","k":2},"geometry":{"type":"LineString","coordinates":[[121.81468,24.78995],[121.81441,24.78862],[121.81434,24.78796],[121.8144,24.78585],[121.81431,24.78483],[121.8141,24.7833],[121.81381,24.78187],[121.81375,24.78124],[121.81379,24.78061],[121.81391,24.77993],[121.81413,24.7793],[121.81439,24.7788]]}},{"type":"Feature","properties":{"n":"壯濱路五段","k":2},"geometry":{"type":"LineString","coordinates":[[121.81451,24.7788],[121.81415,24.77951],[121.81402,24.77997],[121.81385,24.78116],[121.81393,24.78194],[121.81424,24.78343],[121.81449,24.78541],[121.81451,24.78628],[121.81445,24.78795],[121.81453,24.78863],[121.81479,24.78994]]}},{"type":"Feature","properties":{"n":"壯濱路六段220巷","k":5},"geometry":{"type":"LineString","coordinates":[[121.81771,24.78716],[121.81745,24.78717],[121.81722,24.78732],[121.81697,24.78737],[121.81605,24.7874]]}},{"type":"Feature","properties":{"n":"車路頭橋","k":3},"geometry":{"type":"LineString","coordinates":[[121.80637,24.79486],[121.80693,24.795]]}},{"type":"Feature","properties":{"n":"車路頭一路","k":4},"geometry":{"type":"LineString","coordinates":[[121.8064,24.79554],[121.80637,24.79486]]}},{"type":"Feature","properties":{"n":"壯濱路六段","k":2},"geometry":{"type":"LineString","coordinates":[[121.81734,24.80763],[121.81724,24.80721],[121.8171,24.80494],[121.81677,24.80251],[121.81695,24.80154],[121.81694,24.80119],[121.81643,24.79935],[121.81578,24.7967],[121.81525,24.79301],[121.81468,24.78995]]}},{"type":"Feature","properties":{"n":"壯濱路六段","k":2},"geometry":{"type":"LineString","coordinates":[[121.81479,24.78994],[121.8154,24.79325],[121.81583,24.79647],[121.81703,24.80115],[121.81704,24.80146],[121.81689,24.8023],[121.81688,24.80271],[121.81718,24.80462],[121.81732,24.80707],[121.81746,24.80766]]}},{"type":"Feature","properties":{"n":"大福路一段62巷","k":5},"geometry":{"type":"LineString","coordinates":[[121.81374,24.80306],[121.81379,24.79889]]}},{"type":"Feature","properties":{"n":"五股橋","k":5},"geometry":{"type":"LineString","coordinates":[[121.79576,24.80879],[121.79655,24.80836]]}},{"type":"Feature","properties":{"n":"壯濱路六段326巷","k":5},"geometry":{"type":"LineString","coordinates":[[121.81694,24.80375],[121.81803,24.80378]]}},{"type":"Feature","properties":{"n":"頭濱路一段","k":2},"geometry":{"type":"LineString","coordinates":[[121.81746,24.80766],[121.81836,24.80978],[121.81852,24.81026],[121.81865,24.81232],[121.81941,24.81648],[121.81997,24.81914],[121.82018,24.82115],[121.82062,24.82303],[121.82076,24.82434],[121.82128,24.82604]]}},{"type":"Feature","properties":{"n":"頭濱路一段","k":2},"geometry":{"type":"LineString","coordinates":[[121.82126,24.82635],[121.8207,24.82448],[121.82051,24.82297],[121.82009,24.82116],[121.81984,24.81888],[121.81857,24.81258],[121.81847,24.81071],[121.81841,24.81028],[121.81828,24.8098],[121.81734,24.80763]]}},{"type":"Feature","properties":{"n":"大楓橋","k":4},"geometry":{"type":"LineString","coordinates":[[121.75006,24.81745],[121.74971,24.81668]]}},{"type":"Feature","properties":{"n":"北宜路二段","k":2},"geometry":{"type":"LineString","coordinates":[[121.77565,24.86512],[121.77579,24.86517],[121.77626,24.86565],[121.77659,24.86585],[121.77686,24.8663],[121.77708,24.86656],[121.77748,24.86684],[121.77796,24.86706],[121.77871,24.86693],[121.7791,24.86693],[121.78076,24.8672],[121.78112,24.86729],[121.78207,24.86767],[121.78232,24.86768],[121.78276,24.86746],[121.78329,24.86692],[121.78398,24.86647],[121.78408,24.86628],[121.78406,24.86605],[121.78386,24.86582],[121.7836,24.86574],[121.78282,24.86577],[121.78166,24.86649],[121.78139,24.86656],[121.78024,24.86633],[121.77984,24.8662],[121.7794,24.86598],[121.77912,24.86576],[121.77857,24.86511],[121.77794,24.8647],[121.77787,24.86445],[121.77786,24.86361],[121.77837,24.86217],[121.77846,24.86138],[121.77881,24.8609],[121.7791,24.86073],[121.77925,24.8607],[121.77943,24.86069],[121.77981,24.86078],[121.78013,24.86098],[121.78041,24.86107],[121.78102,24.86109],[121.78144,24.86137],[121.78184,24.86185],[121.78204,24.86222],[121.78204,24.86326],[121.78208,24.86345],[121.78217,24.86358],[121.78244,24.86372],[121.78276,24.86368],[121.7834,24.8633],[121.78392,24.86311],[121.78519,24.86287],[121.78594,24.86279],[121.78641,24.86283],[121.78702,24.86306],[121.78783,24.86369],[121.78809,24.86368],[121.78879,24.8633],[121.78893,24.86308],[121.78912,24.86227],[121.78932,24.86191],[121.78937,24.86117],[121.78961,24.86083],[121.7896,24.86065],[121.78946,24.86022],[121.78948,24.85997],[121.78967,24.85974],[121.79002,24.85956],[121.79013,24.85939],[121.79046,24.85836],[121.79073,24.85776],[121.79069,24.85746],[121.79028,24.85665],[121.79032,24.85654],[121.79046,24.8565],[121.79062,24.85655],[121.79084,24.85706],[121.79106,24.85732],[121.79187,24.85791],[121.7921,24.85801],[121.79227,24.85802],[121.7925,24.85815],[121.79277,24.85861],[121.79287,24.85867],[121.79307,24.85867],[121.79323,24.85859],[121.79331,24.85843],[121.79328,24.85827],[121.7928,24.85772],[121.79242,24.85711],[121.79181,24.85642],[121.79148,24.85591],[121.79116,24.85558],[121.79081,24.8551],[121.79054,24.85486],[121.7902,24.85469],[121.79018,24.8545],[121.79031,24.85444],[121.79041,24.85445],[121.79053,24.85454],[121.79136,24.85533],[121.79248,24.85611],[121.79289,24.85692],[121.79368,24.85757],[121.79391,24.8577],[121.79461,24.85792],[121.79514,24.8583],[121.79515,24.85852],[121.79504,24.85864],[121.79432,24.85896],[121.79428,24.85911],[121.79437,24.85925],[121.79454,24.85925],[121.79491,24.85887],[121.79544,24.85859],[121.79549,24.85844],[121.79545,24.85831],[121.79513,24.85787],[121.79473,24.8576],[121.79417,24.85739],[121.79404,24.8573],[121.79384,24.85713],[121.79346,24.85667],[121.79334,24.85637],[121.79322,24.85524],[121.79317,24.85513],[121.79262,24.85441],[121.79212,24.85402],[121.79149,24.85338],[121.79133,24.85316],[121.7909,24.85184],[121.79061,24.85144],[121.79003,24.85113],[121.79003,24.85096],[121.79012,24.85091],[121.79032,24.85095],[121.79062,24.85116],[121.79091,24.85146],[121.79145,24.85228],[121.79182,24.85272],[121.79205,24.85287],[121.79273,24.85293],[121.79314,24.85351],[121.79391,24.85403],[121.79419,24.85431],[121.79438,24.85485],[121.79421,24.85562],[121.79423,24.85577],[121.79432,24.85589],[121.795,24.85627],[121.79608,24.85664],[121.7963,24.85685],[121.7966,24.85728],[121.79672,24.85734],[121.79684,24.85731]]}},{"type":"Feature","properties":{"n":"南北一路","k":5},"geometry":{"type":"LineString","coordinates":[[121.75715,24.81966],[121.75778,24.82033],[121.7584,24.82082],[121.75896,24.82137]]}},{"type":"Feature","properties":{"n":"東西一路","k":5},"geometry":{"type":"LineString","coordinates":[[121.75667,24.82146],[121.75778,24.82033]]}},{"type":"Feature","properties":{"n":"東西二路","k":5},"geometry":{"type":"LineString","coordinates":[[121.75917,24.82021],[121.75876,24.82047],[121.7584,24.82082]]}},{"type":"Feature","properties":{"n":"忠民橋","k":5},"geometry":{"type":"LineString","coordinates":[[121.76494,24.81785],[121.76358,24.81753]]}},{"type":"Feature","properties":{"n":"五峰路","k":4},"geometry":{"type":"LineString","coordinates":[[121.76347,24.82591],[121.76316,24.82662],[121.76293,24.82692],[121.76257,24.82718],[121.76232,24.82724],[121.76063,24.82727],[121.76004,24.82733],[121.75944,24.82728],[121.75869,24.8271],[121.75842,24.82713],[121.75808,24.82726],[121.75653,24.8282],[121.75546,24.82858],[121.7551,24.82916],[121.75459,24.82985],[121.75433,24.83007],[121.75372,24.83039],[121.75284,24.83055],[121.75093,24.83019],[121.74984,24.83048],[121.7497,24.83046],[121.74938,24.8303],[121.74858,24.83043],[121.74839,24.83054],[121.74779,24.83144],[121.74716,24.83191],[121.74705,24.83205]]}},{"type":"Feature","properties":{"n":"奇峰街","k":5},"geometry":{"type":"LineString","coordinates":[[121.76629,24.82344],[121.76576,24.82209]]}},{"type":"Feature","properties":{"n":"大忠路37巷","k":5},"geometry":{"type":"LineString","coordinates":[[121.76793,24.81907],[121.7675,24.8187],[121.76701,24.81839],[121.76614,24.81808],[121.76494,24.81785]]}},{"type":"Feature","properties":{"n":"龍泉橋","k":4},"geometry":{"type":"LineString","coordinates":[[121.75995,24.82251],[121.75901,24.82142]]}},{"type":"Feature","properties":{"n":"德陽路","k":4},"geometry":{"type":"LineString","coordinates":[[121.77377,24.82682],[121.77159,24.82879],[121.77138,24.82904],[121.77117,24.82906],[121.76984,24.82894],[121.76784,24.82893],[121.76745,24.82879],[121.76347,24.82591]]}},{"type":"Feature","properties":{"n":"大忠路","k":4},"geometry":{"type":"LineString","coordinates":[[121.76909,24.81806],[121.76833,24.81876],[121.76762,24.81931],[121.76724,24.81975],[121.76484,24.8235],[121.76347,24.82591],[121.76244,24.82501],[121.76118,24.82339],[121.75995,24.82251]]}},{"type":"Feature","properties":{"n":"德陽路181巷","k":5},"geometry":{"type":"LineString","coordinates":[[121.7656,24.82746],[121.76623,24.82694]]}},{"type":"Feature","properties":{"n":"得子一路","k":5},"geometry":{"type":"LineString","coordinates":[[121.76003,24.82383],[121.75815,24.82495]]}},{"type":"Feature","properties":{"n":"得子路","k":5},"geometry":{"type":"LineString","coordinates":[[121.75649,24.82535],[121.75707,24.82443],[121.75746,24.82397],[121.75841,24.82343],[121.76014,24.82266]]}},{"type":"Feature","properties":{"n":"得子二路","k":5},"geometry":{"type":"LineString","coordinates":[[121.76089,24.82376],[121.75834,24.82522]]}},{"type":"Feature","properties":{"n":"玉峰六路","k":5},"geometry":{"type":"LineString","coordinates":[[121.75684,24.82479],[121.758,24.82637]]}},{"type":"Feature","properties":{"n":"玉峰五路","k":5},"geometry":{"type":"LineString","coordinates":[[121.75746,24.82397],[121.75881,24.82586]]}},{"type":"Feature","properties":{"n":"德陽路231巷13弄","k":5},"geometry":{"type":"LineString","coordinates":[[121.76453,24.82587],[121.76508,24.82623]]}},{"type":"Feature","properties":{"n":"德陽路231巷13弄","k":5},"geometry":{"type":"LineString","coordinates":[[121.7648,24.82605],[121.76523,24.82552],[121.76533,24.82552],[121.76567,24.82575]]}},{"type":"Feature","properties":{"n":"大忠路255巷","k":5},"geometry":{"type":"LineString","coordinates":[[121.76289,24.82503],[121.76267,24.82374]]}},{"type":"Feature","properties":{"n":"德陽路231巷14弄","k":5},"geometry":{"type":"LineString","coordinates":[[121.76511,24.82666],[121.76561,24.82602]]}},{"type":"Feature","properties":{"n":"德陽路231巷14弄","k":5},"geometry":{"type":"LineString","coordinates":[[121.76508,24.82623],[121.76557,24.82655]]}},{"type":"Feature","properties":{"n":"德陽路247巷","k":5},"geometry":{"type":"LineString","coordinates":[[121.76418,24.8264],[121.76453,24.82587]]}},{"type":"Feature","properties":{"n":"五峰路","k":5},"geometry":{"type":"LineString","coordinates":[[121.76316,24.82662],[121.76294,24.82726],[121.76265,24.82731],[121.76232,24.82724]]}},{"type":"Feature","properties":{"n":"玉峰一路","k":5},"geometry":{"type":"LineString","coordinates":[[121.76052,24.82509],[121.76175,24.82664]]}},{"type":"Feature","properties":{"n":"玉峰路","k":5},"geometry":{"type":"LineString","coordinates":[[121.76264,24.8261],[121.76262,24.82597],[121.76089,24.82376]]}},{"type":"Feature","properties":{"n":"玉峰二路","k":5},"geometry":{"type":"LineString","coordinates":[[121.75955,24.82558],[121.76079,24.82727]]}},{"type":"Feature","properties":{"n":"得子三路","k":5},"geometry":{"type":"LineString","coordinates":[[121.76194,24.82437],[121.75955,24.82558]]}},{"type":"Feature","properties":{"n":"得子五路","k":5},"geometry":{"type":"LineString","coordinates":[[121.76048,24.82684],[121.76175,24.82664],[121.76222,24.82642],[121.76264,24.8261]]}},{"type":"Feature","properties":{"n":"玉峰三路","k":5},"geometry":{"type":"LineString","coordinates":[[121.75949,24.82296],[121.76004,24.82367],[121.76003,24.82383]]}},{"type":"Feature","properties":{"n":"五峰路91巷","k":5},"geometry":{"type":"LineString","coordinates":[[121.74839,24.83054],[121.74809,24.83072],[121.74759,24.83127],[121.74722,24.83146],[121.74694,24.8315]]}},{"type":"Feature","properties":{"n":"五峰路81巷","k":5},"geometry":{"type":"LineString","coordinates":[[121.75226,24.83042],[121.75193,24.82973]]}},{"type":"Feature","properties":{"n":"五峰路70巷","k":5},"geometry":{"type":"LineString","coordinates":[[121.75503,24.83014],[121.75559,24.8299],[121.75571,24.82958],[121.75584,24.82886],[121.75584,24.82846]]}},{"type":"Feature","properties":{"n":"礁溪街","k":5},"geometry":{"type":"LineString","coordinates":[[121.77017,24.81929],[121.76988,24.8194],[121.77006,24.82017]]}},{"type":"Feature","properties":{"n":"大義路","k":4},"geometry":{"type":"LineString","coordinates":[[121.77033,24.81682],[121.76909,24.81806]]}},{"type":"Feature","properties":{"n":"中山路一段","k":5},"geometry":{"type":"LineString","coordinates":[[121.76772,24.81529],[121.76806,24.81627]]}},{"type":"Feature","properties":{"n":"中山路一段","k":5},"geometry":{"type":"LineString","coordinates":[[121.76806,24.81627],[121.76766,24.81574]]}},{"type":"Feature","properties":{"n":"中山路一段","k":5},"geometry":{"type":"LineString","coordinates":[[121.76806,24.81627],[121.7684,24.81726],[121.77051,24.8197],[121.77064,24.82],[121.77149,24.82312]]}},{"type":"Feature","properties":{"n":"化龍街8巷","k":5},"geometry":{"type":"LineString","coordinates":[[121.76686,24.82112],[121.76756,24.82089]]}},{"type":"Feature","properties":{"n":"礁溪路四段","k":2},"geometry":{"type":"LineString","coordinates":[[121.7707,24.82429],[121.76901,24.81976],[121.76766,24.81574]]}},{"type":"Feature","properties":{"n":"礁溪路四段","k":2},"geometry":{"type":"LineString","coordinates":[[121.76782,24.81591],[121.76818,24.8171],[121.76907,24.81965],[121.77077,24.82426]]}},{"type":"Feature","properties":{"n":"奇立丹路90巷","k":5},"geometry":{"type":"LineString","coordinates":[[121.77656,24.82072],[121.77693,24.82131]]}},{"type":"Feature","properties":{"n":"興農路196巷","k":5},"geometry":{"type":"LineString","coordinates":[[121.77642,24.81632],[121.77776,24.8181]]}},{"type":"Feature","properties":{"n":"中山路二段","k":5},"geometry":{"type":"LineString","coordinates":[[121.77149,24.82312],[121.77211,24.82448],[121.7731,24.82606],[121.77377,24.82682],[121.77644,24.82903],[121.77648,24.82912],[121.77643,24.82918]]}},{"type":"Feature","properties":{"n":"奇立丹路","k":5},"geometry":{"type":"LineString","coordinates":[[121.77776,24.8181],[121.78225,24.82377],[121.787,24.82501]]}},{"type":"Feature","properties":{"n":"奇立丹路","k":5},"geometry":{"type":"LineString","coordinates":[[121.77454,24.825],[121.77496,24.82459],[121.77509,24.82414],[121.77508,24.82391],[121.77543,24.82322],[121.77583,24.82289],[121.7759,24.82275],[121.77594,24.82248],[121.77587,24.82197],[121.77594,24.82178],[121.77661,24.82135],[121.77705,24.82126],[121.77757,24.82088],[121.77766,24.8208],[121.77772,24.82044],[121.77786,24.82023],[121.77863,24.8196],[121.77892,24.81959]]}},{"type":"Feature","properties":{"n":"興農路291巷","k":5},"geometry":{"type":"LineString","coordinates":[[121.77871,24.81928],[121.7825,24.818]]}},{"type":"Feature","properties":{"n":"化龍街","k":5},"geometry":{"type":"LineString","coordinates":[[121.76668,24.82063],[121.76678,24.82077],[121.76707,24.82205],[121.76705,24.82245],[121.76713,24.8232]]}},{"type":"Feature","properties":{"n":"興農路","k":4},"geometry":{"type":"LineString","coordinates":[[121.77074,24.82038],[121.78399,24.81606],[121.78461,24.81602],[121.78793,24.81629]]}},{"type":"Feature","properties":{"n":"礁溪路五段","k":2},"geometry":{"type":"LineString","coordinates":[[121.77629,24.82913],[121.77591,24.82903],[121.77446,24.82889],[121.77403,24.82878],[121.7733,24.82847],[121.77256,24.8279],[121.77189,24.82715],[121.77173,24.82689],[121.7707,24.82429]]}},{"type":"Feature","properties":{"n":"礁溪路五段","k":2},"geometry":{"type":"LineString","coordinates":[[121.77655,24.82915],[121.77684,24.82932]]}},{"type":"Feature","properties":{"n":"礁溪路五段","k":2},"geometry":{"type":"LineString","coordinates":[[121.77673,24.82938],[121.7765,24.82922]]}},{"type":"Feature","properties":{"n":"礁溪路五段","k":2},"geometry":{"type":"LineString","coordinates":[[121.77077,24.82426],[121.77119,24.82542],[121.77179,24.82686],[121.77196,24.82713],[121.77261,24.82785],[121.77316,24.8283],[121.77399,24.82869],[121.7746,24.82883],[121.77612,24.82897],[121.77635,24.82907]]}},{"type":"Feature","properties":{"n":"湯圍街","k":5},"geometry":{"type":"LineString","coordinates":[[121.77278,24.82505],[121.77192,24.82563]]}},{"type":"Feature","properties":{"n":"湯圍街","k":5},"geometry":{"type":"LineString","coordinates":[[121.77248,24.8265],[121.77334,24.8272]]}},{"type":"Feature","properties":{"n":"奇立丹路3巷","k":5},"geometry":{"type":"LineString","coordinates":[[121.77454,24.825],[121.77687,24.8277],[121.77716,24.82796],[121.77774,24.82816],[121.78181,24.82915]]}},{"type":"Feature","properties":{"n":"德陽路111巷","k":5},"geometry":{"type":"LineString","coordinates":[[121.76933,24.82894],[121.76932,24.82812]]}},{"type":"Feature","properties":{"n":"仁愛路48巷","k":5},"geometry":{"type":"LineString","coordinates":[[121.76932,24.82812],[121.7693,24.82778],[121.77004,24.82708]]}},{"type":"Feature","properties":{"n":"復興街","k":5},"geometry":{"type":"LineString","coordinates":[[121.7716,24.82495],[121.77127,24.82411]]}},{"type":"Feature","properties":{"n":"復興街","k":5},"geometry":{"type":"LineString","coordinates":[[121.77114,24.82547],[121.77183,24.82469],[121.77211,24.82448]]}},{"type":"Feature","properties":{"n":"復興街","k":5},"geometry":{"type":"LineString","coordinates":[[121.77058,24.82434],[121.77183,24.8239]]}},{"type":"Feature","properties":{"n":"仁愛路78巷","k":5},"geometry":{"type":"LineString","coordinates":[[121.76833,24.82768],[121.76943,24.82645]]}},{"type":"Feature","properties":{"n":"仁愛路90巷","k":5},"geometry":{"type":"LineString","coordinates":[[121.76882,24.82711],[121.76847,24.82688],[121.76907,24.8262]]}},{"type":"Feature","properties":{"n":"信義路34巷","k":5},"geometry":{"type":"LineString","coordinates":[[121.77038,24.82631],[121.77116,24.82716]]}},{"type":"Feature","properties":{"n":"仁愛路15巷","k":5},"geometry":{"type":"LineString","coordinates":[[121.77153,24.82757],[121.77089,24.82805]]}},{"type":"Feature","properties":{"n":"仁愛路116巷","k":5},"geometry":{"type":"LineString","coordinates":[[121.76795,24.82627],[121.76834,24.82572]]}},{"type":"Feature","properties":{"n":"仁愛路90巷3弄","k":5},"geometry":{"type":"LineString","coordinates":[[121.76811,24.82605],[121.76847,24.82625],[121.76875,24.82656]]}},{"type":"Feature","properties":{"n":"和平路40巷","k":5},"geometry":{"type":"LineString","coordinates":[[121.76881,24.8227],[121.76897,24.82309],[121.76919,24.82336]]}},{"type":"Feature","properties":{"n":"仁愛路19巷","k":5},"geometry":{"type":"LineString","coordinates":[[121.77153,24.82757],[121.77132,24.82737],[121.77071,24.82785]]}},{"type":"Feature","properties":{"n":"仁愛路11巷","k":5},"geometry":{"type":"LineString","coordinates":[[121.77104,24.8282],[121.77164,24.82768],[121.77153,24.82757]]}},{"type":"Feature","properties":{"n":"仁愛路116巷11弄","k":5},"geometry":{"type":"LineString","coordinates":[[121.76762,24.82601],[121.76795,24.82627]]}},{"type":"Feature","properties":{"n":"德陽街","k":5},"geometry":{"type":"LineString","coordinates":[[121.77337,24.82638],[121.77369,24.82614],[121.77379,24.82567],[121.77388,24.82553],[121.77454,24.825]]}},{"type":"Feature","properties":{"n":"奇立丹路56巷","k":5},"geometry":{"type":"LineString","coordinates":[[121.77541,24.82261],[121.77552,24.8231]]}},{"type":"Feature","properties":{"n":"溫泉路3巷","k":5},"geometry":{"type":"LineString","coordinates":[[121.77522,24.82705],[121.77508,24.82681]]}},{"type":"Feature","properties":{"n":"白雲二路","k":5},"geometry":{"type":"LineString","coordinates":[[121.78463,24.83004],[121.78445,24.82922],[121.78396,24.82791],[121.78447,24.8275],[121.78561,24.82379]]}},{"type":"Feature","properties":{"n":"迴轉道","k":5},"geometry":{"type":"LineString","coordinates":[[121.7885,24.82835],[121.78872,24.82839],[121.78894,24.82817],[121.78933,24.82795],[121.78934,24.82782],[121.78904,24.82726],[121.78905,24.82717],[121.79003,24.82669]]}},{"type":"Feature","properties":{"n":"大竹圍路","k":5},"geometry":{"type":"LineString","coordinates":[[121.78768,24.82414],[121.78776,24.82415],[121.78817,24.82457],[121.78865,24.82517],[121.78944,24.82577],[121.79018,24.82695],[121.79045,24.82724],[121.79206,24.82833],[121.79264,24.82852],[121.79319,24.83014],[121.79316,24.83041],[121.7927,24.83187]]}},{"type":"Feature","properties":{"n":"忠孝路1巷","k":5},"geometry":{"type":"LineString","coordinates":[[121.77144,24.82908],[121.77043,24.83106],[121.77002,24.83218],[121.77013,24.83237],[121.77059,24.83263],[121.77061,24.8328],[121.77038,24.83319],[121.77063,24.83333]]}},{"type":"Feature","properties":{"n":"健康路","k":5},"geometry":{"type":"LineString","coordinates":[[121.7728,24.82941],[121.77362,24.82998],[121.77471,24.83057],[121.77582,24.831]]}},{"type":"Feature","properties":{"n":"健康一街","k":5},"geometry":{"type":"LineString","coordinates":[[121.77622,24.82992],[121.77544,24.82973],[121.77407,24.82967],[121.77391,24.82977],[121.77284,24.83094]]}},{"type":"Feature","properties":{"n":"健康二街21巷","k":5},"geometry":{"type":"LineString","coordinates":[[121.77328,24.83046],[121.77392,24.83097],[121.77435,24.83115]]}},{"type":"Feature","properties":{"n":"健康二街","k":5},"geometry":{"type":"LineString","coordinates":[[121.77525,24.82972],[121.77399,24.83168]]}},{"type":"Feature","properties":{"n":"公園路70巷","k":5},"geometry":{"type":"LineString","coordinates":[[121.77476,24.83217],[121.77537,24.83244],[121.77594,24.8329],[121.77686,24.83349]]}},{"type":"Feature","properties":{"n":"礁溪路六段","k":2},"geometry":{"type":"LineString","coordinates":[[121.77684,24.82932],[121.78058,24.83397],[121.78159,24.83488],[121.78201,24.83517],[121.78276,24.83549]]}},{"type":"Feature","properties":{"n":"礁溪路六段","k":2},"geometry":{"type":"LineString","coordinates":[[121.78271,24.8356],[121.78219,24.83541],[121.78179,24.8352],[121.78113,24.83467],[121.78051,24.83409],[121.7799,24.83338],[121.77673,24.82938]]}},{"type":"Feature","properties":{"n":"公園北路","k":5},"geometry":{"type":"LineString","coordinates":[[121.77628,24.83412],[121.77706,24.83329],[121.778,24.83276],[121.7788,24.83195]]}},{"type":"Feature","properties":{"n":"公園路70巷39弄","k":5},"geometry":{"type":"LineString","coordinates":[[121.77539,24.83365],[121.77558,24.83331],[121.77594,24.8329]]}},{"type":"Feature","properties":{"n":"公園路18巷","k":5},"geometry":{"type":"LineString","coordinates":[[121.7756,24.8326],[121.77587,24.83213],[121.7763,24.83159],[121.77621,24.83139],[121.77575,24.83109]]}},{"type":"Feature","properties":{"n":"湯圍橋","k":2},"geometry":{"type":"LineString","coordinates":[[121.77635,24.82907],[121.77655,24.82915]]}},{"type":"Feature","properties":{"n":"湯圍橋","k":2},"geometry":{"type":"LineString","coordinates":[[121.7765,24.82922],[121.77629,24.82913]]}},{"type":"Feature","properties":{"n":"忠孝一路","k":5},"geometry":{"type":"LineString","coordinates":[[121.77308,24.83239],[121.77146,24.83122]]}},{"type":"Feature","properties":{"n":"忠孝路63巷","k":5},"geometry":{"type":"LineString","coordinates":[[121.77265,24.83076],[121.77246,24.83098],[121.77238,24.83128]]}},{"type":"Feature","properties":{"n":"玉石路","k":5},"geometry":{"type":"LineString","coordinates":[[121.78182,24.8292],[121.78181,24.82934]]}},{"type":"Feature","properties":{"n":"礁溪路六段84巷","k":5},"geometry":{"type":"LineString","coordinates":[[121.77912,24.83218],[121.77998,24.83235]]}},{"type":"Feature","properties":{"n":"礁溪路六段162巷","k":5},"geometry":{"type":"LineString","coordinates":[[121.78057,24.8331],[121.7804,24.83329],[121.78038,24.8335],[121.78025,24.83359]]}},{"type":"Feature","properties":{"n":"礁溪路六段118巷","k":5},"geometry":{"type":"LineString","coordinates":[[121.77998,24.83235],[121.78007,24.83247],[121.77973,24.83294]]}},{"type":"Feature","properties":{"n":"礁溪路六段226巷","k":5},"geometry":{"type":"LineString","coordinates":[[121.78137,24.83416],[121.78148,24.83423],[121.78147,24.83431],[121.78121,24.83456]]}},{"type":"Feature","properties":{"n":"白雲六路","k":5},"geometry":{"type":"LineString","coordinates":[[121.78832,24.83393],[121.78927,24.83206]]}},{"type":"Feature","properties":{"n":"份尾三路50巷","k":5},"geometry":{"type":"LineString","coordinates":[[121.79033,24.83183],[121.79023,24.83094],[121.78998,24.83036],[121.78968,24.83004],[121.78902,24.82971],[121.7886,24.8293],[121.78841,24.82883],[121.78842,24.82833]]}},{"type":"Feature","properties":{"n":"青雲路一段","k":2},"geometry":{"type":"LineString","coordinates":[[121.79626,24.83986],[121.79574,24.83965],[121.79466,24.83898],[121.79433,24.83884],[121.79394,24.83874],[121.79205,24.83861],[121.79106,24.83844],[121.78857,24.83756]]}},{"type":"Feature","properties":{"n":"青雲路一段","k":2},"geometry":{"type":"LineString","coordinates":[[121.78867,24.83746],[121.78973,24.83782],[121.79077,24.83825],[121.79131,24.83839],[121.79224,24.83852],[121.79392,24.83863],[121.79441,24.83876],[121.79557,24.83943],[121.7964,24.83979]]}},{"type":"Feature","properties":{"n":"青雲路一段","k":2},"geometry":{"type":"LineString","coordinates":[[121.79705,24.83996],[121.80008,24.8407],[121.80066,24.8409]]}},{"type":"Feature","properties":{"n":"青雲路一段","k":2},"geometry":{"type":"LineString","coordinates":[[121.80062,24.84102],[121.79913,24.84058],[121.7969,24.84004]]}},{"type":"Feature","properties":{"n":"北宜路一段","k":2},"geometry":{"type":"LineString","coordinates":[[121.79021,24.84108],[121.7902,24.84134],[121.79026,24.84158],[121.79345,24.84682],[121.79357,24.84727],[121.79372,24.84872],[121.7938,24.84893],[121.79437,24.8497]]}},{"type":"Feature","properties":{"n":"北宜路一段","k":2},"geometry":{"type":"LineString","coordinates":[[121.79437,24.8497],[121.79402,24.84935],[121.79371,24.84891],[121.79364,24.84874],[121.79358,24.84844],[121.79348,24.8471],[121.79342,24.84693],[121.79033,24.84185],[121.79013,24.84148],[121.79011,24.84107]]}},{"type":"Feature","properties":{"n":"北宜路一段","k":2},"geometry":{"type":"LineString","coordinates":[[121.79018,24.84076],[121.79087,24.83838]]}},{"type":"Feature","properties":{"n":"北宜路一段","k":2},"geometry":{"type":"LineString","coordinates":[[121.79099,24.8383],[121.79028,24.84077]]}},{"type":"Feature","properties":{"n":"北宜路一段","k":2},"geometry":{"type":"LineString","coordinates":[[121.79684,24.85731],[121.79685,24.85709],[121.7963,24.85649],[121.79588,24.8563],[121.79555,24.85591],[121.79503,24.85564],[121.79487,24.85541],[121.79478,24.8552],[121.79479,24.85512],[121.79523,24.85453],[121.79524,24.85436],[121.79478,24.85333],[121.79401,24.85224],[121.79326,24.85144],[121.79308,24.85104],[121.79298,24.85067],[121.79248,24.85009],[121.7919,24.8496],[121.79189,24.84947],[121.79198,24.84942],[121.79211,24.84943],[121.79237,24.84985],[121.79284,24.85021],[121.79316,24.85062],[121.79337,24.85114],[121.79426,24.8519],[121.79468,24.85235],[121.79526,24.85262],[121.79562,24.85306],[121.79581,24.85315],[121.79617,24.85319],[121.79633,24.85329],[121.79653,24.85374],[121.7973,24.85445],[121.79746,24.85465],[121.7979,24.85562],[121.79834,24.85612],[121.79852,24.85682],[121.79884,24.85732],[121.79894,24.85736],[121.79902,24.85731],[121.79901,24.85714],[121.79862,24.8564],[121.7984,24.8558],[121.79798,24.85505],[121.79797,24.85494],[121.79804,24.85473],[121.79833,24.85435],[121.79836,24.85426],[121.79831,24.85407],[121.79805,24.8539],[121.7974,24.85378],[121.79714,24.85367],[121.79699,24.85349],[121.79682,24.85306],[121.79615,24.85235],[121.79587,24.85176],[121.79527,24.85104],[121.79437,24.8497]]}},{"type":"Feature","properties":{"n":"宜三路一段","k":4},"geometry":{"type":"LineString","coordinates":[[121.79747,24.85127],[121.79719,24.85063],[121.79698,24.85027],[121.79541,24.84833],[121.7954,24.84799],[121.79555,24.84629],[121.79548,24.84608],[121.7949,24.84501],[121.79459,24.84466],[121.79242,24.84296],[121.79168,24.84222],[121.79033,24.84126],[121.7901,24.84117]]}},{"type":"Feature","properties":{"n":"礁溪路七段","k":2},"geometry":{"type":"LineString","coordinates":[[121.78857,24.83756],[121.78271,24.8356]]}},{"type":"Feature","properties":{"n":"礁溪路七段","k":2},"geometry":{"type":"LineString","coordinates":[[121.78276,24.83549],[121.78867,24.83746]]}},{"type":"Feature","properties":{"n":"白雲三路30巷","k":5},"geometry":{"type":"LineString","coordinates":[[121.78528,24.83726],[121.78617,24.83793],[121.78666,24.83845]]}},{"type":"Feature","properties":{"n":"白雲三路","k":5},"geometry":{"type":"LineString","coordinates":[[121.78398,24.83884],[121.78403,24.83865],[121.78437,24.83834],[121.78585,24.83664]]}},{"type":"Feature","properties":{"n":"份尾三路","k":5},"geometry":{"type":"LineString","coordinates":[[121.78461,24.82985],[121.78649,24.83034],[121.78808,24.83123],[121.78828,24.83124],[121.79033,24.83183],[121.79364,24.83184],[121.797,24.83078]]}},{"type":"Feature","properties":{"n":"份尾二路","k":5},"geometry":{"type":"LineString","coordinates":[[121.79036,24.83209],[121.79369,24.83209],[121.79709,24.83102]]}},{"type":"Feature","properties":{"n":"白雲一路","k":5},"geometry":{"type":"LineString","coordinates":[[121.78134,24.84022],[121.78213,24.83952],[121.78317,24.83837]]}},{"type":"Feature","properties":{"n":"白石腳路","k":5},"geometry":{"type":"LineString","coordinates":[[121.78345,24.83572],[121.78334,24.83591],[121.78228,24.837],[121.78172,24.83768],[121.78148,24.83785],[121.78041,24.83926],[121.78054,24.83946],[121.78134,24.84022]]}},{"type":"Feature","properties":{"n":"白雲五路","k":5},"geometry":{"type":"LineString","coordinates":[[121.78317,24.83837],[121.78398,24.83884]]}},{"type":"Feature","properties":{"n":"北宜公路","k":2},"geometry":{"type":"LineString","coordinates":[[121.79087,24.83838],[121.79089,24.83828]]}},{"type":"Feature","properties":{"n":"北宜公路","k":2},"geometry":{"type":"LineString","coordinates":[[121.76624,24.87333],[121.76631,24.87323],[121.7663,24.87243],[121.76637,24.87231],[121.76698,24.87204],[121.76714,24.87188],[121.76728,24.87143],[121.76734,24.87092],[121.76753,24.87081],[121.76785,24.87074],[121.76799,24.87066],[121.76825,24.87037],[121.76845,24.87029],[121.76859,24.87032],[121.7687,24.87042],[121.76899,24.8712],[121.76902,24.87242],[121.76909,24.87253],[121.76926,24.87264],[121.76957,24.87266],[121.77159,24.87232],[121.77228,24.87249],[121.77266,24.87249],[121.77318,24.87238],[121.77354,24.87221],[121.77382,24.87192],[121.77396,24.87168],[121.774,24.87149],[121.77414,24.86923],[121.77388,24.86898],[121.77317,24.86886],[121.77282,24.86892],[121.77221,24.8692],[121.77201,24.86912],[121.77195,24.86903],[121.77197,24.86883],[121.77281,24.86793],[121.77355,24.86734],[121.77384,24.86659],[121.77439,24.86587],[121.77525,24.86519],[121.77537,24.86513],[121.77565,24.86512]]}},{"type":"Feature","properties":{"n":"猴洞橋","k":2},"geometry":{"type":"LineString","coordinates":[[121.79028,24.84077],[121.79021,24.84108]]}},{"type":"Feature","properties":{"n":"猴洞橋","k":2},"geometry":{"type":"LineString","coordinates":[[121.79011,24.84107],[121.79018,24.84076]]}},{"type":"Feature","properties":{"n":"大塭路","k":4},"geometry":{"type":"LineString","coordinates":[[121.79547,24.8169],[121.81016,24.8181],[121.81374,24.81817]]}},{"type":"Feature","properties":{"n":"三和路","k":3},"geometry":{"type":"LineString","coordinates":[[121.80179,24.82917],[121.80147,24.82805],[121.80056,24.8264]]}},{"type":"Feature","properties":{"n":"三和路","k":3},"geometry":{"type":"LineString","coordinates":[[121.80205,24.83018],[121.80191,24.8297]]}},{"type":"Feature","properties":{"n":"三和路","k":3},"geometry":{"type":"LineString","coordinates":[[121.80766,24.84543],[121.80709,24.84298],[121.80671,24.84213],[121.80554,24.83914],[121.80486,24.83763],[121.80405,24.83537],[121.80335,24.83388],[121.80261,24.83142],[121.80212,24.83038]]}},{"type":"Feature","properties":{"n":"福德坑路","k":5},"geometry":{"type":"LineString","coordinates":[[121.80594,24.87174],[121.80592,24.8716],[121.80601,24.87148],[121.80713,24.87104],[121.80721,24.8708],[121.80681,24.87038],[121.80622,24.87018],[121.80546,24.86979],[121.80508,24.86946],[121.80458,24.86888],[121.8043,24.86867],[121.80392,24.86786],[121.80396,24.86752],[121.80418,24.86716],[121.80418,24.86704],[121.80391,24.86679],[121.80366,24.86644],[121.80342,24.86623],[121.8033,24.86622],[121.80272,24.8667],[121.80166,24.8672],[121.80167,24.86732],[121.80177,24.86742],[121.80225,24.86771],[121.80245,24.86798],[121.80243,24.86819],[121.80221,24.86847],[121.80167,24.86879],[121.80115,24.86927],[121.80058,24.86944],[121.80038,24.86989],[121.80011,24.86995],[121.79976,24.87014],[121.79885,24.87024],[121.79842,24.87064],[121.79845,24.87081],[121.79877,24.87104],[121.79898,24.87134],[121.79912,24.87164],[121.79908,24.87186],[121.79881,24.87213],[121.79868,24.87242],[121.79843,24.87263],[121.79807,24.87257],[121.79781,24.87234],[121.79769,24.87232],[121.79739,24.87257],[121.7972,24.87354],[121.79683,24.87405],[121.79689,24.87459],[121.7966,24.87498],[121.79674,24.87536],[121.79677,24.8758],[121.79685,24.87583],[121.79696,24.87514],[121.79713,24.87486],[121.79727,24.87417],[121.79751,24.87394],[121.79777,24.87344],[121.79787,24.87335],[121.79814,24.87332],[121.79853,24.87369],[121.7987,24.87371],[121.79881,24.87367],[121.79941,24.87306],[121.79966,24.87313],[121.79987,24.87341],[121.8004,24.87371],[121.80109,24.87388],[121.8013,24.87416],[121.80125,24.87434],[121.80065,24.87462],[121.80036,24.87525],[121.80007,24.87544],[121.80002,24.87555],[121.80003,24.87563],[121.80031,24.87588],[121.80035,24.87618],[121.80044,24.87627],[121.8007,24.87631],[121.80122,24.87606],[121.80148,24.87603],[121.80152,24.87617],[121.80142,24.87665],[121.80082,24.87685],[121.80063,24.87703],[121.80043,24.87744],[121.80042,24.87766],[121.8,24.87804],[121.80005,24.87815],[121.80026,24.87828],[121.80099,24.87845],[121.80103,24.87876],[121.80109,24.87883],[121.80131,24.87879],[121.80169,24.87825],[121.80187,24.87829],[121.80168,24.87902],[121.80148,24.87931],[121.80148,24.87972],[121.80123,24.87979],[121.80089,24.8796],[121.80024,24.87992],[121.8003,24.88006],[121.80068,24.88008],[121.80086,24.88025],[121.801,24.88057],[121.80099,24.88074],[121.80114,24.88119],[121.80104,24.88173],[121.8011,24.8818],[121.80153,24.88194],[121.80161,24.88203],[121.80164,24.88222],[121.80124,24.88262],[121.80061,24.88266],[121.80045,24.88294],[121.79992,24.88304],[121.79977,24.88316],[121.79974,24.88328],[121.80005,24.8832],[121.8004,24.8833],[121.80066,24.88322],[121.80082,24.8834],[121.80095,24.88343],[121.80137,24.88324],[121.80166,24.88324],[121.80188,24.88308],[121.80211,24.88301],[121.80234,24.88279],[121.80308,24.88267],[121.80316,24.88262],[121.80332,24.88227],[121.80372,24.88213],[121.8038,24.88189],[121.80395,24.88184],[121.80401,24.8819],[121.80383,24.88224],[121.80368,24.88237],[121.80319,24.88311],[121.80297,24.88328],[121.80282,24.88354],[121.80275,24.88392],[121.80289,24.88395],[121.80296,24.88371],[121.80363,24.8832],[121.80395,24.88312],[121.80429,24.8832],[121.80462,24.88305],[121.8047,24.8831],[121.80444,24.88333],[121.80417,24.8834],[121.80357,24.88395],[121.80334,24.8843],[121.80331,24.88444],[121.80336,24.88447],[121.80349,24.88438],[121.8037,24.88406],[121.80437,24.88392],[121.80461,24.8838],[121.80486,24.8838],[121.80586,24.88322],[121.80706,24.88313],[121.80744,24.88301],[121.80773,24.88277],[121.80783,24.8824],[121.80801,24.88247],[121.80804,24.88271],[121.80777,24.8831],[121.80753,24.88332],[121.80704,24.88358],[121.80633,24.88381],[121.80592,24.88432],[121.80521,24.88482],[121.80478,24.88524],[121.80481,24.88533],[121.80578,24.88472],[121.80719,24.88423],[121.80759,24.88417],[121.8083,24.88391],[121.80886,24.88362],[121.81022,24.88239],[121.81052,24.8822],[121.81096,24.88208],[121.81103,24.88197],[121.81102,24.8818],[121.81085,24.88139],[121.81042,24.88084],[121.8101,24.88055],[121.80993,24.87966],[121.80971,24.87922],[121.80965,24.87894],[121.80973,24.87857],[121.80972,24.87809],[121.80953,24.87747],[121.80964,24.87652],[121.80973,24.87449],[121.80955,24.8737],[121.80966,24.87326],[121.80956,24.87287],[121.80979,24.87277],[121.81008,24.87239],[121.81021,24.87232]]}},{"type":"Feature","properties":{"n":"福德坑路","k":5},"geometry":{"type":"LineString","coordinates":[[121.80985,24.87267],[121.80929,24.87286],[121.80888,24.87314],[121.80883,24.87308],[121.80887,24.87293],[121.80984,24.87224],[121.80982,24.87197],[121.80955,24.87175],[121.80932,24.87182],[121.80935,24.87217],[121.80921,24.8724],[121.80821,24.87273],[121.80811,24.87268],[121.80845,24.8725],[121.80869,24.87228],[121.80873,24.87211],[121.80859,24.87196],[121.80835,24.87194],[121.80807,24.87206],[121.80744,24.87209],[121.80675,24.87198],[121.80663,24.87182],[121.8065,24.87177],[121.806,24.87177]]}},{"type":"Feature","properties":{"n":"砂港橋","k":3},"geometry":{"type":"LineString","coordinates":[[121.80056,24.8264],[121.80043,24.82616]]}},{"type":"Feature","properties":{"n":"時潮橋","k":4},"geometry":{"type":"LineString","coordinates":[[121.81336,24.81789],[121.813,24.81745],[121.81284,24.81706]]}},{"type":"Feature","properties":{"n":"三抱竹橋","k":4},"geometry":{"type":"LineString","coordinates":[[121.81374,24.81817],[121.81442,24.81816]]}},{"type":"Feature","properties":{"n":"竹安路","k":4},"geometry":{"type":"LineString","coordinates":[[121.81442,24.81816],[121.81962,24.81743]]}},{"type":"Feature","properties":{"n":"二城橋","k":5},"geometry":{"type":"LineString","coordinates":[[121.79709,24.83102],[121.797,24.83078]]}},{"type":"Feature","properties":{"n":"中崙橋","k":3},"geometry":{"type":"LineString","coordinates":[[121.80191,24.8297],[121.80179,24.82917]]}},{"type":"Feature","properties":{"n":"新圍橋","k":3},"geometry":{"type":"LineString","coordinates":[[121.80212,24.83038],[121.80205,24.83018]]}},{"type":"Feature","properties":{"n":"中崙路","k":4},"geometry":{"type":"LineString","coordinates":[[121.80381,24.83483],[121.80343,24.83493],[121.80211,24.83494],[121.80058,24.83487],[121.79987,24.83494]]}},{"type":"Feature","properties":{"n":"中崙路","k":4},"geometry":{"type":"LineString","coordinates":[[121.79954,24.83509],[121.79522,24.83737]]}},{"type":"Feature","properties":{"n":"青雲路二段","k":2},"geometry":{"type":"LineString","coordinates":[[121.81417,24.84844],[121.81361,24.84786],[121.81288,24.84747],[121.8078,24.84549],[121.80623,24.8448],[121.8013,24.84136],[121.80062,24.84102]]}},{"type":"Feature","properties":{"n":"青雲路二段","k":2},"geometry":{"type":"LineString","coordinates":[[121.80066,24.8409],[121.80143,24.84129],[121.80633,24.84471],[121.80791,24.8454],[121.8128,24.84731],[121.81337,24.84757],[121.81387,24.84792],[121.81426,24.8484]]}},{"type":"Feature","properties":{"n":"青雲路二段","k":2},"geometry":{"type":"LineString","coordinates":[[121.81458,24.84877],[121.815,24.84921],[121.81587,24.84983],[121.81601,24.85],[121.81581,24.84994],[121.81493,24.84929],[121.81441,24.84873]]}},{"type":"Feature","properties":{"n":"青雲路二段","k":2},"geometry":{"type":"LineString","coordinates":[[121.82256,24.85434],[121.82206,24.85373]]}},{"type":"Feature","properties":{"n":"三和路616巷","k":5},"geometry":{"type":"LineString","coordinates":[[121.797,24.83078],[121.80015,24.82957],[121.80069,24.82942],[121.801,24.82925],[121.80179,24.82917]]}},{"type":"Feature","properties":{"n":"二城路","k":4},"geometry":{"type":"LineString","coordinates":[[121.79522,24.83737],[121.79356,24.83828],[121.79339,24.83833],[121.79343,24.83869]]}},{"type":"Feature","properties":{"n":"二圍橋","k":2},"geometry":{"type":"LineString","coordinates":[[121.7969,24.84004],[121.79626,24.83986]]}},{"type":"Feature","properties":{"n":"二圍橋","k":2},"geometry":{"type":"LineString","coordinates":[[121.7964,24.83979],[121.79705,24.83996]]}},{"type":"Feature","properties":{"n":"青雲路一段190巷","k":5},"geometry":{"type":"LineString","coordinates":[[121.79376,24.83817],[121.79409,24.83867]]}},{"type":"Feature","properties":{"n":"中二橋","k":4},"geometry":{"type":"LineString","coordinates":[[121.79987,24.83494],[121.79954,24.83509]]}},{"type":"Feature","properties":{"n":"頭濱路二段","k":2},"geometry":{"type":"LineString","coordinates":[[121.82396,24.84033],[121.82441,24.83941],[121.82447,24.83905],[121.82445,24.83853],[121.82418,24.83742],[121.82309,24.83499],[121.82285,24.83434],[121.82262,24.83338],[121.82254,24.8321],[121.82163,24.82845],[121.82126,24.82635]]}},{"type":"Feature","properties":{"n":"頭濱路二段","k":2},"geometry":{"type":"LineString","coordinates":[[121.82128,24.82604],[121.82172,24.82844],[121.8226,24.83187],[121.8227,24.8332],[121.82294,24.8343],[121.82311,24.83478],[121.82426,24.83736],[121.82456,24.83858],[121.82455,24.8392],[121.82444,24.83959],[121.82402,24.84037]]}},{"type":"Feature","properties":{"n":"竹安橋","k":2},"geometry":{"type":"LineString","coordinates":[[121.82295,24.84246],[121.82301,24.8421],[121.82314,24.84173],[121.82396,24.84033]]}},{"type":"Feature","properties":{"n":"竹安橋","k":2},"geometry":{"type":"LineString","coordinates":[[121.82402,24.84037],[121.82322,24.84175],[121.82311,24.84204],[121.82303,24.84246]]}},{"type":"Feature","properties":{"n":"宜三路二段","k":4},"geometry":{"type":"LineString","coordinates":[[121.80113,24.85951],[121.8005,24.8579],[121.79996,24.85634],[121.7994,24.85458],[121.79916,24.85364],[121.79894,24.85327],[121.79747,24.85127]]}},{"type":"Feature","properties":{"n":"宜三路二段","k":4},"geometry":{"type":"LineString","coordinates":[[121.80819,24.86375],[121.80761,24.8637],[121.80722,24.86357],[121.80563,24.86239],[121.80423,24.86168],[121.80349,24.86105],[121.80316,24.86088],[121.80235,24.86068],[121.80188,24.86051],[121.80165,24.86031],[121.80147,24.86004]]}},{"type":"Feature","properties":{"n":"頂埔路二段","k":5},"geometry":{"type":"LineString","coordinates":[[121.8078,24.84549],[121.80884,24.84451],[121.80934,24.84394],[121.80944,24.84393],[121.81108,24.84441],[121.81279,24.84522],[121.81395,24.84533],[121.81467,24.84588]]}},{"type":"Feature","properties":{"n":"青雲路二段382巷","k":5},"geometry":{"type":"LineString","coordinates":[[121.80902,24.84517],[121.80869,24.84571]]}},{"type":"Feature","properties":{"n":"頂埔路二段220巷","k":5},"geometry":{"type":"LineString","coordinates":[[121.80859,24.84475],[121.80902,24.84517]]}},{"type":"Feature","properties":{"n":"青雲路二段229巷","k":5},"geometry":{"type":"LineString","coordinates":[[121.80566,24.8444],[121.80543,24.84468]]}},{"type":"Feature","properties":{"n":"頂埔路一段","k":5},"geometry":{"type":"LineString","coordinates":[[121.82332,24.8446],[121.82296,24.84461],[121.82186,24.84438],[121.82175,24.84441],[121.8213,24.84471],[121.82066,24.84494],[121.81884,24.84591],[121.81672,24.8466],[121.81467,24.84588],[121.81434,24.84624],[121.81288,24.84747]]}},{"type":"Feature","properties":{"n":"新忠路","k":5},"geometry":{"type":"LineString","coordinates":[[121.81955,24.85528],[121.81848,24.85562],[121.81766,24.85511],[121.81753,24.85488],[121.81764,24.85462],[121.81781,24.85451],[121.81934,24.85384]]}},{"type":"Feature","properties":{"n":"頭城大橋","k":2},"geometry":{"type":"LineString","coordinates":[[121.82206,24.85373],[121.8216,24.8532],[121.82126,24.85296],[121.81832,24.85158],[121.81601,24.85]]}},{"type":"Feature","properties":{"n":"新興路","k":4},"geometry":{"type":"LineString","coordinates":[[121.8185,24.85253],[121.81805,24.8518],[121.8176,24.85122],[121.81601,24.8501],[121.81601,24.85],[121.81616,24.85004],[121.81755,24.85101],[121.81764,24.85108],[121.8176,24.85122]]}},{"type":"Feature","properties":{"n":"新興路","k":4},"geometry":{"type":"LineString","coordinates":[[121.81896,24.85317],[121.82032,24.85285],[121.82054,24.85282],[121.82067,24.85287],[121.8218,24.85475]]}},{"type":"Feature","properties":{"n":"金面橋","k":2},"geometry":{"type":"LineString","coordinates":[[121.81441,24.84873],[121.81417,24.84844]]}},{"type":"Feature","properties":{"n":"金面橋","k":2},"geometry":{"type":"LineString","coordinates":[[121.81426,24.8484],[121.81458,24.84877]]}},{"type":"Feature","properties":{"n":"石燭橋","k":4},"geometry":{"type":"LineString","coordinates":[[121.80147,24.86004],[121.80113,24.85951]]}},{"type":"Feature","properties":{"n":"吉祥路","k":4},"geometry":{"type":"LineString","coordinates":[[121.82234,24.85565],[121.82037,24.857],[121.8187,24.8583],[121.81769,24.8592],[121.81633,24.86057],[121.81611,24.86072],[121.81522,24.86105],[121.8149,24.86111],[121.81251,24.86121],[121.81214,24.86127],[121.80926,24.86348],[121.80874,24.86376]]}},{"type":"Feature","properties":{"n":"文雅路","k":5},"geometry":{"type":"LineString","coordinates":[[121.82073,24.86038],[121.81983,24.86106],[121.81844,24.86258],[121.81761,24.86325]]}},{"type":"Feature","properties":{"n":"復興路","k":4},"geometry":{"type":"LineString","coordinates":[[121.82257,24.86335],[121.82169,24.86388],[121.82097,24.86413],[121.81999,24.86431],[121.81954,24.86431],[121.8189,24.86418],[121.81849,24.86399],[121.81791,24.86363],[121.8162,24.86141],[121.81585,24.86084]]}},{"type":"Feature","properties":{"n":"拔雅路","k":5},"geometry":{"type":"LineString","coordinates":[[121.81071,24.86237],[121.81122,24.86305],[121.81157,24.8637],[121.81187,24.86402],[121.8137,24.86502]]}},{"type":"Feature","properties":{"n":"仙公路","k":5},"geometry":{"type":"LineString","coordinates":[[121.8137,24.86502],[121.81388,24.86579],[121.81415,24.86604],[121.81435,24.86646],[121.81587,24.86757],[121.81671,24.86788],[121.81671,24.86795],[121.81579,24.86788],[121.8153,24.86757],[121.81484,24.86768],[121.81438,24.86733],[121.81346,24.86706],[121.81317,24.86671],[121.81249,24.86682],[121.81222,24.86652],[121.81217,24.86614],[121.81224,24.86584],[121.81217,24.8657],[121.81209,24.86568],[121.81191,24.86579],[121.81202,24.86602],[121.81185,24.86641],[121.81184,24.86659],[121.81209,24.86702],[121.81219,24.86744],[121.8124,24.86751],[121.81274,24.86825],[121.81305,24.86855],[121.81326,24.86859],[121.81433,24.86853],[121.81451,24.86865],[121.81492,24.8686],[121.81514,24.86866],[121.81533,24.86875],[121.81546,24.86892],[121.81585,24.86921],[121.81662,24.86953],[121.81692,24.86999],[121.81692,24.87026],[121.8171,24.87038]]}},{"type":"Feature","properties":{"n":"仙公路","k":5},"geometry":{"type":"LineString","coordinates":[[121.81718,24.87037],[121.81756,24.86991],[121.81774,24.86982],[121.81801,24.86985],[121.81832,24.87005],[121.81832,24.87036],[121.8184,24.87051],[121.81888,24.87072],[121.8187,24.87103],[121.81873,24.87123],[121.81865,24.87178],[121.81875,24.87182],[121.819,24.87148],[121.81936,24.87132],[121.81964,24.87182],[121.81984,24.87183],[121.82003,24.87204],[121.82035,24.87208],[121.82038,24.87217],[121.82031,24.8724],[121.82002,24.87267],[121.82013,24.87274],[121.82073,24.87277],[121.82081,24.87286],[121.82075,24.8731],[121.82048,24.87332],[121.82055,24.87359],[121.82108,24.87361],[121.82129,24.87337],[121.8215,24.8733],[121.82183,24.87367],[121.82206,24.8738],[121.82269,24.87382],[121.82308,24.87362],[121.82324,24.87361],[121.82341,24.87379],[121.82347,24.87426],[121.82346,24.87439],[121.82325,24.87469],[121.82325,24.87482],[121.82356,24.87496],[121.82402,24.87475],[121.82427,24.87431],[121.8245,24.87428],[121.8247,24.87443],[121.82484,24.87492],[121.82472,24.87524],[121.82486,24.87548],[121.82484,24.87572],[121.82427,24.87579],[121.82403,24.87598],[121.82335,24.87629],[121.82325,24.87651],[121.82335,24.8766],[121.82364,24.87661],[121.82389,24.87651],[121.8244,24.87657],[121.82474,24.87673],[121.82476,24.87693],[121.82489,24.87712],[121.82493,24.87753],[121.82546,24.8777],[121.82559,24.87821],[121.82584,24.87851],[121.82561,24.87879],[121.82556,24.87902],[121.8254,24.87913],[121.82483,24.87931],[121.82453,24.87949],[121.82441,24.8795],[121.8242,24.87937],[121.82403,24.8794],[121.82333,24.87967],[121.82336,24.87973],[121.82396,24.87979],[121.82412,24.87973],[121.82453,24.87995],[121.82497,24.87972],[121.82566,24.87971],[121.82587,24.87956],[121.82601,24.87957],[121.82619,24.87974],[121.82637,24.87955],[121.82693,24.87961],[121.82722,24.87948],[121.82762,24.8795],[121.82773,24.87956],[121.82776,24.87978],[121.82814,24.87965],[121.82817,24.87972],[121.82799,24.87988],[121.828,24.87999],[121.82825,24.87991],[121.82875,24.88001],[121.82884,24.88011],[121.82884,24.88031],[121.82935,24.88039],[121.82977,24.88031],[121.82977,24.8804],[121.82964,24.88057],[121.82974,24.88059],[121.83023,24.88027],[121.83051,24.88025],[121.83066,24.88011],[121.83106,24.87994],[121.83111,24.87965],[121.83122,24.8795],[121.83106,24.87927],[121.83107,24.8792],[121.83115,24.87921],[121.83137,24.87945],[121.83134,24.87997],[121.83163,24.88041],[121.83179,24.88045],[121.83217,24.88029],[121.83268,24.88023],[121.83299,24.8806],[121.83314,24.88114],[121.83342,24.88106],[121.83361,24.88128],[121.83368,24.8817],[121.83404,24.88181],[121.83422,24.88179],[121.83437,24.882],[121.83453,24.88209],[121.83463,24.88201],[121.83463,24.88181],[121.83492,24.88144],[121.83533,24.88139],[121.83548,24.88161],[121.83564,24.88171],[121.83627,24.88146],[121.83667,24.88121],[121.83674,24.88121],[121.83679,24.88131]]}},{"type":"Feature","properties":{"n":"宜三路二段461巷","k":5},"geometry":{"type":"LineString","coordinates":[[121.80819,24.86375],[121.80771,24.86472],[121.80794,24.8664],[121.8083,24.8668],[121.80832,24.86713],[121.8085,24.86777],[121.80846,24.86856],[121.80886,24.86898],[121.80905,24.86928],[121.80945,24.86959],[121.80952,24.86983],[121.80945,24.87012],[121.80947,24.87033],[121.80949,24.87046],[121.80957,24.87053]]}},{"type":"Feature","properties":{"n":"宜三路二段461巷","k":5},"geometry":{"type":"LineString","coordinates":[[121.80967,24.87054],[121.8101,24.87053],[121.81034,24.87073],[121.81036,24.87113],[121.81047,24.87149],[121.8104,24.87181],[121.81048,24.87211],[121.81043,24.87224],[121.81021,24.87232]]}},{"type":"Feature","properties":{"n":"吉祥橋","k":4},"geometry":{"type":"LineString","coordinates":[[121.80874,24.86376],[121.80819,24.86375]]}},{"type":"Feature","properties":{"n":"頭濱路三段","k":2},"geometry":{"type":"LineString","coordinates":[[121.82323,24.84469],[121.8232,24.8439],[121.82294,24.84284],[121.82295,24.84246]]}},{"type":"Feature","properties":{"n":"頭濱路三段","k":2},"geometry":{"type":"LineString","coordinates":[[121.82328,24.84522],[121.82314,24.84615],[121.82293,24.84708],[121.82289,24.84697],[121.82318,24.84525]]}},{"type":"Feature","properties":{"n":"頭濱路三段","k":2},"geometry":{"type":"LineString","coordinates":[[121.82303,24.84246],[121.82303,24.84283],[121.82332,24.84407],[121.82332,24.8446]]}},{"type":"Feature","properties":{"n":"頭濱路三段","k":2},"geometry":{"type":"LineString","coordinates":[[121.82253,24.85003],[121.82291,24.84718]]}},{"type":"Feature","properties":{"n":"頭濱路三段","k":2},"geometry":{"type":"LineString","coordinates":[[121.82333,24.85393],[121.82337,24.85383],[121.82327,24.85342],[121.82265,24.85169],[121.82253,24.85084]]}},{"type":"Feature","properties":{"n":"金馬橋","k":2},"geometry":{"type":"LineString","coordinates":[[121.82318,24.84525],[121.82323,24.84469]]}},{"type":"Feature","properties":{"n":"金馬橋","k":2},"geometry":{"type":"LineString","coordinates":[[121.82332,24.8446],[121.82328,24.84522]]}},{"type":"Feature","properties":{"n":"青雲路三段","k":2},"geometry":{"type":"LineString","coordinates":[[121.82628,24.85897],[121.82532,24.85752],[121.8247,24.85671],[121.82256,24.85434]]}},{"type":"Feature","properties":{"n":"青雲路三段","k":2},"geometry":{"type":"LineString","coordinates":[[121.83448,24.87096],[121.83198,24.86927],[121.83162,24.86898],[121.82957,24.86623]]}},{"type":"Feature","properties":{"n":"青雲路三段","k":2},"geometry":{"type":"LineString","coordinates":[[121.82965,24.86619],[121.83166,24.8689],[121.83203,24.86921],[121.83458,24.87092]]}},{"type":"Feature","properties":{"n":"青雲路三段","k":2},"geometry":{"type":"LineString","coordinates":[[121.82948,24.86611],[121.82873,24.86504],[121.82871,24.86481],[121.82881,24.86355],[121.82877,24.86319],[121.82856,24.8626],[121.82641,24.85925],[121.8264,24.85915],[121.82798,24.86148],[121.82872,24.86269],[121.82891,24.86347],[121.82883,24.86501],[121.82956,24.86607]]}},{"type":"Feature","properties":{"n":"開蘭東路","k":5},"geometry":{"type":"LineString","coordinates":[[121.82333,24.85393],[121.82425,24.85447],[121.82439,24.85453],[121.82469,24.85452],[121.82702,24.85324],[121.82767,24.85261]]}},{"type":"Feature","properties":{"n":"開蘭東路","k":5},"geometry":{"type":"LineString","coordinates":[[121.8218,24.85475],[121.82256,24.85434]]}},{"type":"Feature","properties":{"n":"開蘭東路","k":5},"geometry":{"type":"LineString","coordinates":[[121.82788,24.85249],[121.82827,24.85232]]}},{"type":"Feature","properties":{"n":"協天路","k":5},"geometry":{"type":"LineString","coordinates":[[121.82706,24.86022],[121.83026,24.85897],[121.83067,24.8589],[121.83192,24.858],[121.83203,24.85776],[121.83199,24.8576],[121.8312,24.85663],[121.83036,24.85541],[121.82991,24.85509],[121.82961,24.85478],[121.82881,24.85344],[121.82781,24.85151],[121.82749,24.85072],[121.82713,24.84923],[121.82686,24.84746],[121.82667,24.84695],[121.82603,24.8459],[121.82601,24.84537],[121.82576,24.84477],[121.82573,24.84453],[121.82572,24.84436],[121.82586,24.84422],[121.82643,24.84417],[121.82661,24.8441],[121.82676,24.84391],[121.82679,24.84373]]}},{"type":"Feature","properties":{"n":"環鎮東路","k":4},"geometry":{"type":"LineString","coordinates":[[121.82523,24.84849],[121.82579,24.84899],[121.82622,24.84961],[121.82744,24.85281],[121.82807,24.85418],[121.82912,24.85608],[121.83104,24.85992],[121.83133,24.86068],[121.83147,24.86159],[121.83146,24.86191],[121.83134,24.86244],[121.83113,24.86314],[121.83067,24.8643],[121.8298,24.8664],[121.82974,24.86646],[121.82982,24.86616],[121.83097,24.86339],[121.83119,24.86276],[121.83139,24.86192],[121.83139,24.86157],[121.83129,24.86083],[121.83114,24.86028],[121.83099,24.85995],[121.8292,24.85641],[121.82776,24.85378],[121.82715,24.85234],[121.82614,24.84968],[121.82572,24.84907],[121.82515,24.84856]]}},{"type":"Feature","properties":{"n":"環鎮東路","k":4},"geometry":{"type":"LineString","coordinates":[[121.82293,24.84708],[121.82394,24.84748],[121.82469,24.84801]]}},{"type":"Feature","properties":{"n":"環鎮東路","k":4},"geometry":{"type":"LineString","coordinates":[[121.82463,24.84808],[121.82382,24.84754],[121.82291,24.84718]]}},{"type":"Feature","properties":{"n":"下新興橋","k":4},"geometry":{"type":"LineString","coordinates":[[121.82469,24.84801],[121.82523,24.84849]]}},{"type":"Feature","properties":{"n":"下新興橋","k":4},"geometry":{"type":"LineString","coordinates":[[121.82515,24.84856],[121.82463,24.84808]]}},{"type":"Feature","properties":{"n":"沙成路","k":5},"geometry":{"type":"LineString","coordinates":[[121.82272,24.858],[121.82384,24.85737],[121.82535,24.85617],[121.82551,24.85566],[121.82548,24.85525],[121.82509,24.85427]]}},{"type":"Feature","properties":{"n":"福興橋","k":4},"geometry":{"type":"LineString","coordinates":[[121.8185,24.85253],[121.81887,24.85305]]}},{"type":"Feature","properties":{"n":"福德坑橋","k":2},"geometry":{"type":"LineString","coordinates":[[121.82253,24.85084],[121.82253,24.85003]]}},{"type":"Feature","properties":{"n":"開蘭東路","k":2},"geometry":{"type":"LineString","coordinates":[[121.82256,24.85434],[121.82333,24.85393]]}},{"type":"Feature","properties":{"n":"青雲路二段","k":5},"geometry":{"type":"LineString","coordinates":[[121.82054,24.85282],[121.82081,24.85265],[121.82155,24.85302],[121.82214,24.85376],[121.82213,24.85384],[121.82205,24.85383],[121.8215,24.85322],[121.82121,24.85302],[121.82063,24.85277]]}},{"type":"Feature","properties":{"n":"弄潮橋","k":5},"geometry":{"type":"LineString","coordinates":[[121.82767,24.85261],[121.82788,24.85249]]}},{"type":"Feature","properties":{"n":"纘祥路","k":5},"geometry":{"type":"LineString","coordinates":[[121.82486,24.85984],[121.82446,24.86004],[121.82417,24.86008],[121.82377,24.85989],[121.8235,24.85965],[121.82214,24.85689],[121.82168,24.85609]]}},{"type":"Feature","properties":{"n":"開蘭路","k":4},"geometry":{"type":"LineString","coordinates":[[121.82576,24.86103],[121.8244,24.85922],[121.82306,24.85685],[121.8218,24.85475]]}},{"type":"Feature","properties":{"n":"吉祥路88巷","k":5},"geometry":{"type":"LineString","coordinates":[[121.82062,24.85682],[121.82109,24.85735]]}},{"type":"Feature","properties":{"n":"南門路","k":5},"geometry":{"type":"LineString","coordinates":[[121.82267,24.85622],[121.82371,24.85561]]}},{"type":"Feature","properties":{"n":"過港路","k":5},"geometry":{"type":"LineString","coordinates":[[121.83041,24.8587],[121.83068,24.8586],[121.83107,24.85791],[121.8298,24.85662],[121.8294,24.85683]]}},{"type":"Feature","properties":{"n":"青雲北橋","k":2},"geometry":{"type":"LineString","coordinates":[[121.8264,24.85915],[121.82628,24.85897]]}},{"type":"Feature","properties":{"n":"民鋒路","k":5},"geometry":{"type":"LineString","coordinates":[[121.82299,24.8587],[121.82391,24.85834],[121.82532,24.85752]]}},{"type":"Feature","properties":{"n":"武營路","k":5},"geometry":{"type":"LineString","coordinates":[[121.82883,24.86501],[121.82839,24.86519],[121.82819,24.86519],[121.82754,24.86489],[121.82704,24.86449],[121.8266,24.86402],[121.82557,24.86273],[121.82477,24.86219],[121.8245,24.86191]]}},{"type":"Feature","properties":{"n":"和平東路","k":5},"geometry":{"type":"LineString","coordinates":[[121.8244,24.85922],[121.82494,24.85881],[121.82585,24.85832]]}},{"type":"Feature","properties":{"n":"開蘭橋","k":4},"geometry":{"type":"LineString","coordinates":[[121.82576,24.86103],[121.82257,24.86335]]}},{"type":"Feature","properties":{"n":"大坑路","k":5},"geometry":{"type":"LineString","coordinates":[[121.83144,24.85466],[121.83102,24.85474],[121.83078,24.85498],[121.82912,24.85608],[121.82811,24.85624],[121.82628,24.85897]]}},{"type":"Feature","properties":{"n":"蘭博二路","k":5},"geometry":{"type":"LineString","coordinates":[[121.83152,24.86276],[121.83207,24.86297],[121.83218,24.86308],[121.83233,24.86363],[121.83096,24.86692]]}},{"type":"Feature","properties":{"n":"環鎮東路二段600巷","k":5},"geometry":{"type":"LineString","coordinates":[[121.83096,24.8641],[121.83198,24.86445]]}},{"type":"Feature","properties":{"n":"新武路","k":5},"geometry":{"type":"LineString","coordinates":[[121.82711,24.85803],[121.82864,24.86132],[121.82864,24.86153]]}},{"type":"Feature","properties":{"n":"青雲路三段323巷","k":5},"geometry":{"type":"LineString","coordinates":[[121.82699,24.85999],[121.82652,24.86025],[121.82629,24.8605],[121.82633,24.86061],[121.82703,24.86129]]}},{"type":"Feature","properties":{"n":"東興街","k":5},"geometry":{"type":"LineString","coordinates":[[121.8235,24.85455],[121.82456,24.85568],[121.82535,24.85617]]}},{"type":"Feature","properties":{"n":"大武路","k":5},"geometry":{"type":"LineString","coordinates":[[121.83147,24.86165],[121.83181,24.86164],[121.83446,24.86056],[121.83449,24.86062],[121.83179,24.86171],[121.8283,24.86151],[121.8278,24.86142],[121.83147,24.86165]]}},{"type":"Feature","properties":{"n":"環鎮東路二段355巷","k":5},"geometry":{"type":"LineString","coordinates":[[121.831,24.86072],[121.82978,24.8612]]}},{"type":"Feature","properties":{"n":"青雲路三段387巷","k":5},"geometry":{"type":"LineString","coordinates":[[121.82678,24.86236],[121.8278,24.86142]]}},{"type":"Feature","properties":{"n":"蘭博一路","k":5},"geometry":{"type":"LineString","coordinates":[[121.82919,24.86535],[121.83039,24.86239]]}},{"type":"Feature","properties":{"n":"環鎮東路二段665巷","k":5},"geometry":{"type":"LineString","coordinates":[[121.82987,24.86538],[121.82895,24.86507]]}},{"type":"Feature","properties":{"n":"文化路313巷2弄","k":5},"geometry":{"type":"LineString","coordinates":[[121.82917,24.8625],[121.82887,24.8632]]}},{"type":"Feature","properties":{"n":"武營路42巷","k":5},"geometry":{"type":"LineString","coordinates":[[121.82646,24.86386],[121.82686,24.8636],[121.82762,24.86436]]}},{"type":"Feature","properties":{"n":"武營路117巷","k":5},"geometry":{"type":"LineString","coordinates":[[121.82782,24.86504],[121.82748,24.86548],[121.82816,24.86603]]}},{"type":"Feature","properties":{"n":"開蘭路279巷","k":5},"geometry":{"type":"LineString","coordinates":[[121.82582,24.86299],[121.82678,24.86236]]}},{"type":"Feature","properties":{"n":"武營橋","k":2},"geometry":{"type":"LineString","coordinates":[[121.82957,24.86623],[121.82948,24.86611]]}},{"type":"Feature","properties":{"n":"武營橋","k":2},"geometry":{"type":"LineString","coordinates":[[121.82956,24.86607],[121.82965,24.86619]]}},{"type":"Feature","properties":{"n":"開蘭路349巷","k":5},"geometry":{"type":"LineString","coordinates":[[121.82802,24.86408],[121.82762,24.86436]]}},{"type":"Feature","properties":{"n":"港墘路","k":5},"geometry":{"type":"LineString","coordinates":[[121.83519,24.86917],[121.83255,24.8635],[121.83255,24.86333],[121.83282,24.86295],[121.8339,24.86251],[121.83595,24.867]]}},{"type":"Feature","properties":{"n":"緊急救災通路","k":5},"geometry":{"type":"LineString","coordinates":[[121.83256,24.86516],[121.8328,24.8652],[121.83326,24.86501]]}},{"type":"Feature","properties":{"n":"福壽橋","k":5},"geometry":{"type":"LineString","coordinates":[[121.80957,24.87053],[121.80967,24.87054]]}},{"type":"Feature","properties":{"n":"烏石港路","k":5},"geometry":{"type":"LineString","coordinates":[[121.83458,24.87092],[121.83864,24.86925],[121.83987,24.8719]]}},{"type":"Feature","properties":{"n":"濱海路一段178巷","k":5},"geometry":{"type":"LineString","coordinates":[[121.83575,24.872],[121.83703,24.8709],[121.83758,24.87068],[121.83761,24.87056],[121.83748,24.87034],[121.83677,24.87062]]}},{"type":"Feature","properties":{"n":"港口路","k":5},"geometry":{"type":"LineString","coordinates":[[121.83448,24.87096],[121.83458,24.87092]]}},{"type":"Feature","properties":{"n":"港口路","k":5},"geometry":{"type":"LineString","coordinates":[[121.83576,24.87041],[121.83519,24.86917]]}},{"type":"Feature","properties":{"n":"港口路","k":5},"geometry":{"type":"LineString","coordinates":[[121.83999,24.8769],[121.84053,24.87654],[121.84056,24.87637],[121.8404,24.87563],[121.83997,24.87476],[121.83911,24.87272],[121.83918,24.8724],[121.83941,24.87214]]}},{"type":"Feature","properties":{"n":"石空路","k":5},"geometry":{"type":"LineString","coordinates":[[121.84139,24.8795],[121.84112,24.88011],[121.84109,24.88061],[121.8409,24.88081],[121.8408,24.88074],[121.84078,24.88058],[121.84051,24.88036],[121.83953,24.87999],[121.83894,24.8795],[121.83871,24.87958],[121.83836,24.8801],[121.83845,24.88022],[121.83857,24.88017],[121.83875,24.87996],[121.83897,24.87987],[121.84,24.88064],[121.84007,24.88079],[121.83981,24.88121],[121.83978,24.88143],[121.83983,24.8815],[121.8401,24.88151],[121.8402,24.88158],[121.84036,24.8818],[121.84035,24.88195],[121.84012,24.88193],[121.83935,24.88156],[121.83928,24.88141],[121.8393,24.88117],[121.83905,24.88084],[121.838,24.88137],[121.83784,24.88174],[121.83748,24.88202],[121.83729,24.88202],[121.83704,24.88155],[121.83679,24.88131]]}},{"type":"Feature","properties":{"n":"濱海路一段","k":2},"geometry":{"type":"LineString","coordinates":[[121.84072,24.87788],[121.84012,24.87725],[121.83881,24.87531],[121.83848,24.87491],[121.83539,24.87162],[121.83448,24.87096]]}},{"type":"Feature","properties":{"n":"濱海路一段","k":2},"geometry":{"type":"LineString","coordinates":[[121.83458,24.87092],[121.83527,24.87139],[121.83778,24.874],[121.83887,24.87525],[121.84012,24.87709],[121.84078,24.87783]]}},{"type":"Feature","properties":{"n":"濱海路二段","k":2},"geometry":{"type":"LineString","coordinates":[[121.84094,24.87796],[121.8415,24.87849],[121.84325,24.88078],[121.84426,24.88195],[121.84692,24.88449]]}},{"type":"Feature","properties":{"n":"濱海路二段","k":2},"geometry":{"type":"LineString","coordinates":[[121.84683,24.88451],[121.84418,24.882],[121.84318,24.88083],[121.84157,24.87874],[121.84086,24.87801]]}},{"type":"Feature","properties":{"n":"濱海路二段","k":2},"geometry":{"type":"LineString","coordinates":[[121.86045,24.89677],[121.86016,24.89658],[121.85981,24.89623],[121.85886,24.89493],[121.85852,24.89458],[121.85799,24.8942],[121.85655,24.89344],[121.8539,24.89245],[121.85319,24.89224],[121.85158,24.89193],[121.85071,24.8915],[121.85034,24.89123],[121.8498,24.89067],[121.84949,24.89014],[121.8479,24.88571],[121.84767,24.88532],[121.84696,24.88463]]}},{"type":"Feature","properties":{"n":"濱海路二段","k":2},"geometry":{"type":"LineString","coordinates":[[121.84702,24.88458],[121.84787,24.88545],[121.84873,24.88768],[121.84957,24.89012],[121.84985,24.89064],[121.85038,24.89119],[121.8514,24.8918],[121.85213,24.89201],[121.85317,24.89217],[121.85393,24.8924],[121.8561,24.89318],[121.85776,24.894],[121.85823,24.89427],[121.85862,24.89458],[121.85914,24.89516],[121.85988,24.89619],[121.8601,24.89643],[121.86054,24.89672]]}},{"type":"Feature","properties":{"n":"濱海路二段1巷","k":5},"geometry":{"type":"LineString","coordinates":[[121.84094,24.87796],[121.84044,24.87837],[121.84101,24.87895],[121.84117,24.87934],[121.84139,24.8795]]}},{"type":"Feature","properties":{"n":"港澳橋","k":2},"geometry":{"type":"LineString","coordinates":[[121.84086,24.87801],[121.84072,24.87788]]}},{"type":"Feature","properties":{"n":"港澳橋","k":2},"geometry":{"type":"LineString","coordinates":[[121.84078,24.87783],[121.84094,24.87796]]}},{"type":"Feature","properties":{"n":"雙泰產業道路","k":5},"geometry":{"type":"LineString","coordinates":[[121.81974,24.96606],[121.81963,24.96588],[121.81916,24.96587],[121.81888,24.96566],[121.81878,24.96546],[121.81874,24.96505],[121.81888,24.96475],[121.81944,24.96418],[121.81948,24.96354],[121.8197,24.96305],[121.81984,24.96243],[121.81985,24.96192],[121.82013,24.9617],[121.82059,24.96182],[121.82093,24.96151],[121.82067,24.96098],[121.82124,24.95961],[121.82162,24.95945],[121.82223,24.95858],[121.82276,24.95826],[121.82284,24.95815],[121.82297,24.95741],[121.82333,24.95696],[121.8235,24.95644],[121.82375,24.95628],[121.82451,24.95614],[121.82462,24.95601],[121.82463,24.95585],[121.82431,24.95548],[121.82428,24.95535],[121.82434,24.95521],[121.8246,24.95514],[121.82509,24.95525],[121.82566,24.95459],[121.82579,24.95436],[121.82567,24.95315],[121.82576,24.95273],[121.82614,24.95183],[121.82608,24.95149],[121.82614,24.95099],[121.82668,24.95011],[121.82738,24.94945],[121.82738,24.94927],[121.82705,24.94906],[121.82702,24.94888],[121.82725,24.94858],[121.82806,24.9479],[121.82838,24.94754],[121.82848,24.94736],[121.82846,24.94696],[121.82866,24.94641],[121.82886,24.94628],[121.82917,24.94637],[121.82939,24.94613],[121.82943,24.94589],[121.82931,24.94556],[121.82939,24.94489],[121.82936,24.94423],[121.82996,24.94331],[121.83007,24.94269],[121.8306,24.94193],[121.83076,24.94132],[121.83102,24.94105],[121.83126,24.94095],[121.83162,24.94099],[121.83172,24.94094],[121.83192,24.9407],[121.83259,24.94022],[121.83313,24.93994],[121.83327,24.93976],[121.83338,24.93974],[121.8338,24.93993],[121.83395,24.9398],[121.83426,24.93917],[121.83422,24.93893],[121.83381,24.93839],[121.83393,24.938],[121.83388,24.93776],[121.83396,24.93763],[121.8342,24.93746],[121.83478,24.93721],[121.83487,24.93711],[121.83509,24.93642],[121.83524,24.93638],[121.83533,24.93648],[121.83529,24.93714],[121.83534,24.9373],[121.83546,24.93741],[121.83629,24.93745],[121.83654,24.93755],[121.83731,24.93739],[121.83747,24.93741],[121.83779,24.93759],[121.83823,24.93753],[121.83842,24.93766],[121.83874,24.93762],[121.83921,24.93771],[121.84003,24.93774],[121.84121,24.93802],[121.84156,24.93817],[121.84192,24.93847],[121.8422,24.93853],[121.84274,24.93878],[121.84348,24.93897],[121.84363,24.93894],[121.84391,24.93871],[121.84431,24.93856],[121.84467,24.93852],[121.8456,24.93826],[121.84608,24.93827]]}},{"type":"Feature","properties":{"n":"外澳橋","k":2},"geometry":{"type":"LineString","coordinates":[[121.84692,24.88449],[121.84702,24.88458]]}},{"type":"Feature","properties":{"n":"外澳橋","k":2},"geometry":{"type":"LineString","coordinates":[[121.84696,24.88463],[121.84683,24.88451]]}},{"type":"Feature","properties":{"n":"梗枋橋","k":2},"geometry":{"type":"LineString","coordinates":[[121.86356,24.90191],[121.86375,24.90235],[121.86401,24.90267],[121.86438,24.903],[121.86474,24.90322],[121.86547,24.90349],[121.86486,24.90334],[121.86425,24.90299],[121.86367,24.90238],[121.8635,24.90191]]}},{"type":"Feature","properties":{"n":"濱海路三段","k":2},"geometry":{"type":"LineString","coordinates":[[121.86547,24.90349],[121.86728,24.90395],[121.86864,24.90442],[121.86917,24.90472],[121.87082,24.90595],[121.87245,24.90725],[121.87397,24.90858],[121.87484,24.90955],[121.87629,24.911],[121.87653,24.9113]]}},{"type":"Feature","properties":{"n":"濱海路三段","k":2},"geometry":{"type":"LineString","coordinates":[[121.86054,24.89672],[121.86133,24.89716],[121.86215,24.89771],[121.86264,24.89823],[121.86318,24.89927],[121.86331,24.89966],[121.86356,24.90191]]}},{"type":"Feature","properties":{"n":"濱海路三段","k":2},"geometry":{"type":"LineString","coordinates":[[121.8635,24.90191],[121.8633,24.90003],[121.86322,24.89967],[121.86303,24.89915],[121.86257,24.89826],[121.86233,24.89796],[121.86193,24.89764],[121.86128,24.89722],[121.86045,24.89677]]}},{"type":"Feature","properties":{"n":"更新路","k":5},"geometry":{"type":"LineString","coordinates":[[121.86632,24.90372],[121.8651,24.90373],[121.8649,24.90367],[121.86458,24.90341],[121.8643,24.90345],[121.86346,24.90402],[121.8634,24.90456],[121.86346,24.90525],[121.86364,24.90566],[121.86422,24.90585],[121.86479,24.9062],[121.86517,24.90682],[121.86539,24.90761],[121.86546,24.90768],[121.86588,24.9078],[121.86696,24.90867],[121.86716,24.90894],[121.86768,24.90942],[121.86822,24.90979],[121.86838,24.91024],[121.8681,24.91077],[121.86805,24.91116],[121.86835,24.91184]]}},{"type":"Feature","properties":{"n":"更新路","k":5},"geometry":{"type":"LineString","coordinates":[[121.86345,24.90082],[121.86253,24.9008],[121.86213,24.90093],[121.86197,24.90085],[121.86189,24.90064],[121.86164,24.9005],[121.86144,24.90061],[121.8612,24.90102]]}},{"type":"Feature","properties":{"n":"更新路","k":5},"geometry":{"type":"LineString","coordinates":[[121.8595,24.90469],[121.85962,24.9053],[121.85984,24.90543],[121.86019,24.90545],[121.8608,24.9053],[121.86103,24.90545],[121.86136,24.90555],[121.8619,24.90554],[121.86208,24.9054],[121.86227,24.90493],[121.86289,24.90463],[121.86317,24.90457],[121.86299,24.90412],[121.86269,24.90393],[121.86204,24.90396],[121.86142,24.9041],[121.85908,24.90479]]}},{"type":"Feature","properties":{"n":"牛寮橋","k":5},"geometry":{"type":"LineString","coordinates":[[121.86291,24.90367],[121.86275,24.90384]]}},{"type":"Feature","properties":{"n":"梗枋北溪橋","k":5},"geometry":{"type":"LineString","coordinates":[[121.8634,24.90456],[121.86317,24.90457]]}},{"type":"Feature","properties":{"n":"濱海路四段","k":2},"geometry":{"type":"LineString","coordinates":[[121.87894,24.91435],[121.88009,24.91508],[121.8816,24.91613],[121.88223,24.91671],[121.88294,24.91748],[121.88316,24.91773],[121.88341,24.91815],[121.88351,24.91841],[121.88378,24.92027],[121.88375,24.92081],[121.88337,24.92234],[121.88343,24.92303],[121.88359,24.92346],[121.88399,24.92401],[121.88532,24.9252],[121.88584,24.92614],[121.88601,24.92663],[121.88607,24.9272],[121.88607,24.92779],[121.88598,24.92813],[121.88554,24.92913]]}},{"type":"Feature","properties":{"n":"濱海路四段","k":2},"geometry":{"type":"LineString","coordinates":[[121.88547,24.92911],[121.88587,24.9282],[121.88599,24.92771],[121.88596,24.92685],[121.88586,24.92639],[121.88542,24.92548],[121.88526,24.92526],[121.88505,24.92502],[121.88394,24.92406],[121.88359,24.92362],[121.88336,24.92305],[121.88331,24.92276],[121.88332,24.92211],[121.88362,24.92109],[121.88371,24.92055],[121.88363,24.91949],[121.88349,24.91862],[121.88338,24.91826],[121.88318,24.91788],[121.88289,24.91753],[121.88163,24.91625],[121.87908,24.91452],[121.87894,24.91435]]}},{"type":"Feature","properties":{"n":"濱海路四段","k":2},"geometry":{"type":"LineString","coordinates":[[121.87653,24.9113],[121.87828,24.91383],[121.87894,24.91435]]}},{"type":"Feature","properties":{"n":"濱海路四段","k":2},"geometry":{"type":"LineString","coordinates":[[121.88687,24.93612],[121.88553,24.93514],[121.88505,24.93466],[121.88464,24.934],[121.88439,24.93321],[121.88436,24.93235],[121.88439,24.93201],[121.88453,24.93144],[121.88479,24.93088],[121.88537,24.92933]]}},{"type":"Feature","properties":{"n":"濱海路四段","k":2},"geometry":{"type":"LineString","coordinates":[[121.88544,24.92936],[121.88463,24.93147],[121.88447,24.93202],[121.88442,24.93278],[121.88457,24.93365],[121.88482,24.93417],[121.88535,24.93485],[121.88585,24.93527],[121.88694,24.93606]]}},{"type":"Feature","properties":{"n":"內大溪產業道路","k":4},"geometry":{"type":"LineString","coordinates":[[121.87569,24.94434],[121.87547,24.94445],[121.87492,24.94439],[121.87466,24.94441],[121.87426,24.94457],[121.87417,24.94466],[121.87417,24.94475],[121.87443,24.94527],[121.87442,24.94534],[121.87422,24.94548],[121.87414,24.94562],[121.87425,24.94633],[121.87413,24.9465],[121.87402,24.94653],[121.87377,24.94642],[121.87347,24.94649],[121.87306,24.94641],[121.87269,24.94642],[121.87227,24.94661],[121.87183,24.9467],[121.87164,24.94663],[121.87136,24.94642],[121.87092,24.9462],[121.87033,24.94563],[121.87023,24.94536],[121.87016,24.9447],[121.86996,24.94431],[121.86999,24.944],[121.86981,24.94377],[121.86972,24.94353],[121.86966,24.9435],[121.86958,24.94352],[121.86955,24.94358],[121.86953,24.94385],[121.86944,24.94401],[121.86931,24.94409],[121.86911,24.94411],[121.86887,24.94401],[121.86813,24.94387],[121.86762,24.94401],[121.86709,24.94398],[121.86622,24.94367],[121.8659,24.94361],[121.86569,24.94343],[121.86555,24.94341],[121.86506,24.9437],[121.8646,24.94406],[121.86432,24.94411],[121.86415,24.94395],[121.8641,24.94355],[121.86405,24.94346],[121.8636,24.94317],[121.86345,24.94284],[121.86339,24.9428],[121.86289,24.94285],[121.86237,24.94274],[121.86195,24.94249],[121.86186,24.94249],[121.86175,24.94255],[121.86153,24.94287],[121.86156,24.94311],[121.86153,24.9432],[121.86106,24.94315],[121.86098,24.94303],[121.86101,24.94278],[121.86096,24.9427],[121.8607,24.94256],[121.86055,24.94238],[121.86047,24.94225],[121.86046,24.94193],[121.86037,24.94186],[121.86004,24.94173],[121.85992,24.94175],[121.85983,24.9419],[121.85976,24.94226],[121.85962,24.94235],[121.85944,24.94236],[121.85928,24.94224],[121.85936,24.94186],[121.85918,24.94142],[121.85906,24.94138],[121.85884,24.94154],[121.85833,24.94131],[121.85838,24.94062],[121.85821,24.93991],[121.85795,24.93941],[121.85794,24.93924],[121.85801,24.93909],[121.85824,24.93892],[121.85827,24.93879],[121.85793,24.9386],[121.85762,24.93828],[121.85733,24.93819],[121.85697,24.93796],[121.85627,24.93787],[121.85582,24.9377],[121.85532,24.93769],[121.85491,24.93784],[121.85447,24.93807],[121.85435,24.93822],[121.85408,24.93886],[121.85396,24.93892],[121.85387,24.93887],[121.85373,24.93819],[121.85391,24.93793],[121.85399,24.93755],[121.85459,24.93699],[121.85462,24.93641],[121.85422,24.93606],[121.85384,24.93582],[121.85378,24.93544],[121.85394,24.93514],[121.85393,24.93494],[121.85386,24.93488],[121.85349,24.9348],[121.85288,24.9345],[121.85256,24.93462],[121.85218,24.93461],[121.85203,24.93476],[121.85188,24.93482],[121.85129,24.93489],[121.85081,24.93476],[121.85071,24.93479],[121.85062,24.9349],[121.8506,24.93528],[121.8505,24.93536],[121.85019,24.93519],[121.84955,24.93501],[121.84923,24.93507],[121.84896,24.93535],[121.84888,24.93561],[121.84891,24.93623],[121.84899,24.93666],[121.84891,24.93687],[121.84848,24.93704],[121.84803,24.93702],[121.84774,24.93722],[121.84733,24.93735],[121.84719,24.93743],[121.84702,24.93762],[121.8466,24.93822],[121.8463,24.9383],[121.84608,24.93827]]}},{"type":"Feature","properties":{"n":"濱海路四段133巷","k":5},"geometry":{"type":"LineString","coordinates":[[121.88339,24.92274],[121.88256,24.9229],[121.88235,24.92284],[121.8821,24.92302]]}},{"type":"Feature","properties":{"n":"窖寮橋","k":2},"geometry":{"type":"LineString","coordinates":[[121.88554,24.92913],[121.88544,24.92936]]}},{"type":"Feature","properties":{"n":"窖寮橋","k":2},"geometry":{"type":"LineString","coordinates":[[121.88537,24.92933],[121.88547,24.92911]]}},{"type":"Feature","properties":{"n":"內大溪路","k":4},"geometry":{"type":"LineString","coordinates":[[121.8907,24.94485],[121.89067,24.94508],[121.89056,24.94524],[121.89041,24.94524],[121.89031,24.9451],[121.89059,24.94452],[121.89111,24.94396],[121.89105,24.94335],[121.89094,24.94315],[121.89086,24.94314],[121.89078,24.94323],[121.89077,24.94332],[121.89087,24.94361],[121.89087,24.9438],[121.89081,24.94389],[121.89,24.94405],[121.88966,24.94438],[121.88958,24.94465],[121.88967,24.94535],[121.8896,24.94545],[121.8895,24.94545],[121.88941,24.94536],[121.88943,24.94492],[121.88929,24.94443],[121.88935,24.94424],[121.8899,24.94353],[121.88994,24.94322],[121.88986,24.94312],[121.88979,24.94311],[121.88968,24.94318],[121.88921,24.94376],[121.88866,24.9441],[121.88855,24.94433],[121.88854,24.94463],[121.88839,24.94462],[121.88837,24.94447],[121.88848,24.94407],[121.88877,24.94343],[121.88893,24.9432],[121.88888,24.94312],[121.88871,24.94319],[121.88799,24.94418],[121.8879,24.94419],[121.88787,24.94409],[121.88805,24.94389],[121.8884,24.94306],[121.8885,24.94293],[121.88853,24.9428],[121.88846,24.94275],[121.88837,24.9428],[121.88818,24.94322],[121.88773,24.94366],[121.8875,24.94381],[121.88742,24.94398],[121.88738,24.94412],[121.88739,24.94465],[121.88751,24.94504],[121.88742,24.94512],[121.88731,24.94508],[121.88701,24.94477],[121.88667,24.94467],[121.88629,24.94464],[121.88542,24.94414],[121.88503,24.94401],[121.88438,24.94394],[121.88397,24.944],[121.88328,24.94385],[121.8825,24.94397],[121.88214,24.94389],[121.88131,24.94413],[121.88115,24.94412],[121.88111,24.94406],[121.88117,24.94396],[121.88165,24.9437],[121.88224,24.94357],[121.88251,24.94342],[121.88314,24.94325],[121.88322,24.94312],[121.88321,24.94299],[121.88298,24.94286],[121.88274,24.94286],[121.88207,24.94299],[121.88179,24.94298],[121.881,24.94329],[121.88009,24.94352],[121.87991,24.94367],[121.8795,24.94418],[121.87937,24.94418],[121.87931,24.94413],[121.87899,24.94346],[121.8786,24.94328],[121.87804,24.94366],[121.87701,24.94389],[121.87664,24.94403],[121.87613,24.94403],[121.87569,24.94434]]}},{"type":"Feature","properties":{"n":"合興路","k":5},"geometry":{"type":"LineString","coordinates":[[121.8847,24.93395],[121.88462,24.9341],[121.88474,24.93451],[121.88458,24.93474],[121.88456,24.9353],[121.8847,24.93535],[121.88476,24.93493],[121.88485,24.93492],[121.88657,24.93628]]}},{"type":"Feature","properties":{"n":"濱海路五段","k":2},"geometry":{"type":"LineString","coordinates":[[121.88694,24.93606],[121.88844,24.93717],[121.88969,24.93799],[121.89127,24.93917],[121.89268,24.93982],[121.89401,24.94082],[121.89487,24.9414]]}},{"type":"Feature","properties":{"n":"濱海路五段","k":2},"geometry":{"type":"LineString","coordinates":[[121.89483,24.94147],[121.89392,24.94086],[121.89271,24.93993],[121.89233,24.93972],[121.8915,24.93939],[121.8911,24.93916],[121.88965,24.93807],[121.88876,24.9375],[121.88687,24.93612]]}},{"type":"Feature","properties":{"n":"濱海路五段","k":2},"geometry":{"type":"LineString","coordinates":[[121.89848,24.94178],[121.89667,24.94204]]}},{"type":"Feature","properties":{"n":"濱海路五段","k":2},"geometry":{"type":"LineString","coordinates":[[121.89548,24.94181],[121.89576,24.94195],[121.89606,24.94203],[121.89667,24.94204]]}},{"type":"Feature","properties":{"n":"濱海路五段","k":2},"geometry":{"type":"LineString","coordinates":[[121.89667,24.94204],[121.89626,24.94211],[121.896,24.94209],[121.89565,24.94199],[121.89544,24.94187]]}},{"type":"Feature","properties":{"n":"濱海路五段","k":2},"geometry":{"type":"LineString","coordinates":[[121.89848,24.94178],[121.89883,24.94167],[121.89995,24.94147],[121.90072,24.94162],[121.90151,24.94195],[121.90194,24.94229],[121.90247,24.94293],[121.90282,24.94369],[121.903,24.94454]]}},{"type":"Feature","properties":{"n":"濱海路五段","k":2},"geometry":{"type":"LineString","coordinates":[[121.90293,24.94455],[121.90275,24.94372],[121.90247,24.94311],[121.90228,24.94279],[121.90197,24.94241],[121.90147,24.94201],[121.90076,24.94171],[121.89995,24.94153],[121.89848,24.94178]]}},{"type":"Feature","properties":{"n":"濱海路五段191巷","k":5},"geometry":{"type":"LineString","coordinates":[[121.89233,24.93972],[121.89231,24.93978],[121.89258,24.94022],[121.89323,24.9407]]}},{"type":"Feature","properties":{"n":"大溪橋","k":2},"geometry":{"type":"LineString","coordinates":[[121.89487,24.9414],[121.89548,24.94181]]}},{"type":"Feature","properties":{"n":"大溪橋","k":2},"geometry":{"type":"LineString","coordinates":[[121.89544,24.94187],[121.89483,24.94147]]}},{"type":"Feature","properties":{"n":"外大溪路","k":4},"geometry":{"type":"LineString","coordinates":[[121.89351,24.94043],[121.89291,24.94103],[121.89273,24.94113],[121.89248,24.94108],[121.89165,24.94064],[121.8915,24.94066],[121.89149,24.9408],[121.89172,24.94114],[121.89182,24.94141],[121.89182,24.94169],[121.8919,24.94199],[121.89188,24.94272],[121.89178,24.94279],[121.8917,24.94256],[121.89159,24.94258],[121.89157,24.94264],[121.89162,24.94294],[121.89158,24.94342],[121.89163,24.94374],[121.89154,24.94408],[121.89115,24.94428],[121.8908,24.94463],[121.8907,24.94485]]}},{"type":"Feature","properties":{"n":"濱海路六段","k":2},"geometry":{"type":"LineString","coordinates":[[121.903,24.94454],[121.9033,24.94604],[121.9035,24.94641],[121.90373,24.9467],[121.90429,24.94716],[121.90635,24.94856]]}},{"type":"Feature","properties":{"n":"濱海路六段","k":2},"geometry":{"type":"LineString","coordinates":[[121.90635,24.94856],[121.90424,24.94723],[121.90366,24.94674],[121.90343,24.94645],[121.9032,24.946],[121.90293,24.94455]]}},{"type":"Feature","properties":{"n":"濱海路六段","k":2},"geometry":{"type":"LineString","coordinates":[[121.90635,24.94856],[121.9077,24.94949],[121.90862,24.95026]]}},{"type":"Feature","properties":{"n":"濱海路六段","k":2},"geometry":{"type":"LineString","coordinates":[[121.90882,24.95044],[121.9095,24.95101],[121.90992,24.95127],[121.91031,24.95144]]}},{"type":"Feature","properties":{"n":"濱海路六段","k":2},"geometry":{"type":"LineString","coordinates":[[121.9107,24.95158],[121.91566,24.95337],[121.91591,24.95352],[121.91655,24.95412],[121.91682,24.95456],[121.91735,24.95585],[121.91759,24.95766],[121.91774,24.95806],[121.91799,24.95851],[121.91876,24.95957],[121.91994,24.96101],[121.9201,24.96142]]}},{"type":"Feature","properties":{"n":"濱海路六段","k":2},"geometry":{"type":"LineString","coordinates":[[121.92005,24.96355],[121.91989,24.96304],[121.91989,24.96273]]}},{"type":"Feature","properties":{"n":"濱海路六段","k":2},"geometry":{"type":"LineString","coordinates":[[121.92349,24.96801],[121.92241,24.96699],[121.92182,24.96634],[121.92016,24.96376]]}},{"type":"Feature","properties":{"n":"濱海路六段181巷","k":5},"geometry":{"type":"LineString","coordinates":[[121.90858,24.95085],[121.9088,24.95103],[121.90861,24.95128],[121.90877,24.95142]]}},{"type":"Feature","properties":{"n":"濱海路六段165巷","k":5},"geometry":{"type":"LineString","coordinates":[[121.90808,24.95116],[121.90806,24.95104],[121.90838,24.95088],[121.90842,24.9507],[121.90755,24.94996]]}},{"type":"Feature","properties":{"n":"下番薯橋","k":2},"geometry":{"type":"LineString","coordinates":[[121.90862,24.95026],[121.90882,24.95044]]}},{"type":"Feature","properties":{"n":"上番薯橋","k":2},"geometry":{"type":"LineString","coordinates":[[121.91031,24.95144],[121.9107,24.95158]]}},{"type":"Feature","properties":{"n":"濱海路六段231巷","k":5},"geometry":{"type":"LineString","coordinates":[[121.91763,24.9578],[121.91725,24.95791],[121.91686,24.95773]]}},{"type":"Feature","properties":{"n":"懷德橋","k":2},"geometry":{"type":"LineString","coordinates":[[121.9201,24.96142],[121.92012,24.96183],[121.91997,24.96227],[121.91989,24.96273]]}},{"type":"Feature","properties":{"n":"大里路","k":5},"geometry":{"type":"LineString","coordinates":[[121.91876,24.95957],[121.91891,24.95988],[121.92048,24.96223],[121.92116,24.96358],[121.92149,24.96407],[121.92249,24.96611],[121.92272,24.96637],[121.92309,24.96618]]}},{"type":"Feature","properties":{"n":"大里橋","k":2},"geometry":{"type":"LineString","coordinates":[[121.92016,24.96376],[121.92005,24.96355]]}},{"type":"Feature","properties":{"n":"濱海路六段287巷","k":5},"geometry":{"type":"LineString","coordinates":[[121.92162,24.96606],[121.92093,24.96654],[121.92057,24.96617],[121.9202,24.96599],[121.9201,24.96574],[121.92002,24.96569],[121.92007,24.96555]]}},{"type":"Feature","properties":{"n":"濱海路六段313巷","k":5},"geometry":{"type":"LineString","coordinates":[[121.92199,24.96654],[121.92138,24.96704],[121.92124,24.96698],[121.92089,24.9671]]}},{"type":"Feature","properties":{"n":"濱海路七段","k":2},"geometry":{"type":"LineString","coordinates":[[121.93399,24.97392],[121.92951,24.97211],[121.92759,24.97102]]}},{"type":"Feature","properties":{"n":"濱海路七段","k":2},"geometry":{"type":"LineString","coordinates":[[121.92746,24.97094],[121.92723,24.97075],[121.92634,24.97022],[121.92408,24.96874],[121.9236,24.96815]]}},{"type":"Feature","properties":{"n":"濱海路七段","k":2},"geometry":{"type":"LineString","coordinates":[[121.95472,24.98366],[121.95383,24.98301],[121.9531,24.98234],[121.95274,24.98208],[121.95086,24.98112],[121.94951,24.98072],[121.94923,24.98053],[121.94848,24.97986],[121.94825,24.97973],[121.94614,24.97893],[121.94461,24.97819],[121.94212,24.97678],[121.94145,24.97636],[121.94006,24.97535],[121.93975,24.97524],[121.93861,24.9751],[121.93649,24.97509],[121.93495,24.97458],[121.93461,24.97441],[121.93414,24.97404]]}},{"type":"Feature","properties":{"n":"濱海路七段","k":2},"geometry":{"type":"LineString","coordinates":[[121.96272,24.98365],[121.95885,24.98384],[121.9557,24.98417],[121.95529,24.98408],[121.95481,24.98377],[121.95472,24.98366]]}},{"type":"Feature","properties":{"n":"濱海路七段","k":2},"geometry":{"type":"LineString","coordinates":[[121.95472,24.98366],[121.95525,24.98401],[121.95546,24.98409],[121.95568,24.98411],[121.95889,24.98379],[121.96272,24.98365]]}},{"type":"Feature","properties":{"n":"濱海路七段","k":2},"geometry":{"type":"LineString","coordinates":[[121.96522,24.98415],[121.96316,24.98366],[121.96272,24.98365]]}},{"type":"Feature","properties":{"n":"大里簡橋","k":2},"geometry":{"type":"LineString","coordinates":[[121.9236,24.96815],[121.92349,24.96801]]}},{"type":"Feature","properties":{"n":"草嶺橋","k":2},"geometry":{"type":"LineString","coordinates":[[121.92759,24.97102],[121.92746,24.97094]]}},{"type":"Feature","properties":{"n":"桶盤堀橋","k":2},"geometry":{"type":"LineString","coordinates":[[121.93414,24.97404],[121.93399,24.97392]]}}]}