{"type":"FeatureCollection","features":[{"type":"Feature","properties":{"c":"宜蘭縣","t":"蘇澳鎮"},"geometry":{"type":"Polygon","coordinates":[[[121.8451,24.6447],[121.8521,24.628],[121.8533,24.6263],[121.8537,24.625],[121.8554,24.6219],[121.8584,24.6178],[121.8587,24.6167],[121.8609,24.6146],[121.8624,24.6136],[121.8661,24.6099],[121.8685,24.6089],[121.8701,24.6087],[121.871,24.6092],[121.8734,24.6087],[121.8743,24.6077],[121.8751,24.6057],[121.8781,24.6051],[121.8802,24.6057],[121.8808,24.6056],[121.8818,24.6037],[121.885,24.6034],[121.8837,24.6022],[121.8836,24.6014],[121.8846,24.6007],[121.8859,24.6005],[121.8857,24.5995],[121.885,24.5996],[121.8822,24.5992],[121.8823,24.5987],[121.8792,24.5991],[121.8735,24.5966],[121.8792,24.591],[121.8746,24.5853],[121.8726,24.5853],[121.8722,24.5842],[121.8727,24.5837],[121.8737,24.5845],[121.8748,24.5828],[121.8753,24.5814],[121.8769,24.5809],[121.8773,24.5798],[121.8783,24.58],[121.8798,24.5797],[121.8786,24.5787],[121.877,24.5781],[121.8765,24.579],[121.8757,24.579],[121.8756,24.5775],[121.8734,24.5773],[121.8721,24.5782],[121.8698,24.5761],[121.8692,24.5727],[121.8692,24.5713],[121.8703,24.5691],[121.8712,24.5633],[121.8708,24.5614],[121.8708,24.5581],[121.8712,24.5524],[121.8721,24.5512],[121.8729,24.5472],[121.8741,24.5454],[121.8723,24.5416],[121.8724,24.5391],[121.8729,24.5381],[121.8737,24.5346],[121.8725,24.5328],[121.8725,24.5311],[121.8701,24.53],[121.8695,24.5294],[121.8697,24.5281],[121.8678,24.5276],[121.8669,24.528],[121.8657,24.5274],[121.8609,24.5272],[121.8591,24.5257],[121.8573,24.5249],[121.8562,24.5239],[121.8511,24.5228],[121.8496,24.5221],[121.8449,24.5217],[121.8432,24.5212],[121.8419,24.5203],[121.8399,24.5165],[121.8389,24.5123],[121.8383,24.5085],[121.8382,24.5066],[121.8386,24.5008],[121.8402,24.4981],[121.8416,24.4975],[121.845,24.4973],[121.8464,24.4966],[121.8475,24.4974],[121.848,24.4958],[121.8505,24.4947],[121.8508,24.4934],[121.8498,24.4926],[121.8503,24.4906],[121.8504,24.4881],[121.8509,24.4873],[121.8505,24.4862],[121.8507,24.4849],[121.8525,24.4837],[121.8567,24.4834],[121.8586,24.4838],[121.8602,24.4837],[121.8614,24.4826],[121.8624,24.4812],[121.8614,24.4797],[121.8597,24.4786],[121.8586,24.4788],[121.8555,24.4806],[121.8516,24.4795],[121.8486,24.479],[121.8461,24.4769],[121.8439,24.4769],[121.8412,24.4756],[121.8399,24.474],[121.8385,24.473],[121.8383,24.4723],[121.837,24.4719],[121.8362,24.4708],[121.8342,24.4696],[121.8326,24.4674],[121.8276,24.4658],[121.8269,24.4652],[121.8246,24.4646],[121.8235,24.4634],[121.8213,24.4624],[121.8204,24.4614],[121.8201,24.4585],[121.8215,24.4569],[121.8218,24.4559],[121.821,24.4539],[121.8202,24.4538],[121.818,24.4515],[121.8171,24.4502],[121.8171,24.4483],[121.8162,24.4466],[121.8156,24.4479],[121.8148,24.4465],[121.8123,24.4436],[121.8122,24.4427],[121.8108,24.4414],[121.8078,24.4398],[121.8034,24.4362],[121.8018,24.4343],[121.8005,24.4314],[121.7951,24.433],[121.7937,24.4354],[121.7915,24.437],[121.7906,24.4398],[121.7878,24.4412],[121.787,24.4423],[121.7857,24.4452],[121.7854,24.4467],[121.7839,24.4482],[121.7828,24.4499],[121.7818,24.4522],[121.7805,24.4533],[121.7792,24.4552],[121.7809,24.4577],[121.7826,24.4588],[121.7844,24.4592],[121.7877,24.4591],[121.7892,24.4609],[121.7908,24.4618],[121.7983,24.4638],[121.8037,24.4656],[121.8071,24.4679],[121.8076,24.4696],[121.8091,24.4703],[121.8108,24.4693],[121.8119,24.4706],[121.8141,24.4718],[121.8148,24.4737],[121.8157,24.475],[121.8169,24.4757],[121.8172,24.4773],[121.8185,24.4786],[121.8196,24.4791],[121.8201,24.4802],[121.8201,24.4852],[121.8196,24.4872],[121.8198,24.4895],[121.8193,24.4918],[121.823,24.4927],[121.825,24.496],[121.8259,24.497],[121.8254,24.4993],[121.8257,24.5006],[121.8272,24.5031],[121.8286,24.5067],[121.8293,24.5075],[121.829,24.5105],[121.8291,24.5146],[121.8298,24.5163],[121.8336,24.5208],[121.8355,24.5227],[121.8374,24.526],[121.8379,24.5278],[121.8407,24.5303],[121.8437,24.5306],[121.8465,24.5313],[121.8481,24.5338],[121.849,24.537],[121.8498,24.5377],[121.8484,24.5379],[121.8475,24.5385],[121.8453,24.5394],[121.8444,24.5406],[121.844,24.5424],[121.8434,24.5427],[121.84,24.5431],[121.8395,24.5434],[121.837,24.548],[121.8363,24.5484],[121.8346,24.5511],[121.8315,24.5526],[121.8286,24.5522],[121.8264,24.5524],[121.8247,24.5512],[121.8229,24.5515],[121.8208,24.5527],[121.8184,24.5536],[121.8161,24.5568],[121.8155,24.5586],[121.8147,24.5589],[121.8147,24.5611],[121.8154,24.5618],[121.8145,24.5633],[121.814,24.5676],[121.8146,24.5697],[121.8144,24.5729],[121.8128,24.5746],[121.8132,24.5766],[121.815,24.5788],[121.8149,24.5803],[121.8125,24.5829],[121.8119,24.5851],[121.8109,24.5871],[121.8096,24.5883],[121.8078,24.5889],[121.8074,24.5895],[121.8072,24.5923],[121.8066,24.5931],[121.8038,24.5937],[121.8,24.5957],[121.7984,24.5995],[121.7958,24.6013],[121.7965,24.602],[121.7998,24.6023],[121.8001,24.6045],[121.8007,24.6057],[121.8015,24.6084],[121.8019,24.6089],[121.8032,24.6084],[121.8084,24.6086],[121.8087,24.6112],[121.81,24.6118],[121.8106,24.6134],[121.8112,24.6138],[121.8119,24.6154],[121.8114,24.6161],[121.8117,24.6171],[121.8111,24.6183],[121.8116,24.6216],[121.8123,24.6227],[121.8156,24.6224],[121.8168,24.6229],[121.8169,24.624],[121.8182,24.6241],[121.8181,24.6265],[121.8229,24.6268],[121.8231,24.6273],[121.8227,24.6326],[121.8256,24.6329],[121.8253,24.6362],[121.826,24.6363],[121.8248,24.6386],[121.8245,24.6402],[121.8233,24.641],[121.8223,24.6427],[121.8199,24.6424],[121.8194,24.6427],[121.819,24.6443],[121.8182,24.6445],[121.8174,24.648],[121.8163,24.6498],[121.814,24.6515],[121.8154,24.6536],[121.8154,24.6545],[121.8172,24.6549],[121.8181,24.6556],[121.8188,24.6537],[121.8227,24.6539],[121.8237,24.6509],[121.8253,24.6474],[121.8297,24.6488],[121.8304,24.6486],[121.8315,24.6451],[121.8343,24.646],[121.8355,24.6428],[121.8366,24.6439],[121.8373,24.6432],[121.8387,24.6436],[121.8423,24.6441],[121.8451,24.6447]]]}},{"type":"Feature","properties":{"c":"宜蘭縣","t":"五結鄉"},"geometry":{"type":"Polygon","coordinates":[[[121.8451,24.6447],[121.8423,24.6441],[121.8387,24.6436],[121.8373,24.6432],[121.8366,24.6439],[121.8355,24.6428],[121.8343,24.646],[121.8315,24.6451],[121.8304,24.6486],[121.8297,24.6488],[121.8253,24.6474],[121.8237,24.6509],[121.8227,24.6539],[121.8188,24.6537],[121.8181,24.6556],[121.8172,24.6549],[121.8154,24.6545],[121.8154,24.6536],[121.814,24.6515],[121.8134,24.6509],[121.8113,24.6514],[121.8121,24.6523],[121.8126,24.6541],[121.8122,24.6552],[121.8126,24.6572],[121.8139,24.6584],[121.8139,24.6593],[121.8131,24.6612],[121.8117,24.6631],[121.8121,24.6677],[121.813,24.6692],[121.8113,24.6723],[121.8092,24.6727],[121.8067,24.6721],[121.8061,24.6708],[121.805,24.6713],[121.8042,24.6704],[121.8024,24.6703],[121.8008,24.671],[121.8,24.6723],[121.7999,24.6737],[121.7993,24.6744],[121.8001,24.676],[121.7992,24.6763],[121.7852,24.6788],[121.7852,24.6782],[121.7833,24.6781],[121.781,24.6802],[121.7804,24.6817],[121.7781,24.6817],[121.7762,24.6808],[121.7762,24.6841],[121.7749,24.6841],[121.7749,24.6861],[121.7722,24.6855],[121.7709,24.6857],[121.7702,24.6902],[121.7683,24.6906],[121.7657,24.6907],[121.7655,24.6916],[121.7645,24.6915],[121.7631,24.6928],[121.7633,24.6949],[121.7644,24.6969],[121.7647,24.6982],[121.7637,24.6992],[121.7629,24.7008],[121.7627,24.7024],[121.762,24.7023],[121.7617,24.701],[121.7574,24.7068],[121.76,24.7092],[121.7617,24.7104],[121.7596,24.7111],[121.7579,24.7108],[121.7566,24.7099],[121.7517,24.7099],[121.7505,24.7101],[121.7475,24.7121],[121.7474,24.7127],[121.7407,24.7095],[121.7406,24.7121],[121.7427,24.7154],[121.7457,24.7172],[121.7473,24.7185],[121.7492,24.7183],[121.7535,24.7173],[121.7575,24.7168],[121.7608,24.7166],[121.7634,24.7154],[121.765,24.7136],[121.7682,24.7133],[121.7723,24.7138],[121.7761,24.7147],[121.7804,24.7153],[121.7832,24.7147],[121.7845,24.7141],[121.7889,24.7132],[121.7942,24.7128],[121.7965,24.7125],[121.8035,24.7123],[121.8071,24.7124],[121.8096,24.712],[121.8125,24.712],[121.8148,24.7129],[121.8166,24.7126],[121.8187,24.7134],[121.8228,24.7156],[121.8255,24.7163],[121.8306,24.7161],[121.8344,24.7166],[121.8385,24.7179],[121.8391,24.7174],[121.8395,24.7158],[121.8392,24.7147],[121.8378,24.7132],[121.8366,24.7107],[121.8363,24.7082],[121.8365,24.7018],[121.8368,24.7011],[121.8368,24.6983],[121.8374,24.6983],[121.8373,24.6935],[121.8378,24.6893],[121.8376,24.6873],[121.8379,24.6866],[121.8378,24.6836],[121.8384,24.6817],[121.8382,24.6729],[121.8396,24.664],[121.8415,24.6563],[121.844,24.6479],[121.8451,24.6447]]]}},{"type":"Feature","properties":{"c":"宜蘭縣","t":"宜蘭市"},"geometry":{"type":"Polygon","coordinates":[[[121.7761,24.7147],[121.7723,24.7138],[121.7682,24.7133],[121.765,24.7136],[121.7634,24.7154],[121.7608,24.7166],[121.762,24.7179],[121.7601,24.7199],[121.7593,24.7222],[121.7582,24.7232],[121.7564,24.7237],[121.7529,24.7224],[121.7509,24.7221],[121.7468,24.7226],[121.7468,24.7235],[121.7431,24.7241],[121.7407,24.7253],[121.7399,24.7253],[121.7379,24.7265],[121.7364,24.7257],[121.736,24.7247],[121.7348,24.7243],[121.7336,24.7275],[121.7334,24.7303],[121.7365,24.7324],[121.7337,24.7348],[121.7369,24.7379],[121.7358,24.7385],[121.7373,24.74],[121.738,24.7412],[121.739,24.7403],[121.7407,24.7418],[121.7399,24.7425],[121.7421,24.7446],[121.737,24.7454],[121.7345,24.7463],[121.7315,24.7486],[121.728,24.7514],[121.7295,24.753],[121.7271,24.755],[121.728,24.7563],[121.7292,24.7568],[121.7285,24.7578],[121.7297,24.7584],[121.7299,24.7593],[121.7311,24.76],[121.7308,24.7609],[121.7315,24.762],[121.7318,24.7642],[121.7325,24.7643],[121.7321,24.7658],[121.7325,24.767],[121.7337,24.7685],[121.7344,24.7697],[121.7347,24.7726],[121.7335,24.7757],[121.732,24.7772],[121.7306,24.7796],[121.7303,24.7843],[121.7322,24.7844],[121.7361,24.7821],[121.7373,24.7817],[121.7381,24.7821],[121.741,24.7792],[121.7433,24.7773],[121.7445,24.7786],[121.7457,24.7793],[121.7464,24.7803],[121.7473,24.7801],[121.7497,24.781],[121.7509,24.7802],[121.7529,24.781],[121.755,24.781],[121.7561,24.7802],[121.7577,24.7806],[121.7592,24.7821],[121.7589,24.7826],[121.7612,24.7828],[121.7628,24.7817],[121.762,24.7806],[121.7622,24.7797],[121.7649,24.7768],[121.7652,24.7754],[121.7661,24.7754],[121.7669,24.7743],[121.767,24.7725],[121.7682,24.772],[121.7679,24.7711],[121.7705,24.7719],[121.772,24.7715],[121.7707,24.7699],[121.7723,24.7667],[121.7739,24.7677],[121.7768,24.7686],[121.7771,24.7674],[121.7779,24.7677],[121.7782,24.7666],[121.7792,24.7669],[121.7796,24.7658],[121.7807,24.7661],[121.7811,24.7638],[121.782,24.7628],[121.7857,24.7639],[121.7871,24.7619],[121.7884,24.7588],[121.7891,24.7583],[121.7881,24.7577],[121.7885,24.7564],[121.7858,24.7556],[121.7867,24.7541],[121.7886,24.7527],[121.7882,24.7518],[121.7866,24.7513],[121.7853,24.7503],[121.7852,24.7486],[121.7833,24.7488],[121.7824,24.7473],[121.7834,24.7469],[121.7838,24.7424],[121.785,24.7425],[121.7853,24.7388],[121.7769,24.7382],[121.7771,24.7373],[121.7757,24.7354],[121.7754,24.7326],[121.7756,24.729],[121.7749,24.7251],[121.7735,24.7193],[121.7743,24.7156],[121.7761,24.7147]]]}},{"type":"Feature","properties":{"c":"宜蘭縣","t":"壯圍鄉"},"geometry":{"type":"Polygon","coordinates":[[[121.8385,24.7179],[121.8344,24.7166],[121.8306,24.7161],[121.8255,24.7163],[121.8228,24.7156],[121.8187,24.7134],[121.8166,24.7126],[121.8148,24.7129],[121.8125,24.712],[121.8096,24.712],[121.8071,24.7124],[121.8035,24.7123],[121.7965,24.7125],[121.7942,24.7128],[121.7889,24.7132],[121.7845,24.7141],[121.7832,24.7147],[121.7804,24.7153],[121.7761,24.7147],[121.7743,24.7156],[121.7735,24.7193],[121.7749,24.7251],[121.7756,24.729],[121.7754,24.7326],[121.7757,24.7354],[121.7771,24.7373],[121.7769,24.7382],[121.7853,24.7388],[121.785,24.7425],[121.7838,24.7424],[121.7834,24.7469],[121.7824,24.7473],[121.7833,24.7488],[121.7852,24.7486],[121.7853,24.7503],[121.7866,24.7513],[121.7882,24.7518],[121.7886,24.7527],[121.7867,24.7541],[121.7858,24.7556],[121.7885,24.7564],[121.7881,24.7577],[121.7891,24.7583],[121.7884,24.7588],[121.7871,24.7619],[121.7857,24.7639],[121.782,24.7628],[121.7811,24.7638],[121.7807,24.7661],[121.7796,24.7658],[121.7792,24.7669],[121.7782,24.7666],[121.7779,24.7677],[121.7771,24.7674],[121.7768,24.7686],[121.7739,24.7677],[121.7723,24.7667],[121.7707,24.7699],[121.772,24.7715],[121.7731,24.7704],[121.7751,24.7717],[121.7721,24.7762],[121.7765,24.7786],[121.779,24.7784],[121.7794,24.7815],[121.7806,24.7811],[121.781,24.7847],[121.7835,24.7845],[121.7841,24.7872],[121.7854,24.7866],[121.7857,24.7872],[121.7878,24.7857],[121.7874,24.7848],[121.7885,24.7844],[121.7921,24.7922],[121.791,24.7926],[121.7917,24.794],[121.7928,24.7936],[121.7942,24.7957],[121.8037,24.7935],[121.8064,24.795],[121.8076,24.7968],[121.8095,24.7979],[121.8097,24.7991],[121.8091,24.801],[121.8083,24.8023],[121.8095,24.8037],[121.8104,24.8072],[121.8109,24.8079],[121.8129,24.8078],[121.8158,24.8074],[121.8166,24.8077],[121.8187,24.8077],[121.8203,24.8072],[121.819,24.7973],[121.8188,24.7936],[121.8184,24.79],[121.818,24.7781],[121.818,24.7739],[121.8184,24.7649],[121.8191,24.7588],[121.821,24.7477],[121.8235,24.7393],[121.8259,24.733],[121.8289,24.7267],[121.8317,24.7219],[121.8328,24.7199],[121.8336,24.719],[121.835,24.7185],[121.8385,24.7179]]]}},{"type":"Feature","properties":{"c":"宜蘭縣","t":"羅東鎮"},"geometry":{"type":"Polygon","coordinates":[[[121.7574,24.7068],[121.7617,24.701],[121.762,24.7023],[121.7627,24.7024],[121.7629,24.7008],[121.7637,24.6992],[121.7647,24.6982],[121.7644,24.6969],[121.7633,24.6949],[121.7631,24.6928],[121.7645,24.6915],[121.7655,24.6916],[121.7657,24.6907],[121.7683,24.6906],[121.7702,24.6902],[121.7709,24.6857],[121.7722,24.6855],[121.7749,24.6861],[121.7749,24.6841],[121.7762,24.6841],[121.7762,24.6808],[121.7781,24.6817],[121.7804,24.6817],[121.781,24.6802],[121.7833,24.6781],[121.7852,24.6782],[121.7852,24.6788],[121.7992,24.6763],[121.8001,24.676],[121.7993,24.6744],[121.7999,24.6737],[121.8,24.6723],[121.8008,24.671],[121.8024,24.6703],[121.8011,24.67],[121.8012,24.6684],[121.8005,24.6669],[121.801,24.6661],[121.7998,24.664],[121.7983,24.6638],[121.7958,24.6641],[121.7941,24.6634],[121.793,24.6638],[121.7921,24.6652],[121.7907,24.6658],[121.7879,24.6654],[121.7868,24.6657],[121.7849,24.6643],[121.7838,24.6652],[121.7826,24.6655],[121.7806,24.6654],[121.78,24.6662],[121.7786,24.6666],[121.7779,24.6675],[121.7759,24.6689],[121.7747,24.6693],[121.7717,24.6675],[121.7685,24.6703],[121.7669,24.6692],[121.7661,24.668],[121.763,24.6672],[121.7602,24.6673],[121.758,24.6659],[121.758,24.6668],[121.7562,24.6668],[121.7557,24.6652],[121.7548,24.6654],[121.7548,24.6668],[121.7531,24.6658],[121.7524,24.6666],[121.7528,24.6678],[121.7544,24.6688],[121.7547,24.6695],[121.7537,24.6716],[121.7519,24.6717],[121.7512,24.6724],[121.7496,24.6728],[121.7497,24.6741],[121.749,24.6749],[121.7493,24.676],[121.7517,24.6772],[121.7502,24.6782],[121.7491,24.6779],[121.7486,24.6785],[121.7486,24.6802],[121.7493,24.682],[121.7505,24.6842],[121.7496,24.6851],[121.7508,24.687],[121.7516,24.6907],[121.7511,24.6938],[121.7537,24.6939],[121.7546,24.6978],[121.7547,24.7018],[121.7553,24.7036],[121.7574,24.7068]]]}},{"type":"Feature","properties":{"c":"宜蘭縣","t":"員山鄉"},"geometry":{"type":"Polygon","coordinates":[[[121.7608,24.7166],[121.7575,24.7168],[121.7535,24.7173],[121.7492,24.7183],[121.7473,24.7185],[121.7457,24.7172],[121.7427,24.7154],[121.7406,24.7121],[121.7407,24.7095],[121.739,24.7088],[121.7363,24.7083],[121.7333,24.7071],[121.7311,24.7058],[121.7287,24.705],[121.7261,24.7032],[121.7216,24.7021],[121.7159,24.7004],[121.714,24.6995],[121.7127,24.7001],[121.7082,24.7006],[121.7049,24.7011],[121.7022,24.7019],[121.6983,24.7019],[121.6957,24.7011],[121.6904,24.7011],[121.6844,24.7008],[121.6814,24.7009],[121.6786,24.7006],[121.6785,24.7026],[121.6762,24.702],[121.6718,24.7046],[121.6629,24.704],[121.6594,24.7022],[121.6583,24.7014],[121.6544,24.6998],[121.6516,24.6981],[121.6493,24.6936],[121.647,24.6926],[121.6442,24.6907],[121.6431,24.6883],[121.6371,24.6831],[121.6332,24.6823],[121.6313,24.6804],[121.6297,24.6807],[121.6258,24.6809],[121.625,24.6807],[121.6228,24.6816],[121.6257,24.684],[121.627,24.6846],[121.628,24.6861],[121.6301,24.6878],[121.6305,24.6891],[121.6286,24.6885],[121.6267,24.6872],[121.6252,24.6879],[121.6238,24.6896],[121.6219,24.6913],[121.6199,24.6924],[121.6182,24.6943],[121.6152,24.6949],[121.614,24.6961],[121.6126,24.6984],[121.6122,24.6998],[121.6111,24.7016],[121.6091,24.7017],[121.6072,24.7022],[121.6029,24.7045],[121.6017,24.7059],[121.5988,24.7067],[121.5977,24.7077],[121.5949,24.7091],[121.593,24.7108],[121.5928,24.7117],[121.5905,24.7143],[121.5885,24.7157],[121.588,24.7177],[121.587,24.7201],[121.5891,24.7217],[121.5904,24.7235],[121.5926,24.7246],[121.5939,24.7258],[121.5975,24.7277],[121.5978,24.7293],[121.5941,24.7293],[121.5937,24.7305],[121.595,24.7325],[121.5942,24.7347],[121.5954,24.7391],[121.5948,24.741],[121.5919,24.7433],[121.5917,24.7449],[121.5928,24.746],[121.5944,24.7463],[121.5961,24.7482],[121.5952,24.7488],[121.5946,24.7502],[121.5923,24.7503],[121.5908,24.7509],[121.5899,24.7519],[121.5897,24.7536],[121.589,24.7551],[121.5894,24.7572],[121.5908,24.7588],[121.5905,24.7607],[121.5934,24.7648],[121.5958,24.7665],[121.5963,24.7673],[121.5956,24.769],[121.5973,24.7716],[121.5976,24.7726],[121.5957,24.776],[121.5944,24.7788],[121.5943,24.781],[121.5932,24.7826],[121.5934,24.7847],[121.5929,24.7862],[121.592,24.7875],[121.5947,24.7874],[121.5989,24.7877],[121.6029,24.7894],[121.6056,24.7891],[121.6072,24.7904],[121.6096,24.7938],[121.6133,24.7932],[121.6158,24.7939],[121.6172,24.7938],[121.6204,24.7925],[121.6217,24.7927],[121.6235,24.7944],[121.6266,24.7939],[121.6306,24.7957],[121.6364,24.795],[121.6394,24.7959],[121.6414,24.7943],[121.6425,24.7949],[121.6455,24.7946],[121.6466,24.7952],[121.6485,24.7953],[121.649,24.7938],[121.6518,24.7935],[121.6537,24.7936],[121.6559,24.7929],[121.6582,24.7918],[121.6603,24.7896],[121.6625,24.7894],[121.6642,24.7881],[121.6669,24.7874],[121.6694,24.786],[121.6709,24.7848],[121.6738,24.7836],[121.6764,24.7836],[121.6778,24.7841],[121.6806,24.7842],[121.6823,24.7839],[121.6854,24.785],[121.6886,24.7845],[121.692,24.7833],[121.6958,24.7831],[121.7016,24.7825],[121.7029,24.7821],[121.7081,24.7798],[121.7101,24.7797],[121.7135,24.7803],[121.7174,24.7795],[121.7181,24.7782],[121.7196,24.7775],[121.7236,24.7762],[121.7235,24.7751],[121.7247,24.7746],[121.7263,24.7747],[121.7294,24.7723],[121.7311,24.7706],[121.7337,24.7685],[121.7325,24.767],[121.7321,24.7658],[121.7325,24.7643],[121.7318,24.7642],[121.7315,24.762],[121.7308,24.7609],[121.7311,24.76],[121.7299,24.7593],[121.7297,24.7584],[121.7285,24.7578],[121.7292,24.7568],[121.728,24.7563],[121.7271,24.755],[121.7295,24.753],[121.728,24.7514],[121.7315,24.7486],[121.7345,24.7463],[121.737,24.7454],[121.7421,24.7446],[121.7399,24.7425],[121.7407,24.7418],[121.739,24.7403],[121.738,24.7412],[121.7373,24.74],[121.7358,24.7385],[121.7369,24.7379],[121.7337,24.7348],[121.7365,24.7324],[121.7334,24.7303],[121.7336,24.7275],[121.7348,24.7243],[121.736,24.7247],[121.7364,24.7257],[121.7379,24.7265],[121.7399,24.7253],[121.7407,24.7253],[121.7431,24.7241],[121.7468,24.7235],[121.7468,24.7226],[121.7509,24.7221],[121.7529,24.7224],[121.7564,24.7237],[121.7582,24.7232],[121.7593,24.7222],[121.7601,24.7199],[121.762,24.7179],[121.7608,24.7166]]]}},{"type":"Feature","properties":{"c":"宜蘭縣","t":"冬山鄉"},"geometry":{"type":"Polygon","coordinates":[[[121.814,24.6515],[121.8163,24.6498],[121.8174,24.648],[121.8182,24.6445],[121.819,24.6443],[121.8194,24.6427],[121.8199,24.6424],[121.8223,24.6427],[121.8233,24.641],[121.8245,24.6402],[121.8248,24.6386],[121.826,24.6363],[121.8253,24.6362],[121.8256,24.6329],[121.8227,24.6326],[121.8231,24.6273],[121.8229,24.6268],[121.8181,24.6265],[121.8182,24.6241],[121.8169,24.624],[121.8168,24.6229],[121.8156,24.6224],[121.8123,24.6227],[121.8116,24.6216],[121.8111,24.6183],[121.8117,24.6171],[121.8114,24.6161],[121.8119,24.6154],[121.8112,24.6138],[121.8106,24.6134],[121.81,24.6118],[121.8087,24.6112],[121.8084,24.6086],[121.8032,24.6084],[121.8019,24.6089],[121.8015,24.6084],[121.8007,24.6057],[121.8001,24.6045],[121.7998,24.6023],[121.7965,24.602],[121.7958,24.6013],[121.7945,24.5997],[121.7931,24.5993],[121.7894,24.6012],[121.7866,24.6013],[121.7864,24.6032],[121.7846,24.6042],[121.7829,24.606],[121.7805,24.6071],[121.7793,24.6086],[121.7778,24.609],[121.7762,24.6108],[121.7764,24.6116],[121.7753,24.6113],[121.7729,24.6116],[121.7699,24.6129],[121.7688,24.614],[121.7665,24.6144],[121.7659,24.6161],[121.7605,24.6178],[121.7594,24.6189],[121.757,24.6191],[121.7563,24.6178],[121.7554,24.6176],[121.7543,24.6163],[121.7528,24.6177],[121.7504,24.6184],[121.7503,24.6177],[121.7513,24.6168],[121.7509,24.6148],[121.7519,24.6145],[121.7513,24.6134],[121.7525,24.6131],[121.7528,24.6112],[121.7502,24.6124],[121.7504,24.611],[121.7487,24.6089],[121.7476,24.6082],[121.7471,24.6071],[121.7458,24.6098],[121.7478,24.6132],[121.7469,24.6149],[121.748,24.616],[121.7466,24.6173],[121.7457,24.6174],[121.7455,24.6196],[121.7446,24.6203],[121.7429,24.619],[121.7416,24.6189],[121.7408,24.618],[121.7378,24.6162],[121.7365,24.6181],[121.7368,24.6192],[121.7344,24.6214],[121.7318,24.6215],[121.7313,24.6209],[121.7284,24.6209],[121.7256,24.6193],[121.7245,24.6182],[121.7241,24.6184],[121.723,24.6171],[121.7188,24.6177],[121.7181,24.6193],[121.716,24.6171],[121.7149,24.6171],[121.7123,24.6181],[121.7103,24.6201],[121.7091,24.6221],[121.707,24.6239],[121.7053,24.6228],[121.7034,24.6231],[121.6999,24.6252],[121.6973,24.6261],[121.6965,24.6268],[121.694,24.627],[121.6921,24.6263],[121.6903,24.6285],[121.6866,24.6304],[121.6849,24.631],[121.6834,24.6321],[121.6811,24.6351],[121.6802,24.6357],[121.6799,24.6376],[121.6814,24.6376],[121.6821,24.6382],[121.6858,24.6387],[121.6864,24.6396],[121.688,24.6406],[121.6894,24.6408],[121.6913,24.6419],[121.6928,24.6416],[121.693,24.6423],[121.6943,24.6416],[121.6952,24.6422],[121.6995,24.6419],[121.7013,24.6414],[121.7028,24.6444],[121.7035,24.6452],[121.706,24.6499],[121.7027,24.6491],[121.7017,24.6483],[121.6995,24.6484],[121.6994,24.6498],[121.7027,24.6504],[121.7031,24.6515],[121.7017,24.6527],[121.7003,24.6529],[121.6982,24.6543],[121.6959,24.6543],[121.6944,24.657],[121.6955,24.6585],[121.6969,24.6578],[121.6974,24.6585],[121.6985,24.6583],[121.6996,24.6573],[121.7005,24.6572],[121.701,24.6582],[121.7068,24.6576],[121.7067,24.6558],[121.7074,24.655],[121.7076,24.6536],[121.7088,24.652],[121.7106,24.6508],[121.712,24.6515],[121.7146,24.652],[121.715,24.6532],[121.7165,24.6538],[121.7225,24.6517],[121.7237,24.652],[121.7266,24.6582],[121.7283,24.6624],[121.7292,24.6639],[121.7319,24.6676],[121.7335,24.6692],[121.7325,24.6696],[121.7226,24.6701],[121.7219,24.6716],[121.723,24.6717],[121.7225,24.6738],[121.7239,24.6749],[121.724,24.6765],[121.7251,24.6776],[121.7247,24.6781],[121.7243,24.6811],[121.7238,24.6817],[121.7256,24.6832],[121.7245,24.6847],[121.7263,24.6863],[121.7267,24.6872],[121.7284,24.6877],[121.7332,24.6908],[121.7343,24.6902],[121.7358,24.6913],[121.7368,24.6909],[121.7389,24.6913],[121.7409,24.6925],[121.7438,24.6917],[121.7449,24.691],[121.7463,24.6919],[121.7475,24.692],[121.7484,24.6931],[121.7511,24.6938],[121.7516,24.6907],[121.7508,24.687],[121.7496,24.6851],[121.7505,24.6842],[121.7493,24.682],[121.7486,24.6802],[121.7486,24.6785],[121.7491,24.6779],[121.7502,24.6782],[121.7517,24.6772],[121.7493,24.676],[121.749,24.6749],[121.7497,24.6741],[121.7496,24.6728],[121.7512,24.6724],[121.7519,24.6717],[121.7537,24.6716],[121.7547,24.6695],[121.7544,24.6688],[121.7528,24.6678],[121.7524,24.6666],[121.7531,24.6658],[121.7548,24.6668],[121.7548,24.6654],[121.7557,24.6652],[121.7562,24.6668],[121.758,24.6668],[121.758,24.6659],[121.7602,24.6673],[121.763,24.6672],[121.7661,24.668],[121.7669,24.6692],[121.7685,24.6703],[121.7717,24.6675],[121.7747,24.6693],[121.7759,24.6689],[121.7779,24.6675],[121.7786,24.6666],[121.78,24.6662],[121.7806,24.6654],[121.7826,24.6655],[121.7838,24.6652],[121.7849,24.6643],[121.7868,24.6657],[121.7879,24.6654],[121.7907,24.6658],[121.7921,24.6652],[121.793,24.6638],[121.7941,24.6634],[121.7958,24.6641],[121.7983,24.6638],[121.7998,24.664],[121.801,24.6661],[121.8005,24.6669],[121.8012,24.6684],[121.8011,24.67],[121.8024,24.6703],[121.8042,24.6704],[121.805,24.6713],[121.8061,24.6708],[121.8067,24.6721],[121.8092,24.6727],[121.8113,24.6723],[121.813,24.6692],[121.8121,24.6677],[121.8117,24.6631],[121.8131,24.6612],[121.8139,24.6593],[121.8139,24.6584],[121.8126,24.6572],[121.8122,24.6552],[121.8126,24.6541],[121.8121,24.6523],[121.8113,24.6514],[121.8134,24.6509],[121.814,24.6515]]]}},{"type":"Feature","properties":{"c":"宜蘭縣","t":"三星鄉"},"geometry":{"type":"Polygon","coordinates":[[[121.7407,24.7095],[121.7474,24.7127],[121.7475,24.7121],[121.7505,24.7101],[121.7517,24.7099],[121.7566,24.7099],[121.7579,24.7108],[121.7596,24.7111],[121.7617,24.7104],[121.76,24.7092],[121.7574,24.7068],[121.7553,24.7036],[121.7547,24.7018],[121.7546,24.6978],[121.7537,24.6939],[121.7511,24.6938],[121.7484,24.6931],[121.7475,24.692],[121.7463,24.6919],[121.7449,24.691],[121.7438,24.6917],[121.7409,24.6925],[121.7389,24.6913],[121.7368,24.6909],[121.7358,24.6913],[121.7343,24.6902],[121.7332,24.6908],[121.7284,24.6877],[121.7267,24.6872],[121.7263,24.6863],[121.7245,24.6847],[121.7256,24.6832],[121.7238,24.6817],[121.7243,24.6811],[121.7247,24.6781],[121.7251,24.6776],[121.724,24.6765],[121.7239,24.6749],[121.7225,24.6738],[121.723,24.6717],[121.7219,24.6716],[121.7226,24.6701],[121.7325,24.6696],[121.7335,24.6692],[121.7319,24.6676],[121.7292,24.6639],[121.7283,24.6624],[121.7266,24.6582],[121.7237,24.652],[121.7225,24.6517],[121.7165,24.6538],[121.715,24.6532],[121.7146,24.652],[121.712,24.6515],[121.7106,24.6508],[121.7088,24.652],[121.7076,24.6536],[121.7074,24.655],[121.7067,24.6558],[121.7068,24.6576],[121.701,24.6582],[121.7005,24.6572],[121.6996,24.6573],[121.6985,24.6583],[121.6974,24.6585],[121.6969,24.6578],[121.6955,24.6585],[121.6944,24.657],[121.6959,24.6543],[121.6982,24.6543],[121.7003,24.6529],[121.7017,24.6527],[121.7031,24.6515],[121.7027,24.6504],[121.6994,24.6498],[121.6995,24.6484],[121.7017,24.6483],[121.7027,24.6491],[121.706,24.6499],[121.7035,24.6452],[121.7028,24.6444],[121.7013,24.6414],[121.6995,24.6419],[121.6952,24.6422],[121.6943,24.6416],[121.693,24.6423],[121.6928,24.6416],[121.6913,24.6419],[121.6894,24.6408],[121.688,24.6406],[121.6864,24.6396],[121.6858,24.6387],[121.6821,24.6382],[121.6814,24.6376],[121.6799,24.6376],[121.6779,24.6368],[121.6762,24.6378],[121.6728,24.6358],[121.6688,24.6361],[121.6676,24.6368],[121.6665,24.6368],[121.6647,24.6361],[121.6629,24.6363],[121.661,24.6371],[121.6596,24.6382],[121.6582,24.6371],[121.6551,24.6361],[121.653,24.6366],[121.6519,24.636],[121.6487,24.6358],[121.6471,24.6363],[121.6458,24.6387],[121.6435,24.6388],[121.642,24.6392],[121.6386,24.6392],[121.6364,24.6376],[121.6336,24.638],[121.6306,24.638],[121.6295,24.6392],[121.6286,24.6387],[121.6273,24.6369],[121.6259,24.6356],[121.6247,24.6333],[121.6251,24.6313],[121.6249,24.6288],[121.6258,24.6253],[121.6242,24.6251],[121.622,24.6266],[121.6194,24.6292],[121.6161,24.632],[121.6126,24.6346],[121.6109,24.6355],[121.6076,24.6365],[121.6037,24.6347],[121.6036,24.6336],[121.6014,24.6328],[121.6011,24.6315],[121.5982,24.6315],[121.5961,24.6319],[121.5925,24.6359],[121.5915,24.6374],[121.589,24.6396],[121.5866,24.6383],[121.5812,24.6383],[121.5782,24.6371],[121.576,24.6386],[121.574,24.6394],[121.57,24.6388],[121.5692,24.6417],[121.5665,24.6405],[121.5646,24.6419],[121.5647,24.6433],[121.5658,24.6451],[121.5661,24.6465],[121.5681,24.6479],[121.5691,24.6481],[121.5739,24.6481],[121.5758,24.6487],[121.5772,24.6507],[121.5796,24.6523],[121.5809,24.6545],[121.5819,24.6554],[121.5836,24.655],[121.5865,24.6573],[121.588,24.6597],[121.5881,24.661],[121.5908,24.6635],[121.5926,24.6641],[121.5941,24.6654],[121.5962,24.6663],[121.5988,24.6669],[121.6018,24.6682],[121.6036,24.6696],[121.605,24.6713],[121.6063,24.6721],[121.6105,24.6732],[121.6135,24.6754],[121.6152,24.6759],[121.6162,24.6774],[121.6205,24.68],[121.6218,24.6815],[121.6228,24.6816],[121.625,24.6807],[121.6258,24.6809],[121.6297,24.6807],[121.6313,24.6804],[121.6332,24.6823],[121.6371,24.6831],[121.6431,24.6883],[121.6442,24.6907],[121.647,24.6926],[121.6493,24.6936],[121.6516,24.6981],[121.6544,24.6998],[121.6583,24.7014],[121.6594,24.7022],[121.6629,24.704],[121.6718,24.7046],[121.6762,24.702],[121.6785,24.7026],[121.6786,24.7006],[121.6814,24.7009],[121.6844,24.7008],[121.6904,24.7011],[121.6957,24.7011],[121.6983,24.7019],[121.7022,24.7019],[121.7049,24.7011],[121.7082,24.7006],[121.7127,24.7001],[121.714,24.6995],[121.7159,24.7004],[121.7216,24.7021],[121.7261,24.7032],[121.7287,24.705],[121.7311,24.7058],[121.7333,24.7071],[121.7363,24.7083],[121.739,24.7088],[121.7407,24.7095]]]}},{"type":"Feature","properties":{"c":"宜蘭縣","t":"大同鄉"},"geometry":{"type":"Polygon","coordinates":[[[121.587,24.7201],[121.588,24.7177],[121.5885,24.7157],[121.5905,24.7143],[121.5928,24.7117],[121.593,24.7108],[121.5949,24.7091],[121.5977,24.7077],[121.5988,24.7067],[121.6017,24.7059],[121.6029,24.7045],[121.6072,24.7022],[121.6091,24.7017],[121.6111,24.7016],[121.6122,24.6998],[121.6126,24.6984],[121.614,24.6961],[121.6152,24.6949],[121.6182,24.6943],[121.6199,24.6924],[121.6219,24.6913],[121.6238,24.6896],[121.6252,24.6879],[121.6267,24.6872],[121.6286,24.6885],[121.6305,24.6891],[121.6301,24.6878],[121.628,24.6861],[121.627,24.6846],[121.6257,24.684],[121.6228,24.6816],[121.6218,24.6815],[121.6205,24.68],[121.6162,24.6774],[121.6152,24.6759],[121.6135,24.6754],[121.6105,24.6732],[121.6063,24.6721],[121.605,24.6713],[121.6036,24.6696],[121.6018,24.6682],[121.5988,24.6669],[121.5962,24.6663],[121.5941,24.6654],[121.5926,24.6641],[121.5908,24.6635],[121.5881,24.661],[121.588,24.6597],[121.5865,24.6573],[121.5836,24.655],[121.5819,24.6554],[121.5809,24.6545],[121.5796,24.6523],[121.5772,24.6507],[121.5758,24.6487],[121.5739,24.6481],[121.5691,24.6481],[121.5681,24.6479],[121.5661,24.6465],[121.5658,24.6451],[121.5647,24.6433],[121.5646,24.6419],[121.5665,24.6405],[121.5692,24.6417],[121.57,24.6388],[121.574,24.6394],[121.576,24.6386],[121.5782,24.6371],[121.5812,24.6383],[121.5866,24.6383],[121.589,24.6396],[121.5915,24.6374],[121.5925,24.6359],[121.5961,24.6319],[121.5982,24.6315],[121.6011,24.6315],[121.6014,24.6328],[121.6036,24.6336],[121.6037,24.6347],[121.6076,24.6365],[121.6109,24.6355],[121.6126,24.6346],[121.6161,24.632],[121.6194,24.6292],[121.622,24.6266],[121.6242,24.6251],[121.6258,24.6253],[121.6249,24.6288],[121.6251,24.6313],[121.6247,24.6333],[121.6259,24.6356],[121.6273,24.6369],[121.6286,24.6387],[121.6295,24.6392],[121.6306,24.638],[121.6336,24.638],[121.6364,24.6376],[121.6386,24.6392],[121.642,24.6392],[121.6435,24.6388],[121.6458,24.6387],[121.6471,24.6363],[121.6487,24.6358],[121.6519,24.636],[121.653,24.6366],[121.6551,24.6361],[121.6582,24.6371],[121.6596,24.6382],[121.661,24.6371],[121.6629,24.6363],[121.6647,24.6361],[121.6665,24.6368],[121.6676,24.6368],[121.6688,24.6361],[121.6728,24.6358],[121.6762,24.6378],[121.6779,24.6368],[121.6799,24.6376],[121.6802,24.6357],[121.6811,24.6351],[121.6834,24.6321],[121.6849,24.631],[121.6866,24.6304],[121.6903,24.6285],[121.6921,24.6263],[121.694,24.627],[121.6965,24.6268],[121.6973,24.6261],[121.6999,24.6252],[121.7034,24.6231],[121.7053,24.6228],[121.707,24.6239],[121.7091,24.6221],[121.7103,24.6201],[121.7123,24.6181],[121.7149,24.6171],[121.716,24.6171],[121.7181,24.6193],[121.7188,24.6177],[121.723,24.6171],[121.7241,24.6184],[121.7245,24.6182],[121.7255,24.6147],[121.7251,24.6131],[121.7256,24.6118],[121.7238,24.6083],[121.7242,24.6071],[121.7264,24.605],[121.7273,24.603],[121.7318,24.5995],[121.7316,24.5983],[121.7329,24.596],[121.7332,24.5936],[121.7341,24.5922],[121.7352,24.5916],[121.7368,24.5916],[121.7383,24.5904],[121.7401,24.5894],[121.7437,24.5883],[121.7478,24.5849],[121.7496,24.5836],[121.7524,24.5822],[121.7562,24.5813],[121.7591,24.5816],[121.7605,24.5789],[121.7618,24.5797],[121.7625,24.5777],[121.7642,24.5776],[121.7658,24.5763],[121.7653,24.5748],[121.7644,24.5752],[121.7636,24.5767],[121.7622,24.577],[121.7608,24.5766],[121.7601,24.5741],[121.7597,24.5735],[121.7568,24.5741],[121.7557,24.5737],[121.7545,24.5722],[121.7521,24.5723],[121.7505,24.5711],[121.7493,24.5695],[121.748,24.5655],[121.7437,24.5678],[121.7398,24.5672],[121.7364,24.5661],[121.7357,24.5662],[121.7325,24.5685],[121.7309,24.5702],[121.7273,24.5722],[121.7266,24.5728],[121.7257,24.5759],[121.7235,24.5774],[121.7224,24.5765],[121.7223,24.5748],[121.7206,24.5737],[121.7192,24.5723],[121.7177,24.5721],[121.7153,24.573],[121.715,24.5741],[121.7136,24.5747],[121.7121,24.576],[121.7112,24.5756],[121.7101,24.5763],[121.7091,24.5779],[121.7081,24.5786],[121.7073,24.5785],[121.7052,24.5809],[121.7044,24.5809],[121.7023,24.5796],[121.7012,24.5792],[121.6986,24.5793],[121.6977,24.5788],[121.6964,24.5774],[121.6945,24.5772],[121.6922,24.5756],[121.6902,24.5736],[121.6885,24.573],[121.6881,24.5706],[121.6849,24.5659],[121.6844,24.5641],[121.6828,24.5633],[121.6811,24.5617],[121.6797,24.5611],[121.6757,24.5616],[121.6728,24.561],[121.6694,24.5611],[121.6655,24.5624],[121.6665,24.5607],[121.6665,24.5578],[121.6671,24.5564],[121.6676,24.5582],[121.6684,24.5571],[121.6674,24.5538],[121.6673,24.5527],[121.666,24.552],[121.6659,24.5506],[121.6653,24.5493],[121.6659,24.5467],[121.6655,24.5442],[121.6648,24.5435],[121.6652,24.5414],[121.6643,24.5402],[121.6643,24.5386],[121.6633,24.5369],[121.6635,24.5335],[121.6627,24.5291],[121.6617,24.5262],[121.6618,24.525],[121.6595,24.5236],[121.6591,24.5213],[121.6577,24.5194],[121.6579,24.5171],[121.6571,24.5155],[121.6576,24.5136],[121.6569,24.5115],[121.6563,24.5107],[121.6539,24.5091],[121.653,24.5075],[121.6517,24.507],[121.6483,24.5037],[121.6463,24.503],[121.6443,24.5034],[121.6395,24.5032],[121.6384,24.5025],[121.6365,24.5022],[121.6364,24.5011],[121.6354,24.5005],[121.634,24.4988],[121.631,24.4981],[121.6299,24.4968],[121.6302,24.495],[121.6292,24.4943],[121.6294,24.4931],[121.6286,24.4917],[121.6273,24.4912],[121.6262,24.4881],[121.6246,24.488],[121.624,24.4863],[121.624,24.4847],[121.6246,24.484],[121.6249,24.482],[121.6235,24.4799],[121.6225,24.4801],[121.6228,24.4791],[121.6214,24.4776],[121.6218,24.4772],[121.6212,24.4751],[121.6214,24.4735],[121.6205,24.4737],[121.6197,24.4729],[121.6196,24.4719],[121.6206,24.4708],[121.6214,24.4675],[121.6205,24.4667],[121.6188,24.4669],[121.6176,24.4652],[121.6179,24.463],[121.616,24.4616],[121.6148,24.4618],[121.6132,24.4634],[121.6095,24.4643],[121.6062,24.4639],[121.6012,24.4644],[121.5969,24.4653],[121.5924,24.4668],[121.5906,24.4682],[121.5885,24.4705],[121.5878,24.4707],[121.5866,24.4699],[121.5854,24.4676],[121.5851,24.4646],[121.5874,24.4613],[121.5862,24.4576],[121.585,24.4568],[121.5834,24.4565],[121.5826,24.4546],[121.5816,24.4535],[121.5802,24.4539],[121.5796,24.4546],[121.5771,24.455],[121.5753,24.4573],[121.5752,24.4583],[121.5741,24.4595],[121.5724,24.4596],[121.5688,24.4587],[121.5677,24.4593],[121.5655,24.4588],[121.5641,24.4593],[121.5622,24.459],[121.5582,24.4593],[121.555,24.4616],[121.5497,24.4622],[121.5488,24.4628],[121.5479,24.4623],[121.5454,24.4635],[121.5429,24.4629],[121.5406,24.4621],[121.5382,24.4617],[121.5353,24.4609],[121.5339,24.4612],[121.5304,24.4611],[121.5264,24.4602],[121.5219,24.4589],[121.5202,24.4582],[121.5197,24.4574],[121.5165,24.4578],[121.5152,24.4581],[121.5125,24.4573],[121.5114,24.4575],[121.5076,24.4574],[121.5054,24.4586],[121.5021,24.4585],[121.5012,24.4579],[121.4986,24.4578],[121.4963,24.4584],[121.4938,24.4574],[121.4931,24.4563],[121.4908,24.4552],[121.4892,24.4551],[121.487,24.4538],[121.484,24.4529],[121.4818,24.4506],[121.4786,24.4451],[121.4774,24.4435],[121.4759,24.4426],[121.4731,24.4418],[121.4712,24.4423],[121.4705,24.4406],[121.4691,24.4388],[121.4684,24.4365],[121.4675,24.4361],[121.4628,24.4325],[121.4614,24.4319],[121.4591,24.4296],[121.4588,24.4287],[121.4588,24.4233],[121.4584,24.4225],[121.4581,24.42],[121.4582,24.4145],[121.4577,24.4138],[121.4553,24.4126],[121.4536,24.4121],[121.4493,24.4094],[121.4472,24.4089],[121.4461,24.4066],[121.4433,24.4041],[121.4423,24.4024],[121.4419,24.4003],[121.4433,24.3986],[121.4435,24.3975],[121.4429,24.3958],[121.4409,24.3937],[121.4388,24.3921],[121.4384,24.3885],[121.4385,24.3856],[121.4369,24.3829],[121.434,24.3832],[121.4294,24.3831],[121.4257,24.3815],[121.4233,24.3814],[121.4215,24.3807],[121.4196,24.3792],[121.4186,24.3791],[121.4165,24.3798],[121.4143,24.3794],[121.4128,24.3798],[121.4108,24.3788],[121.4085,24.3781],[121.4079,24.3776],[121.4065,24.378],[121.4041,24.3778],[121.4019,24.3796],[121.4006,24.3796],[121.3981,24.3778],[121.3958,24.378],[121.3946,24.3771],[121.3932,24.3753],[121.3904,24.3753],[121.3892,24.3741],[121.3879,24.37],[121.3834,24.3677],[121.3811,24.3668],[121.3774,24.3684],[121.3736,24.3682],[121.3714,24.3705],[121.3693,24.3725],[121.3693,24.3743],[121.3675,24.3779],[121.3671,24.3792],[121.3682,24.3812],[121.3696,24.3819],[121.3697,24.3827],[121.3688,24.3849],[121.3672,24.386],[121.3649,24.3891],[121.3621,24.3895],[121.3613,24.3901],[121.3594,24.3904],[121.3553,24.3932],[121.3537,24.3931],[121.3526,24.3923],[121.3502,24.3928],[121.3441,24.393],[121.3424,24.3927],[121.3399,24.391],[121.3395,24.3898],[121.3385,24.39],[121.337,24.3924],[121.336,24.3928],[121.3336,24.395],[121.3327,24.3963],[121.3323,24.3979],[121.3308,24.3985],[121.328,24.3983],[121.3265,24.3999],[121.326,24.401],[121.326,24.4036],[121.3255,24.4045],[121.325,24.4069],[121.3264,24.4092],[121.3274,24.413],[121.3272,24.4156],[121.3276,24.4166],[121.3278,24.4185],[121.3274,24.4216],[121.3282,24.4236],[121.3282,24.4254],[121.3287,24.4273],[121.3276,24.4304],[121.3283,24.4316],[121.3281,24.4339],[121.3256,24.4359],[121.3228,24.4394],[121.3206,24.4411],[121.3177,24.4415],[121.3187,24.4441],[121.3196,24.445],[121.3202,24.448],[121.322,24.4516],[121.3238,24.4567],[121.3261,24.46],[121.3284,24.462],[121.3296,24.4626],[121.3298,24.4643],[121.331,24.4653],[121.3325,24.4655],[121.336,24.4673],[121.3359,24.4703],[121.3356,24.4717],[121.3359,24.4724],[121.3383,24.4742],[121.3401,24.4748],[121.3416,24.478],[121.3417,24.4796],[121.3424,24.4817],[121.3442,24.4827],[121.3457,24.4843],[121.3471,24.4848],[121.35,24.4843],[121.3528,24.4855],[121.3564,24.4861],[121.3577,24.4866],[121.359,24.4882],[121.3617,24.4905],[121.3627,24.4921],[121.3628,24.4934],[121.3638,24.4949],[121.365,24.4958],[121.3673,24.4965],[121.3706,24.4979],[121.3717,24.4993],[121.3725,24.5022],[121.3728,24.5068],[121.3734,24.5099],[121.376,24.51],[121.3793,24.5095],[121.3804,24.5099],[121.382,24.5097],[121.3837,24.5103],[121.3853,24.5134],[121.3855,24.5146],[121.3851,24.5168],[121.3878,24.5172],[121.3885,24.5178],[121.3896,24.5199],[121.3905,24.5229],[121.3918,24.5241],[121.3941,24.5247],[121.3978,24.5249],[121.3996,24.5265],[121.4016,24.5293],[121.4015,24.5302],[121.3992,24.5321],[121.3983,24.5341],[121.3983,24.5367],[121.3972,24.5383],[121.3968,24.5398],[121.397,24.5417],[121.3982,24.5452],[121.3987,24.5482],[121.3983,24.5494],[121.3956,24.5528],[121.3947,24.5556],[121.3965,24.5577],[121.3976,24.5597],[121.3993,24.5611],[121.4011,24.5619],[121.4015,24.5627],[121.4012,24.564],[121.4017,24.5655],[121.4034,24.5676],[121.4039,24.569],[121.4057,24.5698],[121.4073,24.5699],[121.4091,24.5716],[121.4121,24.5731],[121.4121,24.5745],[121.4105,24.5789],[121.4092,24.5812],[121.4045,24.5877],[121.403,24.5911],[121.403,24.5917],[121.4037,24.593],[121.4068,24.5965],[121.4067,24.5971],[121.4082,24.5981],[121.4085,24.599],[121.4118,24.6005],[121.4126,24.6015],[121.4126,24.6034],[121.4133,24.6034],[121.4153,24.6019],[121.4163,24.6022],[121.4179,24.601],[121.4201,24.6013],[121.4246,24.6031],[121.4261,24.605],[121.4278,24.6061],[121.4306,24.6145],[121.4322,24.6153],[121.4329,24.6163],[121.4329,24.6175],[121.4336,24.6189],[121.4345,24.6192],[121.4357,24.6216],[121.4348,24.6245],[121.4357,24.6267],[121.4377,24.6302],[121.4393,24.6326],[121.4405,24.6351],[121.4437,24.6363],[121.445,24.6373],[121.4456,24.6399],[121.4448,24.6411],[121.445,24.643],[121.446,24.6443],[121.4484,24.6457],[121.4492,24.6466],[121.45,24.6487],[121.4514,24.651],[121.4513,24.6517],[121.4493,24.6527],[121.4479,24.6551],[121.4475,24.6571],[121.4477,24.6584],[121.4496,24.6622],[121.4539,24.6644],[121.455,24.6679],[121.4573,24.6709],[121.4595,24.6731],[121.4611,24.6727],[121.467,24.6724],[121.4697,24.6719],[121.4724,24.6731],[121.4737,24.6731],[121.4764,24.6738],[121.48,24.6738],[121.4818,24.6743],[121.483,24.6738],[121.485,24.6739],[121.4869,24.6752],[121.4885,24.6751],[121.4893,24.6742],[121.4927,24.6732],[121.4939,24.6735],[121.4968,24.6755],[121.4971,24.6763],[121.4992,24.678],[121.5029,24.6794],[121.5044,24.6794],[121.5055,24.6799],[121.5075,24.6825],[121.5101,24.6832],[121.5122,24.6845],[121.5137,24.6843],[121.5148,24.6832],[121.5238,24.6833],[121.5249,24.6845],[121.527,24.6854],[121.5271,24.6885],[121.5282,24.6889],[121.5291,24.6876],[121.5319,24.6877],[121.5333,24.6884],[121.5362,24.6882],[121.5368,24.6885],[121.5376,24.6901],[121.5377,24.6923],[121.5375,24.6938],[121.5388,24.6946],[121.5385,24.6964],[121.5386,24.6982],[121.5378,24.6997],[121.5385,24.7006],[121.5408,24.7023],[121.5429,24.7047],[121.5434,24.7058],[121.5475,24.7063],[121.5503,24.7057],[121.5512,24.706],[121.5544,24.7084],[121.5564,24.7112],[121.5582,24.7109],[121.5618,24.7126],[121.5632,24.7128],[121.5655,24.7117],[121.5675,24.7115],[121.5695,24.7127],[121.5705,24.714],[121.5724,24.7104],[121.5748,24.7101],[121.5756,24.7111],[121.5773,24.7149],[121.5773,24.7174],[121.5777,24.7189],[121.5778,24.7218],[121.5786,24.7224],[121.5796,24.7223],[121.5835,24.7206],[121.5857,24.7201],[121.587,24.7201]]]}},{"type":"Feature","properties":{"c":"基隆市","t":"暖暖區"},"geometry":{"type":"Polygon","coordinates":[[[121.75,25.1097],[121.7509,25.1078],[121.7527,25.1068],[121.7539,25.1087],[121.7561,25.1084],[121.7574,25.1066],[121.7575,25.1041],[121.758,25.1034],[121.7567,25.1028],[121.7568,25.1019],[121.7599,25.1005],[121.7594,25.0993],[121.7594,25.0963],[121.7584,25.0948],[121.759,25.0919],[121.7598,25.0902],[121.7592,25.0887],[121.7596,25.0868],[121.7591,25.0845],[121.76,25.081],[121.7617,25.0784],[121.7671,25.0788],[121.7694,25.0779],[121.7713,25.0761],[121.7722,25.0741],[121.7736,25.0731],[121.7757,25.0701],[121.7731,25.0669],[121.7722,25.0638],[121.7717,25.0632],[121.77,25.0635],[121.7673,25.0618],[121.7659,25.06],[121.7648,25.0596],[121.764,25.0574],[121.7623,25.057],[121.7618,25.0578],[121.7605,25.058],[121.7593,25.0595],[121.758,25.059],[121.7567,25.0593],[121.7556,25.0583],[121.7521,25.0576],[121.7508,25.057],[121.7491,25.0554],[121.7482,25.055],[121.7476,25.0537],[121.7459,25.053],[121.7398,25.0531],[121.7378,25.0546],[121.7348,25.0542],[121.7321,25.0527],[121.7301,25.0534],[121.7282,25.0549],[121.7287,25.0586],[121.7293,25.0607],[121.7278,25.0623],[121.7284,25.0655],[121.7278,25.0674],[121.726,25.0701],[121.7253,25.0719],[121.7251,25.0745],[121.7236,25.0769],[121.7239,25.0804],[121.7248,25.082],[121.7266,25.0828],[121.7255,25.0855],[121.7259,25.0872],[121.7257,25.0894],[121.7272,25.0904],[121.7278,25.0903],[121.7291,25.0914],[121.7292,25.0927],[121.728,25.0939],[121.7269,25.0958],[121.7239,25.0961],[121.7226,25.0975],[121.7212,25.0983],[121.7208,25.0985],[121.7196,25.099],[121.7195,25.1002],[121.7195,25.1003],[121.7208,25.1006],[121.7232,25.1018],[121.7243,25.1028],[121.7256,25.1069],[121.727,25.1096],[121.7283,25.1107],[121.7295,25.111],[121.7305,25.1131],[121.732,25.1135],[121.7344,25.1134],[121.7353,25.1131],[121.7375,25.1134],[121.7377,25.1134],[121.7381,25.112],[121.7389,25.1115],[121.7388,25.1085],[121.7388,25.1082],[121.7392,25.1069],[121.7391,25.1068],[121.7403,25.1062],[121.7418,25.1066],[121.7418,25.1067],[121.7434,25.1067],[121.7436,25.1067],[121.7457,25.106],[121.7463,25.1067],[121.7465,25.1068],[121.7479,25.1089],[121.75,25.1097]]]}},{"type":"Feature","properties":{"c":"台北市","t":"大安區"},"geometry":{"type":"Polygon","coordinates":[[[121.5441,25.0449],[121.5449,25.0451],[121.5472,25.0452],[121.5479,25.0451],[121.5502,25.0448],[121.5511,25.0447],[121.5524,25.0446],[121.553,25.0445],[121.5534,25.0445],[121.5542,25.0444],[121.5556,25.0447],[121.5574,25.0451],[121.5577,25.0452],[121.5577,25.045],[121.5577,25.0442],[121.5577,25.0437],[121.5576,25.0426],[121.5576,25.0406],[121.5576,25.0394],[121.5576,25.0375],[121.5575,25.0368],[121.5575,25.036],[121.5575,25.0351],[121.5575,25.0342],[121.5575,25.0337],[121.5574,25.0331],[121.5574,25.0313],[121.5574,25.0303],[121.5574,25.0294],[121.5574,25.0294],[121.5573,25.0292],[121.557,25.0287],[121.5566,25.0281],[121.5564,25.0278],[121.5559,25.0274],[121.5557,25.0272],[121.5548,25.0263],[121.5537,25.0254],[121.5529,25.0247],[121.5526,25.0244],[121.5539,25.0232],[121.5543,25.0228],[121.5564,25.0209],[121.5567,25.0205],[121.5578,25.0195],[121.5582,25.0191],[121.5587,25.0187],[121.559,25.0184],[121.5593,25.0181],[121.5599,25.0175],[121.5605,25.0163],[121.5615,25.0153],[121.5621,25.0147],[121.5622,25.0145],[121.5629,25.0136],[121.5635,25.0128],[121.5635,25.0121],[121.5635,25.0118],[121.5635,25.0116],[121.5636,25.0113],[121.565,25.0102],[121.5658,25.0085],[121.5659,25.0081],[121.5643,25.0078],[121.5631,25.008],[121.5611,25.0101],[121.5604,25.0103],[121.5582,25.0122],[121.5553,25.0116],[121.5535,25.0092],[121.5524,25.0089],[121.5512,25.0098],[121.5493,25.0098],[121.5467,25.0085],[121.5441,25.008],[121.5436,25.0086],[121.541,25.0081],[121.5391,25.0086],[121.538,25.0084],[121.537,25.0113],[121.5369,25.0116],[121.5366,25.0122],[121.5361,25.013],[121.5355,25.0136],[121.5346,25.0145],[121.5335,25.0156],[121.5331,25.0159],[121.5323,25.0168],[121.5302,25.0187],[121.5298,25.019],[121.5292,25.0196],[121.5292,25.0197],[121.5285,25.0204],[121.5279,25.0209],[121.5273,25.0215],[121.5266,25.022],[121.5256,25.0229],[121.5232,25.026],[121.5225,25.0271],[121.5217,25.028],[121.5221,25.0299],[121.5224,25.0316],[121.5226,25.0325],[121.5228,25.0328],[121.5243,25.0354],[121.5243,25.0354],[121.5245,25.0354],[121.5249,25.0352],[121.5272,25.0342],[121.5274,25.0341],[121.5297,25.0338],[121.5327,25.0337],[121.5328,25.0413],[121.5329,25.0441],[121.5332,25.0454],[121.5347,25.045],[121.5352,25.0449],[121.5366,25.0448],[121.5381,25.0447],[121.5405,25.0446],[121.541,25.0446],[121.5421,25.0447],[121.543,25.0448],[121.5438,25.0449],[121.5441,25.0449]]]}},{"type":"Feature","properties":{"c":"台北市","t":"文山區"},"geometry":{"type":"Polygon","coordinates":[[[121.537,25.0113],[121.538,25.0084],[121.5391,25.0086],[121.541,25.0081],[121.5436,25.0086],[121.5441,25.008],[121.5467,25.0085],[121.5493,25.0098],[121.5512,25.0098],[121.5524,25.0089],[121.5535,25.0092],[121.5553,25.0116],[121.5582,25.0122],[121.5604,25.0103],[121.5611,25.0101],[121.5631,25.008],[121.5643,25.0078],[121.5659,25.0081],[121.5667,25.0083],[121.5672,25.0085],[121.5676,25.0088],[121.5677,25.0089],[121.5683,25.0091],[121.5685,25.0093],[121.569,25.0095],[121.5696,25.0102],[121.5699,25.0106],[121.5701,25.0107],[121.571,25.0111],[121.5713,25.0113],[121.5716,25.0116],[121.5719,25.0119],[121.572,25.0123],[121.572,25.0126],[121.572,25.0128],[121.5723,25.0135],[121.5728,25.0134],[121.5731,25.0133],[121.5732,25.0132],[121.5746,25.0132],[121.5754,25.0134],[121.5758,25.0138],[121.5761,25.0142],[121.5763,25.0142],[121.5769,25.0141],[121.5773,25.0139],[121.5777,25.0139],[121.5781,25.0139],[121.5786,25.0135],[121.5788,25.0133],[121.5792,25.013],[121.58,25.0125],[121.5802,25.0123],[121.5804,25.0122],[121.5804,25.0122],[121.5808,25.0123],[121.5809,25.0124],[121.5811,25.0125],[121.5818,25.0125],[121.5821,25.0125],[121.583,25.0127],[121.584,25.0131],[121.5851,25.0131],[121.5856,25.0133],[121.5866,25.0134],[121.5878,25.0134],[121.5879,25.0134],[121.5887,25.0137],[121.5889,25.0137],[121.5896,25.0138],[121.5899,25.0139],[121.5901,25.0139],[121.5906,25.0142],[121.5913,25.0143],[121.5914,25.0145],[121.5916,25.0147],[121.5923,25.0148],[121.5928,25.0145],[121.5932,25.0145],[121.5942,25.0152],[121.5948,25.0154],[121.5953,25.0155],[121.5954,25.0155],[121.5956,25.0154],[121.5959,25.0151],[121.5962,25.0149],[121.5963,25.0149],[121.5972,25.0144],[121.5975,25.013],[121.5965,25.0119],[121.5956,25.0072],[121.5959,25.0045],[121.5979,25.0042],[121.5997,25.0025],[121.6005,25.0007],[121.6005,24.9985],[121.5997,24.9976],[121.5996,24.9964],[121.5988,24.9959],[121.5982,24.9945],[121.5993,24.9931],[121.5991,24.9917],[121.6019,24.9905],[121.6019,24.988],[121.5998,24.9865],[121.6006,24.9803],[121.5994,24.9787],[121.6002,24.9769],[121.6045,24.9751],[121.6051,24.9744],[121.6082,24.9745],[121.6101,24.9742],[121.6112,24.9746],[121.6134,24.9734],[121.6141,24.9736],[121.6162,24.9717],[121.6178,24.9709],[121.6192,24.9706],[121.62,24.9693],[121.6197,24.9672],[121.6178,24.9669],[121.6169,24.9675],[121.6149,24.9662],[121.6136,24.9664],[121.6121,24.9654],[121.6105,24.965],[121.6092,24.964],[121.6085,24.9632],[121.6053,24.963],[121.6034,24.9623],[121.6022,24.9612],[121.6011,24.9609],[121.5984,24.9612],[121.5971,24.9605],[121.5948,24.9616],[121.5934,24.9642],[121.592,24.9639],[121.5912,24.9646],[121.5887,24.9634],[121.588,24.9637],[121.5857,24.9632],[121.5844,24.9646],[121.5822,24.9648],[121.5805,24.9654],[121.5786,24.9666],[121.5774,24.9665],[121.5746,24.9668],[121.5743,24.9653],[121.573,24.9641],[121.5704,24.9644],[121.5684,24.9641],[121.5651,24.9641],[121.5644,24.9646],[121.5612,24.9647],[121.5595,24.9668],[121.5585,24.9685],[121.5575,24.9723],[121.5561,24.9734],[121.5552,24.9765],[121.5541,24.9769],[121.5532,24.979],[121.5531,24.9807],[121.5539,24.9844],[121.5538,24.9852],[121.5526,24.9867],[121.5508,24.9872],[121.5508,24.9853],[121.549,24.9838],[121.5471,24.9833],[121.5448,24.9838],[121.5441,24.985],[121.5448,24.987],[121.5439,24.9883],[121.54,24.9877],[121.5382,24.988],[121.5368,24.9887],[121.5366,24.9897],[121.5371,24.9915],[121.5363,24.9941],[121.535,24.9951],[121.5344,24.9933],[121.5317,24.9905],[121.5314,24.9925],[121.5317,24.9932],[121.5314,24.9954],[121.5306,24.9977],[121.5316,25.0012],[121.5334,25.0025],[121.5339,25.0036],[121.5326,25.0058],[121.5318,25.0087],[121.5319,25.0087],[121.5322,25.0089],[121.5325,25.009],[121.5335,25.0096],[121.5339,25.0098],[121.5342,25.01],[121.5349,25.0105],[121.5356,25.0109],[121.5359,25.011],[121.5363,25.0111],[121.5366,25.0112],[121.537,25.0113]]]}},{"type":"Feature","properties":{"c":"宜蘭縣","t":"頭城鎮"},"geometry":{"type":"MultiPolygon","coordinates":[[[[121.9597,24.8449],[121.9606,24.8437],[121.9603,24.843],[121.9628,24.8411],[121.9649,24.8405],[121.9651,24.839],[121.9645,24.8378],[121.9629,24.8359],[121.9615,24.8353],[121.957,24.8368],[121.9544,24.8362],[121.9527,24.8364],[121.951,24.8358],[121.949,24.8359],[121.948,24.8353],[121.9457,24.8355],[121.9436,24.8363],[121.9402,24.8386],[121.9395,24.8405],[121.9383,24.8424],[121.936,24.8437],[121.9343,24.8456],[121.9344,24.8467],[121.936,24.847],[121.9399,24.845],[121.9417,24.8443],[121.9433,24.8446],[121.9462,24.8495],[121.9475,24.8513],[121.9495,24.8518],[121.9531,24.8514],[121.9562,24.8507],[121.9581,24.8495],[121.9598,24.847],[121.9597,24.8449]]],[[[121.8203,24.8072],[121.8187,24.8077],[121.8166,24.8077],[121.8171,24.8086],[121.8158,24.8103],[121.8164,24.8119],[121.8164,24.8132],[121.8145,24.817],[121.8143,24.819],[121.8159,24.822],[121.8172,24.8242],[121.8197,24.8269],[121.8204,24.8287],[121.8185,24.8319],[121.8173,24.8307],[121.814,24.8306],[121.8132,24.8302],[121.8124,24.8277],[121.8119,24.8273],[121.8082,24.8257],[121.8059,24.8264],[121.8014,24.826],[121.7969,24.828],[121.7958,24.8308],[121.7948,24.8309],[121.7924,24.8324],[121.7908,24.8328],[121.7899,24.8349],[121.7905,24.8354],[121.7894,24.8368],[121.7845,24.8418],[121.7827,24.8423],[121.7822,24.8433],[121.7787,24.8449],[121.7765,24.849],[121.7746,24.8509],[121.7751,24.8539],[121.7764,24.8551],[121.7768,24.8561],[121.7727,24.8565],[121.7722,24.8558],[121.7694,24.8557],[121.7676,24.8547],[121.7672,24.8537],[121.7656,24.8527],[121.7653,24.8519],[121.7629,24.8525],[121.7617,24.8515],[121.7608,24.8516],[121.7585,24.8506],[121.7548,24.8519],[121.7529,24.8513],[121.7508,24.8524],[121.7488,24.853],[121.7474,24.8537],[121.7478,24.8549],[121.7488,24.8551],[121.7506,24.8545],[121.7512,24.8549],[121.7537,24.8552],[121.7535,24.856],[121.7574,24.8567],[121.761,24.8567],[121.761,24.8577],[121.762,24.8583],[121.7615,24.8599],[121.7627,24.8612],[121.7635,24.8599],[121.7643,24.8599],[121.7654,24.861],[121.7661,24.8625],[121.7679,24.8638],[121.7674,24.8649],[121.7691,24.8659],[121.7712,24.8649],[121.7755,24.8651],[121.7752,24.8666],[121.7773,24.8697],[121.7774,24.8708],[121.7791,24.8714],[121.782,24.8731],[121.7832,24.8742],[121.7845,24.8737],[121.7852,24.8741],[121.7842,24.8776],[121.7822,24.8792],[121.7824,24.8804],[121.7819,24.8824],[121.7822,24.8832],[121.7819,24.8846],[121.7822,24.8874],[121.7816,24.8894],[121.783,24.8904],[121.7842,24.8903],[121.7858,24.8908],[121.7856,24.8923],[121.7869,24.8929],[121.7882,24.8928],[121.79,24.8935],[121.7906,24.8946],[121.793,24.8963],[121.7931,24.897],[121.7921,24.8976],[121.7918,24.8995],[121.7934,24.8997],[121.7953,24.8998],[121.797,24.9016],[121.799,24.9009],[121.8,24.9012],[121.8022,24.901],[121.8031,24.9017],[121.8045,24.9012],[121.8061,24.9025],[121.8085,24.9029],[121.8105,24.9037],[121.8104,24.9052],[121.8117,24.9065],[121.8134,24.9055],[121.8154,24.9047],[121.8164,24.9037],[121.8183,24.9027],[121.8199,24.9029],[121.8224,24.9046],[121.826,24.9052],[121.827,24.9046],[121.8279,24.9053],[121.8318,24.9049],[121.8334,24.9067],[121.8344,24.9068],[121.8366,24.9085],[121.838,24.9101],[121.8395,24.9126],[121.8433,24.9154],[121.8448,24.9172],[121.8456,24.9194],[121.8502,24.9225],[121.8508,24.9234],[121.8521,24.9237],[121.854,24.9259],[121.8538,24.9279],[121.8492,24.9303],[121.8494,24.9311],[121.8478,24.934],[121.8479,24.9353],[121.8466,24.9379],[121.8458,24.9383],[121.8424,24.9394],[121.8415,24.941],[121.8398,24.9422],[121.839,24.9446],[121.8392,24.9464],[121.8407,24.9479],[121.8418,24.9514],[121.8413,24.9526],[121.8414,24.9542],[121.843,24.9552],[121.8435,24.9569],[121.8451,24.9577],[121.8455,24.9592],[121.8472,24.9604],[121.8488,24.96],[121.8504,24.9612],[121.8525,24.9596],[121.854,24.96],[121.8543,24.9615],[121.8588,24.9634],[121.8612,24.9636],[121.8636,24.9621],[121.8651,24.9623],[121.8692,24.9615],[121.8715,24.9607],[121.8723,24.9613],[121.8747,24.9617],[121.8762,24.9616],[121.878,24.9627],[121.8792,24.9627],[121.8823,24.9641],[121.8847,24.9644],[121.8876,24.9637],[121.8885,24.9632],[121.8894,24.9647],[121.8918,24.9651],[121.8961,24.9671],[121.8972,24.9671],[121.8994,24.9694],[121.8994,24.9703],[121.9003,24.9718],[121.9028,24.9744],[121.904,24.9747],[121.9054,24.9734],[121.9068,24.9756],[121.9082,24.9759],[121.9101,24.9748],[121.9105,24.9749],[121.9108,24.9768],[121.9125,24.9783],[121.914,24.9786],[121.9148,24.9793],[121.9162,24.9795],[121.9173,24.9788],[121.919,24.9786],[121.9209,24.9797],[121.9223,24.9786],[121.9243,24.9794],[121.9265,24.9797],[121.9268,24.9802],[121.9285,24.9797],[121.929,24.9804],[121.9306,24.981],[121.9335,24.9809],[121.9344,24.9832],[121.9358,24.9834],[121.9375,24.9831],[121.9386,24.9848],[121.9406,24.9845],[121.941,24.9856],[121.943,24.9864],[121.9439,24.988],[121.9458,24.9878],[121.9463,24.987],[121.9479,24.9867],[121.9504,24.9883],[121.9532,24.988],[121.9555,24.9883],[121.9581,24.9873],[121.9598,24.9884],[121.9628,24.9878],[121.9641,24.9856],[121.966,24.9831],[121.9643,24.9822],[121.9622,24.9818],[121.96,24.9826],[121.9583,24.9826],[121.9545,24.98],[121.9516,24.9796],[121.9515,24.9792],[121.9487,24.9789],[121.9443,24.9768],[121.9437,24.975],[121.9422,24.9751],[121.9416,24.9737],[121.941,24.9739],[121.9386,24.9732],[121.9383,24.9736],[121.9364,24.9733],[121.9362,24.9739],[121.9315,24.9718],[121.9281,24.9694],[121.9256,24.9686],[121.9242,24.9658],[121.9224,24.9632],[121.9218,24.9609],[121.92,24.9585],[121.9205,24.9558],[121.9192,24.9548],[121.919,24.9541],[121.9163,24.9519],[121.9147,24.952],[121.9127,24.9506],[121.9114,24.9507],[121.9084,24.9487],[121.9079,24.9477],[121.9053,24.9466],[121.9046,24.9453],[121.9041,24.9436],[121.9047,24.9398],[121.9034,24.9406],[121.9011,24.94],[121.8991,24.94],[121.8983,24.9408],[121.8949,24.9407],[121.8937,24.9401],[121.8933,24.9392],[121.8894,24.9372],[121.8879,24.9351],[121.8874,24.9315],[121.8869,24.9291],[121.8876,24.9277],[121.8869,24.925],[121.8854,24.9232],[121.8854,24.9189],[121.8849,24.9178],[121.8833,24.9164],[121.8824,24.9149],[121.8793,24.9131],[121.8781,24.9117],[121.8779,24.9106],[121.8764,24.9099],[121.8747,24.9081],[121.8748,24.9073],[121.8725,24.9062],[121.872,24.905],[121.8691,24.9035],[121.8674,24.903],[121.8659,24.902],[121.864,24.8984],[121.8621,24.8966],[121.8605,24.8945],[121.8583,24.8934],[121.854,24.8917],[121.8513,24.8901],[121.8508,24.8865],[121.8483,24.8845],[121.8458,24.8806],[121.8427,24.8762],[121.8396,24.8691],[121.8389,24.8682],[121.8306,24.8504],[121.8292,24.8468],[121.8279,24.8422],[121.8271,24.8424],[121.8274,24.8397],[121.8262,24.8361],[121.8243,24.8289],[121.8227,24.8206],[121.8221,24.8181],[121.8203,24.8072]]]]}},{"type":"Feature","properties":{"c":"宜蘭縣","t":"南澳鄉"},"geometry":{"type":"Polygon","coordinates":[[[121.7958,24.6013],[121.7984,24.5995],[121.8,24.5957],[121.8038,24.5937],[121.8066,24.5931],[121.8072,24.5923],[121.8074,24.5895],[121.8078,24.5889],[121.8096,24.5883],[121.8109,24.5871],[121.8119,24.5851],[121.8125,24.5829],[121.8149,24.5803],[121.815,24.5788],[121.8132,24.5766],[121.8128,24.5746],[121.8144,24.5729],[121.8146,24.5697],[121.814,24.5676],[121.8145,24.5633],[121.8154,24.5618],[121.8147,24.5611],[121.8147,24.5589],[121.8155,24.5586],[121.8161,24.5568],[121.8184,24.5536],[121.8208,24.5527],[121.8229,24.5515],[121.8247,24.5512],[121.8264,24.5524],[121.8286,24.5522],[121.8315,24.5526],[121.8346,24.5511],[121.8363,24.5484],[121.837,24.548],[121.8395,24.5434],[121.84,24.5431],[121.8434,24.5427],[121.844,24.5424],[121.8444,24.5406],[121.8453,24.5394],[121.8475,24.5385],[121.8484,24.5379],[121.8498,24.5377],[121.849,24.537],[121.8481,24.5338],[121.8465,24.5313],[121.8437,24.5306],[121.8407,24.5303],[121.8379,24.5278],[121.8374,24.526],[121.8355,24.5227],[121.8336,24.5208],[121.8298,24.5163],[121.8291,24.5146],[121.829,24.5105],[121.8293,24.5075],[121.8286,24.5067],[121.8272,24.5031],[121.8257,24.5006],[121.8254,24.4993],[121.8259,24.497],[121.825,24.496],[121.823,24.4927],[121.8193,24.4918],[121.8198,24.4895],[121.8196,24.4872],[121.8201,24.4852],[121.8201,24.4802],[121.8196,24.4791],[121.8185,24.4786],[121.8172,24.4773],[121.8169,24.4757],[121.8157,24.475],[121.8148,24.4737],[121.8141,24.4718],[121.8119,24.4706],[121.8108,24.4693],[121.8091,24.4703],[121.8076,24.4696],[121.8071,24.4679],[121.8037,24.4656],[121.7983,24.4638],[121.7908,24.4618],[121.7892,24.4609],[121.7877,24.4591],[121.7844,24.4592],[121.7826,24.4588],[121.7809,24.4577],[121.7792,24.4552],[121.7805,24.4533],[121.7818,24.4522],[121.7828,24.4499],[121.7839,24.4482],[121.7854,24.4467],[121.7857,24.4452],[121.787,24.4423],[121.7878,24.4412],[121.7906,24.4398],[121.7915,24.437],[121.7937,24.4354],[121.7951,24.433],[121.8005,24.4314],[121.7987,24.428],[121.7965,24.4225],[121.7939,24.4163],[121.7918,24.4104],[121.7911,24.4083],[121.7903,24.4028],[121.789,24.3975],[121.7885,24.3924],[121.7885,24.388],[121.788,24.3847],[121.7879,24.3815],[121.7874,24.3756],[121.787,24.3725],[121.785,24.3694],[121.7837,24.3665],[121.7823,24.3616],[121.7793,24.3573],[121.7781,24.3544],[121.778,24.3523],[121.7773,24.3512],[121.7736,24.3437],[121.7728,24.3403],[121.7716,24.3376],[121.7709,24.3326],[121.7714,24.329],[121.7729,24.3249],[121.7739,24.3196],[121.7741,24.3153],[121.7727,24.3136],[121.7701,24.3131],[121.7678,24.3134],[121.7658,24.3134],[121.7617,24.314],[121.7591,24.3142],[121.7573,24.3154],[121.7552,24.3163],[121.7537,24.3176],[121.7513,24.3188],[121.7481,24.3211],[121.7447,24.3229],[121.74,24.3236],[121.7352,24.3231],[121.7278,24.326],[121.7235,24.3255],[121.7143,24.3267],[121.7065,24.3291],[121.7027,24.3309],[121.6996,24.3326],[121.6973,24.3343],[121.695,24.3349],[121.6936,24.3349],[121.6895,24.3336],[121.6881,24.3338],[121.6873,24.3349],[121.6873,24.3367],[121.6868,24.3391],[121.6857,24.3407],[121.684,24.3408],[121.6783,24.3381],[121.6759,24.3375],[121.6744,24.3382],[121.6735,24.3398],[121.6741,24.3423],[121.674,24.3434],[121.6729,24.3438],[121.6701,24.3428],[121.6693,24.343],[121.6678,24.3448],[121.6676,24.3459],[121.6665,24.3475],[121.6648,24.3482],[121.6639,24.3492],[121.6632,24.3528],[121.6613,24.3529],[121.6614,24.352],[121.6602,24.3512],[121.6586,24.3513],[121.6574,24.3529],[121.6559,24.3532],[121.6539,24.3522],[121.6534,24.3532],[121.6538,24.3554],[121.6533,24.3567],[121.6519,24.3578],[121.6507,24.3598],[121.6494,24.3597],[121.6482,24.3584],[121.648,24.3567],[121.65,24.3549],[121.6507,24.3509],[121.6505,24.3498],[121.6489,24.3494],[121.6466,24.3519],[121.6451,24.3524],[121.6438,24.3535],[121.6423,24.3561],[121.6406,24.357],[121.64,24.3583],[121.6403,24.3596],[121.6387,24.3609],[121.6383,24.3623],[121.6373,24.3632],[121.635,24.3637],[121.6351,24.3661],[121.6348,24.3665],[121.6323,24.3659],[121.6309,24.3661],[121.6306,24.3676],[121.6317,24.3692],[121.631,24.3706],[121.6279,24.3694],[121.6267,24.3694],[121.625,24.3686],[121.6233,24.3672],[121.6217,24.3667],[121.6216,24.3655],[121.6206,24.3643],[121.6207,24.3626],[121.6234,24.3625],[121.6234,24.3616],[121.6215,24.3599],[121.6212,24.3581],[121.6223,24.3567],[121.624,24.3557],[121.6263,24.3548],[121.6269,24.3541],[121.6272,24.351],[121.6268,24.3498],[121.6293,24.3495],[121.6301,24.3485],[121.6309,24.3483],[121.6322,24.3492],[121.6332,24.3492],[121.6351,24.3484],[121.6359,24.3461],[121.6353,24.3448],[121.634,24.3444],[121.6315,24.3443],[121.6317,24.342],[121.6323,24.3417],[121.633,24.3399],[121.6327,24.3383],[121.633,24.335],[121.632,24.3343],[121.6293,24.3335],[121.6267,24.3356],[121.6267,24.3363],[121.628,24.3386],[121.6275,24.3411],[121.6251,24.3399],[121.6229,24.3394],[121.6215,24.342],[121.6203,24.3453],[121.6188,24.3454],[121.618,24.3447],[121.6166,24.3407],[121.6161,24.3381],[121.6165,24.3369],[121.6183,24.3363],[121.6184,24.3344],[121.6173,24.3336],[121.6157,24.3332],[121.6146,24.3338],[121.6132,24.3356],[121.6113,24.336],[121.6093,24.3353],[121.6076,24.3352],[121.6065,24.3327],[121.6065,24.3301],[121.6054,24.3293],[121.6039,24.329],[121.6031,24.3293],[121.6005,24.3311],[121.5995,24.3334],[121.5985,24.3337],[121.5968,24.3333],[121.5957,24.3315],[121.5959,24.3294],[121.5966,24.3281],[121.5986,24.3265],[121.5989,24.3253],[121.601,24.3237],[121.6014,24.323],[121.6011,24.3206],[121.6022,24.3196],[121.6046,24.3183],[121.6054,24.3166],[121.6051,24.3154],[121.6066,24.3137],[121.607,24.3126],[121.6065,24.3104],[121.6057,24.3095],[121.6051,24.3106],[121.6031,24.3132],[121.6012,24.3147],[121.5972,24.3163],[121.5937,24.3164],[121.5926,24.3156],[121.5892,24.314],[121.5875,24.3161],[121.5843,24.3167],[121.5824,24.3178],[121.5786,24.3181],[121.5776,24.319],[121.5758,24.3197],[121.5736,24.3194],[121.5718,24.3182],[121.5696,24.3179],[121.5674,24.3192],[121.5663,24.3192],[121.5633,24.3222],[121.5601,24.3226],[121.5588,24.3241],[121.5577,24.326],[121.5572,24.3287],[121.5561,24.3312],[121.5537,24.3322],[121.5507,24.3342],[121.5486,24.3362],[121.5447,24.3378],[121.5425,24.3371],[121.5405,24.3359],[121.5385,24.3361],[121.5354,24.3374],[121.5333,24.3371],[121.5309,24.3386],[121.5278,24.3391],[121.5256,24.342],[121.5245,24.3426],[121.5222,24.343],[121.5204,24.3426],[121.5185,24.3412],[121.5174,24.341],[121.5155,24.3418],[121.5137,24.3408],[121.5101,24.3411],[121.5087,24.342],[121.5081,24.3431],[121.5044,24.3429],[121.5014,24.3411],[121.4996,24.3394],[121.4981,24.3392],[121.4941,24.3409],[121.4922,24.3421],[121.4908,24.3441],[121.4875,24.3461],[121.4855,24.3484],[121.4825,24.3487],[121.4809,24.3493],[121.4808,24.35],[121.4789,24.3519],[121.4752,24.3513],[121.4732,24.3526],[121.4707,24.3534],[121.469,24.3542],[121.465,24.3556],[121.4634,24.357],[121.4613,24.3579],[121.4588,24.36],[121.4543,24.3636],[121.452,24.3647],[121.4506,24.368],[121.4493,24.3703],[121.4483,24.3726],[121.448,24.3748],[121.4461,24.3741],[121.4444,24.3741],[121.4429,24.3732],[121.4417,24.3754],[121.4408,24.3778],[121.4384,24.3819],[121.4383,24.3826],[121.4369,24.3829],[121.4385,24.3856],[121.4384,24.3885],[121.4388,24.3921],[121.4409,24.3937],[121.4429,24.3958],[121.4435,24.3975],[121.4433,24.3986],[121.4419,24.4003],[121.4423,24.4024],[121.4433,24.4041],[121.4461,24.4066],[121.4472,24.4089],[121.4493,24.4094],[121.4536,24.4121],[121.4553,24.4126],[121.4577,24.4138],[121.4582,24.4145],[121.4581,24.42],[121.4584,24.4225],[121.4588,24.4233],[121.4588,24.4287],[121.4591,24.4296],[121.4614,24.4319],[121.4628,24.4325],[121.4675,24.4361],[121.4684,24.4365],[121.4691,24.4388],[121.4705,24.4406],[121.4712,24.4423],[121.4731,24.4418],[121.4759,24.4426],[121.4774,24.4435],[121.4786,24.4451],[121.4818,24.4506],[121.484,24.4529],[121.487,24.4538],[121.4892,24.4551],[121.4908,24.4552],[121.4931,24.4563],[121.4938,24.4574],[121.4963,24.4584],[121.4986,24.4578],[121.5012,24.4579],[121.5021,24.4585],[121.5054,24.4586],[121.5076,24.4574],[121.5114,24.4575],[121.5125,24.4573],[121.5152,24.4581],[121.5165,24.4578],[121.5197,24.4574],[121.5202,24.4582],[121.5219,24.4589],[121.5264,24.4602],[121.5304,24.4611],[121.5339,24.4612],[121.5353,24.4609],[121.5382,24.4617],[121.5406,24.4621],[121.5429,24.4629],[121.5454,24.4635],[121.5479,24.4623],[121.5488,24.4628],[121.5497,24.4622],[121.555,24.4616],[121.5582,24.4593],[121.5622,24.459],[121.5641,24.4593],[121.5655,24.4588],[121.5677,24.4593],[121.5688,24.4587],[121.5724,24.4596],[121.5741,24.4595],[121.5752,24.4583],[121.5753,24.4573],[121.5771,24.455],[121.5796,24.4546],[121.5802,24.4539],[121.5816,24.4535],[121.5826,24.4546],[121.5834,24.4565],[121.585,24.4568],[121.5862,24.4576],[121.5874,24.4613],[121.5851,24.4646],[121.5854,24.4676],[121.5866,24.4699],[121.5878,24.4707],[121.5885,24.4705],[121.5906,24.4682],[121.5924,24.4668],[121.5969,24.4653],[121.6012,24.4644],[121.6062,24.4639],[121.6095,24.4643],[121.6132,24.4634],[121.6148,24.4618],[121.616,24.4616],[121.6179,24.463],[121.6176,24.4652],[121.6188,24.4669],[121.6205,24.4667],[121.6214,24.4675],[121.6206,24.4708],[121.6196,24.4719],[121.6197,24.4729],[121.6205,24.4737],[121.6214,24.4735],[121.6212,24.4751],[121.6218,24.4772],[121.6214,24.4776],[121.6228,24.4791],[121.6225,24.4801],[121.6235,24.4799],[121.6249,24.482],[121.6246,24.484],[121.624,24.4847],[121.624,24.4863],[121.6246,24.488],[121.6262,24.4881],[121.6273,24.4912],[121.6286,24.4917],[121.6294,24.4931],[121.6292,24.4943],[121.6302,24.495],[121.6299,24.4968],[121.631,24.4981],[121.634,24.4988],[121.6354,24.5005],[121.6364,24.5011],[121.6365,24.5022],[121.6384,24.5025],[121.6395,24.5032],[121.6443,24.5034],[121.6463,24.503],[121.6483,24.5037],[121.6517,24.507],[121.653,24.5075],[121.6539,24.5091],[121.6563,24.5107],[121.6569,24.5115],[121.6576,24.5136],[121.6571,24.5155],[121.6579,24.5171],[121.6577,24.5194],[121.6591,24.5213],[121.6595,24.5236],[121.6618,24.525],[121.6617,24.5262],[121.6627,24.5291],[121.6635,24.5335],[121.6633,24.5369],[121.6643,24.5386],[121.6643,24.5402],[121.6652,24.5414],[121.6648,24.5435],[121.6655,24.5442],[121.6659,24.5467],[121.6653,24.5493],[121.6659,24.5506],[121.666,24.552],[121.6673,24.5527],[121.6674,24.5538],[121.6684,24.5571],[121.6676,24.5582],[121.6671,24.5564],[121.6665,24.5578],[121.6665,24.5607],[121.6655,24.5624],[121.6694,24.5611],[121.6728,24.561],[121.6757,24.5616],[121.6797,24.5611],[121.6811,24.5617],[121.6828,24.5633],[121.6844,24.5641],[121.6849,24.5659],[121.6881,24.5706],[121.6885,24.573],[121.6902,24.5736],[121.6922,24.5756],[121.6945,24.5772],[121.6964,24.5774],[121.6977,24.5788],[121.6986,24.5793],[121.7012,24.5792],[121.7023,24.5796],[121.7044,24.5809],[121.7052,24.5809],[121.7073,24.5785],[121.7081,24.5786],[121.7091,24.5779],[121.7101,24.5763],[121.7112,24.5756],[121.7121,24.576],[121.7136,24.5747],[121.715,24.5741],[121.7153,24.573],[121.7177,24.5721],[121.7192,24.5723],[121.7206,24.5737],[121.7223,24.5748],[121.7224,24.5765],[121.7235,24.5774],[121.7257,24.5759],[121.7266,24.5728],[121.7273,24.5722],[121.7309,24.5702],[121.7325,24.5685],[121.7357,24.5662],[121.7364,24.5661],[121.7398,24.5672],[121.7437,24.5678],[121.748,24.5655],[121.7493,24.5695],[121.7505,24.5711],[121.7521,24.5723],[121.7545,24.5722],[121.7557,24.5737],[121.7568,24.5741],[121.7597,24.5735],[121.7601,24.5741],[121.7608,24.5766],[121.7622,24.577],[121.7636,24.5767],[121.7644,24.5752],[121.7653,24.5748],[121.7658,24.5763],[121.7642,24.5776],[121.7625,24.5777],[121.7618,24.5797],[121.7605,24.5789],[121.7591,24.5816],[121.7562,24.5813],[121.7524,24.5822],[121.7496,24.5836],[121.7478,24.5849],[121.7437,24.5883],[121.7401,24.5894],[121.7383,24.5904],[121.7368,24.5916],[121.7352,24.5916],[121.7341,24.5922],[121.7332,24.5936],[121.7329,24.596],[121.7316,24.5983],[121.7318,24.5995],[121.7273,24.603],[121.7264,24.605],[121.7242,24.6071],[121.7238,24.6083],[121.7256,24.6118],[121.7251,24.6131],[121.7255,24.6147],[121.7245,24.6182],[121.7256,24.6193],[121.7284,24.6209],[121.7313,24.6209],[121.7318,24.6215],[121.7344,24.6214],[121.7368,24.6192],[121.7365,24.6181],[121.7378,24.6162],[121.7408,24.618],[121.7416,24.6189],[121.7429,24.619],[121.7446,24.6203],[121.7455,24.6196],[121.7457,24.6174],[121.7466,24.6173],[121.748,24.616],[121.7469,24.6149],[121.7478,24.6132],[121.7458,24.6098],[121.7471,24.6071],[121.7476,24.6082],[121.7487,24.6089],[121.7504,24.611],[121.7502,24.6124],[121.7528,24.6112],[121.7525,24.6131],[121.7513,24.6134],[121.7519,24.6145],[121.7509,24.6148],[121.7513,24.6168],[121.7503,24.6177],[121.7504,24.6184],[121.7528,24.6177],[121.7543,24.6163],[121.7554,24.6176],[121.7563,24.6178],[121.757,24.6191],[121.7594,24.6189],[121.7605,24.6178],[121.7659,24.6161],[121.7665,24.6144],[121.7688,24.614],[121.7699,24.6129],[121.7729,24.6116],[121.7753,24.6113],[121.7764,24.6116],[121.7762,24.6108],[121.7778,24.609],[121.7793,24.6086],[121.7805,24.6071],[121.7829,24.606],[121.7846,24.6042],[121.7864,24.6032],[121.7866,24.6013],[121.7894,24.6012],[121.7931,24.5993],[121.7945,24.5997],[121.7958,24.6013]]]}},{"type":"Feature","properties":{"c":"新北市","t":"永和區"},"geometry":{"type":"Polygon","coordinates":[[[121.5318,25.0087],[121.5326,25.0058],[121.5339,25.0036],[121.5334,25.0025],[121.5316,25.0012],[121.5306,24.9977],[121.5314,24.9954],[121.5267,24.9954],[121.5259,24.9976],[121.5171,24.9956],[121.5149,24.9945],[121.5136,24.9934],[121.5122,24.9937],[121.5145,24.9969],[121.515,24.9981],[121.5141,25.0],[121.515,25.0018],[121.5144,25.004],[121.5125,25.0043],[121.5089,25.0001],[121.5063,24.9998],[121.5064,25.0007],[121.508,25.0025],[121.5087,25.0025],[121.509,25.004],[121.5073,25.0053],[121.5062,25.0056],[121.5037,25.007],[121.5011,25.0077],[121.4981,25.009],[121.4964,25.0083],[121.4948,25.0084],[121.494,25.0092],[121.4949,25.0092],[121.4953,25.0093],[121.4953,25.0093],[121.4956,25.0094],[121.496,25.0095],[121.4963,25.0096],[121.4968,25.0098],[121.497,25.0099],[121.4983,25.0107],[121.4987,25.0109],[121.4995,25.0114],[121.4997,25.0116],[121.4999,25.0117],[121.5002,25.0119],[121.5003,25.012],[121.5009,25.0125],[121.5012,25.0128],[121.5019,25.0137],[121.5022,25.0142],[121.5024,25.0144],[121.5029,25.0151],[121.5038,25.0162],[121.5041,25.0165],[121.5046,25.0171],[121.5047,25.0172],[121.5051,25.0176],[121.5053,25.0179],[121.5054,25.018],[121.5058,25.0185],[121.5061,25.0188],[121.5066,25.0192],[121.5068,25.0194],[121.5071,25.0197],[121.5075,25.0201],[121.5079,25.0203],[121.5083,25.0208],[121.5084,25.0209],[121.5087,25.0211],[121.5088,25.0212],[121.5089,25.0212],[121.509,25.0213],[121.5092,25.0214],[121.5094,25.0215],[121.5096,25.0215],[121.51,25.0216],[121.5101,25.0217],[121.5103,25.0217],[121.5106,25.0218],[121.5106,25.0218],[121.5108,25.0218],[121.5114,25.0218],[121.5117,25.0218],[121.5118,25.0218],[121.512,25.0218],[121.5122,25.0218],[121.5123,25.0218],[121.5124,25.0218],[121.5125,25.0217],[121.5127,25.0217],[121.5129,25.0217],[121.5133,25.0216],[121.5135,25.0216],[121.5137,25.0215],[121.5141,25.0214],[121.5143,25.0214],[121.515,25.0212],[121.5153,25.0211],[121.5155,25.021],[121.5158,25.0209],[121.5161,25.0208],[121.5162,25.0208],[121.5163,25.0207],[121.5164,25.0207],[121.5166,25.0206],[121.517,25.0205],[121.5176,25.0203],[121.5179,25.0202],[121.5186,25.0199],[121.5189,25.0198],[121.5191,25.0196],[121.5196,25.0194],[121.5198,25.0192],[121.52,25.0191],[121.5202,25.0189],[121.5204,25.0188],[121.5205,25.0186],[121.5208,25.0184],[121.521,25.0182],[121.5214,25.0178],[121.5215,25.0177],[121.5216,25.0175],[121.5217,25.0174],[121.5219,25.0172],[121.5221,25.0169],[121.5221,25.0168],[121.5222,25.0167],[121.5224,25.0163],[121.5225,25.0162],[121.5227,25.016],[121.5228,25.0158],[121.5229,25.0156],[121.5231,25.0153],[121.5231,25.0152],[121.5233,25.0151],[121.5233,25.0149],[121.5236,25.0146],[121.5237,25.0145],[121.5237,25.0144],[121.524,25.0141],[121.5241,25.014],[121.5243,25.0138],[121.5243,25.0137],[121.5244,25.0136],[121.5248,25.0131],[121.525,25.0129],[121.5252,25.0126],[121.5253,25.0124],[121.5265,25.0113],[121.527,25.011],[121.5272,25.0109],[121.5274,25.0108],[121.5284,25.0103],[121.5286,25.0102],[121.5289,25.0101],[121.529,25.0101],[121.5292,25.01],[121.5296,25.01],[121.5299,25.01],[121.5301,25.0099],[121.5304,25.0099],[121.5304,25.0098],[121.5306,25.0098],[121.5308,25.0097],[121.5314,25.0092],[121.5315,25.0091],[121.5316,25.0089],[121.5318,25.0087],[121.5318,25.0087]]]}},{"type":"Feature","properties":{"c":"新北市","t":"新店區"},"geometry":{"type":"Polygon","coordinates":[[[121.5317,24.9905],[121.5344,24.9933],[121.535,24.9951],[121.5363,24.9941],[121.5371,24.9915],[121.5366,24.9897],[121.5368,24.9887],[121.5382,24.988],[121.54,24.9877],[121.5439,24.9883],[121.5448,24.987],[121.5441,24.985],[121.5448,24.9838],[121.5471,24.9833],[121.549,24.9838],[121.5508,24.9853],[121.5508,24.9872],[121.5526,24.9867],[121.5538,24.9852],[121.5539,24.9844],[121.5531,24.9807],[121.5532,24.979],[121.5541,24.9769],[121.5552,24.9765],[121.5561,24.9734],[121.5575,24.9723],[121.5585,24.9685],[121.5595,24.9668],[121.5612,24.9647],[121.5644,24.9646],[121.5651,24.9641],[121.5684,24.9641],[121.5704,24.9644],[121.573,24.9641],[121.5743,24.9653],[121.5746,24.9668],[121.5774,24.9665],[121.5786,24.9666],[121.5805,24.9654],[121.5822,24.9648],[121.5844,24.9646],[121.5857,24.9632],[121.588,24.9637],[121.5887,24.9634],[121.5912,24.9646],[121.592,24.9639],[121.5934,24.9642],[121.5948,24.9616],[121.5971,24.9605],[121.5984,24.9612],[121.6011,24.9609],[121.6022,24.9612],[121.6034,24.9623],[121.6053,24.963],[121.6085,24.9632],[121.6092,24.964],[121.6106,24.9594],[121.6102,24.9568],[121.6077,24.9564],[121.6085,24.952],[121.6064,24.9496],[121.607,24.9474],[121.6067,24.9465],[121.6056,24.9464],[121.6045,24.947],[121.6011,24.9471],[121.6007,24.9457],[121.5996,24.9449],[121.5979,24.9446],[121.598,24.943],[121.5994,24.9413],[121.5998,24.9391],[121.5977,24.9376],[121.5964,24.9348],[121.5965,24.9329],[121.5956,24.9312],[121.595,24.9288],[121.5942,24.9274],[121.5948,24.9251],[121.5956,24.9239],[121.5958,24.9197],[121.5968,24.9174],[121.5966,24.9144],[121.597,24.9119],[121.5986,24.9105],[121.5966,24.9103],[121.5953,24.911],[121.5941,24.9132],[121.5927,24.9141],[121.5904,24.9146],[121.5887,24.9142],[121.5851,24.9117],[121.5806,24.9096],[121.5784,24.9088],[121.5731,24.909],[121.5711,24.9081],[121.5709,24.9071],[121.5692,24.9055],[121.5663,24.9036],[121.568,24.9032],[121.5692,24.9016],[121.5717,24.9002],[121.5762,24.8987],[121.5783,24.8969],[121.5788,24.8954],[121.5781,24.8929],[121.5782,24.8907],[121.5776,24.8891],[121.5766,24.8878],[121.5764,24.886],[121.5768,24.8844],[121.5779,24.8832],[121.5769,24.8819],[121.5779,24.8801],[121.5777,24.8787],[121.5767,24.8779],[121.5758,24.8751],[121.5734,24.8748],[121.5714,24.8769],[121.5699,24.8766],[121.5679,24.8776],[121.5668,24.877],[121.5646,24.8772],[121.5644,24.8784],[121.5648,24.8802],[121.5643,24.8825],[121.5646,24.8834],[121.5642,24.8868],[121.5591,24.8906],[121.557,24.8907],[121.5559,24.8914],[121.5543,24.8917],[121.5503,24.891],[121.5479,24.8886],[121.5466,24.8884],[121.5439,24.8902],[121.5419,24.8924],[121.5399,24.8938],[121.5384,24.8934],[121.5369,24.8922],[121.535,24.8915],[121.5341,24.8896],[121.5325,24.8876],[121.5294,24.8851],[121.5265,24.8837],[121.5237,24.8838],[121.5207,24.8833],[121.518,24.881],[121.5147,24.8796],[121.5124,24.879],[121.5089,24.8775],[121.5071,24.8763],[121.5065,24.8754],[121.5036,24.8734],[121.5019,24.8729],[121.4992,24.8703],[121.4978,24.8701],[121.4947,24.8683],[121.4927,24.8665],[121.4912,24.8645],[121.4883,24.8622],[121.4866,24.8624],[121.4854,24.863],[121.483,24.8618],[121.4804,24.8618],[121.4787,24.8639],[121.4788,24.8645],[121.4777,24.8657],[121.4777,24.8664],[121.4791,24.869],[121.4793,24.8701],[121.4776,24.8712],[121.4771,24.8728],[121.4752,24.8742],[121.4746,24.8755],[121.4726,24.8763],[121.4718,24.877],[121.4728,24.8794],[121.4743,24.8816],[121.4755,24.885],[121.4753,24.8862],[121.4777,24.888],[121.4789,24.89],[121.4803,24.8906],[121.484,24.8968],[121.4852,24.8981],[121.4863,24.8982],[121.4858,24.8995],[121.4866,24.9005],[121.4884,24.9012],[121.4897,24.9012],[121.4909,24.9025],[121.4925,24.9036],[121.491,24.9049],[121.4894,24.9082],[121.4902,24.9102],[121.4896,24.9114],[121.4904,24.9116],[121.4908,24.9139],[121.4918,24.9152],[121.4921,24.9171],[121.4899,24.9193],[121.4895,24.9205],[121.4882,24.9222],[121.4868,24.9222],[121.4852,24.9245],[121.4858,24.9263],[121.4847,24.9279],[121.4827,24.9285],[121.4802,24.9288],[121.4782,24.9286],[121.4764,24.9291],[121.4734,24.9308],[121.4713,24.9307],[121.4707,24.9312],[121.4685,24.9308],[121.4671,24.932],[121.4662,24.932],[121.464,24.9332],[121.462,24.9339],[121.4601,24.9341],[121.4597,24.9354],[121.4609,24.9375],[121.4587,24.9395],[121.4584,24.9433],[121.4574,24.9454],[121.4575,24.9461],[121.4598,24.9478],[121.4617,24.9475],[121.4636,24.9493],[121.4669,24.9515],[121.4669,24.9531],[121.4678,24.9544],[121.4695,24.9545],[121.4713,24.9551],[121.4722,24.9561],[121.4719,24.959],[121.4747,24.9609],[121.4787,24.963],[121.4798,24.9639],[121.4811,24.964],[121.4825,24.9633],[121.4843,24.9647],[121.4855,24.9648],[121.4882,24.9659],[121.4898,24.9671],[121.4918,24.9674],[121.4939,24.9689],[121.495,24.9688],[121.4976,24.9703],[121.4977,24.9707],[121.4995,24.9707],[121.5002,24.9701],[121.502,24.9698],[121.5028,24.9713],[121.5042,24.9727],[121.5041,24.9732],[121.5056,24.9738],[121.5059,24.9749],[121.5072,24.976],[121.509,24.9765],[121.5109,24.9781],[121.5113,24.9792],[121.5126,24.9799],[121.5145,24.9818],[121.5139,24.9826],[121.5147,24.9844],[121.5148,24.9858],[121.5159,24.9871],[121.5171,24.9879],[121.518,24.9877],[121.522,24.9884],[121.5234,24.9879],[121.5226,24.9859],[121.5228,24.9844],[121.5235,24.9839],[121.5253,24.9851],[121.5274,24.987],[121.528,24.9871],[121.5317,24.9905]]]}},{"type":"Feature","properties":{"c":"新北市","t":"土城區"},"geometry":{"type":"Polygon","coordinates":[[[121.4798,24.9639],[121.4787,24.963],[121.4747,24.9609],[121.4719,24.959],[121.4722,24.9561],[121.4713,24.9551],[121.4695,24.9545],[121.4678,24.9544],[121.4669,24.9531],[121.4669,24.9515],[121.4636,24.9493],[121.4617,24.9475],[121.4598,24.9478],[121.4575,24.9461],[121.4561,24.9463],[121.4557,24.9453],[121.4541,24.9444],[121.4517,24.9444],[121.4501,24.9435],[121.448,24.9416],[121.4458,24.9407],[121.4429,24.9385],[121.4423,24.9377],[121.4398,24.9371],[121.4394,24.9364],[121.4367,24.9356],[121.4359,24.9375],[121.4342,24.9403],[121.4325,24.9409],[121.432,24.94],[121.4306,24.9393],[121.4284,24.9389],[121.4269,24.9391],[121.4258,24.9385],[121.4222,24.9383],[121.4199,24.9388],[121.4175,24.9376],[121.416,24.939],[121.4147,24.9395],[121.4141,24.9411],[121.41,24.9414],[121.4092,24.9417],[121.4097,24.9436],[121.4088,24.946],[121.4085,24.9496],[121.4087,24.9513],[121.4076,24.9521],[121.4098,24.954],[121.4105,24.9562],[121.41,24.9624],[121.4107,24.964],[121.4104,24.965],[121.4117,24.9652],[121.4129,24.9661],[121.4177,24.9675],[121.4202,24.9678],[121.423,24.9689],[121.4253,24.9711],[121.4267,24.9718],[121.4288,24.9721],[121.4338,24.9756],[121.4349,24.9787],[121.4347,24.9807],[121.4356,24.9823],[121.4369,24.9832],[121.4384,24.9865],[121.4401,24.9882],[121.4405,24.9922],[121.442,24.9922],[121.4427,24.9929],[121.4443,24.991],[121.4471,24.9919],[121.4496,24.993],[121.4502,24.9924],[121.4531,24.991],[121.455,24.9959],[121.4563,24.9963],[121.4562,24.9948],[121.4571,24.9914],[121.4591,24.991],[121.4603,24.9904],[121.461,24.9892],[121.4631,24.9891],[121.4661,24.9904],[121.467,24.9919],[121.4671,24.993],[121.469,24.9946],[121.469,24.9932],[121.47,24.9918],[121.4718,24.9936],[121.473,24.9941],[121.4753,24.9926],[121.4749,24.9922],[121.477,24.9906],[121.4775,24.9909],[121.4797,24.9903],[121.4785,24.988],[121.4768,24.9858],[121.4758,24.9851],[121.4742,24.9832],[121.4757,24.9793],[121.4769,24.9795],[121.4791,24.9777],[121.4794,24.976],[121.4806,24.9754],[121.4818,24.9732],[121.4796,24.9726],[121.4799,24.9701],[121.4795,24.9677],[121.4787,24.9667],[121.4798,24.965],[121.4798,24.9639]]]}},{"type":"Feature","properties":{"c":"新北市","t":"蘆洲區"},"geometry":{"type":"Polygon","coordinates":[[[121.4911,25.0948],[121.4887,25.0922],[121.4846,25.0892],[121.4836,25.0874],[121.484,25.0845],[121.4828,25.0837],[121.4822,25.082],[121.4789,25.0781],[121.4772,25.0773],[121.4768,25.076],[121.4753,25.0732],[121.4731,25.0727],[121.471,25.0735],[121.4702,25.0743],[121.4696,25.076],[121.4678,25.0764],[121.467,25.077],[121.4646,25.0779],[121.4634,25.0778],[121.461,25.0789],[121.457,25.0814],[121.456,25.0826],[121.4553,25.0842],[121.4546,25.0879],[121.4548,25.0894],[121.4559,25.0925],[121.4577,25.0939],[121.4582,25.096],[121.4582,25.0979],[121.461,25.099],[121.4617,25.1018],[121.4627,25.1032],[121.463,25.103],[121.4631,25.1029],[121.4634,25.1028],[121.4637,25.1026],[121.464,25.1025],[121.4641,25.1025],[121.4646,25.1023],[121.465,25.1022],[121.4659,25.1018],[121.4661,25.1017],[121.4665,25.1017],[121.4668,25.1017],[121.467,25.1017],[121.4674,25.1016],[121.4676,25.1016],[121.468,25.1016],[121.4681,25.1016],[121.469,25.1016],[121.4691,25.1016],[121.4694,25.1016],[121.4707,25.1016],[121.4711,25.1016],[121.4714,25.1016],[121.4726,25.1016],[121.473,25.1016],[121.4735,25.1016],[121.4736,25.1016],[121.4739,25.1015],[121.474,25.1015],[121.4745,25.1015],[121.4749,25.1015],[121.4752,25.1015],[121.4755,25.1015],[121.4761,25.1015],[121.4764,25.1015],[121.4769,25.1015],[121.4775,25.1014],[121.4778,25.1014],[121.4779,25.1014],[121.4781,25.1014],[121.4792,25.1012],[121.4794,25.1012],[121.4798,25.1011],[121.48,25.1011],[121.4803,25.101],[121.4804,25.101],[121.4808,25.1009],[121.4808,25.1009],[121.4811,25.1009],[121.4811,25.1008],[121.4815,25.1007],[121.4818,25.1006],[121.482,25.1004],[121.4823,25.1003],[121.4833,25.0998],[121.4834,25.0997],[121.4836,25.0997],[121.4838,25.0996],[121.4839,25.0996],[121.4841,25.0995],[121.4842,25.0994],[121.4844,25.0994],[121.4846,25.0993],[121.4848,25.0992],[121.4851,25.0991],[121.4851,25.0991],[121.4853,25.099],[121.4855,25.099],[121.4855,25.099],[121.486,25.0988],[121.486,25.0988],[121.4863,25.0986],[121.4865,25.0985],[121.4867,25.0984],[121.487,25.0982],[121.4872,25.0981],[121.4875,25.0979],[121.4877,25.0978],[121.488,25.0975],[121.4887,25.0971],[121.489,25.097],[121.4892,25.0968],[121.4898,25.0962],[121.4901,25.0958],[121.4903,25.0956],[121.4903,25.0956],[121.4907,25.0952],[121.4908,25.0951],[121.4911,25.0948]]]}},{"type":"Feature","properties":{"c":"新北市","t":"五股區"},"geometry":{"type":"Polygon","coordinates":[[[121.4627,25.1032],[121.4617,25.1018],[121.461,25.099],[121.4582,25.0979],[121.4582,25.096],[121.4577,25.0939],[121.4559,25.0925],[121.4548,25.0894],[121.4546,25.0879],[121.4553,25.0842],[121.456,25.0826],[121.457,25.0814],[121.461,25.0789],[121.4634,25.0778],[121.4646,25.0779],[121.467,25.077],[121.4678,25.0764],[121.4696,25.076],[121.4702,25.0743],[121.471,25.0735],[121.4708,25.0722],[121.4697,25.0724],[121.4698,25.0686],[121.4682,25.0679],[121.4669,25.0666],[121.4658,25.0667],[121.4655,25.0655],[121.4646,25.0677],[121.4628,25.0687],[121.4614,25.0688],[121.4584,25.0673],[121.4535,25.0653],[121.4535,25.063],[121.4519,25.0624],[121.4503,25.0608],[121.448,25.0626],[121.4483,25.0632],[121.4459,25.064],[121.4454,25.0674],[121.4455,25.0694],[121.4428,25.069],[121.4424,25.0674],[121.4407,25.0678],[121.4402,25.067],[121.4388,25.0674],[121.4382,25.0668],[121.4387,25.0655],[121.4375,25.0644],[121.4349,25.0666],[121.432,25.0661],[121.4316,25.0685],[121.4302,25.0691],[121.4242,25.0692],[121.4236,25.0694],[121.4193,25.069],[121.4156,25.0706],[121.4147,25.0721],[121.4105,25.0755],[121.4083,25.0758],[121.4079,25.077],[121.4057,25.0764],[121.4049,25.0771],[121.4031,25.0761],[121.402,25.0764],[121.4036,25.0772],[121.4038,25.0783],[121.4051,25.0794],[121.4051,25.0804],[121.4031,25.0804],[121.4033,25.0816],[121.4023,25.0831],[121.4027,25.0837],[121.4018,25.0845],[121.4034,25.0846],[121.4045,25.0835],[121.407,25.0823],[121.4087,25.0805],[121.4094,25.0815],[121.4091,25.0826],[121.411,25.0818],[121.4125,25.0807],[121.4133,25.0793],[121.4146,25.0788],[121.4143,25.0806],[121.415,25.0826],[121.413,25.0805],[121.4123,25.0822],[121.4108,25.0824],[121.4091,25.0843],[121.4092,25.086],[121.4082,25.0868],[121.4081,25.0885],[121.4106,25.0897],[121.41,25.0921],[121.4087,25.092],[121.4095,25.0932],[121.4077,25.0957],[121.408,25.0958],[121.4118,25.0927],[121.4126,25.0964],[121.4116,25.0961],[121.4108,25.0951],[121.4095,25.097],[121.4099,25.0978],[121.409,25.0996],[121.4082,25.0987],[121.4069,25.1002],[121.4074,25.1011],[121.4065,25.1027],[121.4041,25.1009],[121.4037,25.1019],[121.404,25.1038],[121.403,25.107],[121.4018,25.1076],[121.4013,25.1092],[121.4017,25.1104],[121.4007,25.1131],[121.4,25.1133],[121.401,25.1151],[121.401,25.1181],[121.4024,25.1185],[121.4032,25.12],[121.4024,25.1201],[121.4048,25.1226],[121.4072,25.122],[121.4098,25.121],[121.4108,25.1213],[121.413,25.1229],[121.415,25.123],[121.4161,25.1252],[121.4157,25.1294],[121.4172,25.1301],[121.4205,25.1301],[121.4213,25.1296],[121.423,25.1313],[121.4251,25.1322],[121.4251,25.1313],[121.426,25.1297],[121.4295,25.1287],[121.4315,25.129],[121.4333,25.1278],[121.436,25.1273],[121.4384,25.125],[121.4391,25.1252],[121.4403,25.1245],[121.4414,25.1232],[121.4431,25.1228],[121.4456,25.1231],[121.4477,25.1221],[121.449,25.1202],[121.4518,25.1201],[121.453,25.1207],[121.453,25.1194],[121.4557,25.1185],[121.4554,25.1162],[121.457,25.1144],[121.4586,25.1143],[121.4584,25.1128],[121.459,25.1127],[121.4589,25.1124],[121.4587,25.1122],[121.4587,25.1121],[121.4584,25.1117],[121.4582,25.1114],[121.4579,25.1109],[121.4578,25.1105],[121.4577,25.1104],[121.4577,25.1102],[121.4576,25.1101],[121.4576,25.1098],[121.4574,25.1094],[121.4572,25.1088],[121.4572,25.1087],[121.4572,25.1085],[121.4572,25.1077],[121.4572,25.1075],[121.4573,25.1071],[121.4577,25.1067],[121.4582,25.1062],[121.4601,25.1048],[121.4606,25.1044],[121.4608,25.1043],[121.4608,25.1043],[121.4611,25.1041],[121.4612,25.104],[121.4616,25.1037],[121.462,25.1035],[121.4623,25.1034],[121.4627,25.1032]]]}},{"type":"Feature","properties":{"c":"新北市","t":"坪林區"},"geometry":{"type":"Polygon","coordinates":[[[121.7934,24.8997],[121.7918,24.8995],[121.7921,24.8976],[121.7931,24.897],[121.793,24.8963],[121.7906,24.8946],[121.79,24.8935],[121.7882,24.8928],[121.7869,24.8929],[121.7856,24.8923],[121.7858,24.8908],[121.7842,24.8903],[121.783,24.8904],[121.7816,24.8894],[121.7822,24.8874],[121.7819,24.8846],[121.7822,24.8832],[121.7819,24.8824],[121.7824,24.8804],[121.7822,24.8792],[121.7842,24.8776],[121.7852,24.8741],[121.7845,24.8737],[121.7832,24.8742],[121.782,24.8731],[121.7791,24.8714],[121.7774,24.8708],[121.7773,24.8697],[121.7752,24.8666],[121.7755,24.8651],[121.7712,24.8649],[121.7691,24.8659],[121.7674,24.8649],[121.7679,24.8638],[121.7661,24.8625],[121.7654,24.861],[121.7643,24.8599],[121.7635,24.8599],[121.7627,24.8612],[121.7615,24.8599],[121.762,24.8583],[121.761,24.8577],[121.761,24.8567],[121.7574,24.8567],[121.7535,24.856],[121.7537,24.8552],[121.7512,24.8549],[121.7506,24.8545],[121.7488,24.8551],[121.7478,24.8549],[121.7474,24.8537],[121.7458,24.8529],[121.7435,24.8528],[121.742,24.8525],[121.7404,24.8535],[121.7382,24.8553],[121.7362,24.8557],[121.7326,24.8558],[121.7305,24.8553],[121.7271,24.8531],[121.7262,24.8517],[121.7248,24.8506],[121.7219,24.8498],[121.7195,24.8466],[121.7197,24.8456],[121.7186,24.8457],[121.7156,24.8443],[121.7152,24.8429],[121.7143,24.8418],[121.7113,24.8414],[121.709,24.8406],[121.7084,24.8391],[121.7075,24.8389],[121.7059,24.8402],[121.7049,24.8417],[121.7022,24.8427],[121.6974,24.8431],[121.6966,24.8436],[121.6943,24.8436],[121.692,24.845],[121.6917,24.8465],[121.6906,24.8482],[121.6886,24.8484],[121.6878,24.8498],[121.6866,24.8499],[121.6853,24.8494],[121.6845,24.8499],[121.6821,24.8502],[121.6817,24.8496],[121.6796,24.8496],[121.6778,24.849],[121.6774,24.8497],[121.6737,24.8489],[121.6731,24.8492],[121.6699,24.8481],[121.6689,24.8484],[121.6656,24.8504],[121.6648,24.8496],[121.6621,24.85],[121.6597,24.8508],[121.6579,24.8504],[121.6571,24.8496],[121.6551,24.8514],[121.6546,24.8528],[121.6538,24.8534],[121.653,24.8552],[121.6513,24.856],[121.6506,24.8569],[121.6456,24.8595],[121.6447,24.8607],[121.6471,24.8639],[121.6478,24.8669],[121.6484,24.8679],[121.6503,24.8684],[121.6509,24.8695],[121.6532,24.8704],[121.6532,24.8722],[121.6536,24.8748],[121.6542,24.877],[121.6526,24.8784],[121.6509,24.8788],[121.6497,24.8802],[121.6498,24.8811],[121.6508,24.8826],[121.6516,24.8849],[121.6515,24.8875],[121.6529,24.8902],[121.651,24.8924],[121.6499,24.8929],[121.6488,24.8952],[121.6515,24.8976],[121.6528,24.8976],[121.6531,24.8985],[121.6573,24.8999],[121.6602,24.9014],[121.6621,24.9035],[121.6618,24.9053],[121.6631,24.9064],[121.6647,24.9069],[121.666,24.9084],[121.6643,24.9108],[121.6642,24.9128],[121.6632,24.915],[121.6636,24.9157],[121.6659,24.9171],[121.6691,24.9177],[121.6732,24.9199],[121.6751,24.9216],[121.6766,24.9214],[121.6779,24.9221],[121.6762,24.9231],[121.6753,24.9257],[121.6745,24.9267],[121.6714,24.9286],[121.6702,24.9301],[121.6696,24.9389],[121.6671,24.9397],[121.6667,24.941],[121.6665,24.9443],[121.6659,24.9455],[121.6662,24.9482],[121.6657,24.9498],[121.6669,24.9524],[121.6691,24.9523],[121.6718,24.9532],[121.6758,24.9541],[121.6789,24.9542],[121.6805,24.9545],[121.6825,24.9561],[121.6832,24.9574],[121.6851,24.9583],[121.6856,24.9598],[121.6877,24.9628],[121.6888,24.9635],[121.6914,24.9632],[121.6939,24.9644],[121.6975,24.9648],[121.6986,24.9647],[121.7004,24.9666],[121.7022,24.9668],[121.7031,24.9679],[121.7046,24.9706],[121.7063,24.9713],[121.7082,24.9727],[121.7112,24.9718],[121.712,24.9724],[121.7156,24.9708],[121.7178,24.9714],[121.7181,24.9749],[121.7206,24.9741],[121.7217,24.9741],[121.7247,24.9751],[121.7262,24.9747],[121.7289,24.9751],[121.7309,24.9759],[121.7331,24.976],[121.7338,24.9765],[121.7364,24.9757],[121.737,24.9775],[121.7376,24.9776],[121.7389,24.9798],[121.7398,24.9791],[121.7424,24.9797],[121.7441,24.9751],[121.7462,24.9752],[121.7481,24.9742],[121.7493,24.9747],[121.7522,24.9771],[121.7531,24.9767],[121.7564,24.9777],[121.7586,24.9769],[121.7606,24.9786],[121.7623,24.9789],[121.7636,24.9806],[121.7676,24.9795],[121.7694,24.9799],[121.7716,24.9797],[121.7731,24.9814],[121.7735,24.9827],[121.7756,24.9855],[121.7771,24.9848],[121.7795,24.9838],[121.7816,24.982],[121.7852,24.982],[121.7865,24.9831],[121.7896,24.9831],[121.791,24.9836],[121.7925,24.9835],[121.7929,24.9825],[121.7927,24.9808],[121.7937,24.9796],[121.7941,24.9774],[121.7939,24.9732],[121.7919,24.9703],[121.7918,24.9681],[121.7922,24.9662],[121.7907,24.9644],[121.7908,24.9623],[121.7901,24.9606],[121.7912,24.9576],[121.7911,24.9561],[121.7921,24.9546],[121.7932,24.9544],[121.7932,24.9533],[121.7923,24.9517],[121.7911,24.9513],[121.7888,24.9465],[121.7877,24.9448],[121.7879,24.9437],[121.7895,24.9406],[121.7885,24.9393],[121.7862,24.937],[121.786,24.9343],[121.785,24.9333],[121.7854,24.9321],[121.7848,24.9302],[121.7831,24.9288],[121.7819,24.9283],[121.7806,24.9229],[121.7789,24.921],[121.7781,24.9197],[121.7789,24.9191],[121.7816,24.9179],[121.784,24.9156],[121.7847,24.914],[121.785,24.9103],[121.7863,24.9063],[121.7878,24.9062],[121.7902,24.9037],[121.7912,24.9034],[121.7913,24.9023],[121.7923,24.9017],[121.7934,24.8997]]]}},{"type":"Feature","properties":{"c":"新北市","t":"平溪區"},"geometry":{"type":"Polygon","coordinates":[[[121.7301,25.0534],[121.7321,25.0527],[121.7348,25.0542],[121.7378,25.0546],[121.7398,25.0531],[121.7459,25.053],[121.7476,25.0537],[121.7482,25.055],[121.7491,25.0554],[121.7508,25.057],[121.7521,25.0576],[121.7556,25.0583],[121.7567,25.0593],[121.758,25.059],[121.7593,25.0595],[121.7605,25.058],[121.7618,25.0578],[121.7623,25.057],[121.764,25.0574],[121.7648,25.0596],[121.7659,25.06],[121.7673,25.0618],[121.77,25.0635],[121.7717,25.0632],[121.7722,25.0638],[121.7731,25.0669],[121.7757,25.0701],[121.7781,25.0712],[121.7808,25.0711],[121.7814,25.072],[121.7832,25.0727],[121.7846,25.0725],[121.7858,25.0732],[121.7885,25.0755],[121.7912,25.0766],[121.7948,25.0774],[121.7979,25.0759],[121.8002,25.0732],[121.8017,25.0705],[121.8037,25.0676],[121.8047,25.0673],[121.8057,25.0662],[121.8056,25.0651],[121.8045,25.0636],[121.8051,25.062],[121.805,25.0605],[121.8058,25.0587],[121.8068,25.0581],[121.8083,25.0591],[121.81,25.0597],[121.8122,25.0594],[121.8142,25.0581],[121.8143,25.0573],[121.8134,25.0534],[121.8136,25.0516],[121.8148,25.0493],[121.8153,25.0475],[121.8147,25.0458],[121.8151,25.0449],[121.8168,25.0429],[121.8169,25.0421],[121.816,25.041],[121.8146,25.0414],[121.8121,25.0404],[121.8106,25.0393],[121.8085,25.0369],[121.8088,25.0352],[121.8067,25.0316],[121.8044,25.0316],[121.8037,25.0309],[121.8026,25.0309],[121.7996,25.0302],[121.798,25.0289],[121.7971,25.0277],[121.793,25.0238],[121.7913,25.0229],[121.7892,25.023],[121.7879,25.021],[121.7869,25.0205],[121.7845,25.0177],[121.7842,25.0149],[121.7844,25.0139],[121.7822,25.0121],[121.782,25.0112],[121.7802,25.0105],[121.7787,25.0076],[121.7793,25.0064],[121.7781,25.0063],[121.7771,25.0057],[121.7747,25.0025],[121.7725,25.0017],[121.7712,25.0003],[121.7689,24.9998],[121.7636,24.9962],[121.7644,24.9953],[121.7647,24.9936],[121.7669,24.9929],[121.7686,24.9911],[121.7687,24.9901],[121.7711,24.9889],[121.7731,24.9891],[121.7743,24.9886],[121.7756,24.9867],[121.7758,24.9855],[121.7771,24.9848],[121.7756,24.9855],[121.7735,24.9827],[121.7731,24.9814],[121.7716,24.9797],[121.7694,24.9799],[121.7676,24.9795],[121.7636,24.9806],[121.7623,24.9789],[121.7606,24.9786],[121.7586,24.9769],[121.7564,24.9777],[121.7531,24.9767],[121.7522,24.9771],[121.7493,24.9747],[121.7481,24.9742],[121.7462,24.9752],[121.7441,24.9751],[121.7424,24.9797],[121.7398,24.9791],[121.7389,24.9798],[121.7376,24.9776],[121.737,24.9775],[121.7364,24.9757],[121.7338,24.9765],[121.7331,24.976],[121.7309,24.9759],[121.7289,24.9751],[121.7262,24.9747],[121.7247,24.9751],[121.7217,24.9741],[121.7206,24.9741],[121.7181,24.9749],[121.7182,24.9769],[121.7173,24.9782],[121.7173,24.9792],[121.7185,24.98],[121.7206,24.9802],[121.7209,24.9814],[121.722,24.9824],[121.7237,24.9826],[121.7246,24.9837],[121.7246,24.9863],[121.7252,24.9877],[121.7268,24.9892],[121.7265,24.9903],[121.7251,24.992],[121.7232,24.9969],[121.7216,24.9982],[121.7208,24.9994],[121.7205,25.0009],[121.7217,25.0013],[121.7226,25.0054],[121.7222,25.0076],[121.721,25.0088],[121.7196,25.0074],[121.7179,25.0074],[121.7164,25.0067],[121.7136,25.006],[121.7119,25.0097],[121.7101,25.0116],[121.7092,25.0119],[121.7061,25.0151],[121.7069,25.0171],[121.7057,25.0179],[121.7043,25.0182],[121.7026,25.0213],[121.7011,25.0232],[121.7023,25.0254],[121.7044,25.0266],[121.7045,25.0274],[121.7032,25.0295],[121.7032,25.032],[121.7053,25.0328],[121.7078,25.0335],[121.7083,25.0341],[121.7119,25.0334],[121.7127,25.0336],[121.7132,25.0348],[121.7158,25.0363],[121.7167,25.0403],[121.716,25.0417],[121.7178,25.043],[121.7183,25.044],[121.7198,25.0453],[121.721,25.0472],[121.7223,25.0482],[121.725,25.0484],[121.7271,25.0494],[121.727,25.0502],[121.7289,25.0518],[121.7301,25.0534]]]}},{"type":"Feature","properties":{"c":"新北市","t":"烏來區"},"geometry":{"type":"Polygon","coordinates":[[[121.6235,24.7944],[121.6217,24.7927],[121.6204,24.7925],[121.6172,24.7938],[121.6158,24.7939],[121.6133,24.7932],[121.6096,24.7938],[121.6072,24.7904],[121.6056,24.7891],[121.6029,24.7894],[121.5989,24.7877],[121.5947,24.7874],[121.592,24.7875],[121.5929,24.7862],[121.5934,24.7847],[121.5932,24.7826],[121.5943,24.781],[121.5944,24.7788],[121.5957,24.776],[121.5976,24.7726],[121.5973,24.7716],[121.5956,24.769],[121.5963,24.7673],[121.5958,24.7665],[121.5934,24.7648],[121.5905,24.7607],[121.5908,24.7588],[121.5894,24.7572],[121.589,24.7551],[121.5897,24.7536],[121.5899,24.7519],[121.5908,24.7509],[121.5923,24.7503],[121.5946,24.7502],[121.5952,24.7488],[121.5961,24.7482],[121.5944,24.7463],[121.5928,24.746],[121.5917,24.7449],[121.5919,24.7433],[121.5948,24.741],[121.5954,24.7391],[121.5942,24.7347],[121.595,24.7325],[121.5937,24.7305],[121.5941,24.7293],[121.5978,24.7293],[121.5975,24.7277],[121.5939,24.7258],[121.5926,24.7246],[121.5904,24.7235],[121.5891,24.7217],[121.587,24.7201],[121.5857,24.7201],[121.5835,24.7206],[121.5796,24.7223],[121.5786,24.7224],[121.5778,24.7218],[121.5777,24.7189],[121.5773,24.7174],[121.5773,24.7149],[121.5756,24.7111],[121.5748,24.7101],[121.5724,24.7104],[121.5705,24.714],[121.5695,24.7127],[121.5675,24.7115],[121.5655,24.7117],[121.5632,24.7128],[121.5618,24.7126],[121.5582,24.7109],[121.5564,24.7112],[121.5544,24.7084],[121.5512,24.706],[121.5503,24.7057],[121.5475,24.7063],[121.5434,24.7058],[121.5429,24.7047],[121.5408,24.7023],[121.5385,24.7006],[121.5378,24.6997],[121.5386,24.6982],[121.5385,24.6964],[121.5388,24.6946],[121.5375,24.6938],[121.5377,24.6923],[121.5376,24.6901],[121.5368,24.6885],[121.5362,24.6882],[121.5333,24.6884],[121.5319,24.6877],[121.5291,24.6876],[121.5282,24.6889],[121.5271,24.6885],[121.527,24.6854],[121.5249,24.6845],[121.5238,24.6833],[121.5148,24.6832],[121.5137,24.6843],[121.5122,24.6845],[121.5101,24.6832],[121.5075,24.6825],[121.5055,24.6799],[121.5044,24.6794],[121.5029,24.6794],[121.4992,24.678],[121.4971,24.6763],[121.4968,24.6755],[121.4939,24.6735],[121.4927,24.6732],[121.4893,24.6742],[121.4885,24.6751],[121.4869,24.6752],[121.485,24.6739],[121.483,24.6738],[121.4818,24.6743],[121.48,24.6738],[121.4792,24.6755],[121.4771,24.6783],[121.476,24.6792],[121.4754,24.6809],[121.4755,24.6833],[121.4742,24.6848],[121.4731,24.6897],[121.4746,24.6927],[121.4748,24.6937],[121.4742,24.6961],[121.4706,24.6967],[121.4698,24.6962],[121.467,24.6977],[121.4636,24.701],[121.4604,24.7026],[121.4565,24.7032],[121.4523,24.7051],[121.4504,24.7056],[121.4491,24.7085],[121.4488,24.7122],[121.4464,24.7142],[121.4452,24.7148],[121.4415,24.7231],[121.4409,24.7261],[121.4383,24.7266],[121.4363,24.7287],[121.4343,24.73],[121.4344,24.731],[121.4353,24.7329],[121.435,24.7341],[121.4329,24.7368],[121.4331,24.7392],[121.432,24.7423],[121.4304,24.7435],[121.4301,24.7456],[121.4287,24.7479],[121.4292,24.7499],[121.4285,24.7515],[121.4285,24.7535],[121.4279,24.7547],[121.4265,24.7562],[121.4255,24.7591],[121.4259,24.7603],[121.4251,24.7612],[121.4235,24.7617],[121.4234,24.7631],[121.4254,24.767],[121.4267,24.7683],[121.4294,24.7702],[121.4314,24.7719],[121.4357,24.773],[121.4381,24.7749],[121.4406,24.7791],[121.4425,24.7805],[121.4441,24.7806],[121.4461,24.7819],[121.4475,24.7842],[121.4495,24.7859],[121.4488,24.7882],[121.4505,24.79],[121.4504,24.7909],[121.452,24.792],[121.4539,24.7918],[121.4556,24.7923],[121.4563,24.7932],[121.4556,24.7951],[121.4559,24.7969],[121.4553,24.7989],[121.4574,24.8001],[121.4579,24.801],[121.4594,24.8016],[121.4612,24.8045],[121.4623,24.8057],[121.4641,24.8063],[121.4666,24.8063],[121.469,24.8072],[121.4725,24.8105],[121.4732,24.8133],[121.4757,24.8142],[121.4777,24.8158],[121.4786,24.816],[121.4817,24.8159],[121.4825,24.8171],[121.4834,24.8176],[121.484,24.8192],[121.4831,24.8205],[121.4821,24.8226],[121.4804,24.8235],[121.4812,24.8253],[121.4836,24.8283],[121.4834,24.8298],[121.4839,24.8316],[121.4851,24.8324],[121.4867,24.8342],[121.4903,24.8345],[121.4944,24.8365],[121.4948,24.8372],[121.4947,24.8397],[121.496,24.8415],[121.4967,24.8443],[121.4965,24.8469],[121.4972,24.8483],[121.4969,24.8498],[121.4961,24.8511],[121.4941,24.8519],[121.4927,24.8537],[121.4928,24.8566],[121.4914,24.8585],[121.4883,24.8622],[121.4912,24.8645],[121.4927,24.8665],[121.4947,24.8683],[121.4978,24.8701],[121.4992,24.8703],[121.5019,24.8729],[121.5036,24.8734],[121.5065,24.8754],[121.5071,24.8763],[121.5089,24.8775],[121.5124,24.879],[121.5147,24.8796],[121.518,24.881],[121.5207,24.8833],[121.5237,24.8838],[121.5265,24.8837],[121.5294,24.8851],[121.5325,24.8876],[121.5341,24.8896],[121.535,24.8915],[121.5369,24.8922],[121.5384,24.8934],[121.5399,24.8938],[121.5419,24.8924],[121.5439,24.8902],[121.5466,24.8884],[121.5479,24.8886],[121.5503,24.891],[121.5543,24.8917],[121.5559,24.8914],[121.557,24.8907],[121.5591,24.8906],[121.5642,24.8868],[121.5646,24.8834],[121.5643,24.8825],[121.5648,24.8802],[121.5644,24.8784],[121.5646,24.8772],[121.5668,24.877],[121.5679,24.8776],[121.5699,24.8766],[121.5714,24.8769],[121.5734,24.8748],[121.5758,24.8751],[121.5781,24.8742],[121.5798,24.8743],[121.5834,24.8734],[121.5852,24.8726],[121.5859,24.8716],[121.5882,24.8701],[121.59,24.8694],[121.5914,24.867],[121.5928,24.8661],[121.5956,24.8664],[121.5965,24.866],[121.5977,24.8641],[121.5996,24.8639],[121.6013,24.8632],[121.6054,24.8633],[121.6093,24.863],[121.6121,24.862],[121.6149,24.8613],[121.6157,24.8607],[121.6179,24.8619],[121.6197,24.8616],[121.6204,24.8631],[121.621,24.8632],[121.6231,24.8623],[121.6258,24.8614],[121.6296,24.8615],[121.6319,24.8593],[121.6341,24.8589],[121.6352,24.8574],[121.6369,24.8592],[121.6375,24.8593],[121.6384,24.8609],[121.6407,24.862],[121.6415,24.862],[121.6433,24.8606],[121.6447,24.8607],[121.6456,24.8595],[121.6506,24.8569],[121.6513,24.856],[121.653,24.8552],[121.6538,24.8534],[121.6546,24.8528],[121.6551,24.8514],[121.6571,24.8496],[121.6579,24.8504],[121.6597,24.8508],[121.6621,24.85],[121.6648,24.8496],[121.6656,24.8504],[121.6689,24.8484],[121.6699,24.8481],[121.6731,24.8492],[121.6737,24.8489],[121.6774,24.8497],[121.6778,24.849],[121.6796,24.8496],[121.6817,24.8496],[121.6821,24.8502],[121.6845,24.8499],[121.6853,24.8494],[121.6866,24.8499],[121.6878,24.8498],[121.6886,24.8484],[121.6906,24.8482],[121.6917,24.8465],[121.692,24.845],[121.6943,24.8436],[121.6966,24.8436],[121.6974,24.8431],[121.7022,24.8427],[121.7049,24.8417],[121.7059,24.8402],[121.7075,24.8389],[121.7033,24.8352],[121.7017,24.8344],[121.6999,24.8349],[121.6991,24.8355],[121.6981,24.8342],[121.6964,24.8346],[121.6967,24.8337],[121.6961,24.832],[121.6964,24.8304],[121.6959,24.8297],[121.6945,24.8292],[121.6918,24.8272],[121.691,24.8272],[121.6889,24.8262],[121.6877,24.825],[121.6877,24.8243],[121.6897,24.8227],[121.6901,24.8214],[121.6889,24.8193],[121.6893,24.8173],[121.6884,24.8162],[121.6872,24.8163],[121.6862,24.8175],[121.6831,24.8169],[121.6808,24.8175],[121.6789,24.8153],[121.6767,24.8141],[121.6753,24.8147],[121.6742,24.8141],[121.6726,24.8151],[121.671,24.8169],[121.669,24.818],[121.6688,24.8169],[121.6673,24.8162],[121.6658,24.8148],[121.6648,24.8144],[121.663,24.8126],[121.661,24.8118],[121.6607,24.8109],[121.6531,24.8113],[121.6518,24.8117],[121.6504,24.813],[121.6487,24.8127],[121.6475,24.8139],[121.6464,24.8108],[121.6457,24.8097],[121.6444,24.8092],[121.642,24.8104],[121.6403,24.8103],[121.6388,24.8107],[121.6372,24.8094],[121.6344,24.8091],[121.6322,24.8092],[121.6301,24.8089],[121.628,24.808],[121.626,24.8088],[121.6257,24.8086],[121.6264,24.8058],[121.6261,24.8034],[121.6248,24.8016],[121.6251,24.7994],[121.626,24.7965],[121.6253,24.795],[121.6235,24.7944]]]}},{"type":"Feature","properties":{"c":"新北市","t":"淡水區"},"geometry":{"type":"Polygon","coordinates":[[[121.5217,25.1791],[121.5217,25.179],[121.5219,25.1786],[121.5222,25.1782],[121.5223,25.1779],[121.5221,25.177],[121.522,25.1766],[121.5222,25.1763],[121.5223,25.1762],[121.5224,25.1759],[121.5224,25.1757],[121.5224,25.1755],[121.5224,25.1753],[121.5226,25.1748],[121.5225,25.1745],[121.5225,25.1744],[121.5224,25.1742],[121.522,25.1737],[121.5219,25.1736],[121.5218,25.1735],[121.5217,25.1733],[121.5216,25.1733],[121.5215,25.173],[121.5212,25.1724],[121.5212,25.1721],[121.5212,25.1714],[121.5211,25.1713],[121.521,25.1711],[121.5209,25.1708],[121.5205,25.1704],[121.5205,25.1702],[121.5204,25.1701],[121.5202,25.1698],[121.5202,25.1697],[121.52,25.1694],[121.5198,25.1692],[121.5196,25.1692],[121.5194,25.1693],[121.5191,25.1694],[121.5189,25.1695],[121.5186,25.1696],[121.5181,25.1698],[121.518,25.1699],[121.5177,25.17],[121.5174,25.17],[121.5169,25.1701],[121.5165,25.1701],[121.5163,25.1702],[121.516,25.1703],[121.5158,25.1704],[121.5157,25.1704],[121.5151,25.1706],[121.5147,25.1707],[121.5143,25.1709],[121.5139,25.171],[121.5135,25.171],[121.513,25.1709],[121.5121,25.1703],[121.5118,25.1699],[121.5115,25.1697],[121.5113,25.1694],[121.5104,25.1694],[121.51,25.1696],[121.5097,25.1697],[121.5093,25.1699],[121.5091,25.17],[121.5082,25.1704],[121.5081,25.1704],[121.5079,25.1705],[121.5076,25.1708],[121.5074,25.171],[121.5071,25.1712],[121.5069,25.1712],[121.5066,25.1712],[121.5063,25.171],[121.5057,25.1711],[121.5056,25.1713],[121.5056,25.1713],[121.5055,25.1715],[121.5054,25.1716],[121.5053,25.1718],[121.5054,25.1723],[121.5054,25.1724],[121.5054,25.1727],[121.5054,25.1727],[121.5051,25.173],[121.5049,25.1732],[121.5039,25.1733],[121.5033,25.1733],[121.5026,25.1733],[121.5026,25.1732],[121.5026,25.1731],[121.5023,25.172],[121.5022,25.1719],[121.5022,25.1718],[121.5019,25.1715],[121.5017,25.1714],[121.5017,25.1713],[121.5017,25.1711],[121.5017,25.1709],[121.5018,25.1708],[121.5018,25.1706],[121.5019,25.1701],[121.5019,25.17],[121.5019,25.1699],[121.5019,25.1695],[121.5019,25.1694],[121.5018,25.1693],[121.5015,25.1691],[121.5009,25.1688],[121.5007,25.1687],[121.5005,25.1686],[121.5004,25.1686],[121.5003,25.1685],[121.5,25.1681],[121.4998,25.1679],[121.4997,25.1676],[121.4996,25.1674],[121.4995,25.1671],[121.4993,25.166],[121.4991,25.1656],[121.4989,25.1653],[121.4988,25.165],[121.4985,25.1647],[121.4979,25.1641],[121.4977,25.1639],[121.4975,25.1638],[121.4973,25.1637],[121.4971,25.1636],[121.4967,25.1634],[121.4964,25.1633],[121.4962,25.1632],[121.4958,25.163],[121.4956,25.1628],[121.4953,25.1626],[121.4949,25.1621],[121.4948,25.162],[121.4938,25.1614],[121.4937,25.1614],[121.4927,25.1607],[121.4926,25.1606],[121.4924,25.1604],[121.4923,25.1603],[121.4922,25.1601],[121.4919,25.1597],[121.4916,25.1591],[121.4916,25.1588],[121.4915,25.1587],[121.4913,25.1585],[121.4911,25.158],[121.4909,25.1578],[121.4902,25.1567],[121.4901,25.1565],[121.49,25.1564],[121.4898,25.1562],[121.4897,25.1561],[121.4896,25.1558],[121.4896,25.1557],[121.4893,25.1554],[121.4886,25.1542],[121.4883,25.1539],[121.4881,25.1535],[121.4879,25.1533],[121.4877,25.1532],[121.4876,25.1529],[121.4876,25.1525],[121.4876,25.1523],[121.4874,25.1518],[121.4875,25.1517],[121.4875,25.1514],[121.4868,25.1509],[121.4865,25.1508],[121.4847,25.1509],[121.4837,25.1507],[121.4836,25.1507],[121.4832,25.1505],[121.483,25.1503],[121.4828,25.1502],[121.4825,25.1498],[121.4824,25.1495],[121.4823,25.1494],[121.4822,25.1492],[121.4821,25.1491],[121.482,25.1488],[121.482,25.1487],[121.4819,25.1485],[121.4818,25.1483],[121.4817,25.148],[121.4814,25.1477],[121.4813,25.1476],[121.481,25.1473],[121.4808,25.1471],[121.4806,25.1469],[121.4806,25.1468],[121.4805,25.1467],[121.4804,25.1467],[121.4803,25.1466],[121.48,25.1464],[121.4796,25.1461],[121.4794,25.1459],[121.4793,25.1458],[121.4792,25.1457],[121.479,25.1456],[121.4785,25.1452],[121.4782,25.145],[121.478,25.1448],[121.4778,25.1446],[121.4777,25.1445],[121.4775,25.1443],[121.4773,25.1442],[121.477,25.1441],[121.4768,25.144],[121.4767,25.1439],[121.4766,25.1437],[121.4766,25.1432],[121.4766,25.1431],[121.4764,25.1428],[121.4763,25.1427],[121.4762,25.1426],[121.4759,25.1423],[121.4756,25.1421],[121.4754,25.1419],[121.4753,25.1417],[121.4752,25.1416],[121.4749,25.1412],[121.4747,25.141],[121.4745,25.1409],[121.4743,25.1407],[121.474,25.1404],[121.4737,25.1402],[121.4729,25.1396],[121.4726,25.1393],[121.4725,25.1391],[121.4723,25.1388],[121.4723,25.1386],[121.4722,25.1382],[121.472,25.1377],[121.4718,25.1375],[121.4718,25.1375],[121.4716,25.1373],[121.4715,25.1373],[121.4713,25.137],[121.4712,25.137],[121.4711,25.1369],[121.4707,25.1367],[121.4702,25.1364],[121.47,25.1363],[121.4697,25.1361],[121.4694,25.1359],[121.4692,25.1358],[121.4689,25.1356],[121.4688,25.1355],[121.4687,25.1353],[121.4684,25.1348],[121.4684,25.1345],[121.4683,25.1343],[121.468,25.1341],[121.4679,25.134],[121.4677,25.1337],[121.4676,25.1336],[121.4673,25.1333],[121.4671,25.1332],[121.4669,25.133],[121.4667,25.1329],[121.4664,25.1325],[121.4663,25.1324],[121.4661,25.1321],[121.466,25.132],[121.4657,25.1318],[121.4656,25.1316],[121.4654,25.131],[121.4654,25.1306],[121.4652,25.13],[121.4651,25.1298],[121.465,25.1294],[121.4649,25.1292],[121.4649,25.129],[121.4648,25.1288],[121.4647,25.1285],[121.4645,25.1282],[121.4643,25.1274],[121.4643,25.1273],[121.4645,25.1267],[121.4646,25.1262],[121.4647,25.1261],[121.4647,25.1258],[121.4647,25.1258],[121.4647,25.1255],[121.4647,25.1254],[121.4647,25.1251],[121.4646,25.1248],[121.4646,25.1247],[121.4646,25.1246],[121.4647,25.1245],[121.4648,25.1243],[121.4648,25.1242],[121.4645,25.1242],[121.4638,25.1239],[121.4635,25.1239],[121.4627,25.1237],[121.4622,25.1236],[121.4617,25.1236],[121.4616,25.1234],[121.4615,25.1232],[121.4614,25.123],[121.4611,25.123],[121.4609,25.123],[121.4606,25.123],[121.4601,25.123],[121.46,25.1229],[121.4594,25.123],[121.4592,25.1229],[121.4589,25.123],[121.4588,25.1229],[121.4588,25.1241],[121.4568,25.1266],[121.4557,25.133],[121.4545,25.1388],[121.4535,25.1425],[121.4526,25.1467],[121.4504,25.1527],[121.4492,25.1546],[121.4463,25.1578],[121.441,25.1626],[121.4332,25.1677],[121.4301,25.1688],[121.4242,25.1715],[121.4174,25.1755],[121.4188,25.1774],[121.4178,25.1794],[121.4164,25.1807],[121.4095,25.1819],[121.4076,25.1825],[121.4043,25.1831],[121.4046,25.1861],[121.4039,25.187],[121.4048,25.1898],[121.41,25.1907],[121.4118,25.1907],[121.4122,25.1899],[121.4142,25.1901],[121.4159,25.1907],[121.4167,25.1915],[121.4187,25.1915],[121.4194,25.1925],[121.4185,25.1929],[121.4178,25.1944],[121.4187,25.1951],[121.4182,25.1963],[121.4189,25.1993],[121.4236,25.2062],[121.4247,25.2079],[121.4287,25.2123],[121.4301,25.215],[121.4309,25.2159],[121.4359,25.2171],[121.4376,25.218],[121.4373,25.2197],[121.4394,25.2243],[121.4409,25.2284],[121.4423,25.2297],[121.4435,25.2325],[121.4434,25.2342],[121.4454,25.238],[121.4461,25.2404],[121.4459,25.2419],[121.4481,25.2433],[121.4503,25.2444],[121.4549,25.2439],[121.4556,25.2432],[121.457,25.2431],[121.4575,25.2424],[121.4574,25.2413],[121.4588,25.2403],[121.4605,25.2399],[121.4615,25.2401],[121.4635,25.2392],[121.4677,25.2391],[121.4682,25.2386],[121.4692,25.2399],[121.4709,25.2389],[121.4734,25.238],[121.4735,25.2375],[121.475,25.2378],[121.4786,25.236],[121.4839,25.2342],[121.4849,25.2336],[121.49,25.2318],[121.4922,25.2319],[121.4965,25.2305],[121.4976,25.2293],[121.4963,25.2271],[121.4969,25.2257],[121.4976,25.2253],[121.4996,25.2253],[121.5015,25.2238],[121.5003,25.2216],[121.4982,25.222],[121.4985,25.2207],[121.4962,25.2222],[121.4962,25.2204],[121.4969,25.2182],[121.4985,25.2159],[121.4977,25.2138],[121.496,25.2146],[121.4929,25.2119],[121.4914,25.2128],[121.4912,25.2115],[121.4889,25.2109],[121.4868,25.2114],[121.485,25.2083],[121.4863,25.2074],[121.4865,25.2063],[121.4852,25.2054],[121.4862,25.2043],[121.4886,25.2028],[121.4892,25.2019],[121.4888,25.2003],[121.4864,25.1995],[121.4856,25.1989],[121.4855,25.1974],[121.4912,25.1963],[121.493,25.195],[121.493,25.1934],[121.4948,25.1929],[121.4947,25.192],[121.4955,25.1911],[121.4968,25.1918],[121.5008,25.193],[121.5026,25.1927],[121.5031,25.1908],[121.5052,25.1901],[121.5062,25.1903],[121.5077,25.1888],[121.5076,25.1876],[121.5098,25.1876],[121.512,25.1853],[121.5153,25.1834],[121.5193,25.1825],[121.5207,25.1803],[121.5217,25.1791]]]}},{"type":"Feature","properties":{"c":"新北市","t":"瑞芳區"},"geometry":{"type":"Polygon","coordinates":[[[121.7757,25.0701],[121.7736,25.0731],[121.7722,25.0741],[121.7713,25.0761],[121.7694,25.0779],[121.7671,25.0788],[121.7617,25.0784],[121.76,25.081],[121.7591,25.0845],[121.7596,25.0868],[121.7592,25.0887],[121.7598,25.0902],[121.759,25.0919],[121.7584,25.0948],[121.7594,25.0963],[121.7594,25.0993],[121.7599,25.1005],[121.7568,25.1019],[121.7567,25.1028],[121.758,25.1034],[121.7575,25.1041],[121.7574,25.1066],[121.7561,25.1084],[121.7539,25.1087],[121.7527,25.1068],[121.7509,25.1078],[121.75,25.1097],[121.7518,25.111],[121.757,25.1101],[121.7594,25.1126],[121.7614,25.1124],[121.7633,25.1134],[121.7655,25.1132],[121.7669,25.1125],[121.768,25.114],[121.7697,25.115],[121.7705,25.1168],[121.7714,25.1175],[121.7716,25.1185],[121.773,25.1201],[121.7749,25.1199],[121.7758,25.1187],[121.7771,25.1186],[121.7794,25.1176],[121.7806,25.1177],[121.7835,25.1166],[121.7853,25.1182],[121.786,25.1181],[121.7873,25.1159],[121.7901,25.1123],[121.7929,25.1129],[121.7947,25.1126],[121.7957,25.1137],[121.7978,25.1143],[121.7979,25.1161],[121.7986,25.1167],[121.7976,25.1177],[121.7987,25.1184],[121.7988,25.1193],[121.7976,25.1198],[121.7971,25.1213],[121.7942,25.1233],[121.7946,25.1264],[121.7976,25.125],[121.7981,25.1243],[121.7991,25.1244],[121.7998,25.1231],[121.8007,25.123],[121.8022,25.1218],[121.8031,25.1222],[121.8034,25.1235],[121.8049,25.1251],[121.805,25.1258],[121.8038,25.1272],[121.8042,25.1285],[121.8053,25.1292],[121.8053,25.1311],[121.8039,25.1335],[121.8025,25.1343],[121.8035,25.1362],[121.8069,25.1356],[121.8074,25.1347],[121.8104,25.1331],[121.8118,25.1337],[121.8139,25.1341],[121.8154,25.1348],[121.8174,25.1341],[121.8198,25.1348],[121.8219,25.136],[121.8253,25.1361],[121.8266,25.1356],[121.8258,25.1347],[121.823,25.1325],[121.822,25.1326],[121.8217,25.1306],[121.8198,25.1294],[121.8191,25.127],[121.8196,25.1248],[121.8211,25.1224],[121.8225,25.1214],[121.8254,25.1217],[121.8256,25.1226],[121.828,25.1227],[121.8296,25.1244],[121.8285,25.1273],[121.8303,25.1278],[121.8315,25.127],[121.8318,25.1277],[121.8338,25.127],[121.8341,25.1284],[121.8365,25.128],[121.839,25.1286],[121.8395,25.1281],[121.8407,25.1286],[121.8421,25.1281],[121.8418,25.1289],[121.843,25.1285],[121.8429,25.1278],[121.8449,25.1273],[121.8489,25.1273],[121.85,25.1267],[121.8527,25.1262],[121.8561,25.1248],[121.8591,25.1249],[121.8606,25.1246],[121.8624,25.1263],[121.8628,25.1254],[121.8626,25.1243],[121.8641,25.1242],[121.865,25.1232],[121.8685,25.1232],[121.8695,25.1252],[121.8703,25.1253],[121.8706,25.1244],[121.8715,25.1238],[121.8725,25.1254],[121.8736,25.1248],[121.876,25.1256],[121.8774,25.1251],[121.8779,25.1236],[121.88,25.1231],[121.8812,25.1238],[121.8844,25.1233],[121.8863,25.1225],[121.8883,25.1226],[121.8897,25.1217],[121.889,25.1205],[121.8898,25.1199],[121.891,25.1203],[121.8921,25.1197],[121.8931,25.1206],[121.8946,25.1202],[121.896,25.121],[121.896,25.1202],[121.8971,25.1197],[121.9007,25.1208],[121.9044,25.1233],[121.9045,25.1243],[121.9066,25.1239],[121.9081,25.124],[121.9103,25.1234],[121.9118,25.1242],[121.9134,25.1245],[121.9146,25.1242],[121.9152,25.1248],[121.9157,25.1267],[121.9165,25.1273],[121.9189,25.1276],[121.9212,25.1285],[121.9222,25.1296],[121.924,25.1301],[121.9261,25.1297],[121.9268,25.1288],[121.9241,25.1241],[121.9226,25.1223],[121.9211,25.1218],[121.9196,25.1205],[121.9182,25.1202],[121.9143,25.1186],[121.9131,25.1177],[121.9115,25.1178],[121.9084,25.1167],[121.9079,25.1175],[121.9063,25.1174],[121.9056,25.1168],[121.9021,25.1159],[121.9016,25.1148],[121.9,25.1137],[121.8976,25.1138],[121.8966,25.1113],[121.895,25.11],[121.8947,25.1087],[121.8965,25.1048],[121.8974,25.1035],[121.8957,25.1012],[121.8924,25.1006],[121.8907,25.101],[121.8901,25.1004],[121.8874,25.1003],[121.8852,25.0991],[121.883,25.0985],[121.8817,25.0978],[121.8785,25.095],[121.8755,25.0946],[121.8742,25.095],[121.8723,25.0938],[121.8704,25.094],[121.8685,25.0938],[121.8671,25.0941],[121.8668,25.095],[121.8654,25.0952],[121.8619,25.0965],[121.8582,25.0965],[121.8574,25.0973],[121.8558,25.0961],[121.8534,25.0951],[121.8526,25.092],[121.8519,25.0912],[121.8515,25.0891],[121.8499,25.089],[121.8476,25.0894],[121.8452,25.0867],[121.844,25.0847],[121.8429,25.0823],[121.8407,25.0807],[121.8404,25.0781],[121.8389,25.0761],[121.8364,25.074],[121.8351,25.0737],[121.8325,25.0718],[121.8321,25.071],[121.8324,25.0692],[121.8314,25.0673],[121.8297,25.065],[121.8297,25.0632],[121.8305,25.062],[121.8306,25.059],[121.8312,25.058],[121.8304,25.0569],[121.8307,25.0556],[121.8316,25.0549],[121.8319,25.0537],[121.8337,25.0505],[121.8338,25.0484],[121.8348,25.0473],[121.8347,25.0459],[121.834,25.0444],[121.8317,25.0442],[121.8305,25.045],[121.8276,25.0455],[121.8269,25.0449],[121.8248,25.0449],[121.8237,25.0458],[121.8215,25.0458],[121.8203,25.0436],[121.818,25.042],[121.8169,25.0421],[121.8168,25.0429],[121.8151,25.0449],[121.8147,25.0458],[121.8153,25.0475],[121.8148,25.0493],[121.8136,25.0516],[121.8134,25.0534],[121.8143,25.0573],[121.8142,25.0581],[121.8122,25.0594],[121.81,25.0597],[121.8083,25.0591],[121.8068,25.0581],[121.8058,25.0587],[121.805,25.0605],[121.8051,25.062],[121.8045,25.0636],[121.8056,25.0651],[121.8057,25.0662],[121.8047,25.0673],[121.8037,25.0676],[121.8017,25.0705],[121.8002,25.0732],[121.7979,25.0759],[121.7948,25.0774],[121.7912,25.0766],[121.7885,25.0755],[121.7858,25.0732],[121.7846,25.0725],[121.7832,25.0727],[121.7814,25.072],[121.7808,25.0711],[121.7781,25.0712],[121.7757,25.0701]]]}},{"type":"Feature","properties":{"c":"新北市","t":"林口區"},"geometry":{"type":"Polygon","coordinates":[[[121.4018,25.1076],[121.403,25.107],[121.404,25.1038],[121.4037,25.1019],[121.4041,25.1009],[121.4065,25.1027],[121.4074,25.1011],[121.4069,25.1002],[121.4082,25.0987],[121.409,25.0996],[121.4099,25.0978],[121.4095,25.097],[121.4108,25.0951],[121.4116,25.0961],[121.4126,25.0964],[121.4118,25.0927],[121.408,25.0958],[121.4077,25.0957],[121.4095,25.0932],[121.4087,25.092],[121.41,25.0921],[121.4106,25.0897],[121.4081,25.0885],[121.4082,25.0868],[121.4092,25.086],[121.4091,25.0843],[121.4108,25.0824],[121.4123,25.0822],[121.413,25.0805],[121.415,25.0826],[121.4143,25.0806],[121.4146,25.0788],[121.4133,25.0793],[121.4125,25.0807],[121.411,25.0818],[121.4091,25.0826],[121.4094,25.0815],[121.4087,25.0805],[121.407,25.0823],[121.4045,25.0835],[121.4034,25.0846],[121.4018,25.0845],[121.4027,25.0837],[121.4023,25.0831],[121.4033,25.0816],[121.4031,25.0804],[121.4051,25.0804],[121.4051,25.0794],[121.4038,25.0783],[121.4036,25.0772],[121.402,25.0764],[121.4031,25.0761],[121.4049,25.0771],[121.4057,25.0764],[121.4079,25.077],[121.4083,25.0758],[121.4062,25.0759],[121.4049,25.0752],[121.4025,25.075],[121.3992,25.0761],[121.3982,25.0761],[121.3994,25.0747],[121.399,25.0729],[121.3994,25.0711],[121.3992,25.069],[121.3984,25.0682],[121.3991,25.0681],[121.4006,25.0697],[121.402,25.0701],[121.4015,25.0721],[121.4031,25.0705],[121.404,25.0701],[121.4059,25.0702],[121.4062,25.0688],[121.4041,25.0679],[121.4029,25.0681],[121.4028,25.0666],[121.4041,25.0659],[121.4056,25.0645],[121.4055,25.0633],[121.4037,25.0626],[121.4035,25.0643],[121.4029,25.0636],[121.4002,25.0631],[121.4006,25.0646],[121.4,25.0654],[121.3973,25.0657],[121.3948,25.0667],[121.3966,25.0677],[121.3955,25.0686],[121.397,25.0707],[121.3971,25.0724],[121.396,25.0731],[121.3941,25.072],[121.3919,25.0702],[121.3912,25.0692],[121.3901,25.0696],[121.3899,25.0681],[121.3883,25.068],[121.3888,25.069],[121.3876,25.07],[121.387,25.0722],[121.3878,25.0728],[121.3862,25.0728],[121.3857,25.0721],[121.3859,25.0707],[121.3854,25.07],[121.3843,25.0715],[121.3826,25.0714],[121.3808,25.072],[121.3784,25.072],[121.3774,25.0728],[121.3773,25.0719],[121.3789,25.071],[121.3807,25.0707],[121.381,25.0701],[121.3824,25.0701],[121.3829,25.069],[121.3827,25.0661],[121.3799,25.0661],[121.3801,25.0651],[121.3767,25.0661],[121.3744,25.066],[121.3673,25.0651],[121.3642,25.065],[121.3582,25.0649],[121.3549,25.0652],[121.3549,25.0654],[121.355,25.0672],[121.3538,25.0678],[121.3538,25.0686],[121.3523,25.0688],[121.3523,25.0679],[121.3503,25.0693],[121.3489,25.0699],[121.3465,25.0703],[121.3482,25.0711],[121.3487,25.0721],[121.3496,25.0713],[121.3505,25.072],[121.3506,25.0729],[121.3521,25.0737],[121.3535,25.0734],[121.3517,25.0745],[121.3499,25.0735],[121.3504,25.0752],[121.35,25.0765],[121.3487,25.0742],[121.348,25.0738],[121.3444,25.0733],[121.3418,25.0727],[121.3427,25.0732],[121.3411,25.0735],[121.3405,25.0741],[121.3406,25.0763],[121.3415,25.0766],[121.3428,25.0753],[121.3437,25.0751],[121.3461,25.0756],[121.3445,25.0761],[121.3439,25.0774],[121.3443,25.078],[121.3459,25.0768],[121.3451,25.0783],[121.3466,25.0784],[121.3479,25.0791],[121.3465,25.0795],[121.3436,25.0796],[121.3425,25.0801],[121.3469,25.0807],[121.3489,25.0812],[121.3502,25.0812],[121.3492,25.0824],[121.3482,25.0824],[121.3467,25.0835],[121.3415,25.0841],[121.3387,25.0836],[121.3364,25.0852],[121.3335,25.0866],[121.3326,25.0867],[121.331,25.088],[121.3301,25.0883],[121.328,25.091],[121.3247,25.0926],[121.3213,25.0926],[121.3195,25.0932],[121.3182,25.093],[121.317,25.094],[121.3157,25.0942],[121.3135,25.0953],[121.3104,25.0966],[121.3052,25.0967],[121.3044,25.0964],[121.3028,25.0968],[121.3014,25.0985],[121.3012,25.1017],[121.3,25.1023],[121.2998,25.1035],[121.2983,25.1045],[121.2955,25.103],[121.2939,25.1031],[121.2916,25.1026],[121.2907,25.1049],[121.2903,25.1067],[121.2867,25.107],[121.2848,25.1088],[121.283,25.1094],[121.2827,25.1101],[121.2838,25.1121],[121.2838,25.1144],[121.2834,25.1178],[121.2877,25.1179],[121.2913,25.1186],[121.2926,25.1191],[121.2949,25.1208],[121.2962,25.1228],[121.2968,25.1226],[121.2964,25.1246],[121.2967,25.1262],[121.2982,25.1253],[121.2988,25.1242],[121.3006,25.1252],[121.3042,25.1242],[121.3045,25.1259],[121.305,25.1261],[121.3095,25.1259],[121.31,25.1255],[121.3102,25.1238],[121.3135,25.1235],[121.3165,25.1241],[121.3189,25.1239],[121.3201,25.1234],[121.3235,25.1243],[121.3247,25.124],[121.3269,25.1242],[121.3307,25.1255],[121.3317,25.1253],[121.3355,25.1261],[121.3386,25.127],[121.3417,25.1287],[121.345,25.1284],[121.3469,25.1299],[121.3486,25.1301],[121.3534,25.1316],[121.3554,25.1331],[121.3599,25.1347],[121.3645,25.1379],[121.3653,25.1402],[121.3658,25.1397],[121.3665,25.1356],[121.3671,25.1339],[121.3688,25.1322],[121.3706,25.1286],[121.3722,25.1269],[121.3726,25.1259],[121.3743,25.1246],[121.3747,25.1224],[121.3759,25.1214],[121.377,25.1215],[121.3769,25.1197],[121.3796,25.1177],[121.38,25.1168],[121.3813,25.1165],[121.3833,25.1147],[121.3859,25.1149],[121.3854,25.1128],[121.3865,25.1114],[121.3852,25.1099],[121.3855,25.1093],[121.3871,25.1091],[121.3882,25.1069],[121.3892,25.1066],[121.3917,25.1006],[121.3923,25.1012],[121.3933,25.1005],[121.3926,25.104],[121.3929,25.1047],[121.3934,25.1024],[121.3945,25.1014],[121.3957,25.0993],[121.395,25.0978],[121.3961,25.0964],[121.3969,25.0932],[121.3961,25.0904],[121.3964,25.0878],[121.3954,25.0862],[121.3946,25.0861],[121.3941,25.0876],[121.3946,25.0881],[121.3926,25.089],[121.3927,25.0875],[121.3911,25.0875],[121.39,25.0881],[121.39,25.087],[121.3927,25.0864],[121.3928,25.0845],[121.3936,25.0841],[121.3926,25.0821],[121.3925,25.0806],[121.3936,25.08],[121.3943,25.082],[121.3949,25.0822],[121.3953,25.0838],[121.396,25.0836],[121.396,25.0822],[121.3985,25.0809],[121.3986,25.082],[121.3972,25.083],[121.3973,25.0845],[121.3986,25.0841],[121.3994,25.0857],[121.3998,25.0878],[121.4021,25.0875],[121.4023,25.0892],[121.4004,25.0894],[121.4008,25.0918],[121.402,25.0919],[121.4031,25.0935],[121.4029,25.0949],[121.404,25.0955],[121.4018,25.0979],[121.4024,25.0986],[121.4021,25.0997],[121.4008,25.1017],[121.402,25.1012],[121.4017,25.1034],[121.4025,25.1036],[121.4021,25.1048],[121.4002,25.1063],[121.402,25.1061],[121.4018,25.1076]]]}},{"type":"Feature","properties":{"c":"新北市","t":"三芝區"},"geometry":{"type":"Polygon","coordinates":[[[121.5217,25.1791],[121.5207,25.1803],[121.5193,25.1825],[121.5153,25.1834],[121.512,25.1853],[121.5098,25.1876],[121.5076,25.1876],[121.5077,25.1888],[121.5062,25.1903],[121.5052,25.1901],[121.5031,25.1908],[121.5026,25.1927],[121.5008,25.193],[121.4968,25.1918],[121.4955,25.1911],[121.4947,25.192],[121.4948,25.1929],[121.493,25.1934],[121.493,25.195],[121.4912,25.1963],[121.4855,25.1974],[121.4856,25.1989],[121.4864,25.1995],[121.4888,25.2003],[121.4892,25.2019],[121.4886,25.2028],[121.4862,25.2043],[121.4852,25.2054],[121.4865,25.2063],[121.4863,25.2074],[121.485,25.2083],[121.4868,25.2114],[121.4889,25.2109],[121.4912,25.2115],[121.4914,25.2128],[121.4929,25.2119],[121.496,25.2146],[121.4977,25.2138],[121.4985,25.2159],[121.4969,25.2182],[121.4962,25.2204],[121.4962,25.2222],[121.4985,25.2207],[121.4982,25.222],[121.5003,25.2216],[121.5015,25.2238],[121.4996,25.2253],[121.4976,25.2253],[121.4969,25.2257],[121.4963,25.2271],[121.4976,25.2293],[121.4965,25.2305],[121.4922,25.2319],[121.49,25.2318],[121.4849,25.2336],[121.4839,25.2342],[121.4786,25.236],[121.475,25.2378],[121.4735,25.2375],[121.4734,25.238],[121.4709,25.2389],[121.4692,25.2399],[121.4682,25.2386],[121.4677,25.2391],[121.4635,25.2392],[121.4615,25.2401],[121.4605,25.2399],[121.4588,25.2403],[121.4574,25.2413],[121.4575,25.2424],[121.457,25.2431],[121.4556,25.2432],[121.4549,25.2439],[121.4503,25.2444],[121.4481,25.2433],[121.4459,25.2419],[121.4458,25.2426],[121.4472,25.2452],[121.4476,25.2467],[121.4508,25.2508],[121.4527,25.2528],[121.4562,25.2531],[121.4575,25.253],[121.4609,25.2521],[121.4625,25.2521],[121.4673,25.2533],[121.4697,25.255],[121.4716,25.256],[121.4729,25.2573],[121.4749,25.2606],[121.4753,25.2628],[121.4759,25.2634],[121.477,25.2663],[121.478,25.2676],[121.481,25.2709],[121.4856,25.2728],[121.4867,25.2728],[121.4889,25.274],[121.491,25.2747],[121.4922,25.2759],[121.4938,25.2764],[121.4955,25.2779],[121.4973,25.2788],[121.5012,25.2799],[121.5027,25.2798],[121.5037,25.2814],[121.5064,25.2814],[121.506,25.2822],[121.5077,25.2828],[121.508,25.28],[121.5087,25.2794],[121.5084,25.2781],[121.5104,25.2776],[121.5118,25.2766],[121.5137,25.2761],[121.5151,25.2762],[121.5154,25.2748],[121.5164,25.2729],[121.5173,25.2723],[121.5197,25.269],[121.5212,25.2688],[121.5225,25.2664],[121.5237,25.2661],[121.5241,25.2637],[121.5262,25.2624],[121.5268,25.261],[121.528,25.2615],[121.5286,25.2605],[121.5297,25.2601],[121.5308,25.2609],[121.5318,25.2608],[121.5309,25.2638],[121.5323,25.2649],[121.532,25.2657],[121.5333,25.2665],[121.5335,25.2655],[121.5342,25.266],[121.5388,25.2662],[121.5403,25.2657],[121.5414,25.2665],[121.5416,25.2677],[121.5431,25.2681],[121.5458,25.2669],[121.5475,25.2654],[121.5482,25.2661],[121.55,25.2631],[121.5504,25.2618],[121.5497,25.2595],[121.5489,25.2592],[121.5479,25.2576],[121.5479,25.2548],[121.5464,25.2536],[121.5469,25.2514],[121.5477,25.2498],[121.5474,25.2482],[121.5464,25.2464],[121.5447,25.2453],[121.5459,25.2435],[121.5445,25.2414],[121.5455,25.241],[121.5464,25.2419],[121.5482,25.2428],[121.5488,25.2442],[121.5506,25.2455],[121.5518,25.2452],[121.5526,25.2439],[121.5508,25.2427],[121.554,25.2398],[121.555,25.2383],[121.5555,25.2359],[121.5565,25.2338],[121.5557,25.2312],[121.5561,25.2292],[121.5557,25.2275],[121.5575,25.2267],[121.558,25.2257],[121.5603,25.2232],[121.5627,25.222],[121.5632,25.2197],[121.5643,25.2183],[121.5651,25.2159],[121.566,25.215],[121.5644,25.2139],[121.5624,25.2141],[121.5612,25.2129],[121.5601,25.211],[121.5592,25.2102],[121.558,25.2095],[121.5579,25.2094],[121.5577,25.2092],[121.5572,25.2089],[121.5568,25.2087],[121.5559,25.2086],[121.5552,25.2085],[121.5551,25.2085],[121.555,25.2083],[121.5549,25.2082],[121.5548,25.2077],[121.5547,25.2073],[121.5546,25.2071],[121.5544,25.2066],[121.5542,25.206],[121.5541,25.2059],[121.5541,25.2058],[121.5539,25.2056],[121.5537,25.2054],[121.5536,25.2053],[121.5535,25.2053],[121.5534,25.2052],[121.5533,25.2051],[121.5533,25.205],[121.5533,25.2049],[121.5532,25.2048],[121.5532,25.2047],[121.5532,25.2045],[121.5531,25.2042],[121.5529,25.204],[121.5526,25.2039],[121.5524,25.2039],[121.5522,25.2037],[121.5519,25.2036],[121.5517,25.2033],[121.5516,25.2031],[121.5516,25.2029],[121.5516,25.2028],[121.5515,25.2023],[121.5515,25.2022],[121.5515,25.2019],[121.5517,25.2018],[121.5519,25.2016],[121.5521,25.2014],[121.5522,25.2013],[121.5524,25.2012],[121.5524,25.2011],[121.5526,25.201],[121.5526,25.2007],[121.5526,25.2005],[121.5526,25.2003],[121.5525,25.2],[121.5525,25.1997],[121.5526,25.1993],[121.5526,25.1992],[121.5526,25.199],[121.5526,25.1988],[121.5525,25.1987],[121.5523,25.1985],[121.5522,25.1983],[121.5521,25.1981],[121.552,25.198],[121.5519,25.1978],[121.5517,25.1976],[121.5515,25.1975],[121.5513,25.1974],[121.5509,25.1972],[121.5508,25.1972],[121.5506,25.1971],[121.5503,25.1972],[121.5499,25.1974],[121.5493,25.1979],[121.5489,25.1982],[121.548,25.1978],[121.5478,25.1976],[121.5471,25.197],[121.5469,25.1971],[121.5467,25.1971],[121.5464,25.197],[121.5462,25.1969],[121.5461,25.1966],[121.546,25.1964],[121.5458,25.1962],[121.5456,25.1961],[121.5454,25.196],[121.5453,25.1959],[121.5451,25.1958],[121.5449,25.1958],[121.5448,25.1956],[121.5446,25.1955],[121.5445,25.1953],[121.5441,25.1947],[121.5439,25.1945],[121.5438,25.1944],[121.5437,25.1942],[121.5436,25.1942],[121.5434,25.1941],[121.5433,25.1938],[121.5432,25.1936],[121.5432,25.1932],[121.5432,25.1929],[121.5431,25.1926],[121.5429,25.1917],[121.5428,25.1915],[121.5428,25.1914],[121.5428,25.191],[121.5428,25.1908],[121.5429,25.1903],[121.5429,25.19],[121.5429,25.1899],[121.5429,25.1897],[121.5429,25.1895],[121.5428,25.189],[121.5426,25.1888],[121.5425,25.1888],[121.5423,25.1887],[121.5421,25.1886],[121.5419,25.1883],[121.5418,25.1881],[121.5411,25.1874],[121.5408,25.1872],[121.5398,25.1871],[121.5394,25.1871],[121.5391,25.1871],[121.5389,25.187],[121.5385,25.1869],[121.5382,25.1869],[121.5378,25.1869],[121.5373,25.187],[121.5372,25.187],[121.5367,25.1869],[121.5358,25.1867],[121.5357,25.1865],[121.5356,25.1862],[121.5355,25.1858],[121.5353,25.1856],[121.5353,25.1855],[121.5352,25.1854],[121.5351,25.1853],[121.535,25.185],[121.5348,25.1847],[121.5348,25.1847],[121.5346,25.1844],[121.5345,25.1844],[121.5337,25.1839],[121.5336,25.1838],[121.5335,25.1836],[121.5333,25.1836],[121.5323,25.1836],[121.5317,25.1836],[121.5314,25.1836],[121.5312,25.1836],[121.5309,25.1836],[121.5307,25.1836],[121.5305,25.1835],[121.5303,25.1834],[121.53,25.1833],[121.5292,25.183],[121.5289,25.183],[121.5284,25.1831],[121.528,25.1832],[121.5277,25.1832],[121.5273,25.1832],[121.5269,25.1832],[121.5266,25.1831],[121.5264,25.1831],[121.5258,25.1828],[121.5255,25.1826],[121.5254,25.1825],[121.5254,25.1825],[121.5252,25.1822],[121.5251,25.1822],[121.5249,25.182],[121.5245,25.1816],[121.5241,25.1813],[121.5234,25.1806],[121.5231,25.1804],[121.5229,25.1801],[121.5228,25.18],[121.5226,25.1798],[121.5225,25.1798],[121.5223,25.1796],[121.5217,25.1791]]]}},{"type":"Feature","properties":{"c":"新北市","t":"八里區"},"geometry":{"type":"Polygon","coordinates":[[[121.459,25.1127],[121.4584,25.1128],[121.4586,25.1143],[121.457,25.1144],[121.4554,25.1162],[121.4557,25.1185],[121.453,25.1194],[121.453,25.1207],[121.4518,25.1201],[121.449,25.1202],[121.4477,25.1221],[121.4456,25.1231],[121.4431,25.1228],[121.4414,25.1232],[121.4403,25.1245],[121.4391,25.1252],[121.4384,25.125],[121.436,25.1273],[121.4333,25.1278],[121.4315,25.129],[121.4295,25.1287],[121.426,25.1297],[121.4251,25.1313],[121.4251,25.1322],[121.423,25.1313],[121.4213,25.1296],[121.4205,25.1301],[121.4172,25.1301],[121.4157,25.1294],[121.4161,25.1252],[121.415,25.123],[121.413,25.1229],[121.4108,25.1213],[121.4098,25.121],[121.4072,25.122],[121.4048,25.1226],[121.4024,25.1201],[121.4032,25.12],[121.4024,25.1185],[121.401,25.1181],[121.401,25.1151],[121.4,25.1133],[121.4007,25.1131],[121.4017,25.1104],[121.4013,25.1092],[121.4018,25.1076],[121.402,25.1061],[121.4002,25.1063],[121.4021,25.1048],[121.4025,25.1036],[121.4017,25.1034],[121.402,25.1012],[121.4008,25.1017],[121.4021,25.0997],[121.4024,25.0986],[121.4018,25.0979],[121.404,25.0955],[121.4029,25.0949],[121.4031,25.0935],[121.402,25.0919],[121.4008,25.0918],[121.4004,25.0894],[121.4023,25.0892],[121.4021,25.0875],[121.3998,25.0878],[121.3994,25.0857],[121.3986,25.0841],[121.3973,25.0845],[121.3972,25.083],[121.3986,25.082],[121.3985,25.0809],[121.396,25.0822],[121.396,25.0836],[121.3953,25.0838],[121.3949,25.0822],[121.3943,25.082],[121.3936,25.08],[121.3925,25.0806],[121.3926,25.0821],[121.3936,25.0841],[121.3928,25.0845],[121.3927,25.0864],[121.39,25.087],[121.39,25.0881],[121.3911,25.0875],[121.3927,25.0875],[121.3926,25.089],[121.3946,25.0881],[121.3941,25.0876],[121.3946,25.0861],[121.3954,25.0862],[121.3964,25.0878],[121.3961,25.0904],[121.3969,25.0932],[121.3961,25.0964],[121.395,25.0978],[121.3957,25.0993],[121.3945,25.1014],[121.3934,25.1024],[121.3929,25.1047],[121.3926,25.104],[121.3933,25.1005],[121.3923,25.1012],[121.3917,25.1006],[121.3892,25.1066],[121.3882,25.1069],[121.3871,25.1091],[121.3855,25.1093],[121.3852,25.1099],[121.3865,25.1114],[121.3854,25.1128],[121.3859,25.1149],[121.3833,25.1147],[121.3813,25.1165],[121.38,25.1168],[121.3796,25.1177],[121.3769,25.1197],[121.377,25.1215],[121.3759,25.1214],[121.3747,25.1224],[121.3743,25.1246],[121.3726,25.1259],[121.3722,25.1269],[121.3706,25.1286],[121.3688,25.1322],[121.3671,25.1339],[121.3665,25.1356],[121.3658,25.1397],[121.3673,25.1391],[121.3691,25.1396],[121.3716,25.141],[121.372,25.142],[121.3754,25.142],[121.3774,25.1429],[121.3795,25.143],[121.3827,25.1445],[121.386,25.1458],[121.3898,25.1477],[121.3878,25.1519],[121.388,25.152],[121.3917,25.168],[121.4003,25.1604],[121.4023,25.1588],[121.4055,25.1604],[121.4068,25.1624],[121.4113,25.1675],[121.4125,25.1685],[121.4133,25.1705],[121.4141,25.1712],[121.4174,25.1755],[121.4242,25.1715],[121.4301,25.1688],[121.4332,25.1677],[121.441,25.1626],[121.4463,25.1578],[121.4492,25.1546],[121.4504,25.1527],[121.4526,25.1467],[121.4535,25.1425],[121.4545,25.1388],[121.4557,25.133],[121.4568,25.1266],[121.4588,25.1241],[121.4588,25.1229],[121.4588,25.1229],[121.4588,25.1229],[121.4589,25.1227],[121.459,25.1226],[121.4593,25.1221],[121.4594,25.1218],[121.4594,25.1216],[121.4596,25.1212],[121.4596,25.1211],[121.4596,25.1209],[121.4597,25.1205],[121.4598,25.1203],[121.4598,25.1202],[121.4599,25.1196],[121.46,25.1193],[121.4601,25.119],[121.4601,25.1187],[121.4602,25.1185],[121.4603,25.1183],[121.4603,25.1181],[121.4605,25.1175],[121.4606,25.1173],[121.4607,25.1169],[121.4608,25.1167],[121.4608,25.1165],[121.4608,25.1164],[121.4609,25.1162],[121.4608,25.1161],[121.4608,25.1159],[121.4607,25.1157],[121.4605,25.1155],[121.4604,25.1153],[121.4603,25.1151],[121.4602,25.1149],[121.4601,25.1146],[121.4599,25.1144],[121.4594,25.1133],[121.4593,25.1132],[121.4592,25.1131],[121.4591,25.1128],[121.459,25.1127]]]}},{"type":"Feature","properties":{"c":"桃園市","t":"蘆竹區"},"geometry":{"type":"Polygon","coordinates":[[[121.2834,25.1178],[121.2838,25.1144],[121.2838,25.1121],[121.2827,25.1101],[121.283,25.1094],[121.2848,25.1088],[121.2867,25.107],[121.2903,25.1067],[121.2907,25.1049],[121.2916,25.1026],[121.2939,25.1031],[121.2955,25.103],[121.2983,25.1045],[121.2998,25.1035],[121.3,25.1023],[121.3012,25.1017],[121.3014,25.0985],[121.3028,25.0968],[121.3044,25.0964],[121.3052,25.0967],[121.3104,25.0966],[121.3135,25.0953],[121.3157,25.0942],[121.317,25.094],[121.3182,25.093],[121.3195,25.0932],[121.3213,25.0926],[121.3247,25.0926],[121.328,25.091],[121.3301,25.0883],[121.331,25.088],[121.3326,25.0867],[121.3335,25.0866],[121.3364,25.0852],[121.3387,25.0836],[121.3415,25.0841],[121.3467,25.0835],[121.3482,25.0824],[121.3492,25.0824],[121.3502,25.0812],[121.3489,25.0812],[121.3469,25.0807],[121.3425,25.0801],[121.3436,25.0796],[121.3465,25.0795],[121.3479,25.0791],[121.3466,25.0784],[121.3451,25.0783],[121.3459,25.0768],[121.3443,25.078],[121.3439,25.0774],[121.3445,25.0761],[121.3461,25.0756],[121.3437,25.0751],[121.3428,25.0753],[121.3415,25.0766],[121.3406,25.0763],[121.3405,25.0741],[121.3411,25.0735],[121.3427,25.0732],[121.3418,25.0727],[121.3444,25.0733],[121.348,25.0738],[121.3487,25.0742],[121.35,25.0765],[121.3504,25.0752],[121.3499,25.0735],[121.3517,25.0745],[121.3535,25.0734],[121.3521,25.0737],[121.3506,25.0729],[121.3505,25.072],[121.3496,25.0713],[121.3487,25.0721],[121.3482,25.0711],[121.3465,25.0703],[121.3489,25.0699],[121.3503,25.0693],[121.3523,25.0679],[121.3523,25.0688],[121.3538,25.0686],[121.3538,25.0678],[121.355,25.0672],[121.3549,25.0654],[121.3482,25.0658],[121.3438,25.0655],[121.3419,25.065],[121.34,25.0637],[121.3371,25.0629],[121.3346,25.0625],[121.3307,25.0609],[121.3293,25.0608],[121.3245,25.0582],[121.3238,25.0577],[121.3236,25.0563],[121.322,25.0541],[121.3207,25.054],[121.319,25.0526],[121.3179,25.0525],[121.3156,25.051],[121.3115,25.0513],[121.3083,25.0511],[121.3074,25.0491],[121.3027,25.0474],[121.2988,25.0488],[121.2958,25.0496],[121.2936,25.0498],[121.2957,25.048],[121.2957,25.0473],[121.2966,25.0463],[121.2967,25.0453],[121.2975,25.0444],[121.2979,25.0428],[121.2994,25.0406],[121.3011,25.0374],[121.3025,25.0332],[121.2964,25.0324],[121.2958,25.0313],[121.2936,25.0307],[121.2924,25.0288],[121.2908,25.0283],[121.2887,25.0264],[121.2873,25.027],[121.2875,25.028],[121.2869,25.0287],[121.2855,25.0285],[121.2846,25.0298],[121.2842,25.0321],[121.2794,25.0307],[121.2774,25.0303],[121.2786,25.028],[121.2785,25.0272],[121.2766,25.0258],[121.2753,25.0264],[121.2747,25.0259],[121.2749,25.0238],[121.2735,25.0234],[121.2717,25.0223],[121.272,25.018],[121.2729,25.0175],[121.2736,25.0147],[121.2759,25.0096],[121.2774,25.0077],[121.2783,25.0057],[121.2794,25.0023],[121.2803,25.0008],[121.2791,25.0003],[121.2777,24.9983],[121.2761,24.997],[121.2755,24.9959],[121.2752,24.9939],[121.2744,24.9934],[121.2743,24.9922],[121.2749,24.9903],[121.274,24.9882],[121.2729,24.9898],[121.2731,24.9904],[121.2712,24.9907],[121.2683,24.9891],[121.268,24.99],[121.266,24.9896],[121.2645,24.9897],[121.2598,24.9871],[121.2597,24.9876],[121.257,24.9935],[121.2564,24.9937],[121.2568,24.996],[121.2555,24.9982],[121.2541,25.0029],[121.252,25.0053],[121.2513,25.0055],[121.2498,25.0075],[121.2495,25.0089],[121.2489,25.0087],[121.2476,25.0107],[121.2462,25.014],[121.2442,25.0159],[121.2436,25.0175],[121.2415,25.0197],[121.2398,25.0222],[121.2383,25.0232],[121.2376,25.0255],[121.2355,25.0286],[121.2325,25.0302],[121.2322,25.0312],[121.2348,25.0323],[121.2343,25.0362],[121.2367,25.0378],[121.2366,25.0385],[121.2376,25.0391],[121.237,25.0403],[121.2368,25.0426],[121.24,25.0449],[121.2422,25.0456],[121.2431,25.0465],[121.2444,25.0459],[121.2477,25.0473],[121.2464,25.0483],[121.2483,25.0498],[121.2458,25.0538],[121.2454,25.0553],[121.2486,25.0569],[121.2511,25.0573],[121.249,25.0602],[121.2497,25.0613],[121.2521,25.062],[121.2545,25.0608],[121.2574,25.0626],[121.2623,25.0664],[121.262,25.0678],[121.2624,25.069],[121.2641,25.0695],[121.2648,25.0705],[121.2655,25.0733],[121.2671,25.0735],[121.2676,25.0728],[121.2704,25.0736],[121.2715,25.0748],[121.273,25.0772],[121.2732,25.0786],[121.2726,25.0802],[121.2709,25.0813],[121.2674,25.0822],[121.266,25.0831],[121.2653,25.0841],[121.2652,25.0857],[121.2644,25.0874],[121.2633,25.0886],[121.2621,25.0907],[121.2581,25.0935],[121.2574,25.095],[121.2566,25.0982],[121.2548,25.1005],[121.254,25.1027],[121.2538,25.1052],[121.253,25.109],[121.2525,25.1131],[121.2507,25.1148],[121.2485,25.1178],[121.2484,25.1195],[121.2496,25.1202],[121.2498,25.1214],[121.2531,25.1208],[121.2576,25.1221],[121.2598,25.1236],[121.2616,25.1224],[121.2638,25.122],[121.269,25.1199],[121.278,25.1184],[121.2798,25.1178],[121.2834,25.1178]]]}},{"type":"Feature","properties":{"c":"桃園市","t":"龜山區"},"geometry":{"type":"Polygon","coordinates":[[[121.3549,25.0654],[121.3549,25.0652],[121.3582,25.0649],[121.3642,25.065],[121.3673,25.0651],[121.3744,25.066],[121.3767,25.0661],[121.3801,25.0651],[121.3821,25.0643],[121.3829,25.0629],[121.3839,25.0627],[121.3862,25.0632],[121.3871,25.0626],[121.3883,25.0629],[121.3883,25.0615],[121.3911,25.0615],[121.3909,25.0608],[121.389,25.0607],[121.3877,25.0596],[121.3897,25.0591],[121.3885,25.0581],[121.3887,25.057],[121.3857,25.0581],[121.3857,25.0569],[121.3873,25.0555],[121.3873,25.0546],[121.3858,25.0531],[121.3846,25.0525],[121.3862,25.0526],[121.3893,25.0535],[121.3899,25.0528],[121.3909,25.0534],[121.3907,25.0542],[121.3926,25.0551],[121.391,25.0536],[121.3929,25.054],[121.3944,25.0531],[121.3965,25.0524],[121.3974,25.0515],[121.4007,25.0514],[121.4002,25.051],[121.4003,25.0496],[121.3997,25.0494],[121.398,25.0511],[121.3975,25.0504],[121.3983,25.0498],[121.3985,25.0485],[121.3966,25.0496],[121.3952,25.0496],[121.3947,25.0504],[121.3943,25.0496],[121.3944,25.0475],[121.396,25.0486],[121.3994,25.0478],[121.398,25.0468],[121.3999,25.045],[121.4008,25.0454],[121.403,25.0455],[121.3983,25.0441],[121.4007,25.0432],[121.3996,25.0429],[121.3976,25.0437],[121.3968,25.0431],[121.3962,25.0436],[121.3926,25.0434],[121.3907,25.0419],[121.3913,25.0415],[121.3935,25.042],[121.3944,25.0412],[121.3944,25.0401],[121.3972,25.0392],[121.3976,25.0385],[121.399,25.0386],[121.3998,25.0375],[121.4007,25.038],[121.4012,25.0364],[121.3996,25.0359],[121.4008,25.0342],[121.3987,25.0348],[121.3982,25.0325],[121.3987,25.0316],[121.398,25.0312],[121.3982,25.0302],[121.3992,25.0295],[121.4007,25.0292],[121.4015,25.0281],[121.401,25.027],[121.4022,25.0258],[121.4039,25.0252],[121.4046,25.0237],[121.4057,25.0232],[121.4087,25.0209],[121.4107,25.021],[121.4107,25.0199],[121.4121,25.0194],[121.4112,25.018],[121.4095,25.0184],[121.4075,25.0175],[121.4056,25.0171],[121.4043,25.0172],[121.4016,25.0158],[121.3975,25.0162],[121.3961,25.0152],[121.3944,25.0147],[121.393,25.0156],[121.3923,25.0149],[121.3926,25.0137],[121.3921,25.0125],[121.3913,25.0122],[121.3921,25.011],[121.3936,25.0098],[121.3995,25.007],[121.4004,25.0055],[121.4001,25.0045],[121.402,25.0025],[121.402,25.001],[121.403,25.0006],[121.4032,24.9993],[121.4016,24.9992],[121.4,24.9983],[121.3987,24.9983],[121.3968,24.9973],[121.3965,24.9956],[121.3943,24.9935],[121.3903,24.9935],[121.39,24.9946],[121.388,24.9964],[121.3853,24.9957],[121.3843,24.9957],[121.3836,24.9946],[121.3836,24.9929],[121.3843,24.9918],[121.3834,24.9886],[121.3856,24.9865],[121.3821,24.9839],[121.381,24.9843],[121.3787,24.9832],[121.3768,24.9813],[121.3724,24.98],[121.3712,24.9783],[121.369,24.9768],[121.3689,24.9768],[121.3659,24.9786],[121.3651,24.9785],[121.3637,24.9796],[121.3614,24.9788],[121.3612,24.9778],[121.3592,24.9782],[121.3577,24.9778],[121.354,24.9778],[121.3534,24.9785],[121.3531,24.9801],[121.3524,24.9809],[121.35,24.98],[121.3486,24.9798],[121.3474,24.9788],[121.3448,24.9803],[121.3427,24.9823],[121.342,24.981],[121.3403,24.9801],[121.3391,24.9807],[121.3366,24.9806],[121.3359,24.9799],[121.3347,24.9798],[121.334,24.9787],[121.3316,24.9786],[121.331,24.9793],[121.3298,24.9791],[121.3273,24.9824],[121.3255,24.9813],[121.3213,24.9871],[121.3211,24.9876],[121.3222,24.9894],[121.3214,24.9908],[121.3233,24.9924],[121.3228,24.9935],[121.3238,24.9955],[121.3269,24.9962],[121.3282,24.9978],[121.3289,24.998],[121.3303,25.0018],[121.3312,25.0028],[121.3322,25.0048],[121.3314,25.0057],[121.3312,25.0077],[121.3315,25.0096],[121.3324,25.0106],[121.3317,25.0116],[121.3297,25.0131],[121.33,25.0166],[121.3273,25.0169],[121.326,25.0168],[121.3248,25.0185],[121.3248,25.0199],[121.3253,25.0207],[121.3269,25.0219],[121.3257,25.0222],[121.3263,25.0245],[121.3247,25.0263],[121.3203,25.0262],[121.3191,25.0268],[121.3176,25.0265],[121.3166,25.027],[121.3155,25.029],[121.313,25.03],[121.3124,25.0308],[121.3097,25.0316],[121.3067,25.0306],[121.3056,25.0309],[121.3037,25.0306],[121.3025,25.0332],[121.3011,25.0374],[121.2994,25.0406],[121.2979,25.0428],[121.2975,25.0444],[121.2967,25.0453],[121.2966,25.0463],[121.2957,25.0473],[121.2957,25.048],[121.2936,25.0498],[121.2958,25.0496],[121.2988,25.0488],[121.3027,25.0474],[121.3074,25.0491],[121.3083,25.0511],[121.3115,25.0513],[121.3156,25.051],[121.3179,25.0525],[121.319,25.0526],[121.3207,25.054],[121.322,25.0541],[121.3236,25.0563],[121.3238,25.0577],[121.3245,25.0582],[121.3293,25.0608],[121.3307,25.0609],[121.3346,25.0625],[121.3371,25.0629],[121.34,25.0637],[121.3419,25.065],[121.3438,25.0655],[121.3482,25.0658],[121.3549,25.0654]]]}},{"type":"Feature","properties":{"c":"桃園市","t":"復興區"},"geometry":{"type":"Polygon","coordinates":[[[121.48,24.6738],[121.4764,24.6738],[121.4737,24.6731],[121.4724,24.6731],[121.4697,24.6719],[121.467,24.6724],[121.4611,24.6727],[121.4595,24.6731],[121.4573,24.6709],[121.455,24.6679],[121.4539,24.6644],[121.4496,24.6622],[121.4477,24.6584],[121.4475,24.6571],[121.4479,24.6551],[121.4493,24.6527],[121.4513,24.6517],[121.4514,24.651],[121.45,24.6487],[121.4492,24.6466],[121.4484,24.6457],[121.446,24.6443],[121.445,24.643],[121.4448,24.6411],[121.4456,24.6399],[121.445,24.6373],[121.4437,24.6363],[121.4405,24.6351],[121.4393,24.6326],[121.4377,24.6302],[121.4357,24.6267],[121.4348,24.6245],[121.4357,24.6216],[121.4345,24.6192],[121.4336,24.6189],[121.4329,24.6175],[121.4329,24.6163],[121.4322,24.6153],[121.4306,24.6145],[121.4278,24.6061],[121.4261,24.605],[121.4246,24.6031],[121.4201,24.6013],[121.4179,24.601],[121.4163,24.6022],[121.4153,24.6019],[121.4133,24.6034],[121.4126,24.6034],[121.4126,24.6015],[121.4118,24.6005],[121.4085,24.599],[121.4082,24.5981],[121.4067,24.5971],[121.4068,24.5965],[121.4037,24.593],[121.403,24.5917],[121.4014,24.5915],[121.3998,24.5904],[121.3957,24.5889],[121.3946,24.5874],[121.3913,24.5865],[121.3876,24.5865],[121.3831,24.5894],[121.3768,24.5922],[121.3728,24.5937],[121.3722,24.5949],[121.372,24.5968],[121.3709,24.5975],[121.3673,24.5988],[121.366,24.6007],[121.3633,24.6031],[121.3643,24.6059],[121.3637,24.6079],[121.3612,24.6101],[121.3611,24.6125],[121.3595,24.6139],[121.3588,24.6174],[121.3619,24.6207],[121.363,24.6207],[121.3633,24.623],[121.3648,24.6265],[121.3654,24.6283],[121.3656,24.6308],[121.3664,24.6318],[121.3635,24.6325],[121.361,24.6338],[121.3581,24.6335],[121.3574,24.6349],[121.3574,24.6376],[121.3559,24.6411],[121.3539,24.642],[121.3524,24.6435],[121.3522,24.6451],[121.353,24.6488],[121.3522,24.6528],[121.3523,24.654],[121.3535,24.6557],[121.3529,24.6562],[121.3538,24.659],[121.3531,24.6602],[121.3535,24.6619],[121.3533,24.6629],[121.3536,24.6651],[121.353,24.6654],[121.3536,24.6665],[121.3535,24.6678],[121.3513,24.6661],[121.3495,24.6677],[121.3483,24.6678],[121.3458,24.6665],[121.3449,24.6667],[121.344,24.6693],[121.3424,24.6688],[121.3404,24.6664],[121.3391,24.6667],[121.3396,24.6682],[121.3393,24.6693],[121.3399,24.6701],[121.3397,24.6732],[121.3391,24.675],[121.3394,24.6757],[121.339,24.6791],[121.3357,24.6838],[121.3312,24.6894],[121.3294,24.6913],[121.3264,24.6937],[121.3231,24.6954],[121.321,24.6955],[121.3194,24.6964],[121.3182,24.698],[121.3147,24.6981],[121.3132,24.6977],[121.3097,24.6959],[121.3068,24.6941],[121.3039,24.6929],[121.3008,24.694],[121.2995,24.6956],[121.3003,24.6984],[121.3023,24.7019],[121.3022,24.7039],[121.303,24.7057],[121.3033,24.7084],[121.3057,24.7114],[121.3064,24.7131],[121.3066,24.7152],[121.3072,24.717],[121.3076,24.7199],[121.3057,24.7241],[121.3053,24.7261],[121.3039,24.7265],[121.3014,24.7286],[121.3007,24.7297],[121.2987,24.7307],[121.2981,24.7332],[121.2984,24.7346],[121.3002,24.7377],[121.3008,24.7414],[121.3015,24.7426],[121.3053,24.7463],[121.3056,24.7475],[121.3051,24.7502],[121.306,24.7521],[121.3067,24.7527],[121.3077,24.755],[121.3056,24.7561],[121.3038,24.7579],[121.3019,24.7615],[121.3015,24.763],[121.3003,24.7636],[121.2986,24.7629],[121.2942,24.7639],[121.2931,24.7654],[121.2927,24.7675],[121.2917,24.768],[121.2882,24.7685],[121.286,24.7698],[121.2843,24.7704],[121.2825,24.7704],[121.2774,24.7709],[121.2767,24.7712],[121.2752,24.7733],[121.2736,24.7746],[121.2713,24.7748],[121.2712,24.7779],[121.2678,24.78],[121.266,24.7798],[121.2651,24.7812],[121.2633,24.7812],[121.2601,24.7819],[121.2596,24.7838],[121.2585,24.7851],[121.2586,24.7864],[121.2604,24.7879],[121.2612,24.7903],[121.2603,24.7932],[121.2597,24.7937],[121.2578,24.7928],[121.2547,24.7939],[121.2536,24.7936],[121.2511,24.7945],[121.2504,24.7957],[121.2478,24.7966],[121.2469,24.7985],[121.2466,24.8002],[121.2476,24.8011],[121.2474,24.8035],[121.2465,24.8052],[121.2454,24.8062],[121.2454,24.8069],[121.2432,24.8087],[121.248,24.8097],[121.2497,24.8099],[121.2523,24.8107],[121.254,24.81],[121.2554,24.8075],[121.2564,24.8063],[121.2586,24.8059],[121.2601,24.8051],[121.2629,24.8051],[121.2644,24.8056],[121.2653,24.8066],[121.2659,24.8079],[121.2657,24.8098],[121.2647,24.8129],[121.2647,24.8137],[121.2663,24.8145],[121.2686,24.8149],[121.2744,24.8151],[121.2773,24.8162],[121.2796,24.8167],[121.2832,24.8157],[121.2861,24.8162],[121.2886,24.8141],[121.2928,24.8116],[121.2952,24.8097],[121.2999,24.8081],[121.3021,24.8083],[121.3048,24.81],[121.306,24.8097],[121.308,24.8085],[121.3118,24.8056],[121.3157,24.8035],[121.3164,24.8035],[121.32,24.8068],[121.322,24.8082],[121.3221,24.8104],[121.3218,24.8129],[121.3199,24.8177],[121.3191,24.8184],[121.3196,24.8193],[121.3211,24.8203],[121.321,24.822],[121.3239,24.8215],[121.3244,24.8203],[121.3251,24.8202],[121.3256,24.8217],[121.3279,24.8223],[121.3273,24.8243],[121.3281,24.8251],[121.3291,24.8245],[121.3294,24.8253],[121.3318,24.8252],[121.3314,24.8259],[121.3335,24.8273],[121.3335,24.8277],[121.3315,24.8275],[121.3304,24.828],[121.3314,24.8312],[121.3304,24.833],[121.3308,24.8352],[121.3315,24.836],[121.3324,24.839],[121.332,24.8416],[121.333,24.8413],[121.333,24.8443],[121.3343,24.8449],[121.3358,24.8449],[121.336,24.8439],[121.3396,24.8434],[121.3414,24.8438],[121.3425,24.8447],[121.3467,24.8459],[121.3488,24.8455],[121.3517,24.8445],[121.3549,24.8439],[121.3578,24.8395],[121.3601,24.8382],[121.3625,24.838],[121.3642,24.8381],[121.3673,24.8368],[121.3702,24.8361],[121.3706,24.8355],[121.3728,24.835],[121.3729,24.8336],[121.3758,24.8339],[121.3779,24.8345],[121.3809,24.8365],[121.3833,24.837],[121.3845,24.838],[121.385,24.8408],[121.3881,24.8424],[121.3891,24.8422],[121.3924,24.8432],[121.3937,24.844],[121.3973,24.8437],[121.397,24.8428],[121.398,24.8418],[121.3999,24.8416],[121.4011,24.8419],[121.4027,24.8436],[121.4046,24.8425],[121.4055,24.8424],[121.4088,24.8407],[121.4103,24.8387],[121.4114,24.8383],[121.4124,24.8371],[121.4157,24.8355],[121.4149,24.8336],[121.4138,24.832],[121.4144,24.8307],[121.4161,24.8287],[121.4162,24.8269],[121.4176,24.8252],[121.4194,24.8256],[121.4235,24.8255],[121.4241,24.825],[121.4251,24.8228],[121.4253,24.8201],[121.4272,24.8187],[121.4277,24.8174],[121.4286,24.8168],[121.43,24.8149],[121.4322,24.8135],[121.4364,24.8122],[121.4365,24.8104],[121.4373,24.8082],[121.437,24.8054],[121.4379,24.8042],[121.4381,24.8011],[121.4371,24.7982],[121.4383,24.7953],[121.4417,24.7933],[121.4427,24.7921],[121.4446,24.7911],[121.4457,24.7901],[121.4473,24.7901],[121.4495,24.7911],[121.4504,24.7909],[121.4505,24.79],[121.4488,24.7882],[121.4495,24.7859],[121.4475,24.7842],[121.4461,24.7819],[121.4441,24.7806],[121.4425,24.7805],[121.4406,24.7791],[121.4381,24.7749],[121.4357,24.773],[121.4314,24.7719],[121.4294,24.7702],[121.4267,24.7683],[121.4254,24.767],[121.4234,24.7631],[121.4235,24.7617],[121.4251,24.7612],[121.4259,24.7603],[121.4255,24.7591],[121.4265,24.7562],[121.4279,24.7547],[121.4285,24.7535],[121.4285,24.7515],[121.4292,24.7499],[121.4287,24.7479],[121.4301,24.7456],[121.4304,24.7435],[121.432,24.7423],[121.4331,24.7392],[121.4329,24.7368],[121.435,24.7341],[121.4353,24.7329],[121.4344,24.731],[121.4343,24.73],[121.4363,24.7287],[121.4383,24.7266],[121.4409,24.7261],[121.4415,24.7231],[121.4452,24.7148],[121.4464,24.7142],[121.4488,24.7122],[121.4491,24.7085],[121.4504,24.7056],[121.4523,24.7051],[121.4565,24.7032],[121.4604,24.7026],[121.4636,24.701],[121.467,24.6977],[121.4698,24.6962],[121.4706,24.6967],[121.4742,24.6961],[121.4748,24.6937],[121.4746,24.6927],[121.4731,24.6897],[121.4742,24.6848],[121.4755,24.6833],[121.4754,24.6809],[121.476,24.6792],[121.4771,24.6783],[121.4792,24.6755],[121.48,24.6738]]]}},{"type":"Feature","properties":{"c":"宜蘭縣","t":"礁溪鄉"},"geometry":{"type":"Polygon","coordinates":[[[121.772,24.7715],[121.7705,24.7719],[121.7679,24.7711],[121.7682,24.772],[121.767,24.7725],[121.7669,24.7743],[121.7661,24.7754],[121.7652,24.7754],[121.7649,24.7768],[121.7622,24.7797],[121.762,24.7806],[121.7628,24.7817],[121.7612,24.7828],[121.7589,24.7826],[121.7592,24.7821],[121.7577,24.7806],[121.7561,24.7802],[121.755,24.781],[121.7529,24.781],[121.7509,24.7802],[121.7497,24.781],[121.7473,24.7801],[121.7464,24.7803],[121.7457,24.7793],[121.7445,24.7786],[121.7433,24.7773],[121.741,24.7792],[121.7381,24.7821],[121.7373,24.7817],[121.7361,24.7821],[121.7322,24.7844],[121.7303,24.7843],[121.7306,24.7796],[121.732,24.7772],[121.7335,24.7757],[121.7347,24.7726],[121.7344,24.7697],[121.7337,24.7685],[121.7311,24.7706],[121.7294,24.7723],[121.7263,24.7747],[121.7247,24.7746],[121.7235,24.7751],[121.7236,24.7762],[121.7196,24.7775],[121.7181,24.7782],[121.7174,24.7795],[121.7135,24.7803],[121.7101,24.7797],[121.7081,24.7798],[121.7029,24.7821],[121.7016,24.7825],[121.6958,24.7831],[121.692,24.7833],[121.6886,24.7845],[121.6854,24.785],[121.6823,24.7839],[121.6806,24.7842],[121.6778,24.7841],[121.6764,24.7836],[121.6738,24.7836],[121.6709,24.7848],[121.6694,24.786],[121.6669,24.7874],[121.6642,24.7881],[121.6625,24.7894],[121.6603,24.7896],[121.6582,24.7918],[121.6559,24.7929],[121.6537,24.7936],[121.6518,24.7935],[121.649,24.7938],[121.6485,24.7953],[121.6466,24.7952],[121.6455,24.7946],[121.6425,24.7949],[121.6414,24.7943],[121.6394,24.7959],[121.6364,24.795],[121.6306,24.7957],[121.6266,24.7939],[121.6235,24.7944],[121.6253,24.795],[121.626,24.7965],[121.6251,24.7994],[121.6248,24.8016],[121.6261,24.8034],[121.6264,24.8058],[121.6257,24.8086],[121.626,24.8088],[121.628,24.808],[121.6301,24.8089],[121.6322,24.8092],[121.6344,24.8091],[121.6372,24.8094],[121.6388,24.8107],[121.6403,24.8103],[121.642,24.8104],[121.6444,24.8092],[121.6457,24.8097],[121.6464,24.8108],[121.6475,24.8139],[121.6487,24.8127],[121.6504,24.813],[121.6518,24.8117],[121.6531,24.8113],[121.6607,24.8109],[121.661,24.8118],[121.663,24.8126],[121.6648,24.8144],[121.6658,24.8148],[121.6673,24.8162],[121.6688,24.8169],[121.669,24.818],[121.671,24.8169],[121.6726,24.8151],[121.6742,24.8141],[121.6753,24.8147],[121.6767,24.8141],[121.6789,24.8153],[121.6808,24.8175],[121.6831,24.8169],[121.6862,24.8175],[121.6872,24.8163],[121.6884,24.8162],[121.6893,24.8173],[121.6889,24.8193],[121.6901,24.8214],[121.6897,24.8227],[121.6877,24.8243],[121.6877,24.825],[121.6889,24.8262],[121.691,24.8272],[121.6918,24.8272],[121.6945,24.8292],[121.6959,24.8297],[121.6964,24.8304],[121.6961,24.832],[121.6967,24.8337],[121.6964,24.8346],[121.6981,24.8342],[121.6991,24.8355],[121.6999,24.8349],[121.7017,24.8344],[121.7033,24.8352],[121.7075,24.8389],[121.7084,24.8391],[121.709,24.8406],[121.7113,24.8414],[121.7143,24.8418],[121.7152,24.8429],[121.7156,24.8443],[121.7186,24.8457],[121.7197,24.8456],[121.7195,24.8466],[121.7219,24.8498],[121.7248,24.8506],[121.7262,24.8517],[121.7271,24.8531],[121.7305,24.8553],[121.7326,24.8558],[121.7362,24.8557],[121.7382,24.8553],[121.7404,24.8535],[121.742,24.8525],[121.7435,24.8528],[121.7458,24.8529],[121.7474,24.8537],[121.7488,24.853],[121.7508,24.8524],[121.7529,24.8513],[121.7548,24.8519],[121.7585,24.8506],[121.7608,24.8516],[121.7617,24.8515],[121.7629,24.8525],[121.7653,24.8519],[121.7656,24.8527],[121.7672,24.8537],[121.7676,24.8547],[121.7694,24.8557],[121.7722,24.8558],[121.7727,24.8565],[121.7768,24.8561],[121.7764,24.8551],[121.7751,24.8539],[121.7746,24.8509],[121.7765,24.849],[121.7787,24.8449],[121.7822,24.8433],[121.7827,24.8423],[121.7845,24.8418],[121.7894,24.8368],[121.7905,24.8354],[121.7899,24.8349],[121.7908,24.8328],[121.7924,24.8324],[121.7948,24.8309],[121.7958,24.8308],[121.7969,24.828],[121.8014,24.826],[121.8059,24.8264],[121.8082,24.8257],[121.8119,24.8273],[121.8124,24.8277],[121.8132,24.8302],[121.814,24.8306],[121.8173,24.8307],[121.8185,24.8319],[121.8204,24.8287],[121.8197,24.8269],[121.8172,24.8242],[121.8159,24.822],[121.8143,24.819],[121.8145,24.817],[121.8164,24.8132],[121.8164,24.8119],[121.8158,24.8103],[121.8171,24.8086],[121.8166,24.8077],[121.8158,24.8074],[121.8129,24.8078],[121.8109,24.8079],[121.8104,24.8072],[121.8095,24.8037],[121.8083,24.8023],[121.8091,24.801],[121.8097,24.7991],[121.8095,24.7979],[121.8076,24.7968],[121.8064,24.795],[121.8037,24.7935],[121.7942,24.7957],[121.7928,24.7936],[121.7917,24.794],[121.791,24.7926],[121.7921,24.7922],[121.7885,24.7844],[121.7874,24.7848],[121.7878,24.7857],[121.7857,24.7872],[121.7854,24.7866],[121.7841,24.7872],[121.7835,24.7845],[121.781,24.7847],[121.7806,24.7811],[121.7794,24.7815],[121.779,24.7784],[121.7765,24.7786],[121.7721,24.7762],[121.7751,24.7717],[121.7731,24.7704],[121.772,24.7715]]]}},{"type":"Feature","properties":{"c":"桃園市","t":"大溪區"},"geometry":{"type":"Polygon","coordinates":[[[121.2432,24.8087],[121.2431,24.8087],[121.2439,24.8141],[121.2453,24.8157],[121.2464,24.8176],[121.249,24.8207],[121.251,24.8219],[121.2535,24.8243],[121.2545,24.8294],[121.2562,24.8328],[121.2599,24.8368],[121.2604,24.839],[121.2618,24.8414],[121.2645,24.8445],[121.2661,24.8471],[121.2677,24.8488],[121.2675,24.8515],[121.2643,24.8589],[121.2624,24.8582],[121.2613,24.859],[121.2611,24.8602],[121.2588,24.8647],[121.2574,24.8637],[121.255,24.8629],[121.2543,24.8617],[121.2526,24.8601],[121.2515,24.8605],[121.2503,24.8594],[121.2494,24.8597],[121.2479,24.8584],[121.2457,24.86],[121.2464,24.861],[121.2464,24.8625],[121.2473,24.8654],[121.2488,24.869],[121.249,24.8708],[121.249,24.875],[121.25,24.8779],[121.2501,24.8793],[121.2509,24.8834],[121.2502,24.8838],[121.2509,24.885],[121.2505,24.8867],[121.2493,24.886],[121.2495,24.8923],[121.2507,24.8961],[121.2523,24.898],[121.2528,24.9024],[121.2525,24.9036],[121.2533,24.9068],[121.2531,24.9089],[121.2548,24.9118],[121.2568,24.9135],[121.2571,24.9148],[121.2566,24.916],[121.2577,24.9166],[121.2623,24.9172],[121.2641,24.9191],[121.2658,24.9199],[121.2657,24.9205],[121.2681,24.9218],[121.2684,24.9239],[121.2698,24.9245],[121.2702,24.926],[121.2726,24.928],[121.2735,24.9295],[121.2735,24.9274],[121.2753,24.9282],[121.2761,24.9279],[121.2753,24.9262],[121.2769,24.924],[121.2775,24.9217],[121.2765,24.9205],[121.2779,24.9201],[121.281,24.9211],[121.2825,24.9202],[121.2836,24.9202],[121.2882,24.9222],[121.2927,24.9245],[121.2942,24.9244],[121.2962,24.9233],[121.2972,24.925],[121.2983,24.9242],[121.302,24.9265],[121.3063,24.9305],[121.3127,24.936],[121.3158,24.9385],[121.3183,24.9347],[121.3207,24.9337],[121.3209,24.9325],[121.3219,24.9323],[121.3232,24.9313],[121.322,24.928],[121.3247,24.9287],[121.331,24.9296],[121.3343,24.9297],[121.3358,24.929],[121.3378,24.9285],[121.3398,24.9285],[121.3385,24.9272],[121.3355,24.9251],[121.3342,24.9247],[121.3299,24.925],[121.3274,24.9246],[121.3246,24.9234],[121.3214,24.9203],[121.3203,24.9188],[121.3176,24.9164],[121.3196,24.9149],[121.3203,24.9135],[121.3215,24.9132],[121.3231,24.9117],[121.3235,24.91],[121.3262,24.9092],[121.3262,24.9074],[121.3255,24.9062],[121.3237,24.9044],[121.3218,24.9035],[121.3219,24.9023],[121.3203,24.9002],[121.3212,24.8999],[121.3224,24.8985],[121.3256,24.8973],[121.3267,24.8959],[121.3278,24.8959],[121.3291,24.8973],[121.3306,24.8979],[121.3319,24.8999],[121.3336,24.8992],[121.3332,24.8982],[121.3334,24.8966],[121.3321,24.8936],[121.3332,24.8932],[121.3333,24.8918],[121.3352,24.8918],[121.3375,24.8927],[121.3384,24.8933],[121.3406,24.8923],[121.3421,24.8926],[121.3412,24.8887],[121.3414,24.8875],[121.3438,24.8867],[121.3447,24.8858],[121.3453,24.8836],[121.3456,24.8801],[121.3472,24.8787],[121.3506,24.8786],[121.3521,24.8768],[121.3535,24.8765],[121.3534,24.875],[121.3544,24.8732],[121.3531,24.8711],[121.3506,24.8701],[121.3493,24.8688],[121.3459,24.8682],[121.3451,24.8669],[121.346,24.866],[121.3473,24.8621],[121.3493,24.8598],[121.3514,24.8594],[121.3536,24.8584],[121.3543,24.8566],[121.3555,24.8551],[121.3578,24.8545],[121.3579,24.8531],[121.3567,24.8536],[121.3548,24.8534],[121.3534,24.8506],[121.3518,24.8501],[121.3525,24.8491],[121.3498,24.8494],[121.3503,24.8487],[121.3485,24.8486],[121.3481,24.8498],[121.3467,24.8502],[121.342,24.8486],[121.3402,24.8487],[121.337,24.8482],[121.3361,24.8469],[121.3358,24.8449],[121.3343,24.8449],[121.333,24.8443],[121.333,24.8413],[121.332,24.8416],[121.3324,24.839],[121.3315,24.836],[121.3308,24.8352],[121.3304,24.833],[121.3314,24.8312],[121.3304,24.828],[121.3315,24.8275],[121.3335,24.8277],[121.3335,24.8273],[121.3314,24.8259],[121.3318,24.8252],[121.3294,24.8253],[121.3291,24.8245],[121.3281,24.8251],[121.3273,24.8243],[121.3279,24.8223],[121.3256,24.8217],[121.3251,24.8202],[121.3244,24.8203],[121.3239,24.8215],[121.321,24.822],[121.3211,24.8203],[121.3196,24.8193],[121.3191,24.8184],[121.3199,24.8177],[121.3218,24.8129],[121.3221,24.8104],[121.322,24.8082],[121.32,24.8068],[121.3164,24.8035],[121.3157,24.8035],[121.3118,24.8056],[121.308,24.8085],[121.306,24.8097],[121.3048,24.81],[121.3021,24.8083],[121.2999,24.8081],[121.2952,24.8097],[121.2928,24.8116],[121.2886,24.8141],[121.2861,24.8162],[121.2832,24.8157],[121.2796,24.8167],[121.2773,24.8162],[121.2744,24.8151],[121.2686,24.8149],[121.2663,24.8145],[121.2647,24.8137],[121.2647,24.8129],[121.2657,24.8098],[121.2659,24.8079],[121.2653,24.8066],[121.2644,24.8056],[121.2629,24.8051],[121.2601,24.8051],[121.2586,24.8059],[121.2564,24.8063],[121.2554,24.8075],[121.254,24.81],[121.2523,24.8107],[121.2497,24.8099],[121.248,24.8097],[121.2432,24.8087]]]}},{"type":"Feature","properties":{"c":"桃園市","t":"八德區"},"geometry":{"type":"Polygon","coordinates":[[[121.3158,24.9385],[121.3127,24.936],[121.3063,24.9305],[121.302,24.9265],[121.2983,24.9242],[121.2972,24.925],[121.2962,24.9233],[121.2942,24.9244],[121.2927,24.9245],[121.2882,24.9222],[121.2836,24.9202],[121.2825,24.9202],[121.281,24.9211],[121.2779,24.9201],[121.2765,24.9205],[121.2775,24.9217],[121.2769,24.924],[121.2753,24.9262],[121.2761,24.9279],[121.2753,24.9282],[121.2735,24.9274],[121.2735,24.9295],[121.2726,24.928],[121.2702,24.926],[121.2698,24.9245],[121.2684,24.9239],[121.2681,24.9218],[121.2657,24.9205],[121.2658,24.9199],[121.2641,24.9191],[121.2623,24.9172],[121.2577,24.9166],[121.2566,24.916],[121.2571,24.9148],[121.2568,24.9135],[121.2548,24.9118],[121.2531,24.9089],[121.2529,24.9095],[121.2546,24.9141],[121.2555,24.9154],[121.2557,24.9166],[121.2551,24.9186],[121.2537,24.9196],[121.2518,24.9217],[121.254,24.9234],[121.2555,24.9249],[121.2566,24.9276],[121.2582,24.9304],[121.2591,24.9306],[121.2588,24.9331],[121.2617,24.9352],[121.2633,24.9377],[121.2653,24.9449],[121.2666,24.9485],[121.2669,24.953],[121.266,24.9556],[121.2649,24.9575],[121.2643,24.9604],[121.2656,24.9636],[121.2649,24.9672],[121.2652,24.9684],[121.2634,24.97],[121.2645,24.9703],[121.2642,24.9727],[121.2636,24.9732],[121.2636,24.9733],[121.2651,24.9737],[121.2653,24.9745],[121.2668,24.9755],[121.2698,24.9779],[121.271,24.9783],[121.2747,24.9808],[121.2758,24.9828],[121.2795,24.9857],[121.2827,24.9871],[121.2832,24.9862],[121.2831,24.9849],[121.282,24.9839],[121.2825,24.9829],[121.2825,24.9813],[121.2814,24.9797],[121.2823,24.9786],[121.2811,24.9754],[121.2817,24.9738],[121.2827,24.9727],[121.2843,24.9701],[121.2873,24.9706],[121.2884,24.9651],[121.2895,24.9645],[121.2913,24.9619],[121.2954,24.9616],[121.2954,24.9639],[121.2947,24.9664],[121.2937,24.9676],[121.2951,24.9719],[121.2956,24.9753],[121.2965,24.9766],[121.2994,24.9762],[121.3006,24.9789],[121.3035,24.9782],[121.3024,24.9758],[121.3023,24.9747],[121.3051,24.973],[121.306,24.9737],[121.3071,24.9736],[121.3076,24.9728],[121.3093,24.9755],[121.3107,24.975],[121.3104,24.9729],[121.3118,24.972],[121.3127,24.9727],[121.3148,24.9713],[121.3149,24.9714],[121.3151,24.972],[121.3172,24.9717],[121.3173,24.9708],[121.3174,24.9708],[121.3183,24.9706],[121.3188,24.9726],[121.3204,24.9713],[121.3202,24.9703],[121.3224,24.9709],[121.3233,24.9704],[121.324,24.9713],[121.3251,24.9712],[121.3279,24.9728],[121.3286,24.9715],[121.3289,24.9696],[121.3286,24.9685],[121.3276,24.9671],[121.3288,24.9679],[121.3298,24.9669],[121.3281,24.9656],[121.3287,24.9641],[121.3291,24.9606],[121.3287,24.9574],[121.3281,24.9554],[121.3281,24.9489],[121.3292,24.9474],[121.3316,24.9458],[121.3304,24.9445],[121.3279,24.9443],[121.325,24.9436],[121.3231,24.9428],[121.3185,24.9402],[121.3158,24.9385]]]}},{"type":"Feature","properties":{"c":"桃園市","t":"桃園區"},"geometry":{"type":"Polygon","coordinates":[[[121.2598,24.9871],[121.2645,24.9897],[121.266,24.9896],[121.268,24.99],[121.2683,24.9891],[121.2712,24.9907],[121.2731,24.9904],[121.2729,24.9898],[121.274,24.9882],[121.2749,24.9903],[121.2743,24.9922],[121.2744,24.9934],[121.2752,24.9939],[121.2755,24.9959],[121.2761,24.997],[121.2777,24.9983],[121.2791,25.0003],[121.2803,25.0008],[121.2794,25.0023],[121.2783,25.0057],[121.2774,25.0077],[121.2759,25.0096],[121.2736,25.0147],[121.2729,25.0175],[121.272,25.018],[121.2717,25.0223],[121.2735,25.0234],[121.2749,25.0238],[121.2747,25.0259],[121.2753,25.0264],[121.2766,25.0258],[121.2785,25.0272],[121.2786,25.028],[121.2774,25.0303],[121.2794,25.0307],[121.2842,25.0321],[121.2846,25.0298],[121.2855,25.0285],[121.2869,25.0287],[121.2875,25.028],[121.2873,25.027],[121.2887,25.0264],[121.2908,25.0283],[121.2924,25.0288],[121.2936,25.0307],[121.2958,25.0313],[121.2964,25.0324],[121.3025,25.0332],[121.3037,25.0306],[121.3056,25.0309],[121.3067,25.0306],[121.3097,25.0316],[121.3124,25.0308],[121.313,25.03],[121.3155,25.029],[121.3166,25.027],[121.3176,25.0265],[121.3191,25.0268],[121.3203,25.0262],[121.3247,25.0263],[121.3263,25.0245],[121.3257,25.0222],[121.3269,25.0219],[121.3253,25.0207],[121.3248,25.0199],[121.3248,25.0185],[121.326,25.0168],[121.3273,25.0169],[121.33,25.0166],[121.3297,25.0131],[121.3317,25.0116],[121.3324,25.0106],[121.3315,25.0096],[121.3312,25.0077],[121.3314,25.0057],[121.3322,25.0048],[121.3312,25.0028],[121.3303,25.0018],[121.3289,24.998],[121.3282,24.9978],[121.3269,24.9962],[121.3238,24.9955],[121.3228,24.9935],[121.3233,24.9924],[121.3214,24.9908],[121.3222,24.9894],[121.3211,24.9876],[121.3213,24.9871],[121.3255,24.9813],[121.3273,24.9824],[121.3298,24.9791],[121.3285,24.9784],[121.3274,24.9784],[121.3271,24.9777],[121.3286,24.9763],[121.3274,24.9754],[121.3274,24.9748],[121.3237,24.9728],[121.324,24.9713],[121.324,24.9713],[121.3233,24.9704],[121.3224,24.9709],[121.3202,24.9703],[121.3204,24.9713],[121.3188,24.9726],[121.3183,24.9706],[121.3174,24.9708],[121.3173,24.9708],[121.3172,24.9717],[121.3151,24.972],[121.3149,24.9714],[121.3148,24.9713],[121.3127,24.9727],[121.3118,24.972],[121.3104,24.9729],[121.3107,24.975],[121.3093,24.9755],[121.3076,24.9728],[121.3071,24.9736],[121.306,24.9737],[121.3051,24.973],[121.3023,24.9747],[121.3024,24.9758],[121.3035,24.9782],[121.3006,24.9789],[121.2994,24.9762],[121.2965,24.9766],[121.2956,24.9753],[121.2951,24.9719],[121.2937,24.9676],[121.2947,24.9664],[121.2954,24.9639],[121.2954,24.9616],[121.2913,24.9619],[121.2895,24.9645],[121.2884,24.9651],[121.2873,24.9706],[121.2843,24.9701],[121.2827,24.9727],[121.2817,24.9738],[121.2811,24.9754],[121.2823,24.9786],[121.2814,24.9797],[121.2825,24.9813],[121.2825,24.9829],[121.282,24.9839],[121.2831,24.9849],[121.2832,24.9862],[121.2827,24.9871],[121.2795,24.9857],[121.2758,24.9828],[121.2747,24.9808],[121.271,24.9783],[121.2698,24.9779],[121.2668,24.9755],[121.2653,24.9745],[121.2651,24.9737],[121.2636,24.9733],[121.2641,24.9738],[121.2637,24.9755],[121.2625,24.9775],[121.2615,24.9824],[121.261,24.9829],[121.2596,24.9863],[121.2598,24.9871]]]}},{"type":"Feature","properties":{"c":"桃園市","t":"大園區"},"geometry":{"type":"Polygon","coordinates":[[[121.2484,25.1195],[121.2485,25.1178],[121.2507,25.1148],[121.2525,25.1131],[121.253,25.109],[121.2538,25.1052],[121.254,25.1027],[121.2548,25.1005],[121.2566,25.0982],[121.2574,25.095],[121.2581,25.0935],[121.2621,25.0907],[121.2633,25.0886],[121.2644,25.0874],[121.2652,25.0857],[121.2653,25.0841],[121.266,25.0831],[121.2674,25.0822],[121.2709,25.0813],[121.2726,25.0802],[121.2732,25.0786],[121.273,25.0772],[121.2715,25.0748],[121.2704,25.0736],[121.2676,25.0728],[121.2671,25.0735],[121.2655,25.0733],[121.2648,25.0705],[121.2641,25.0695],[121.2624,25.069],[121.262,25.0678],[121.2623,25.0664],[121.2574,25.0626],[121.2545,25.0608],[121.2521,25.062],[121.2497,25.0613],[121.249,25.0602],[121.2511,25.0573],[121.2486,25.0569],[121.2454,25.0553],[121.2458,25.0538],[121.2483,25.0498],[121.2464,25.0483],[121.2477,25.0473],[121.2444,25.0459],[121.2431,25.0465],[121.2422,25.0456],[121.24,25.0449],[121.2368,25.0426],[121.237,25.0403],[121.2376,25.0391],[121.2366,25.0385],[121.2367,25.0378],[121.2343,25.0362],[121.2348,25.0323],[121.2322,25.0312],[121.2325,25.0302],[121.2355,25.0286],[121.2376,25.0255],[121.2383,25.0232],[121.2398,25.0222],[121.2415,25.0197],[121.2436,25.0175],[121.2442,25.0159],[121.2462,25.014],[121.2476,25.0107],[121.2437,25.0106],[121.2424,25.0101],[121.2383,25.0094],[121.234,25.0078],[121.2332,25.0081],[121.2326,25.0073],[121.2296,25.0074],[121.2285,25.0068],[121.2294,25.0047],[121.2275,25.0043],[121.2267,25.0031],[121.2248,25.004],[121.2237,25.0052],[121.2231,25.0073],[121.223,25.0096],[121.2236,25.0114],[121.2228,25.0134],[121.2235,25.0158],[121.225,25.0173],[121.2255,25.0199],[121.2247,25.0204],[121.2247,25.019],[121.2238,25.0179],[121.2228,25.0188],[121.2214,25.0174],[121.2187,25.0196],[121.2179,25.0188],[121.2173,25.0193],[121.2164,25.0187],[121.2151,25.0197],[121.2125,25.0171],[121.2132,25.0157],[121.2117,25.0142],[121.2104,25.0151],[121.2096,25.0142],[121.2131,25.0113],[121.2142,25.0095],[121.2133,25.0091],[121.2135,25.0046],[121.2142,25.0034],[121.2132,25.0034],[121.2112,25.001],[121.2098,25.0032],[121.2093,25.0047],[121.21,25.0072],[121.2087,25.0083],[121.2086,25.0089],[121.2098,25.0106],[121.21,25.0114],[121.2081,25.0122],[121.2081,25.014],[121.2089,25.0164],[121.2087,25.0174],[121.2065,25.0164],[121.2079,25.019],[121.2067,25.0201],[121.2061,25.0215],[121.208,25.0235],[121.2078,25.0238],[121.2028,25.0254],[121.2014,25.0263],[121.1994,25.0254],[121.1994,25.0246],[121.1982,25.0237],[121.1962,25.0266],[121.195,25.0264],[121.1938,25.0233],[121.194,25.0208],[121.1938,25.0182],[121.1931,25.0181],[121.1904,25.0187],[121.1878,25.0158],[121.1873,25.0163],[121.1873,25.0192],[121.187,25.0201],[121.1853,25.0218],[121.1856,25.0245],[121.1851,25.0262],[121.1833,25.0275],[121.1827,25.0285],[121.1818,25.0252],[121.1804,25.0226],[121.1785,25.0234],[121.1787,25.0242],[121.1773,25.0248],[121.1761,25.0274],[121.1732,25.0268],[121.172,25.0277],[121.1713,25.0274],[121.1686,25.0276],[121.1659,25.0282],[121.1642,25.0271],[121.1622,25.0265],[121.1621,25.0282],[121.1583,25.0299],[121.1594,25.0317],[121.1607,25.033],[121.1654,25.0398],[121.1675,25.044],[121.1624,25.0466],[121.1619,25.0464],[121.1608,25.0486],[121.1617,25.0516],[121.1603,25.052],[121.1591,25.0529],[121.1574,25.0556],[121.1553,25.0584],[121.1567,25.0601],[121.1553,25.0621],[121.155,25.0646],[121.1553,25.0662],[121.1567,25.067],[121.1574,25.068],[121.1565,25.069],[121.1567,25.0704],[121.1547,25.072],[121.1521,25.0752],[121.1536,25.0769],[121.1552,25.0772],[121.1556,25.0799],[121.155,25.0837],[121.1606,25.0857],[121.1626,25.0868],[121.1646,25.0874],[121.168,25.0898],[121.1701,25.0902],[121.1722,25.0918],[121.173,25.0928],[121.1747,25.0937],[121.1843,25.0959],[121.1855,25.0973],[121.1871,25.0972],[121.1886,25.0979],[121.1893,25.099],[121.193,25.1018],[121.1944,25.1022],[121.1972,25.1023],[121.1978,25.1041],[121.1995,25.1048],[121.2012,25.1045],[121.204,25.1062],[121.2063,25.1067],[121.2083,25.108],[121.21,25.1081],[121.2114,25.1088],[121.2121,25.11],[121.2134,25.1108],[121.2144,25.1106],[121.2167,25.1116],[121.2201,25.1119],[121.2233,25.1133],[121.2251,25.1138],[121.2278,25.1142],[121.2294,25.1152],[121.2364,25.1161],[121.2396,25.1156],[121.2392,25.1207],[121.2396,25.1231],[121.2414,25.122],[121.242,25.1195],[121.2439,25.1185],[121.2469,25.1189],[121.2484,25.1195]]]}},{"type":"Feature","properties":{"c":"桃園市","t":"楊梅區"},"geometry":{"type":"Polygon","coordinates":[[[121.1582,24.8753],[121.1579,24.8773],[121.157,24.8782],[121.1557,24.8807],[121.1543,24.8802],[121.1524,24.8802],[121.1508,24.881],[121.1497,24.8806],[121.1493,24.8812],[121.1456,24.8808],[121.1446,24.8802],[121.1426,24.8817],[121.1411,24.8815],[121.1389,24.8824],[121.1368,24.881],[121.1357,24.879],[121.1356,24.878],[121.1344,24.8783],[121.1335,24.8795],[121.1312,24.8801],[121.1297,24.8797],[121.1281,24.881],[121.1259,24.8806],[121.124,24.8799],[121.122,24.8803],[121.1171,24.8818],[121.1163,24.8817],[121.115,24.8826],[121.1135,24.8826],[121.1122,24.8837],[121.1087,24.886],[121.1078,24.886],[121.1093,24.8875],[121.111,24.891],[121.1101,24.8961],[121.1091,24.8978],[121.1047,24.8962],[121.1013,24.8952],[121.0926,24.8934],[121.0913,24.8934],[121.0894,24.8954],[121.0866,24.8965],[121.0856,24.8978],[121.0835,24.8988],[121.082,24.899],[121.0809,24.8984],[121.0787,24.8987],[121.0769,24.8987],[121.0762,24.8994],[121.0736,24.8999],[121.071,24.8995],[121.071,24.901],[121.0703,24.9021],[121.068,24.9032],[121.0642,24.9038],[121.0625,24.9046],[121.0614,24.9038],[121.0576,24.9058],[121.0591,24.9072],[121.0592,24.9081],[121.0581,24.9103],[121.0582,24.9139],[121.0596,24.9165],[121.0608,24.9203],[121.0601,24.9207],[121.0607,24.9217],[121.0608,24.9245],[121.0596,24.9258],[121.0584,24.9301],[121.0575,24.9306],[121.0583,24.9326],[121.0577,24.9333],[121.0585,24.9352],[121.0583,24.9368],[121.0591,24.9377],[121.0612,24.9388],[121.0636,24.9393],[121.0672,24.9388],[121.0705,24.9391],[121.0711,24.9409],[121.0713,24.9434],[121.0717,24.9438],[121.071,24.9458],[121.0736,24.9465],[121.0746,24.9476],[121.0757,24.948],[121.0756,24.9487],[121.0768,24.9498],[121.0804,24.9483],[121.082,24.9485],[121.0835,24.9498],[121.0849,24.9497],[121.0868,24.9483],[121.0859,24.9499],[121.0856,24.9513],[121.0856,24.9536],[121.0873,24.9557],[121.0897,24.9564],[121.0941,24.9543],[121.0955,24.9539],[121.0962,24.9549],[121.0997,24.9542],[121.1023,24.9518],[121.104,24.949],[121.1064,24.9464],[121.1076,24.9456],[121.1088,24.9457],[121.1109,24.9465],[121.1115,24.9464],[121.1123,24.9451],[121.1139,24.9466],[121.1145,24.9488],[121.1154,24.9486],[121.117,24.9503],[121.1184,24.9499],[121.1188,24.9489],[121.1217,24.9505],[121.1225,24.9494],[121.1235,24.9491],[121.1253,24.9494],[121.1262,24.9489],[121.1262,24.9505],[121.1253,24.9511],[121.1255,24.9525],[121.1275,24.9535],[121.1296,24.9524],[121.1352,24.9509],[121.1395,24.9503],[121.1422,24.9488],[121.1445,24.9471],[121.1477,24.9466],[121.1516,24.9518],[121.1557,24.9552],[121.1582,24.9564],[121.1657,24.9577],[121.177,24.9592],[121.1774,24.9562],[121.1773,24.9543],[121.1782,24.9501],[121.179,24.9483],[121.1801,24.9474],[121.1816,24.9466],[121.1818,24.9442],[121.1847,24.9413],[121.1846,24.9394],[121.1854,24.9368],[121.1869,24.9341],[121.1873,24.9325],[121.1887,24.9287],[121.1883,24.9255],[121.1874,24.9242],[121.1873,24.9228],[121.1886,24.9205],[121.1883,24.919],[121.189,24.9158],[121.1888,24.9099],[121.1883,24.9074],[121.187,24.9052],[121.1869,24.9022],[121.1861,24.9007],[121.1861,24.8988],[121.1855,24.8978],[121.1853,24.8956],[121.1843,24.8951],[121.1837,24.8934],[121.1847,24.8899],[121.1824,24.8902],[121.1817,24.8895],[121.1795,24.8895],[121.1784,24.8886],[121.1773,24.8866],[121.1778,24.8858],[121.1768,24.884],[121.177,24.8826],[121.1748,24.8814],[121.1751,24.8786],[121.1748,24.8761],[121.1759,24.8743],[121.1756,24.8721],[121.1718,24.8725],[121.1698,24.8724],[121.1678,24.8736],[121.1654,24.874],[121.1621,24.8735],[121.1601,24.8735],[121.1582,24.8753]]]}},{"type":"Feature","properties":{"c":"基隆市","t":"七堵區"},"geometry":{"type":"Polygon","coordinates":[[[121.7305,25.1131],[121.7295,25.111],[121.7283,25.1107],[121.727,25.1096],[121.7256,25.1069],[121.7243,25.1028],[121.7232,25.1018],[121.7208,25.1006],[121.7195,25.1003],[121.7195,25.1002],[121.7196,25.099],[121.7208,25.0985],[121.7212,25.0983],[121.7226,25.0975],[121.7239,25.0961],[121.7269,25.0958],[121.728,25.0939],[121.7292,25.0927],[121.7291,25.0914],[121.7278,25.0903],[121.7272,25.0904],[121.7257,25.0894],[121.7259,25.0872],[121.7255,25.0855],[121.7266,25.0828],[121.7248,25.082],[121.7239,25.0804],[121.7236,25.0769],[121.7251,25.0745],[121.7253,25.0719],[121.726,25.0701],[121.7278,25.0674],[121.7284,25.0655],[121.7278,25.0623],[121.7293,25.0607],[121.7287,25.0586],[121.7282,25.0549],[121.727,25.0563],[121.7262,25.0581],[121.7255,25.0584],[121.7227,25.0585],[121.722,25.0601],[121.7208,25.0604],[121.719,25.0616],[121.7178,25.0638],[121.715,25.0664],[121.7124,25.0681],[121.7093,25.0677],[121.7069,25.0666],[121.7052,25.0669],[121.7042,25.0679],[121.7004,25.0673],[121.6993,25.0675],[121.6965,25.0701],[121.695,25.07],[121.6916,25.0705],[121.6901,25.0717],[121.6884,25.0717],[121.6838,25.0749],[121.6815,25.077],[121.6804,25.077],[121.6802,25.0781],[121.6792,25.0785],[121.6789,25.0795],[121.6797,25.08],[121.6805,25.0819],[121.6799,25.0837],[121.6805,25.0846],[121.6815,25.0844],[121.6817,25.0871],[121.6806,25.0883],[121.6786,25.0873],[121.675,25.0834],[121.674,25.0829],[121.6725,25.0838],[121.6679,25.0858],[121.6668,25.0868],[121.6664,25.088],[121.6643,25.0894],[121.6619,25.0894],[121.6609,25.0909],[121.6584,25.0916],[121.6577,25.0928],[121.6557,25.0935],[121.6562,25.0946],[121.6553,25.0956],[121.6535,25.0963],[121.6529,25.0973],[121.6506,25.0987],[121.6504,25.1005],[121.6489,25.1019],[121.6502,25.1034],[121.6517,25.1034],[121.6522,25.1047],[121.6505,25.1081],[121.6501,25.1097],[121.6488,25.1112],[121.6477,25.1119],[121.6462,25.1136],[121.6457,25.1154],[121.646,25.1159],[121.6457,25.119],[121.6462,25.1211],[121.6447,25.1222],[121.6449,25.1234],[121.6444,25.125],[121.643,25.1278],[121.6418,25.1281],[121.6408,25.1296],[121.6379,25.1308],[121.6346,25.1305],[121.6331,25.1311],[121.6327,25.1322],[121.6286,25.1347],[121.6278,25.1361],[121.6277,25.1372],[121.6268,25.1396],[121.6268,25.1397],[121.6268,25.1397],[121.6293,25.1418],[121.631,25.1426],[121.6321,25.1426],[121.6348,25.1439],[121.6368,25.1436],[121.6389,25.1444],[121.6398,25.1459],[121.6424,25.145],[121.644,25.1458],[121.6463,25.1458],[121.6495,25.1449],[121.6504,25.1458],[121.6515,25.148],[121.6558,25.1492],[121.6572,25.1514],[121.6583,25.1523],[121.6611,25.1521],[121.6623,25.1526],[121.6638,25.1522],[121.6659,25.1529],[121.6676,25.1529],[121.6692,25.1534],[121.6696,25.1546],[121.6715,25.1556],[121.6741,25.1554],[121.6776,25.1557],[121.6776,25.1548],[121.6798,25.1542],[121.6795,25.1521],[121.6808,25.1509],[121.6822,25.151],[121.6822,25.1477],[121.6811,25.1457],[121.6837,25.1443],[121.686,25.1435],[121.6866,25.1423],[121.6884,25.14],[121.6903,25.139],[121.6931,25.1383],[121.6951,25.1368],[121.6967,25.1361],[121.6978,25.1337],[121.7001,25.1339],[121.7005,25.1285],[121.7022,25.1272],[121.7027,25.1262],[121.7026,25.1236],[121.703,25.1212],[121.7052,25.1209],[121.706,25.1214],[121.7082,25.1217],[121.7097,25.1202],[121.711,25.1179],[121.7132,25.1164],[121.7144,25.1162],[121.716,25.1154],[121.7186,25.1158],[121.7191,25.1149],[121.7207,25.1137],[121.7211,25.1119],[121.7233,25.1116],[121.7243,25.112],[121.7244,25.1132],[121.7251,25.1142],[121.7262,25.1146],[121.7261,25.1157],[121.7269,25.1155],[121.7305,25.1131]]]}},{"type":"Feature","properties":{"c":"基隆市","t":"仁愛區"},"geometry":{"type":"Polygon","coordinates":[[[121.75,25.1097],[121.7479,25.1089],[121.7465,25.1068],[121.7463,25.1067],[121.7457,25.106],[121.7436,25.1067],[121.7434,25.1067],[121.7418,25.1067],[121.7418,25.1066],[121.7403,25.1062],[121.7391,25.1068],[121.7392,25.1069],[121.7388,25.1082],[121.7388,25.1085],[121.7389,25.1115],[121.7381,25.112],[121.7377,25.1134],[121.7375,25.1134],[121.7353,25.1131],[121.7344,25.1134],[121.732,25.1135],[121.7328,25.1156],[121.7344,25.1176],[121.7342,25.1185],[121.7348,25.1205],[121.7337,25.1214],[121.733,25.1252],[121.7337,25.1271],[121.7351,25.1291],[121.7364,25.1293],[121.7375,25.1288],[121.738,25.131],[121.741,25.1357],[121.7435,25.1345],[121.742,25.1318],[121.7462,25.1295],[121.7481,25.1286],[121.7537,25.1281],[121.7538,25.1273],[121.7555,25.1252],[121.7548,25.1237],[121.7526,25.1206],[121.7519,25.1188],[121.7528,25.1184],[121.7523,25.1165],[121.7517,25.1154],[121.7514,25.1133],[121.7518,25.111],[121.75,25.1097]]]}},{"type":"Feature","properties":{"c":"基隆市","t":"信義區"},"geometry":{"type":"Polygon","coordinates":[[[121.7946,25.1264],[121.7942,25.1233],[121.7971,25.1213],[121.7976,25.1198],[121.7988,25.1193],[121.7987,25.1184],[121.7976,25.1177],[121.7986,25.1167],[121.7979,25.1161],[121.7978,25.1143],[121.7957,25.1137],[121.7947,25.1126],[121.7929,25.1129],[121.7901,25.1123],[121.7873,25.1159],[121.786,25.1181],[121.7853,25.1182],[121.7835,25.1166],[121.7806,25.1177],[121.7794,25.1176],[121.7771,25.1186],[121.7758,25.1187],[121.7749,25.1199],[121.773,25.1201],[121.7716,25.1185],[121.7714,25.1175],[121.7705,25.1168],[121.7697,25.115],[121.768,25.114],[121.7669,25.1125],[121.7655,25.1132],[121.7633,25.1134],[121.7614,25.1124],[121.7594,25.1126],[121.757,25.1101],[121.7518,25.111],[121.7514,25.1133],[121.7517,25.1154],[121.7523,25.1165],[121.7528,25.1184],[121.7519,25.1188],[121.7526,25.1206],[121.7548,25.1237],[121.7555,25.1252],[121.7538,25.1273],[121.7537,25.1281],[121.7481,25.1286],[121.7462,25.1295],[121.7479,25.1321],[121.7498,25.1326],[121.7522,25.1337],[121.755,25.1338],[121.7569,25.1344],[121.7576,25.134],[121.7588,25.1351],[121.7603,25.1349],[121.7624,25.1365],[121.7644,25.1366],[121.7669,25.1356],[121.7683,25.1363],[121.7695,25.1352],[121.7713,25.1372],[121.7722,25.1373],[121.7741,25.1402],[121.775,25.1424],[121.7764,25.1441],[121.7785,25.1448],[121.7807,25.145],[121.7821,25.1433],[121.7831,25.1413],[121.7827,25.1388],[121.7842,25.1372],[121.7845,25.1346],[121.7849,25.1336],[121.7897,25.1323],[121.7915,25.13],[121.7918,25.1292],[121.7939,25.1277],[121.7946,25.1264]]]}},{"type":"Feature","properties":{"c":"基隆市","t":"中正區"},"geometry":{"type":"MultiPolygon","coordinates":[[[[121.8035,25.1362],[121.8025,25.1343],[121.8039,25.1335],[121.8053,25.1311],[121.8053,25.1292],[121.8042,25.1285],[121.8038,25.1272],[121.805,25.1258],[121.8049,25.1251],[121.8034,25.1235],[121.8031,25.1222],[121.8022,25.1218],[121.8007,25.123],[121.7998,25.1231],[121.7991,25.1244],[121.7981,25.1243],[121.7976,25.125],[121.7946,25.1264],[121.7939,25.1277],[121.7918,25.1292],[121.7915,25.13],[121.7897,25.1323],[121.7849,25.1336],[121.7845,25.1346],[121.7842,25.1372],[121.7827,25.1388],[121.7831,25.1413],[121.7821,25.1433],[121.7807,25.145],[121.7785,25.1448],[121.7764,25.1441],[121.775,25.1424],[121.7741,25.1402],[121.7722,25.1373],[121.7713,25.1372],[121.7695,25.1352],[121.7683,25.1363],[121.7669,25.1356],[121.7644,25.1366],[121.7624,25.1365],[121.7603,25.1349],[121.7588,25.1351],[121.7576,25.134],[121.7569,25.1344],[121.755,25.1338],[121.7522,25.1337],[121.7498,25.1326],[121.7479,25.1321],[121.7462,25.1295],[121.742,25.1318],[121.7435,25.1345],[121.7448,25.1369],[121.7459,25.1381],[121.7514,25.1413],[121.7531,25.1427],[121.755,25.145],[121.7561,25.1474],[121.7567,25.1506],[121.7564,25.152],[121.7553,25.1541],[121.7534,25.1593],[121.7549,25.1623],[121.7556,25.1622],[121.7561,25.1595],[121.7577,25.1598],[121.758,25.1609],[121.7599,25.1612],[121.7603,25.1604],[121.7619,25.1603],[121.7625,25.1616],[121.7616,25.1622],[121.7623,25.1635],[121.7649,25.1637],[121.7666,25.163],[121.7674,25.1623],[121.7689,25.1621],[121.7702,25.1613],[121.7703,25.1603],[121.7729,25.1609],[121.7748,25.1605],[121.7768,25.1595],[121.7788,25.1593],[121.7803,25.1586],[121.7768,25.1589],[121.7767,25.158],[121.7734,25.1565],[121.7727,25.1556],[121.7738,25.1553],[121.7747,25.156],[121.7755,25.1541],[121.7779,25.1515],[121.7799,25.1532],[121.782,25.1527],[121.784,25.1517],[121.7851,25.1495],[121.7857,25.1495],[121.7891,25.1482],[121.7914,25.1484],[121.7932,25.1469],[121.7949,25.1468],[121.7953,25.148],[121.7972,25.1482],[121.7982,25.1476],[121.8005,25.1475],[121.8019,25.1484],[121.8029,25.1481],[121.807,25.1491],[121.8082,25.1477],[121.8079,25.1465],[121.8066,25.1461],[121.806,25.1448],[121.8045,25.1445],[121.8038,25.1431],[121.8045,25.1424],[121.8031,25.142],[121.8037,25.1412],[121.8032,25.1405],[121.8041,25.1392],[121.8043,25.138],[121.8035,25.1362]]],[[[121.7881,25.1957],[121.7892,25.1957],[121.7895,25.1934],[121.7889,25.1921],[121.7877,25.1913],[121.7862,25.1914],[121.7829,25.1897],[121.7819,25.1897],[121.7815,25.1909],[121.7824,25.193],[121.7832,25.1933],[121.7845,25.195],[121.787,25.1958],[121.7881,25.1957]]]]}},{"type":"Feature","properties":{"c":"基隆市","t":"中山區"},"geometry":{"type":"Polygon","coordinates":[[[121.7435,25.1345],[121.741,25.1357],[121.738,25.131],[121.7375,25.1288],[121.7364,25.1293],[121.735,25.1309],[121.7348,25.1337],[121.7326,25.1357],[121.7313,25.1376],[121.727,25.1404],[121.7259,25.1418],[121.7246,25.1421],[121.7231,25.1413],[121.7227,25.1399],[121.7214,25.1417],[121.7206,25.1397],[121.7184,25.1411],[121.716,25.1436],[121.7149,25.1479],[121.7125,25.1489],[121.7119,25.1522],[121.7108,25.1531],[121.7114,25.1546],[121.71,25.157],[121.7099,25.1586],[121.7106,25.1586],[121.7137,25.1601],[121.7148,25.1609],[121.7151,25.1623],[121.713,25.1649],[121.7126,25.1657],[121.7158,25.1661],[121.7164,25.1671],[121.7174,25.167],[121.7174,25.166],[121.7237,25.1652],[121.7247,25.1658],[121.726,25.1646],[121.7295,25.1636],[121.7303,25.164],[121.7313,25.1627],[121.7321,25.1627],[121.7327,25.1617],[121.7339,25.1615],[121.7348,25.1605],[121.7336,25.1586],[121.7342,25.1582],[121.7356,25.1593],[121.7368,25.1594],[121.7373,25.1603],[121.7389,25.1609],[121.7399,25.1603],[121.7396,25.1595],[121.7426,25.1573],[121.7448,25.1569],[121.7471,25.1573],[121.7485,25.1562],[121.753,25.1585],[121.7534,25.1593],[121.7553,25.1541],[121.7564,25.152],[121.7567,25.1506],[121.7561,25.1474],[121.755,25.145],[121.7531,25.1427],[121.7514,25.1413],[121.7459,25.1381],[121.7448,25.1369],[121.7435,25.1345]]]}},{"type":"Feature","properties":{"c":"基隆市","t":"安樂區"},"geometry":{"type":"Polygon","coordinates":[[[121.732,25.1135],[121.7305,25.1131],[121.7269,25.1155],[121.7261,25.1157],[121.7262,25.1146],[121.7251,25.1142],[121.7244,25.1132],[121.7243,25.112],[121.7233,25.1116],[121.7211,25.1119],[121.7207,25.1137],[121.7191,25.1149],[121.7186,25.1158],[121.716,25.1154],[121.7144,25.1162],[121.7132,25.1164],[121.711,25.1179],[121.7097,25.1202],[121.7082,25.1217],[121.706,25.1214],[121.7052,25.1209],[121.703,25.1212],[121.7026,25.1236],[121.7027,25.1262],[121.7022,25.1272],[121.7005,25.1285],[121.7001,25.1339],[121.6978,25.1337],[121.6967,25.1361],[121.6951,25.1368],[121.6931,25.1383],[121.6903,25.139],[121.6884,25.14],[121.6866,25.1423],[121.686,25.1435],[121.6837,25.1443],[121.6811,25.1457],[121.6822,25.1477],[121.6822,25.151],[121.6808,25.1509],[121.6795,25.1521],[121.6798,25.1542],[121.6776,25.1548],[121.6776,25.1557],[121.6784,25.1574],[121.6813,25.1593],[121.6825,25.1593],[121.6832,25.1607],[121.6848,25.1601],[121.6876,25.1619],[121.6888,25.1641],[121.6896,25.164],[121.6911,25.1648],[121.6913,25.1663],[121.695,25.1667],[121.6965,25.1672],[121.6975,25.1668],[121.6989,25.1672],[121.6991,25.1689],[121.7009,25.1693],[121.7011,25.1707],[121.7022,25.1726],[121.7023,25.1735],[121.704,25.1741],[121.706,25.1738],[121.707,25.1742],[121.709,25.1756],[121.7093,25.176],[121.7096,25.1766],[121.7102,25.176],[121.71,25.1741],[121.7088,25.1738],[121.7085,25.1727],[121.7099,25.171],[121.7101,25.17],[121.7092,25.1698],[121.708,25.1685],[121.7087,25.1676],[121.7073,25.166],[121.7086,25.1652],[121.7111,25.1649],[121.7126,25.1657],[121.713,25.1649],[121.7151,25.1623],[121.7148,25.1609],[121.7137,25.1601],[121.7106,25.1586],[121.7099,25.1586],[121.71,25.157],[121.7114,25.1546],[121.7108,25.1531],[121.7119,25.1522],[121.7125,25.1489],[121.7149,25.1479],[121.716,25.1436],[121.7184,25.1411],[121.7206,25.1397],[121.7214,25.1417],[121.7227,25.1399],[121.7231,25.1413],[121.7246,25.1421],[121.7259,25.1418],[121.727,25.1404],[121.7313,25.1376],[121.7326,25.1357],[121.7348,25.1337],[121.735,25.1309],[121.7364,25.1293],[121.7351,25.1291],[121.7337,25.1271],[121.733,25.1252],[121.7337,25.1214],[121.7348,25.1205],[121.7342,25.1185],[121.7344,25.1176],[121.7328,25.1156],[121.732,25.1135]]]}},{"type":"Feature","properties":{"c":"新北市","t":"三峽區"},"geometry":{"type":"Polygon","coordinates":[[[121.4575,24.9461],[121.4574,24.9454],[121.4584,24.9433],[121.4587,24.9395],[121.4609,24.9375],[121.4597,24.9354],[121.4601,24.9341],[121.462,24.9339],[121.464,24.9332],[121.4662,24.932],[121.4671,24.932],[121.4685,24.9308],[121.4707,24.9312],[121.4713,24.9307],[121.4734,24.9308],[121.4764,24.9291],[121.4782,24.9286],[121.4802,24.9288],[121.4827,24.9285],[121.4847,24.9279],[121.4858,24.9263],[121.4852,24.9245],[121.4868,24.9222],[121.4882,24.9222],[121.4895,24.9205],[121.4899,24.9193],[121.4921,24.9171],[121.4918,24.9152],[121.4908,24.9139],[121.4904,24.9116],[121.4896,24.9114],[121.4902,24.9102],[121.4894,24.9082],[121.491,24.9049],[121.4925,24.9036],[121.4909,24.9025],[121.4897,24.9012],[121.4884,24.9012],[121.4866,24.9005],[121.4858,24.8995],[121.4863,24.8982],[121.4852,24.8981],[121.484,24.8968],[121.4803,24.8906],[121.4789,24.89],[121.4777,24.888],[121.4753,24.8862],[121.4755,24.885],[121.4743,24.8816],[121.4728,24.8794],[121.4718,24.877],[121.4726,24.8763],[121.4746,24.8755],[121.4752,24.8742],[121.4771,24.8728],[121.4776,24.8712],[121.4793,24.8701],[121.4791,24.869],[121.4777,24.8664],[121.4777,24.8657],[121.4788,24.8645],[121.4787,24.8639],[121.4804,24.8618],[121.483,24.8618],[121.4854,24.863],[121.4866,24.8624],[121.4883,24.8622],[121.4914,24.8585],[121.4928,24.8566],[121.4927,24.8537],[121.4941,24.8519],[121.4961,24.8511],[121.4969,24.8498],[121.4972,24.8483],[121.4965,24.8469],[121.4967,24.8443],[121.496,24.8415],[121.4947,24.8397],[121.4948,24.8372],[121.4944,24.8365],[121.4903,24.8345],[121.4867,24.8342],[121.4851,24.8324],[121.4839,24.8316],[121.4834,24.8298],[121.4836,24.8283],[121.4812,24.8253],[121.4804,24.8235],[121.4821,24.8226],[121.4831,24.8205],[121.484,24.8192],[121.4834,24.8176],[121.4825,24.8171],[121.4817,24.8159],[121.4786,24.816],[121.4777,24.8158],[121.4757,24.8142],[121.4732,24.8133],[121.4725,24.8105],[121.469,24.8072],[121.4666,24.8063],[121.4641,24.8063],[121.4623,24.8057],[121.4612,24.8045],[121.4594,24.8016],[121.4579,24.801],[121.4574,24.8001],[121.4553,24.7989],[121.4559,24.7969],[121.4556,24.7951],[121.4563,24.7932],[121.4556,24.7923],[121.4539,24.7918],[121.452,24.792],[121.4504,24.7909],[121.4495,24.7911],[121.4473,24.7901],[121.4457,24.7901],[121.4446,24.7911],[121.4427,24.7921],[121.4417,24.7933],[121.4383,24.7953],[121.4371,24.7982],[121.4381,24.8011],[121.4379,24.8042],[121.437,24.8054],[121.4373,24.8082],[121.4365,24.8104],[121.4364,24.8122],[121.4322,24.8135],[121.43,24.8149],[121.4286,24.8168],[121.4277,24.8174],[121.4272,24.8187],[121.4253,24.8201],[121.4251,24.8228],[121.4241,24.825],[121.4235,24.8255],[121.4194,24.8256],[121.4176,24.8252],[121.4162,24.8269],[121.4161,24.8287],[121.4144,24.8307],[121.4138,24.832],[121.4149,24.8336],[121.4157,24.8355],[121.4124,24.8371],[121.4114,24.8383],[121.4103,24.8387],[121.4088,24.8407],[121.4055,24.8424],[121.4046,24.8425],[121.4027,24.8436],[121.4011,24.8419],[121.3999,24.8416],[121.398,24.8418],[121.397,24.8428],[121.3973,24.8437],[121.3937,24.844],[121.3924,24.8432],[121.3891,24.8422],[121.3881,24.8424],[121.385,24.8408],[121.3845,24.838],[121.3833,24.837],[121.3809,24.8365],[121.3779,24.8345],[121.3758,24.8339],[121.3729,24.8336],[121.3728,24.835],[121.3706,24.8355],[121.3702,24.8361],[121.3673,24.8368],[121.3642,24.8381],[121.3625,24.838],[121.3601,24.8382],[121.3578,24.8395],[121.3549,24.8439],[121.3517,24.8445],[121.3488,24.8455],[121.3467,24.8459],[121.3425,24.8447],[121.3414,24.8438],[121.3396,24.8434],[121.336,24.8439],[121.3358,24.8449],[121.3361,24.8469],[121.337,24.8482],[121.3402,24.8487],[121.342,24.8486],[121.3467,24.8502],[121.3481,24.8498],[121.3485,24.8486],[121.3503,24.8487],[121.3498,24.8494],[121.3525,24.8491],[121.3518,24.8501],[121.3534,24.8506],[121.3548,24.8534],[121.3567,24.8536],[121.3579,24.8531],[121.3578,24.8545],[121.3555,24.8551],[121.3543,24.8566],[121.3536,24.8584],[121.3514,24.8594],[121.3493,24.8598],[121.3473,24.8621],[121.346,24.866],[121.3451,24.8669],[121.3459,24.8682],[121.3493,24.8688],[121.3506,24.8701],[121.3531,24.8711],[121.3544,24.8732],[121.3534,24.875],[121.3535,24.8765],[121.3521,24.8768],[121.3506,24.8786],[121.3472,24.8787],[121.3456,24.8801],[121.3453,24.8836],[121.3447,24.8858],[121.3438,24.8867],[121.3414,24.8875],[121.3412,24.8887],[121.3421,24.8926],[121.3406,24.8923],[121.3384,24.8933],[121.3375,24.8927],[121.3352,24.8918],[121.3333,24.8918],[121.3332,24.8932],[121.3321,24.8936],[121.3334,24.8966],[121.3332,24.8982],[121.3336,24.8992],[121.3319,24.8999],[121.3306,24.8979],[121.3291,24.8973],[121.3278,24.8959],[121.3267,24.8959],[121.3256,24.8973],[121.3224,24.8985],[121.3212,24.8999],[121.3203,24.9002],[121.3219,24.9023],[121.3218,24.9035],[121.3237,24.9044],[121.3255,24.9062],[121.3262,24.9074],[121.3262,24.9092],[121.3235,24.91],[121.3231,24.9117],[121.3215,24.9132],[121.3203,24.9135],[121.3196,24.9149],[121.3176,24.9164],[121.3203,24.9188],[121.3214,24.9203],[121.3246,24.9234],[121.3274,24.9246],[121.3299,24.925],[121.3342,24.9247],[121.3355,24.9251],[121.3385,24.9272],[121.3398,24.9285],[121.344,24.9313],[121.3452,24.9326],[121.3487,24.9366],[121.3501,24.9372],[121.3591,24.9421],[121.3597,24.9437],[121.3614,24.9456],[121.3621,24.945],[121.3642,24.9461],[121.3652,24.9473],[121.3679,24.9472],[121.3695,24.9466],[121.3707,24.9469],[121.3737,24.9487],[121.3761,24.9497],[121.3792,24.9434],[121.381,24.9441],[121.3852,24.9438],[121.3893,24.9451],[121.3936,24.9451],[121.3948,24.9464],[121.396,24.9464],[121.3968,24.9456],[121.3958,24.9447],[121.3973,24.9425],[121.4006,24.9444],[121.4017,24.9457],[121.4026,24.9482],[121.4076,24.9521],[121.4087,24.9513],[121.4085,24.9496],[121.4088,24.946],[121.4097,24.9436],[121.4092,24.9417],[121.41,24.9414],[121.4141,24.9411],[121.4147,24.9395],[121.416,24.939],[121.4175,24.9376],[121.4199,24.9388],[121.4222,24.9383],[121.4258,24.9385],[121.4269,24.9391],[121.4284,24.9389],[121.4306,24.9393],[121.432,24.94],[121.4325,24.9409],[121.4342,24.9403],[121.4359,24.9375],[121.4367,24.9356],[121.4394,24.9364],[121.4398,24.9371],[121.4423,24.9377],[121.4429,24.9385],[121.4458,24.9407],[121.448,24.9416],[121.4501,24.9435],[121.4517,24.9444],[121.4541,24.9444],[121.4557,24.9453],[121.4561,24.9463],[121.4575,24.9461]]]}},{"type":"Feature","properties":{"c":"新北市","t":"鶯歌區"},"geometry":{"type":"Polygon","coordinates":[[[121.3298,24.9791],[121.331,24.9793],[121.3316,24.9786],[121.334,24.9787],[121.3347,24.9798],[121.3359,24.9799],[121.3366,24.9806],[121.3391,24.9807],[121.3403,24.9801],[121.342,24.981],[121.3427,24.9823],[121.3448,24.9803],[121.3474,24.9788],[121.3486,24.9798],[121.35,24.98],[121.3524,24.9809],[121.3531,24.9801],[121.3534,24.9785],[121.354,24.9778],[121.3577,24.9778],[121.3592,24.9782],[121.3612,24.9778],[121.3614,24.9788],[121.3637,24.9796],[121.3651,24.9785],[121.3659,24.9786],[121.3689,24.9768],[121.3686,24.9755],[121.3696,24.9736],[121.3709,24.9723],[121.3743,24.9707],[121.3753,24.9686],[121.3766,24.9674],[121.3782,24.9654],[121.3812,24.9655],[121.3823,24.9647],[121.3793,24.9622],[121.3786,24.9609],[121.3742,24.9583],[121.3723,24.9567],[121.3694,24.9559],[121.3661,24.9548],[121.3657,24.9526],[121.3659,24.9521],[121.3645,24.9492],[121.3632,24.9476],[121.3618,24.9467],[121.3614,24.9456],[121.3597,24.9437],[121.3591,24.9421],[121.3501,24.9372],[121.3487,24.9366],[121.3452,24.9326],[121.344,24.9313],[121.3398,24.9285],[121.3378,24.9285],[121.3358,24.929],[121.3343,24.9297],[121.331,24.9296],[121.3247,24.9287],[121.322,24.928],[121.3232,24.9313],[121.3219,24.9323],[121.3209,24.9325],[121.3207,24.9337],[121.3183,24.9347],[121.3158,24.9385],[121.3185,24.9402],[121.3231,24.9428],[121.325,24.9436],[121.3279,24.9443],[121.3304,24.9445],[121.3316,24.9458],[121.3292,24.9474],[121.3281,24.9489],[121.3281,24.9554],[121.3287,24.9574],[121.3291,24.9606],[121.3287,24.9641],[121.3281,24.9656],[121.3298,24.9669],[121.3288,24.9679],[121.3276,24.9671],[121.3286,24.9685],[121.3289,24.9696],[121.3286,24.9715],[121.3279,24.9728],[121.3251,24.9712],[121.324,24.9713],[121.324,24.9713],[121.3237,24.9728],[121.3274,24.9748],[121.3274,24.9754],[121.3286,24.9763],[121.3271,24.9777],[121.3274,24.9784],[121.3285,24.9784],[121.3298,24.9791]]]}},{"type":"Feature","properties":{"c":"新北市","t":"中和區"},"geometry":{"type":"Polygon","coordinates":[[[121.5314,24.9954],[121.5317,24.9932],[121.5314,24.9925],[121.5317,24.9905],[121.528,24.9871],[121.5274,24.987],[121.5253,24.9851],[121.5235,24.9839],[121.5228,24.9844],[121.5226,24.9859],[121.5234,24.9879],[121.522,24.9884],[121.518,24.9877],[121.5171,24.9879],[121.5159,24.9871],[121.5148,24.9858],[121.5147,24.9844],[121.5139,24.9826],[121.5145,24.9818],[121.5126,24.9799],[121.5113,24.9792],[121.5109,24.9781],[121.509,24.9765],[121.5072,24.976],[121.5059,24.9749],[121.5056,24.9738],[121.5041,24.9732],[121.5042,24.9727],[121.5028,24.9713],[121.502,24.9698],[121.5002,24.9701],[121.4995,24.9707],[121.4977,24.9707],[121.4976,24.9703],[121.495,24.9688],[121.4939,24.9689],[121.4918,24.9674],[121.4898,24.9671],[121.4882,24.9659],[121.4855,24.9648],[121.4843,24.9647],[121.4825,24.9633],[121.4811,24.964],[121.4798,24.9639],[121.4798,24.965],[121.4787,24.9667],[121.4795,24.9677],[121.4799,24.9701],[121.4796,24.9726],[121.4818,24.9732],[121.4806,24.9754],[121.4794,24.976],[121.4791,24.9777],[121.4769,24.9795],[121.4757,24.9793],[121.4742,24.9832],[121.4758,24.9851],[121.4768,24.9858],[121.4785,24.988],[121.4797,24.9903],[121.4775,24.9909],[121.477,24.9906],[121.4749,24.9922],[121.4753,24.9926],[121.473,24.9941],[121.4718,24.9936],[121.47,24.9918],[121.469,24.9932],[121.469,24.9946],[121.4671,24.993],[121.4663,24.993],[121.4643,24.9955],[121.4656,24.9978],[121.4654,24.998],[121.4665,25.0004],[121.4658,25.002],[121.4668,25.0029],[121.4684,25.0033],[121.4679,25.0044],[121.4699,25.0061],[121.4719,25.007],[121.4735,25.0083],[121.4763,25.0113],[121.4783,25.0112],[121.481,25.0116],[121.482,25.0112],[121.4816,25.0126],[121.4825,25.0145],[121.482,25.0157],[121.4887,25.0158],[121.4887,25.0156],[121.4888,25.0153],[121.4889,25.015],[121.4889,25.0149],[121.489,25.0147],[121.4891,25.0146],[121.4891,25.0145],[121.4893,25.0143],[121.4894,25.0141],[121.4894,25.0139],[121.4896,25.0135],[121.4896,25.0134],[121.4896,25.0131],[121.49,25.013],[121.4903,25.0127],[121.4905,25.0126],[121.4909,25.012],[121.4912,25.0118],[121.4915,25.0114],[121.4916,25.0112],[121.4917,25.0111],[121.4918,25.0108],[121.4919,25.0107],[121.492,25.0104],[121.4922,25.0101],[121.4928,25.0094],[121.4931,25.0092],[121.4935,25.0092],[121.4937,25.0092],[121.494,25.0092],[121.4948,25.0084],[121.4964,25.0083],[121.4981,25.009],[121.5011,25.0077],[121.5037,25.007],[121.5062,25.0056],[121.5073,25.0053],[121.509,25.004],[121.5087,25.0025],[121.508,25.0025],[121.5064,25.0007],[121.5063,24.9998],[121.5089,25.0001],[121.5125,25.0043],[121.5144,25.004],[121.515,25.0018],[121.5141,25.0],[121.515,24.9981],[121.5145,24.9969],[121.5122,24.9937],[121.5136,24.9934],[121.5149,24.9945],[121.5171,24.9956],[121.5259,24.9976],[121.5267,24.9954],[121.5314,24.9954]]]}},{"type":"Feature","properties":{"c":"新北市","t":"樹林區"},"geometry":{"type":"Polygon","coordinates":[[[121.4288,24.9721],[121.4267,24.9718],[121.4253,24.9711],[121.423,24.9689],[121.4202,24.9678],[121.4177,24.9675],[121.4129,24.9661],[121.4117,24.9652],[121.4104,24.965],[121.4107,24.964],[121.41,24.9624],[121.4105,24.9562],[121.4098,24.954],[121.4076,24.9521],[121.4026,24.9482],[121.4017,24.9457],[121.4006,24.9444],[121.3973,24.9425],[121.3958,24.9447],[121.3968,24.9456],[121.396,24.9464],[121.3948,24.9464],[121.3936,24.9451],[121.3893,24.9451],[121.3852,24.9438],[121.381,24.9441],[121.3792,24.9434],[121.3761,24.9497],[121.3737,24.9487],[121.3707,24.9469],[121.3695,24.9466],[121.3679,24.9472],[121.3652,24.9473],[121.3642,24.9461],[121.3621,24.945],[121.3614,24.9456],[121.3618,24.9467],[121.3632,24.9476],[121.3645,24.9492],[121.3659,24.9521],[121.3657,24.9526],[121.3661,24.9548],[121.3694,24.9559],[121.3723,24.9567],[121.3742,24.9583],[121.3786,24.9609],[121.3793,24.9622],[121.3823,24.9647],[121.3812,24.9655],[121.3782,24.9654],[121.3766,24.9674],[121.3753,24.9686],[121.3743,24.9707],[121.3709,24.9723],[121.3696,24.9736],[121.3686,24.9755],[121.3689,24.9768],[121.369,24.9768],[121.3712,24.9783],[121.3724,24.98],[121.3768,24.9813],[121.3787,24.9832],[121.381,24.9843],[121.3821,24.9839],[121.3856,24.9865],[121.3834,24.9886],[121.3843,24.9918],[121.3836,24.9929],[121.3836,24.9946],[121.3843,24.9957],[121.3853,24.9957],[121.388,24.9964],[121.39,24.9946],[121.3903,24.9935],[121.3943,24.9935],[121.3965,24.9956],[121.3968,24.9973],[121.3987,24.9983],[121.4,24.9983],[121.4016,24.9992],[121.4032,24.9993],[121.403,25.0006],[121.402,25.001],[121.402,25.0025],[121.4001,25.0045],[121.4004,25.0055],[121.3995,25.007],[121.3936,25.0098],[121.3921,25.011],[121.3913,25.0122],[121.3921,25.0125],[121.3926,25.0137],[121.3923,25.0149],[121.393,25.0156],[121.3944,25.0147],[121.3961,25.0152],[121.3975,25.0162],[121.4016,25.0158],[121.4043,25.0172],[121.4056,25.0171],[121.4075,25.0175],[121.4095,25.0184],[121.4112,25.018],[121.4121,25.0194],[121.4127,25.0202],[121.4139,25.019],[121.4144,25.0195],[121.4179,25.0195],[121.4203,25.0188],[121.4222,25.0172],[121.4239,25.0167],[121.4242,25.0136],[121.4265,25.0107],[121.4265,25.0089],[121.427,25.0082],[121.4281,25.0088],[121.4299,25.0068],[121.4301,25.0054],[121.432,25.0036],[121.4313,25.0021],[121.4311,25.0001],[121.4305,24.9981],[121.4301,24.9952],[121.4282,24.9929],[121.4279,24.9918],[121.4257,24.9901],[121.4246,24.9884],[121.4245,24.987],[121.4265,24.9841],[121.4267,24.9815],[121.4259,24.9801],[121.4268,24.9769],[121.4269,24.9754],[121.4267,24.9729],[121.4288,24.9721]]]}},{"type":"Feature","properties":{"c":"新北市","t":"深坑區"},"geometry":{"type":"Polygon","coordinates":[[[121.62,24.9693],[121.6192,24.9706],[121.6178,24.9709],[121.6162,24.9717],[121.6141,24.9736],[121.6134,24.9734],[121.6112,24.9746],[121.6101,24.9742],[121.6082,24.9745],[121.6051,24.9744],[121.6045,24.9751],[121.6002,24.9769],[121.5994,24.9787],[121.6006,24.9803],[121.5998,24.9865],[121.6019,24.988],[121.6019,24.9905],[121.5991,24.9917],[121.5993,24.9931],[121.5982,24.9945],[121.5988,24.9959],[121.5996,24.9964],[121.5997,24.9976],[121.6005,24.9985],[121.6005,25.0007],[121.5997,25.0025],[121.5979,25.0042],[121.5959,25.0045],[121.5956,25.0072],[121.5965,25.0119],[121.5975,25.013],[121.5972,25.0144],[121.5976,25.0148],[121.5981,25.0148],[121.5983,25.0148],[121.5987,25.0148],[121.5991,25.0148],[121.5999,25.0149],[121.6003,25.0148],[121.6006,25.0148],[121.6008,25.0148],[121.6013,25.0151],[121.6015,25.0151],[121.6017,25.0151],[121.6021,25.015],[121.6026,25.0151],[121.6028,25.0153],[121.6029,25.0155],[121.6029,25.0157],[121.603,25.0162],[121.603,25.0165],[121.6031,25.0168],[121.6032,25.0171],[121.6034,25.0175],[121.6035,25.0178],[121.6035,25.018],[121.6036,25.0182],[121.6038,25.0187],[121.6041,25.019],[121.6042,25.0191],[121.6046,25.0191],[121.6049,25.0191],[121.6051,25.0192],[121.6058,25.0193],[121.6075,25.0194],[121.608,25.0194],[121.6083,25.0197],[121.6084,25.0198],[121.6086,25.0201],[121.6086,25.0204],[121.6089,25.0206],[121.6091,25.0208],[121.6094,25.0209],[121.6095,25.0207],[121.6097,25.0204],[121.6098,25.0202],[121.6102,25.0199],[121.6104,25.0198],[121.6106,25.0198],[121.6109,25.0199],[121.6112,25.0199],[121.6121,25.0195],[121.6124,25.0196],[121.6126,25.0196],[121.6128,25.0196],[121.613,25.0193],[121.6131,25.0192],[121.6134,25.0191],[121.6136,25.0192],[121.6138,25.0193],[121.6143,25.0193],[121.6146,25.0194],[121.6149,25.0195],[121.6151,25.0195],[121.6157,25.0196],[121.6159,25.0196],[121.6161,25.0197],[121.6163,25.0196],[121.6169,25.019],[121.617,25.0188],[121.6173,25.0186],[121.6175,25.0184],[121.6179,25.0183],[121.6183,25.0183],[121.6185,25.0183],[121.6188,25.0182],[121.6192,25.0181],[121.6195,25.0181],[121.6198,25.0183],[121.6201,25.0184],[121.6207,25.0183],[121.621,25.018],[121.6212,25.018],[121.6214,25.0179],[121.6222,25.0175],[121.6224,25.0174],[121.6226,25.0174],[121.6232,25.0173],[121.6234,25.0173],[121.6235,25.0174],[121.6237,25.0175],[121.624,25.0178],[121.6249,25.0182],[121.6255,25.0183],[121.6257,25.0184],[121.6259,25.0185],[121.6261,25.0186],[121.6263,25.0188],[121.6264,25.0189],[121.6265,25.019],[121.6267,25.0192],[121.627,25.0196],[121.6274,25.0196],[121.628,25.0195],[121.6282,25.0195],[121.6284,25.0196],[121.6289,25.0199],[121.629,25.0201],[121.6291,25.0203],[121.6292,25.0206],[121.6294,25.021],[121.6296,25.0211],[121.6297,25.0214],[121.6298,25.0215],[121.6299,25.0217],[121.6301,25.0219],[121.6302,25.0222],[121.6303,25.0223],[121.6303,25.0225],[121.6303,25.0226],[121.6303,25.0228],[121.6303,25.023],[121.6303,25.0231],[121.6303,25.0233],[121.6304,25.0235],[121.6305,25.0239],[121.6309,25.0246],[121.6309,25.0247],[121.6312,25.025],[121.6314,25.0251],[121.6324,25.0256],[121.6329,25.0254],[121.6331,25.0252],[121.6332,25.0251],[121.6334,25.025],[121.6335,25.0249],[121.6337,25.0249],[121.6338,25.0249],[121.6341,25.0248],[121.6344,25.0245],[121.6347,25.0243],[121.6349,25.0242],[121.6353,25.0241],[121.6355,25.024],[121.6356,25.024],[121.6357,25.0239],[121.6356,25.0234],[121.6359,25.0233],[121.6362,25.0235],[121.6364,25.0236],[121.6368,25.0237],[121.6371,25.0238],[121.6374,25.024],[121.6375,25.0241],[121.6379,25.024],[121.638,25.0239],[121.638,25.0239],[121.6384,25.0237],[121.6398,25.0236],[121.6401,25.0236],[121.6402,25.0236],[121.6402,25.0221],[121.6392,25.0209],[121.6406,25.0181],[121.6411,25.015],[121.6405,25.0119],[121.641,25.011],[121.6405,25.0092],[121.6415,25.0077],[121.6399,25.0065],[121.6393,25.0055],[121.6393,25.0039],[121.6402,25.0027],[121.6423,25.0022],[121.6447,25.0021],[121.6452,25.0015],[121.6451,24.9995],[121.6457,24.9984],[121.6447,24.9968],[121.6441,24.9966],[121.6437,24.9951],[121.6405,24.9952],[121.6388,24.9948],[121.6379,24.9951],[121.6365,24.9936],[121.6364,24.9926],[121.6378,24.9913],[121.6371,24.9895],[121.6376,24.9881],[121.637,24.9874],[121.6378,24.9844],[121.6378,24.9834],[121.6392,24.9807],[121.6376,24.98],[121.6367,24.9788],[121.6339,24.9777],[121.6315,24.9755],[121.6296,24.9744],[121.6274,24.9726],[121.625,24.9712],[121.6243,24.971],[121.62,24.9693]]]}},{"type":"Feature","properties":{"c":"新北市","t":"板橋區"},"geometry":{"type":"Polygon","coordinates":[[[121.4671,24.993],[121.467,24.9919],[121.4661,24.9904],[121.4631,24.9891],[121.461,24.9892],[121.4603,24.9904],[121.4591,24.991],[121.4571,24.9914],[121.4562,24.9948],[121.4563,24.9963],[121.455,24.9959],[121.4531,24.991],[121.4502,24.9924],[121.4496,24.993],[121.4471,24.9919],[121.4443,24.991],[121.4427,24.9929],[121.442,24.9922],[121.4405,24.9922],[121.4401,24.9882],[121.4384,24.9865],[121.4369,24.9832],[121.4356,24.9823],[121.4347,24.9807],[121.4349,24.9787],[121.4338,24.9756],[121.4288,24.9721],[121.4267,24.9729],[121.4269,24.9754],[121.4268,24.9769],[121.4259,24.9801],[121.4267,24.9815],[121.4265,24.9841],[121.4245,24.987],[121.4246,24.9884],[121.4257,24.9901],[121.4279,24.9918],[121.4282,24.9929],[121.4301,24.9952],[121.4309,24.9963],[121.4308,24.9981],[121.432,24.9994],[121.4334,25.0002],[121.4363,25.0001],[121.437,25.0031],[121.4368,25.0053],[121.4369,25.0078],[121.4376,25.0107],[121.4403,25.0151],[121.4426,25.0181],[121.4449,25.0216],[121.4461,25.0238],[121.4488,25.0274],[121.4514,25.0302],[121.4551,25.033],[121.4582,25.0349],[121.463,25.0374],[121.4663,25.0385],[121.4699,25.0393],[121.4751,25.0395],[121.4784,25.0398],[121.4811,25.0394],[121.4852,25.0392],[121.4852,25.0392],[121.485,25.039],[121.4846,25.0384],[121.4844,25.0381],[121.4843,25.038],[121.4841,25.0377],[121.484,25.0374],[121.4839,25.0371],[121.4838,25.0369],[121.4837,25.0366],[121.4837,25.0363],[121.4836,25.036],[121.4836,25.0357],[121.4836,25.0353],[121.4837,25.0351],[121.4837,25.0347],[121.4839,25.0342],[121.4841,25.0336],[121.4843,25.0332],[121.4844,25.033],[121.4845,25.0328],[121.4847,25.0323],[121.4847,25.0321],[121.4848,25.032],[121.4848,25.0318],[121.485,25.0313],[121.4852,25.0309],[121.4854,25.0305],[121.4856,25.0302],[121.4861,25.0293],[121.4863,25.029],[121.4863,25.0289],[121.4866,25.0283],[121.4871,25.0275],[121.4873,25.0274],[121.4875,25.0271],[121.4876,25.027],[121.4876,25.0269],[121.4876,25.0265],[121.4876,25.026],[121.4878,25.0256],[121.4879,25.0253],[121.4881,25.0248],[121.4883,25.0244],[121.4885,25.0239],[121.4886,25.0238],[121.4887,25.0236],[121.4886,25.0223],[121.4886,25.0221],[121.4885,25.0217],[121.4885,25.0214],[121.4884,25.021],[121.4884,25.0209],[121.4884,25.0207],[121.4884,25.0206],[121.4884,25.0205],[121.4884,25.0204],[121.4884,25.0202],[121.4884,25.0201],[121.4884,25.0199],[121.4884,25.0197],[121.4885,25.0193],[121.4885,25.0192],[121.4885,25.0191],[121.4885,25.0189],[121.4885,25.0188],[121.4885,25.0185],[121.4886,25.0181],[121.4885,25.0178],[121.4885,25.0176],[121.4885,25.0175],[121.4885,25.0174],[121.4885,25.0173],[121.4886,25.017],[121.4886,25.0168],[121.4886,25.0167],[121.4886,25.0166],[121.4886,25.0165],[121.4886,25.0164],[121.4886,25.016],[121.4887,25.0159],[121.4887,25.0158],[121.482,25.0157],[121.4825,25.0145],[121.4816,25.0126],[121.482,25.0112],[121.481,25.0116],[121.4783,25.0112],[121.4763,25.0113],[121.4735,25.0083],[121.4719,25.007],[121.4699,25.0061],[121.4679,25.0044],[121.4684,25.0033],[121.4668,25.0029],[121.4658,25.002],[121.4665,25.0004],[121.4654,24.998],[121.4656,24.9978],[121.4643,24.9955],[121.4663,24.993],[121.4671,24.993]]]}},{"type":"Feature","properties":{"c":"新北市","t":"石碇區"},"geometry":{"type":"Polygon","coordinates":[[[121.6092,24.964],[121.6105,24.965],[121.6121,24.9654],[121.6136,24.9664],[121.6149,24.9662],[121.6169,24.9675],[121.6178,24.9669],[121.6197,24.9672],[121.62,24.9693],[121.6243,24.971],[121.625,24.9712],[121.6274,24.9726],[121.6296,24.9744],[121.6315,24.9755],[121.6339,24.9777],[121.6367,24.9788],[121.6376,24.98],[121.6392,24.9807],[121.6378,24.9834],[121.6378,24.9844],[121.637,24.9874],[121.6376,24.9881],[121.6371,24.9895],[121.6378,24.9913],[121.6364,24.9926],[121.6365,24.9936],[121.6379,24.9951],[121.6388,24.9948],[121.6405,24.9952],[121.6437,24.9951],[121.6441,24.9966],[121.6447,24.9968],[121.6457,24.9984],[121.6451,24.9995],[121.6452,25.0015],[121.6447,25.0021],[121.6423,25.0022],[121.6402,25.0027],[121.6393,25.0039],[121.6393,25.0055],[121.6399,25.0065],[121.6415,25.0077],[121.6405,25.0092],[121.641,25.011],[121.6405,25.0119],[121.6411,25.015],[121.6406,25.0181],[121.6392,25.0209],[121.6402,25.0221],[121.6402,25.0236],[121.6404,25.0235],[121.6405,25.0235],[121.6407,25.0235],[121.6408,25.0235],[121.641,25.0236],[121.6414,25.0239],[121.6415,25.0239],[121.6421,25.0243],[121.6424,25.0243],[121.6425,25.0244],[121.6428,25.0245],[121.643,25.0245],[121.6433,25.0243],[121.6436,25.0242],[121.6438,25.024],[121.6438,25.024],[121.6441,25.0239],[121.6444,25.0239],[121.6447,25.0237],[121.6451,25.0234],[121.6452,25.0232],[121.6453,25.0231],[121.6455,25.0229],[121.6456,25.0226],[121.6458,25.0223],[121.6459,25.0221],[121.6462,25.0217],[121.6468,25.0218],[121.6483,25.0227],[121.6487,25.0229],[121.6489,25.023],[121.6489,25.0231],[121.6491,25.0233],[121.6492,25.0234],[121.6494,25.0236],[121.6495,25.0237],[121.6499,25.024],[121.65,25.024],[121.6504,25.024],[121.6508,25.0239],[121.6511,25.0239],[121.6515,25.0239],[121.6517,25.0239],[121.652,25.024],[121.6525,25.0241],[121.6527,25.0242],[121.653,25.0242],[121.6532,25.0242],[121.6537,25.0244],[121.6541,25.0244],[121.6545,25.0242],[121.6547,25.0242],[121.6552,25.0239],[121.6555,25.0237],[121.6559,25.0238],[121.656,25.0238],[121.6561,25.0238],[121.6563,25.0237],[121.6565,25.0236],[121.6567,25.0236],[121.6568,25.0236],[121.6572,25.0234],[121.6575,25.0233],[121.6582,25.0236],[121.6584,25.0235],[121.6585,25.0235],[121.6586,25.0235],[121.659,25.0234],[121.6592,25.0234],[121.6595,25.0234],[121.6596,25.0234],[121.6597,25.0234],[121.66,25.0234],[121.6604,25.0234],[121.6605,25.0234],[121.6607,25.0234],[121.661,25.0233],[121.6612,25.0231],[121.6618,25.023],[121.6623,25.0228],[121.6628,25.0228],[121.6634,25.023],[121.6638,25.0231],[121.6643,25.024],[121.6643,25.0242],[121.6645,25.0244],[121.6647,25.0245],[121.6649,25.0246],[121.665,25.0248],[121.6653,25.0257],[121.6654,25.026],[121.6653,25.0262],[121.6651,25.0266],[121.665,25.0268],[121.665,25.027],[121.6648,25.0274],[121.6648,25.0276],[121.6649,25.0279],[121.6649,25.0281],[121.6649,25.0282],[121.6652,25.0284],[121.6653,25.0286],[121.6655,25.0288],[121.6656,25.0291],[121.6657,25.0292],[121.6658,25.0294],[121.6659,25.0299],[121.6658,25.0337],[121.6676,25.0332],[121.6705,25.0327],[121.6722,25.0344],[121.6745,25.0349],[121.6771,25.0348],[121.6785,25.0364],[121.6812,25.0375],[121.6824,25.0389],[121.6842,25.0401],[121.6863,25.0403],[121.6867,25.041],[121.6886,25.0416],[121.6912,25.0416],[121.6923,25.0419],[121.6938,25.0409],[121.6956,25.0408],[121.6958,25.0392],[121.6963,25.0385],[121.6955,25.0369],[121.6969,25.0351],[121.6981,25.0349],[121.6997,25.034],[121.7016,25.0339],[121.7032,25.032],[121.7032,25.0295],[121.7045,25.0274],[121.7044,25.0266],[121.7023,25.0254],[121.7011,25.0232],[121.7026,25.0213],[121.7043,25.0182],[121.7057,25.0179],[121.7069,25.0171],[121.7061,25.0151],[121.7092,25.0119],[121.7101,25.0116],[121.7119,25.0097],[121.7136,25.006],[121.7164,25.0067],[121.7179,25.0074],[121.7196,25.0074],[121.721,25.0088],[121.7222,25.0076],[121.7226,25.0054],[121.7217,25.0013],[121.7205,25.0009],[121.7208,24.9994],[121.7216,24.9982],[121.7232,24.9969],[121.7251,24.992],[121.7265,24.9903],[121.7268,24.9892],[121.7252,24.9877],[121.7246,24.9863],[121.7246,24.9837],[121.7237,24.9826],[121.722,24.9824],[121.7209,24.9814],[121.7206,24.9802],[121.7185,24.98],[121.7173,24.9792],[121.7173,24.9782],[121.7182,24.9769],[121.7181,24.9749],[121.7178,24.9714],[121.7156,24.9708],[121.712,24.9724],[121.7112,24.9718],[121.7082,24.9727],[121.7063,24.9713],[121.7046,24.9706],[121.7031,24.9679],[121.7022,24.9668],[121.7004,24.9666],[121.6986,24.9647],[121.6975,24.9648],[121.6939,24.9644],[121.6914,24.9632],[121.6888,24.9635],[121.6877,24.9628],[121.6856,24.9598],[121.6851,24.9583],[121.6832,24.9574],[121.6825,24.9561],[121.6805,24.9545],[121.6789,24.9542],[121.6758,24.9541],[121.6718,24.9532],[121.6691,24.9523],[121.6669,24.9524],[121.6657,24.9498],[121.6662,24.9482],[121.6659,24.9455],[121.6665,24.9443],[121.6667,24.941],[121.6671,24.9397],[121.6696,24.9389],[121.6702,24.9301],[121.6714,24.9286],[121.6745,24.9267],[121.6753,24.9257],[121.6762,24.9231],[121.6779,24.9221],[121.6766,24.9214],[121.6751,24.9216],[121.6732,24.9199],[121.6691,24.9177],[121.6659,24.9171],[121.6636,24.9157],[121.6632,24.915],[121.6642,24.9128],[121.6643,24.9108],[121.666,24.9084],[121.6647,24.9069],[121.6631,24.9064],[121.6618,24.9053],[121.6621,24.9035],[121.6602,24.9014],[121.6573,24.8999],[121.6531,24.8985],[121.6528,24.8976],[121.6515,24.8976],[121.6488,24.8952],[121.6499,24.8929],[121.651,24.8924],[121.6529,24.8902],[121.6515,24.8875],[121.6516,24.8849],[121.6508,24.8826],[121.6498,24.8811],[121.6497,24.8802],[121.6509,24.8788],[121.6526,24.8784],[121.6542,24.877],[121.6536,24.8748],[121.6532,24.8722],[121.6532,24.8704],[121.6509,24.8695],[121.6503,24.8684],[121.6484,24.8679],[121.6478,24.8669],[121.6471,24.8639],[121.6447,24.8607],[121.6433,24.8606],[121.6415,24.862],[121.6407,24.862],[121.6384,24.8609],[121.6375,24.8593],[121.6369,24.8592],[121.6352,24.8574],[121.6341,24.8589],[121.6319,24.8593],[121.6296,24.8615],[121.6258,24.8614],[121.6231,24.8623],[121.621,24.8632],[121.6204,24.8631],[121.6197,24.8616],[121.6179,24.8619],[121.6157,24.8607],[121.6149,24.8613],[121.6121,24.862],[121.6093,24.863],[121.6054,24.8633],[121.6013,24.8632],[121.5996,24.8639],[121.5977,24.8641],[121.5965,24.866],[121.5956,24.8664],[121.5928,24.8661],[121.5914,24.867],[121.59,24.8694],[121.5882,24.8701],[121.5859,24.8716],[121.5852,24.8726],[121.5834,24.8734],[121.5798,24.8743],[121.5781,24.8742],[121.5758,24.8751],[121.5767,24.8779],[121.5777,24.8787],[121.5779,24.8801],[121.5769,24.8819],[121.5779,24.8832],[121.5768,24.8844],[121.5764,24.886],[121.5766,24.8878],[121.5776,24.8891],[121.5782,24.8907],[121.5781,24.8929],[121.5788,24.8954],[121.5783,24.8969],[121.5762,24.8987],[121.5717,24.9002],[121.5692,24.9016],[121.568,24.9032],[121.5663,24.9036],[121.5692,24.9055],[121.5709,24.9071],[121.5711,24.9081],[121.5731,24.909],[121.5784,24.9088],[121.5806,24.9096],[121.5851,24.9117],[121.5887,24.9142],[121.5904,24.9146],[121.5927,24.9141],[121.5941,24.9132],[121.5953,24.911],[121.5966,24.9103],[121.5986,24.9105],[121.597,24.9119],[121.5966,24.9144],[121.5968,24.9174],[121.5958,24.9197],[121.5956,24.9239],[121.5948,24.9251],[121.5942,24.9274],[121.595,24.9288],[121.5956,24.9312],[121.5965,24.9329],[121.5964,24.9348],[121.5977,24.9376],[121.5998,24.9391],[121.5994,24.9413],[121.598,24.943],[121.5979,24.9446],[121.5996,24.9449],[121.6007,24.9457],[121.6011,24.9471],[121.6045,24.947],[121.6056,24.9464],[121.6067,24.9465],[121.607,24.9474],[121.6064,24.9496],[121.6085,24.952],[121.6077,24.9564],[121.6102,24.9568],[121.6106,24.9594],[121.6092,24.964]]]}},{"type":"Feature","properties":{"c":"新北市","t":"新莊區"},"geometry":{"type":"Polygon","coordinates":[[[121.448,25.0626],[121.4503,25.0608],[121.4519,25.0624],[121.4535,25.063],[121.4535,25.0653],[121.4584,25.0673],[121.4614,25.0688],[121.4628,25.0687],[121.4646,25.0677],[121.4655,25.0655],[121.4652,25.0634],[121.4661,25.0606],[121.4674,25.0586],[121.4674,25.0559],[121.4687,25.053],[121.4681,25.0521],[121.4672,25.0489],[121.4672,25.0474],[121.4661,25.0451],[121.4657,25.0437],[121.4663,25.0414],[121.4663,25.0385],[121.463,25.0374],[121.4582,25.0349],[121.4551,25.033],[121.4514,25.0302],[121.4488,25.0274],[121.4461,25.0238],[121.4449,25.0216],[121.4426,25.0181],[121.4403,25.0151],[121.4376,25.0107],[121.4369,25.0078],[121.4368,25.0053],[121.437,25.0031],[121.4363,25.0001],[121.4334,25.0002],[121.432,24.9994],[121.4308,24.9981],[121.4309,24.9963],[121.4301,24.9952],[121.4305,24.9981],[121.4311,25.0001],[121.4313,25.0021],[121.432,25.0036],[121.4301,25.0054],[121.4299,25.0068],[121.4281,25.0088],[121.427,25.0082],[121.4265,25.0089],[121.4265,25.0107],[121.4242,25.0136],[121.4239,25.0167],[121.4222,25.0172],[121.4203,25.0188],[121.4179,25.0195],[121.4144,25.0195],[121.4139,25.019],[121.4127,25.0202],[121.4121,25.0194],[121.4107,25.0199],[121.4107,25.021],[121.4087,25.0209],[121.4057,25.0232],[121.4046,25.0237],[121.4039,25.0252],[121.4022,25.0258],[121.401,25.027],[121.4015,25.0281],[121.4007,25.0292],[121.3992,25.0295],[121.3982,25.0302],[121.398,25.0312],[121.3987,25.0316],[121.3982,25.0325],[121.3987,25.0348],[121.4008,25.0342],[121.3996,25.0359],[121.4012,25.0364],[121.4007,25.038],[121.3998,25.0375],[121.399,25.0386],[121.3976,25.0385],[121.3972,25.0392],[121.3944,25.0401],[121.3944,25.0412],[121.3935,25.042],[121.3913,25.0415],[121.3907,25.0419],[121.3926,25.0434],[121.3962,25.0436],[121.3968,25.0431],[121.3976,25.0437],[121.3996,25.0429],[121.4007,25.0432],[121.3983,25.0441],[121.403,25.0455],[121.4091,25.0442],[121.4105,25.0426],[121.4096,25.0408],[121.4108,25.0416],[121.4107,25.0408],[121.412,25.0403],[121.4113,25.0396],[121.4129,25.0391],[121.4133,25.0382],[121.4127,25.0352],[121.4148,25.0344],[121.4156,25.035],[121.4169,25.0347],[121.4182,25.0336],[121.4176,25.0318],[121.4166,25.0302],[121.4182,25.0303],[121.4213,25.0287],[121.422,25.0304],[121.4234,25.0293],[121.4261,25.0302],[121.4241,25.0318],[121.4258,25.0331],[121.4327,25.0411],[121.4367,25.0389],[121.4374,25.0432],[121.4405,25.0414],[121.4418,25.0414],[121.4418,25.0449],[121.44,25.0472],[121.442,25.0477],[121.4407,25.0506],[121.4411,25.0508],[121.4404,25.0523],[121.4395,25.0523],[121.4394,25.054],[121.4387,25.0558],[121.4395,25.0568],[121.4427,25.0581],[121.4439,25.0583],[121.4445,25.0595],[121.4452,25.0589],[121.4459,25.0596],[121.4468,25.0592],[121.4473,25.0607],[121.448,25.0605],[121.4475,25.0624],[121.448,25.0626]]]}},{"type":"Feature","properties":{"c":"新北市","t":"泰山區"},"geometry":{"type":"Polygon","coordinates":[[[121.4083,25.0758],[121.4105,25.0755],[121.4147,25.0721],[121.4156,25.0706],[121.4193,25.069],[121.4236,25.0694],[121.4242,25.0692],[121.4302,25.0691],[121.4316,25.0685],[121.432,25.0661],[121.4349,25.0666],[121.4375,25.0644],[121.4387,25.0655],[121.4382,25.0668],[121.4388,25.0674],[121.4402,25.067],[121.4407,25.0678],[121.4424,25.0674],[121.4428,25.069],[121.4455,25.0694],[121.4454,25.0674],[121.4459,25.064],[121.4483,25.0632],[121.448,25.0626],[121.4475,25.0624],[121.448,25.0605],[121.4473,25.0607],[121.4468,25.0592],[121.4459,25.0596],[121.4452,25.0589],[121.4445,25.0595],[121.4439,25.0583],[121.4427,25.0581],[121.4395,25.0568],[121.4387,25.0558],[121.4394,25.054],[121.4395,25.0523],[121.4404,25.0523],[121.4411,25.0508],[121.4407,25.0506],[121.442,25.0477],[121.44,25.0472],[121.4418,25.0449],[121.4418,25.0414],[121.4405,25.0414],[121.4374,25.0432],[121.4367,25.0389],[121.4327,25.0411],[121.4258,25.0331],[121.4241,25.0318],[121.4261,25.0302],[121.4234,25.0293],[121.422,25.0304],[121.4213,25.0287],[121.4182,25.0303],[121.4166,25.0302],[121.4176,25.0318],[121.4182,25.0336],[121.4169,25.0347],[121.4156,25.035],[121.4148,25.0344],[121.4127,25.0352],[121.4133,25.0382],[121.4129,25.0391],[121.4113,25.0396],[121.412,25.0403],[121.4107,25.0408],[121.4108,25.0416],[121.4096,25.0408],[121.4105,25.0426],[121.4091,25.0442],[121.403,25.0455],[121.4008,25.0454],[121.3999,25.045],[121.398,25.0468],[121.3994,25.0478],[121.396,25.0486],[121.3944,25.0475],[121.3943,25.0496],[121.3947,25.0504],[121.3952,25.0496],[121.3966,25.0496],[121.3985,25.0485],[121.3983,25.0498],[121.3975,25.0504],[121.398,25.0511],[121.3997,25.0494],[121.4003,25.0496],[121.4002,25.051],[121.4007,25.0514],[121.3974,25.0515],[121.3965,25.0524],[121.3944,25.0531],[121.3929,25.054],[121.391,25.0536],[121.3926,25.0551],[121.3907,25.0542],[121.3909,25.0534],[121.3899,25.0528],[121.3893,25.0535],[121.3862,25.0526],[121.3846,25.0525],[121.3858,25.0531],[121.3873,25.0546],[121.3873,25.0555],[121.3857,25.0569],[121.3857,25.0581],[121.3887,25.057],[121.3885,25.0581],[121.3897,25.0591],[121.3877,25.0596],[121.389,25.0607],[121.3909,25.0608],[121.3911,25.0615],[121.3883,25.0615],[121.3883,25.0629],[121.3871,25.0626],[121.3862,25.0632],[121.3839,25.0627],[121.3829,25.0629],[121.3821,25.0643],[121.3801,25.0651],[121.3799,25.0661],[121.3827,25.0661],[121.3829,25.069],[121.3824,25.0701],[121.381,25.0701],[121.3807,25.0707],[121.3789,25.071],[121.3773,25.0719],[121.3774,25.0728],[121.3784,25.072],[121.3808,25.072],[121.3826,25.0714],[121.3843,25.0715],[121.3854,25.07],[121.3859,25.0707],[121.3857,25.0721],[121.3862,25.0728],[121.3878,25.0728],[121.387,25.0722],[121.3876,25.07],[121.3888,25.069],[121.3883,25.068],[121.3899,25.0681],[121.3901,25.0696],[121.3912,25.0692],[121.3919,25.0702],[121.3941,25.072],[121.396,25.0731],[121.3971,25.0724],[121.397,25.0707],[121.3955,25.0686],[121.3966,25.0677],[121.3948,25.0667],[121.3973,25.0657],[121.4,25.0654],[121.4006,25.0646],[121.4002,25.0631],[121.4029,25.0636],[121.4035,25.0643],[121.4037,25.0626],[121.4055,25.0633],[121.4056,25.0645],[121.4041,25.0659],[121.4028,25.0666],[121.4029,25.0681],[121.4041,25.0679],[121.4062,25.0688],[121.4059,25.0702],[121.404,25.0701],[121.4031,25.0705],[121.4015,25.0721],[121.402,25.0701],[121.4006,25.0697],[121.3991,25.0681],[121.3984,25.0682],[121.3992,25.069],[121.3994,25.0711],[121.399,25.0729],[121.3994,25.0747],[121.3982,25.0761],[121.3992,25.0761],[121.4025,25.075],[121.4049,25.0752],[121.4062,25.0759],[121.4083,25.0758]]]}},{"type":"Feature","properties":{"c":"新北市","t":"三重區"},"geometry":{"type":"Polygon","coordinates":[[[121.471,25.0735],[121.4731,25.0727],[121.4753,25.0732],[121.4768,25.076],[121.4772,25.0773],[121.4789,25.0781],[121.4822,25.082],[121.4828,25.0837],[121.484,25.0845],[121.4836,25.0874],[121.4846,25.0892],[121.4887,25.0922],[121.4911,25.0948],[121.4912,25.0948],[121.4915,25.0944],[121.4917,25.0942],[121.492,25.094],[121.4922,25.0938],[121.4925,25.0936],[121.4931,25.0931],[121.4933,25.0929],[121.4936,25.0926],[121.494,25.0923],[121.4947,25.0917],[121.4949,25.0916],[121.4951,25.0914],[121.4952,25.0913],[121.4954,25.0911],[121.4968,25.0899],[121.4972,25.0896],[121.4973,25.0895],[121.4976,25.0892],[121.498,25.0889],[121.4982,25.0887],[121.4986,25.0884],[121.4988,25.0882],[121.4995,25.0875],[121.4997,25.0873],[121.4999,25.0871],[121.5003,25.0866],[121.5006,25.0861],[121.5008,25.0858],[121.5009,25.0855],[121.501,25.0855],[121.5012,25.0852],[121.5013,25.085],[121.5015,25.0847],[121.5018,25.0843],[121.5019,25.084],[121.5024,25.0833],[121.5025,25.0832],[121.5026,25.0829],[121.5029,25.0823],[121.503,25.0821],[121.5031,25.082],[121.5033,25.0817],[121.5034,25.0814],[121.5034,25.0813],[121.5036,25.081],[121.5037,25.0808],[121.5038,25.0806],[121.504,25.0803],[121.504,25.0802],[121.5041,25.0799],[121.5043,25.0792],[121.5044,25.0789],[121.5045,25.0788],[121.5045,25.0785],[121.5047,25.0782],[121.5047,25.0781],[121.5047,25.0779],[121.5048,25.0778],[121.5049,25.0777],[121.505,25.0775],[121.5051,25.0771],[121.5053,25.0768],[121.5056,25.0759],[121.5058,25.0755],[121.5059,25.0753],[121.506,25.0749],[121.5061,25.0746],[121.5062,25.0744],[121.5062,25.074],[121.5063,25.0737],[121.5063,25.0734],[121.5063,25.0732],[121.5063,25.073],[121.5064,25.0729],[121.5064,25.0727],[121.5066,25.0725],[121.5066,25.0722],[121.5068,25.0717],[121.507,25.071],[121.507,25.0708],[121.507,25.0708],[121.507,25.0706],[121.507,25.0705],[121.5071,25.0702],[121.507,25.0698],[121.507,25.0696],[121.507,25.0693],[121.507,25.0687],[121.507,25.0684],[121.507,25.0682],[121.5069,25.0678],[121.5069,25.0677],[121.5069,25.0673],[121.5069,25.0668],[121.5069,25.0664],[121.5069,25.0656],[121.5068,25.0652],[121.5068,25.0647],[121.5068,25.0645],[121.5066,25.0642],[121.5066,25.064],[121.5065,25.0638],[121.5065,25.0636],[121.5064,25.0633],[121.5063,25.0631],[121.5063,25.063],[121.5062,25.0626],[121.5061,25.0622],[121.506,25.0619],[121.5057,25.061],[121.5056,25.0608],[121.5056,25.0604],[121.5055,25.0603],[121.5054,25.0597],[121.5054,25.0596],[121.5054,25.0593],[121.5054,25.0586],[121.5054,25.0584],[121.5055,25.0581],[121.5056,25.058],[121.5058,25.0575],[121.5058,25.0573],[121.5059,25.0571],[121.5062,25.0564],[121.5064,25.0558],[121.5063,25.0552],[121.5063,25.0548],[121.5063,25.0547],[121.5063,25.0545],[121.5063,25.0541],[121.5063,25.054],[121.5062,25.0535],[121.5061,25.0531],[121.506,25.0528],[121.5058,25.0524],[121.5058,25.0523],[121.5054,25.0514],[121.5054,25.0513],[121.5052,25.0509],[121.5049,25.0504],[121.5048,25.0501],[121.5047,25.0499],[121.5047,25.0498],[121.5046,25.0498],[121.5045,25.0495],[121.5039,25.0489],[121.5037,25.0487],[121.5036,25.0486],[121.5031,25.0482],[121.5031,25.0481],[121.503,25.0479],[121.5024,25.0473],[121.5022,25.0471],[121.5021,25.0469],[121.502,25.0468],[121.5012,25.0459],[121.501,25.0457],[121.5004,25.0452],[121.5002,25.0451],[121.5,25.045],[121.4997,25.0448],[121.4994,25.0447],[121.499,25.0445],[121.4979,25.044],[121.4976,25.0439],[121.4975,25.0438],[121.4969,25.0435],[121.4966,25.0434],[121.4964,25.0433],[121.4962,25.0432],[121.4959,25.0431],[121.4956,25.043],[121.4952,25.0428],[121.495,25.0428],[121.4945,25.0428],[121.4941,25.0429],[121.4938,25.0429],[121.4936,25.0429],[121.4934,25.0429],[121.4926,25.0429],[121.4919,25.0429],[121.4917,25.0429],[121.4913,25.0429],[121.4908,25.0428],[121.4904,25.0428],[121.4901,25.0428],[121.4895,25.0427],[121.4892,25.0427],[121.4891,25.0427],[121.4887,25.0425],[121.4882,25.042],[121.488,25.0418],[121.4875,25.0414],[121.4873,25.0411],[121.487,25.0409],[121.4867,25.0406],[121.4864,25.0404],[121.4862,25.0402],[121.4861,25.0401],[121.4859,25.0399],[121.4858,25.0398],[121.4856,25.0396],[121.4854,25.0394],[121.4853,25.0393],[121.4852,25.0392],[121.4811,25.0394],[121.4784,25.0398],[121.4751,25.0395],[121.4699,25.0393],[121.4663,25.0385],[121.4663,25.0414],[121.4657,25.0437],[121.4661,25.0451],[121.4672,25.0474],[121.4672,25.0489],[121.4681,25.0521],[121.4687,25.053],[121.4674,25.0559],[121.4674,25.0586],[121.4661,25.0606],[121.4652,25.0634],[121.4655,25.0655],[121.4658,25.0667],[121.4669,25.0666],[121.4682,25.0679],[121.4698,25.0686],[121.4697,25.0724],[121.4708,25.0722],[121.471,25.0735]]]}},{"type":"Feature","properties":{"c":"新北市","t":"雙溪區"},"geometry":{"type":"Polygon","coordinates":[[[121.8612,24.9636],[121.8588,24.9634],[121.8543,24.9615],[121.854,24.96],[121.8525,24.9596],[121.8504,24.9612],[121.8488,24.96],[121.8472,24.9604],[121.8455,24.9592],[121.8451,24.9577],[121.8435,24.9569],[121.843,24.9552],[121.8414,24.9542],[121.8413,24.9526],[121.8418,24.9514],[121.8407,24.9479],[121.8392,24.9464],[121.839,24.9446],[121.8398,24.9422],[121.8415,24.941],[121.8424,24.9394],[121.8458,24.9383],[121.8466,24.9379],[121.8479,24.9353],[121.8478,24.934],[121.8494,24.9311],[121.8492,24.9303],[121.8538,24.9279],[121.854,24.9259],[121.8521,24.9237],[121.8508,24.9234],[121.8502,24.9225],[121.8456,24.9194],[121.8448,24.9172],[121.8433,24.9154],[121.8395,24.9126],[121.838,24.9101],[121.8366,24.9085],[121.8344,24.9068],[121.8334,24.9067],[121.8318,24.9049],[121.8279,24.9053],[121.827,24.9046],[121.826,24.9052],[121.8224,24.9046],[121.8199,24.9029],[121.8183,24.9027],[121.8164,24.9037],[121.8154,24.9047],[121.8134,24.9055],[121.8117,24.9065],[121.8104,24.9052],[121.8105,24.9037],[121.8085,24.9029],[121.8061,24.9025],[121.8045,24.9012],[121.8031,24.9017],[121.8022,24.901],[121.8,24.9012],[121.799,24.9009],[121.797,24.9016],[121.7953,24.8998],[121.7934,24.8997],[121.7923,24.9017],[121.7913,24.9023],[121.7912,24.9034],[121.7902,24.9037],[121.7878,24.9062],[121.7863,24.9063],[121.785,24.9103],[121.7847,24.914],[121.784,24.9156],[121.7816,24.9179],[121.7789,24.9191],[121.7781,24.9197],[121.7789,24.921],[121.7806,24.9229],[121.7819,24.9283],[121.7831,24.9288],[121.7848,24.9302],[121.7854,24.9321],[121.785,24.9333],[121.786,24.9343],[121.7862,24.937],[121.7885,24.9393],[121.7895,24.9406],[121.7879,24.9437],[121.7877,24.9448],[121.7888,24.9465],[121.7911,24.9513],[121.7923,24.9517],[121.7932,24.9533],[121.7932,24.9544],[121.7921,24.9546],[121.7911,24.9561],[121.7912,24.9576],[121.7901,24.9606],[121.7908,24.9623],[121.7907,24.9644],[121.7922,24.9662],[121.7918,24.9681],[121.7919,24.9703],[121.7939,24.9732],[121.7941,24.9774],[121.7937,24.9796],[121.7927,24.9808],[121.7929,24.9825],[121.7925,24.9835],[121.791,24.9836],[121.7896,24.9831],[121.7865,24.9831],[121.7852,24.982],[121.7816,24.982],[121.7795,24.9838],[121.7771,24.9848],[121.7758,24.9855],[121.7756,24.9867],[121.7743,24.9886],[121.7731,24.9891],[121.7711,24.9889],[121.7687,24.9901],[121.7686,24.9911],[121.7669,24.9929],[121.7647,24.9936],[121.7644,24.9953],[121.7636,24.9962],[121.7689,24.9998],[121.7712,25.0003],[121.7725,25.0017],[121.7747,25.0025],[121.7771,25.0057],[121.7781,25.0063],[121.7793,25.0064],[121.7787,25.0076],[121.7802,25.0105],[121.782,25.0112],[121.7822,25.0121],[121.7844,25.0139],[121.7842,25.0149],[121.7845,25.0177],[121.7869,25.0205],[121.7879,25.021],[121.7892,25.023],[121.7913,25.0229],[121.793,25.0238],[121.7971,25.0277],[121.798,25.0289],[121.7996,25.0302],[121.8026,25.0309],[121.8037,25.0309],[121.8044,25.0316],[121.8067,25.0316],[121.8088,25.0352],[121.8085,25.0369],[121.8106,25.0393],[121.8121,25.0404],[121.8146,25.0414],[121.816,25.041],[121.8169,25.0421],[121.818,25.042],[121.8203,25.0436],[121.8215,25.0458],[121.8237,25.0458],[121.8248,25.0449],[121.8269,25.0449],[121.8276,25.0455],[121.8305,25.045],[121.8317,25.0442],[121.834,25.0444],[121.8347,25.0459],[121.8348,25.0473],[121.8338,25.0484],[121.8337,25.0505],[121.8319,25.0537],[121.8316,25.0549],[121.8307,25.0556],[121.8304,25.0569],[121.8312,25.058],[121.8306,25.059],[121.8305,25.062],[121.8297,25.0632],[121.8297,25.065],[121.8314,25.0673],[121.8324,25.0692],[121.8321,25.071],[121.8325,25.0718],[121.8351,25.0737],[121.8364,25.074],[121.8389,25.0761],[121.8404,25.0781],[121.8407,25.0807],[121.8429,25.0823],[121.844,25.0847],[121.8452,25.0867],[121.8476,25.0894],[121.8499,25.089],[121.8515,25.0891],[121.8519,25.0912],[121.8526,25.092],[121.8534,25.0951],[121.8558,25.0961],[121.8574,25.0973],[121.8582,25.0965],[121.8619,25.0965],[121.8654,25.0952],[121.8668,25.095],[121.8671,25.0941],[121.8685,25.0938],[121.8704,25.094],[121.8723,25.0938],[121.8742,25.095],[121.8755,25.0946],[121.8765,25.0934],[121.877,25.0917],[121.8765,25.0906],[121.876,25.0875],[121.8767,25.0854],[121.8774,25.085],[121.8784,25.0829],[121.8781,25.0817],[121.8782,25.08],[121.8772,25.0766],[121.8781,25.074],[121.8799,25.0724],[121.8823,25.0724],[121.8831,25.0715],[121.8832,25.0696],[121.8838,25.0691],[121.8856,25.066],[121.8858,25.0651],[121.8871,25.0636],[121.8874,25.0615],[121.8879,25.0606],[121.8878,25.0579],[121.889,25.0564],[121.8892,25.0548],[121.8904,25.0538],[121.8902,25.0526],[121.8888,25.051],[121.8888,25.0492],[121.8893,25.0478],[121.8876,25.0455],[121.8878,25.0446],[121.89,25.0439],[121.8904,25.042],[121.8925,25.0418],[121.8944,25.0406],[121.8961,25.0406],[121.8968,25.0393],[121.8958,25.0374],[121.8952,25.0349],[121.894,25.033],[121.8942,25.0314],[121.8922,25.0287],[121.8934,25.0265],[121.8939,25.0248],[121.8926,25.0247],[121.8916,25.024],[121.8897,25.021],[121.8882,25.0207],[121.8882,25.0192],[121.8897,25.019],[121.8908,25.0183],[121.8911,25.0164],[121.8899,25.016],[121.8887,25.0148],[121.8871,25.0141],[121.885,25.0149],[121.8835,25.0141],[121.8805,25.0135],[121.8807,25.0119],[121.8787,25.0107],[121.8786,25.0071],[121.8765,25.0049],[121.8759,25.0037],[121.8757,25.0007],[121.8753,24.9994],[121.8725,24.9966],[121.8715,24.9949],[121.871,24.9932],[121.8698,24.9921],[121.8688,24.992],[121.8675,24.9906],[121.866,24.9896],[121.8652,24.9877],[121.8638,24.9855],[121.8651,24.9841],[121.8642,24.9825],[121.8624,24.9816],[121.8626,24.9797],[121.8619,24.9778],[121.8618,24.9758],[121.8623,24.9751],[121.8613,24.9748],[121.8608,24.9736],[121.8609,24.9712],[121.8617,24.9677],[121.8606,24.9656],[121.8612,24.9636]]]}},{"type":"Feature","properties":{"c":"新北市","t":"貢寮區"},"geometry":{"type":"Polygon","coordinates":[[[121.966,24.9831],[121.9641,24.9856],[121.9628,24.9878],[121.9598,24.9884],[121.9581,24.9873],[121.9555,24.9883],[121.9532,24.988],[121.9504,24.9883],[121.9479,24.9867],[121.9463,24.987],[121.9458,24.9878],[121.9439,24.988],[121.943,24.9864],[121.941,24.9856],[121.9406,24.9845],[121.9386,24.9848],[121.9375,24.9831],[121.9358,24.9834],[121.9344,24.9832],[121.9335,24.9809],[121.9306,24.981],[121.929,24.9804],[121.9285,24.9797],[121.9268,24.9802],[121.9265,24.9797],[121.9243,24.9794],[121.9223,24.9786],[121.9209,24.9797],[121.919,24.9786],[121.9173,24.9788],[121.9162,24.9795],[121.9148,24.9793],[121.914,24.9786],[121.9125,24.9783],[121.9108,24.9768],[121.9105,24.9749],[121.9101,24.9748],[121.9082,24.9759],[121.9068,24.9756],[121.9054,24.9734],[121.904,24.9747],[121.9028,24.9744],[121.9003,24.9718],[121.8994,24.9703],[121.8994,24.9694],[121.8972,24.9671],[121.8961,24.9671],[121.8918,24.9651],[121.8894,24.9647],[121.8885,24.9632],[121.8876,24.9637],[121.8847,24.9644],[121.8823,24.9641],[121.8792,24.9627],[121.878,24.9627],[121.8762,24.9616],[121.8747,24.9617],[121.8723,24.9613],[121.8715,24.9607],[121.8692,24.9615],[121.8651,24.9623],[121.8636,24.9621],[121.8612,24.9636],[121.8606,24.9656],[121.8617,24.9677],[121.8609,24.9712],[121.8608,24.9736],[121.8613,24.9748],[121.8623,24.9751],[121.8618,24.9758],[121.8619,24.9778],[121.8626,24.9797],[121.8624,24.9816],[121.8642,24.9825],[121.8651,24.9841],[121.8638,24.9855],[121.8652,24.9877],[121.866,24.9896],[121.8675,24.9906],[121.8688,24.992],[121.8698,24.9921],[121.871,24.9932],[121.8715,24.9949],[121.8725,24.9966],[121.8753,24.9994],[121.8757,25.0007],[121.8759,25.0037],[121.8765,25.0049],[121.8786,25.0071],[121.8787,25.0107],[121.8807,25.0119],[121.8805,25.0135],[121.8835,25.0141],[121.885,25.0149],[121.8871,25.0141],[121.8887,25.0148],[121.8899,25.016],[121.8911,25.0164],[121.8908,25.0183],[121.8897,25.019],[121.8882,25.0192],[121.8882,25.0207],[121.8897,25.021],[121.8916,25.024],[121.8926,25.0247],[121.8939,25.0248],[121.8934,25.0265],[121.8922,25.0287],[121.8942,25.0314],[121.894,25.033],[121.8952,25.0349],[121.8958,25.0374],[121.8968,25.0393],[121.8961,25.0406],[121.8944,25.0406],[121.8925,25.0418],[121.8904,25.042],[121.89,25.0439],[121.8878,25.0446],[121.8876,25.0455],[121.8893,25.0478],[121.8888,25.0492],[121.8888,25.051],[121.8902,25.0526],[121.8904,25.0538],[121.8892,25.0548],[121.889,25.0564],[121.8878,25.0579],[121.8879,25.0606],[121.8874,25.0615],[121.8871,25.0636],[121.8858,25.0651],[121.8856,25.066],[121.8838,25.0691],[121.8832,25.0696],[121.8831,25.0715],[121.8823,25.0724],[121.8799,25.0724],[121.8781,25.074],[121.8772,25.0766],[121.8782,25.08],[121.8781,25.0817],[121.8784,25.0829],[121.8774,25.085],[121.8767,25.0854],[121.876,25.0875],[121.8765,25.0906],[121.877,25.0917],[121.8765,25.0934],[121.8755,25.0946],[121.8785,25.095],[121.8817,25.0978],[121.883,25.0985],[121.8852,25.0991],[121.8874,25.1003],[121.8901,25.1004],[121.8907,25.101],[121.8924,25.1006],[121.8957,25.1012],[121.8974,25.1035],[121.8965,25.1048],[121.8947,25.1087],[121.895,25.11],[121.8966,25.1113],[121.8976,25.1138],[121.9,25.1137],[121.9016,25.1148],[121.9021,25.1159],[121.9056,25.1168],[121.9063,25.1174],[121.9079,25.1175],[121.9084,25.1167],[121.9115,25.1178],[121.9131,25.1177],[121.9143,25.1186],[121.9182,25.1202],[121.9196,25.1205],[121.9211,25.1218],[121.9226,25.1223],[121.9212,25.1213],[121.9208,25.1175],[121.9169,25.1162],[121.9161,25.1149],[121.916,25.1139],[121.9169,25.1131],[121.9186,25.1125],[121.9212,25.1137],[121.9212,25.1141],[121.9232,25.1133],[121.9245,25.1117],[121.9249,25.1105],[121.9266,25.1082],[121.9254,25.1061],[121.9232,25.1053],[121.9241,25.1039],[121.9236,25.1034],[121.9219,25.1041],[121.9205,25.1034],[121.9194,25.1021],[121.9186,25.1002],[121.9197,25.0977],[121.9196,25.0949],[121.9174,25.0943],[121.916,25.0925],[121.916,25.092],[121.9144,25.0898],[121.9144,25.0855],[121.9148,25.0843],[121.9164,25.0825],[121.9169,25.0814],[121.9153,25.0781],[121.9155,25.0766],[121.9167,25.076],[121.9199,25.0763],[121.9208,25.0753],[121.9225,25.0744],[121.9255,25.072],[121.9267,25.0718],[121.9284,25.0709],[121.9281,25.0688],[121.9301,25.0663],[121.9317,25.0631],[121.9313,25.0629],[121.9317,25.061],[121.9307,25.0611],[121.9306,25.0599],[121.9313,25.0561],[121.9307,25.056],[121.9316,25.0541],[121.9304,25.0528],[121.9297,25.0514],[121.929,25.0463],[121.9302,25.0456],[121.9304,25.0442],[121.9291,25.0433],[121.929,25.0422],[121.9303,25.0417],[121.929,25.0413],[121.9295,25.0398],[121.9308,25.0386],[121.932,25.0358],[121.9345,25.0324],[121.9393,25.0277],[121.9422,25.0246],[121.9448,25.0226],[121.9471,25.0211],[121.95,25.0205],[121.9497,25.0216],[121.9521,25.0222],[121.956,25.0224],[121.9587,25.023],[121.9609,25.023],[121.9648,25.0247],[121.9669,25.0239],[121.9689,25.0245],[121.9699,25.0255],[121.9736,25.0266],[121.9757,25.0268],[121.9779,25.0266],[121.983,25.0249],[121.988,25.0223],[121.9901,25.0211],[121.9923,25.0165],[121.9914,25.015],[121.9912,25.013],[121.9932,25.0142],[121.9939,25.016],[121.9976,25.0195],[121.9991,25.0196],[122.0007,25.0165],[122.0018,25.0148],[122.0036,25.0146],[122.0041,25.0155],[122.0051,25.0156],[122.0054,25.0148],[122.0052,25.013],[122.0061,25.0124],[122.0066,25.011],[122.0075,25.0119],[122.0058,25.0086],[122.0071,25.0086],[122.0069,25.008],[122.0057,25.0078],[122.0053,25.0045],[122.006,25.0033],[122.0052,25.0016],[122.0036,25.002],[121.9967,25.0008],[121.9958,25.0001],[121.9961,24.9995],[121.9945,24.9992],[121.9927,24.9974],[121.9906,24.9957],[121.9893,24.9938],[121.986,24.9921],[121.9839,24.9906],[121.9809,24.9911],[121.9775,24.9901],[121.9761,24.9888],[121.9748,24.9853],[121.9722,24.9854],[121.9709,24.9846],[121.9704,24.9851],[121.9677,24.9848],[121.9673,24.9827],[121.966,24.9831]]]}},{"type":"Feature","properties":{"c":"新北市","t":"汐止區"},"geometry":{"type":"Polygon","coordinates":[[[121.7282,25.0549],[121.7301,25.0534],[121.7289,25.0518],[121.727,25.0502],[121.7271,25.0494],[121.725,25.0484],[121.7223,25.0482],[121.721,25.0472],[121.7198,25.0453],[121.7183,25.044],[121.7178,25.043],[121.716,25.0417],[121.7167,25.0403],[121.7158,25.0363],[121.7132,25.0348],[121.7127,25.0336],[121.7119,25.0334],[121.7083,25.0341],[121.7078,25.0335],[121.7053,25.0328],[121.7032,25.032],[121.7016,25.0339],[121.6997,25.034],[121.6981,25.0349],[121.6969,25.0351],[121.6955,25.0369],[121.6963,25.0385],[121.6958,25.0392],[121.6956,25.0408],[121.6938,25.0409],[121.6923,25.0419],[121.6912,25.0416],[121.6886,25.0416],[121.6867,25.041],[121.6863,25.0403],[121.6842,25.0401],[121.6824,25.0389],[121.6812,25.0375],[121.6785,25.0364],[121.6771,25.0348],[121.6745,25.0349],[121.6722,25.0344],[121.6705,25.0327],[121.6676,25.0332],[121.6658,25.0337],[121.6659,25.0299],[121.6658,25.0299],[121.6656,25.0299],[121.6655,25.0299],[121.6654,25.0298],[121.6652,25.0296],[121.6648,25.0295],[121.6645,25.0296],[121.6636,25.0299],[121.6633,25.0301],[121.663,25.0302],[121.6626,25.0302],[121.6621,25.0303],[121.6617,25.0304],[121.6615,25.0305],[121.6605,25.0303],[121.6602,25.0302],[121.66,25.0301],[121.6596,25.0299],[121.6595,25.0298],[121.6593,25.0297],[121.6588,25.0295],[121.6586,25.0293],[121.6585,25.0293],[121.6583,25.0292],[121.6581,25.0291],[121.6579,25.029],[121.6578,25.0289],[121.6576,25.0288],[121.6574,25.0286],[121.6573,25.0283],[121.6572,25.0282],[121.657,25.028],[121.6564,25.0278],[121.656,25.0277],[121.6556,25.0277],[121.6553,25.0275],[121.6552,25.0275],[121.6551,25.0275],[121.6551,25.0276],[121.6549,25.0277],[121.6547,25.0277],[121.6545,25.0278],[121.6544,25.0278],[121.6539,25.0278],[121.6538,25.0277],[121.6537,25.0277],[121.6535,25.0275],[121.6525,25.0276],[121.6523,25.0277],[121.652,25.0281],[121.6518,25.0281],[121.6517,25.028],[121.6513,25.0278],[121.6512,25.0278],[121.6509,25.0278],[121.6507,25.0277],[121.6506,25.0277],[121.6502,25.0276],[121.65,25.0277],[121.6497,25.028],[121.6494,25.0281],[121.6488,25.0279],[121.6485,25.0281],[121.6483,25.0284],[121.648,25.0286],[121.6478,25.0285],[121.6469,25.028],[121.6465,25.0281],[121.6465,25.0282],[121.6465,25.0284],[121.6459,25.0294],[121.6458,25.0295],[121.6456,25.0294],[121.6454,25.0295],[121.6452,25.0297],[121.6449,25.0297],[121.6448,25.0296],[121.6442,25.0298],[121.644,25.0299],[121.6438,25.0303],[121.6435,25.0305],[121.6434,25.0305],[121.6432,25.0305],[121.6427,25.0309],[121.6425,25.031],[121.6423,25.0312],[121.6415,25.0313],[121.6414,25.0314],[121.6409,25.0317],[121.6408,25.0318],[121.6404,25.0319],[121.6402,25.032],[121.6399,25.032],[121.6397,25.0322],[121.6396,25.0323],[121.6388,25.0328],[121.6384,25.0331],[121.6383,25.0332],[121.6383,25.0333],[121.6382,25.0334],[121.6381,25.0335],[121.6381,25.0336],[121.6379,25.0337],[121.6378,25.0338],[121.6376,25.0338],[121.6375,25.0339],[121.6374,25.0339],[121.6372,25.034],[121.6369,25.0341],[121.6366,25.0342],[121.6361,25.0343],[121.6358,25.0344],[121.6356,25.0345],[121.6355,25.0345],[121.6353,25.0346],[121.6352,25.0347],[121.6351,25.0348],[121.6348,25.035],[121.6344,25.0348],[121.634,25.0348],[121.6338,25.0353],[121.6337,25.0355],[121.6336,25.0357],[121.6335,25.0357],[121.6333,25.0358],[121.633,25.0358],[121.6322,25.0357],[121.6318,25.0356],[121.6314,25.0355],[121.6311,25.0354],[121.6309,25.0353],[121.6306,25.0352],[121.6303,25.0351],[121.6301,25.0351],[121.6301,25.0358],[121.63,25.0361],[121.6297,25.0366],[121.6295,25.0367],[121.6292,25.0368],[121.6289,25.0369],[121.6286,25.037],[121.6282,25.0371],[121.6279,25.0372],[121.6276,25.0372],[121.6274,25.0374],[121.6273,25.0374],[121.6272,25.0375],[121.6268,25.0377],[121.6266,25.0378],[121.6265,25.0378],[121.6263,25.0379],[121.6261,25.0379],[121.6258,25.0379],[121.6254,25.0377],[121.6253,25.0377],[121.625,25.0377],[121.6247,25.038],[121.6246,25.0382],[121.6244,25.0384],[121.6242,25.0387],[121.6236,25.0393],[121.6233,25.0395],[121.6229,25.0398],[121.6224,25.0399],[121.6223,25.04],[121.6219,25.0401],[121.6218,25.0401],[121.6217,25.0403],[121.6216,25.0404],[121.6213,25.0406],[121.6212,25.0408],[121.621,25.041],[121.6209,25.0412],[121.6208,25.0413],[121.6207,25.0414],[121.6205,25.0417],[121.6204,25.0419],[121.6204,25.0421],[121.6201,25.0425],[121.6199,25.0427],[121.6197,25.043],[121.6193,25.0433],[121.6192,25.0433],[121.6189,25.0438],[121.6188,25.0441],[121.6187,25.0442],[121.6185,25.0447],[121.6183,25.045],[121.6175,25.0463],[121.6173,25.0467],[121.6172,25.047],[121.6171,25.0472],[121.6169,25.0474],[121.6166,25.0478],[121.6165,25.048],[121.6165,25.0485],[121.6164,25.0487],[121.6163,25.0491],[121.6163,25.0496],[121.6163,25.0504],[121.6164,25.0507],[121.6168,25.051],[121.6168,25.051],[121.6172,25.0513],[121.6173,25.0514],[121.6177,25.0517],[121.6181,25.0522],[121.6182,25.0523],[121.6187,25.0525],[121.619,25.0526],[121.6194,25.0528],[121.6197,25.053],[121.62,25.0531],[121.621,25.0538],[121.6211,25.0541],[121.6208,25.0548],[121.6207,25.0549],[121.6205,25.0552],[121.6203,25.0555],[121.6202,25.0558],[121.6202,25.056],[121.6202,25.0562],[121.6205,25.0566],[121.6208,25.0567],[121.6211,25.0567],[121.6219,25.0564],[121.6221,25.0562],[121.6222,25.0561],[121.6224,25.0559],[121.6226,25.0557],[121.6228,25.0555],[121.623,25.0554],[121.6232,25.0553],[121.6234,25.055],[121.6235,25.055],[121.6238,25.0551],[121.6242,25.0557],[121.6242,25.0559],[121.6241,25.0561],[121.624,25.0563],[121.6238,25.0566],[121.6235,25.0569],[121.6232,25.0573],[121.6231,25.0575],[121.6229,25.0578],[121.6228,25.058],[121.6226,25.0582],[121.6225,25.0584],[121.6224,25.0587],[121.6223,25.0589],[121.6222,25.0591],[121.6222,25.0593],[121.6221,25.0595],[121.622,25.0596],[121.6217,25.0602],[121.6216,25.0604],[121.6211,25.061],[121.621,25.0611],[121.6208,25.0614],[121.6202,25.0619],[121.6199,25.0622],[121.6194,25.0625],[121.6185,25.0631],[121.6182,25.0632],[121.618,25.0632],[121.6178,25.0633],[121.6176,25.0634],[121.6173,25.0635],[121.617,25.0636],[121.6161,25.0639],[121.6161,25.0639],[121.6162,25.064],[121.6163,25.0643],[121.6164,25.0645],[121.6166,25.065],[121.6167,25.0651],[121.6167,25.0654],[121.6167,25.0657],[121.6167,25.0658],[121.617,25.0659],[121.617,25.0659],[121.6171,25.0658],[121.6172,25.0657],[121.6175,25.0653],[121.6177,25.0651],[121.6178,25.0651],[121.6179,25.0652],[121.6178,25.0654],[121.6178,25.0656],[121.6179,25.0658],[121.6179,25.066],[121.618,25.0664],[121.6179,25.0666],[121.6179,25.0667],[121.6178,25.0668],[121.6176,25.067],[121.6175,25.0674],[121.6176,25.0676],[121.6177,25.0677],[121.6179,25.0677],[121.6185,25.0676],[121.6187,25.0677],[121.6195,25.0684],[121.6196,25.0686],[121.6197,25.0686],[121.6199,25.0686],[121.6201,25.0686],[121.6204,25.0687],[121.6209,25.0693],[121.621,25.0696],[121.6211,25.0696],[121.6215,25.0695],[121.6215,25.0698],[121.6215,25.07],[121.6213,25.0704],[121.6213,25.0706],[121.6213,25.0708],[121.6213,25.0711],[121.6213,25.0719],[121.6211,25.0721],[121.621,25.0722],[121.6208,25.0723],[121.6206,25.0726],[121.6206,25.0731],[121.6207,25.0734],[121.6208,25.0735],[121.6211,25.0738],[121.6213,25.074],[121.6217,25.0748],[121.6217,25.0749],[121.6218,25.0749],[121.6222,25.0747],[121.6227,25.0747],[121.6228,25.0748],[121.6229,25.0752],[121.623,25.0753],[121.6231,25.0757],[121.6232,25.0759],[121.6232,25.0762],[121.6232,25.0766],[121.6232,25.0768],[121.6232,25.0769],[121.6248,25.0778],[121.6249,25.0779],[121.6249,25.078],[121.625,25.0782],[121.625,25.0784],[121.6251,25.0786],[121.6251,25.0787],[121.6251,25.0788],[121.6249,25.0787],[121.6248,25.0786],[121.6245,25.0783],[121.6243,25.0781],[121.6242,25.0781],[121.6241,25.0781],[121.6239,25.0782],[121.6239,25.0783],[121.6238,25.0785],[121.6239,25.0787],[121.6242,25.0788],[121.6245,25.079],[121.6245,25.0793],[121.6244,25.0795],[121.6242,25.0797],[121.6242,25.0798],[121.6242,25.0801],[121.6242,25.0803],[121.6244,25.0805],[121.6247,25.0807],[121.6249,25.0809],[121.625,25.081],[121.6254,25.0813],[121.6255,25.0814],[121.6256,25.0816],[121.6257,25.0817],[121.6258,25.0818],[121.6259,25.082],[121.6262,25.0821],[121.6264,25.0821],[121.6273,25.0823],[121.6275,25.0824],[121.6277,25.0826],[121.6278,25.0828],[121.6279,25.083],[121.628,25.0834],[121.628,25.0835],[121.6279,25.0837],[121.6279,25.0838],[121.6277,25.0841],[121.6276,25.0843],[121.6276,25.0848],[121.6278,25.0851],[121.6279,25.0853],[121.6281,25.0855],[121.6284,25.0861],[121.6286,25.0863],[121.6286,25.0864],[121.6286,25.0865],[121.6284,25.0868],[121.6283,25.087],[121.6283,25.0871],[121.6282,25.0874],[121.6282,25.0875],[121.6282,25.0877],[121.6282,25.0882],[121.628,25.0885],[121.6277,25.0887],[121.6271,25.0893],[121.6269,25.0894],[121.6268,25.0896],[121.6267,25.0897],[121.6266,25.0898],[121.6264,25.0901],[121.6263,25.0902],[121.6262,25.0903],[121.6261,25.0903],[121.626,25.0907],[121.626,25.0908],[121.626,25.091],[121.6263,25.0913],[121.6263,25.0916],[121.6261,25.0917],[121.6259,25.092],[121.6257,25.0923],[121.6256,25.0927],[121.6256,25.0929],[121.6255,25.0931],[121.6251,25.0937],[121.6251,25.0939],[121.6251,25.0941],[121.6251,25.0943],[121.6252,25.0946],[121.6253,25.0949],[121.6253,25.0951],[121.6254,25.0951],[121.6255,25.0952],[121.6261,25.0957],[121.6262,25.0958],[121.6263,25.096],[121.6261,25.0962],[121.6254,25.097],[121.6252,25.0971],[121.6249,25.0971],[121.6247,25.0971],[121.6246,25.0971],[121.6244,25.0971],[121.624,25.0971],[121.6238,25.097],[121.6232,25.097],[121.623,25.097],[121.6228,25.0971],[121.6225,25.0972],[121.6219,25.0976],[121.6218,25.0979],[121.6217,25.0981],[121.6216,25.0982],[121.6215,25.0983],[121.6214,25.0984],[121.6211,25.0986],[121.621,25.0986],[121.6206,25.0988],[121.6202,25.0991],[121.6199,25.0993],[121.6193,25.0998],[121.619,25.1],[121.6187,25.1002],[121.6186,25.1004],[121.6185,25.1005],[121.6183,25.1006],[121.6182,25.1008],[121.6178,25.1009],[121.6173,25.1012],[121.6172,25.1014],[121.6171,25.1016],[121.6169,25.1018],[121.6168,25.1019],[121.6167,25.102],[121.6167,25.1023],[121.6167,25.1023],[121.6164,25.1026],[121.6162,25.103],[121.6161,25.1032],[121.6159,25.1033],[121.6158,25.1035],[121.6153,25.1039],[121.6149,25.1041],[121.6147,25.1041],[121.6142,25.1043],[121.6141,25.1043],[121.6138,25.1045],[121.6135,25.1046],[121.6131,25.1046],[121.6127,25.1046],[121.6123,25.1046],[121.612,25.1046],[121.6116,25.1047],[121.6114,25.1049],[121.6109,25.105],[121.6105,25.1051],[121.6098,25.1056],[121.6095,25.1058],[121.6094,25.1059],[121.6089,25.1062],[121.6086,25.1064],[121.6085,25.1064],[121.6083,25.1065],[121.6076,25.1069],[121.6069,25.107],[121.6065,25.1072],[121.6063,25.1073],[121.6062,25.1073],[121.6057,25.1073],[121.6049,25.1074],[121.6048,25.1073],[121.6042,25.1076],[121.6041,25.1076],[121.6039,25.1077],[121.6034,25.1078],[121.603,25.1081],[121.6029,25.1082],[121.6027,25.1083],[121.602,25.1084],[121.6018,25.1084],[121.6015,25.1084],[121.6014,25.1084],[121.6011,25.1084],[121.601,25.1084],[121.6006,25.1085],[121.6001,25.1085],[121.5999,25.1084],[121.5996,25.1085],[121.5995,25.1086],[121.5994,25.1086],[121.5991,25.1089],[121.5989,25.1089],[121.5986,25.1089],[121.5984,25.1089],[121.5977,25.1094],[121.5974,25.1097],[121.5969,25.1108],[121.5966,25.1112],[121.5964,25.112],[121.5963,25.1123],[121.5962,25.1125],[121.5961,25.1127],[121.5961,25.1128],[121.5959,25.1129],[121.5958,25.1131],[121.5956,25.1133],[121.5955,25.1134],[121.5955,25.1135],[121.5955,25.1138],[121.5955,25.1139],[121.5957,25.1141],[121.596,25.1142],[121.5962,25.1145],[121.5963,25.1146],[121.5963,25.1147],[121.5966,25.115],[121.5966,25.1151],[121.5968,25.1153],[121.5969,25.1156],[121.5972,25.1158],[121.5973,25.1159],[121.5975,25.1162],[121.5974,25.1164],[121.5974,25.1167],[121.5976,25.117],[121.5977,25.1172],[121.5979,25.1175],[121.5981,25.1179],[121.5982,25.118],[121.5982,25.1182],[121.5984,25.1187],[121.5985,25.1189],[121.5986,25.1193],[121.5987,25.1194],[121.5988,25.1197],[121.5992,25.1203],[121.5995,25.1204],[121.5997,25.1203],[121.6,25.1205],[121.6,25.1206],[121.6002,25.121],[121.6003,25.1213],[121.6005,25.1215],[121.6008,25.122],[121.6008,25.1223],[121.6008,25.1225],[121.6009,25.1227],[121.6012,25.1232],[121.6012,25.1233],[121.6011,25.1235],[121.6012,25.1241],[121.6013,25.1247],[121.6014,25.125],[121.6015,25.1254],[121.6016,25.1257],[121.6019,25.126],[121.6023,25.1261],[121.6025,25.1262],[121.6028,25.1261],[121.603,25.1259],[121.6034,25.1255],[121.6041,25.1257],[121.6043,25.1258],[121.6044,25.1259],[121.6046,25.1261],[121.6047,25.1264],[121.6051,25.1269],[121.6056,25.1272],[121.6058,25.1275],[121.606,25.1277],[121.6063,25.1279],[121.6066,25.1282],[121.6072,25.1288],[121.6074,25.1291],[121.6075,25.1292],[121.6076,25.1293],[121.6077,25.1299],[121.6078,25.1302],[121.6078,25.1302],[121.6078,25.1302],[121.6084,25.1318],[121.6093,25.1326],[121.6112,25.1332],[121.6163,25.1376],[121.6171,25.1389],[121.619,25.1383],[121.6239,25.1397],[121.6268,25.1397],[121.6268,25.1396],[121.6277,25.1372],[121.6278,25.1361],[121.6286,25.1347],[121.6327,25.1322],[121.6331,25.1311],[121.6346,25.1305],[121.6379,25.1308],[121.6408,25.1296],[121.6418,25.1281],[121.643,25.1278],[121.6444,25.125],[121.6449,25.1234],[121.6447,25.1222],[121.6462,25.1211],[121.6457,25.119],[121.646,25.1159],[121.6457,25.1154],[121.6462,25.1136],[121.6477,25.1119],[121.6488,25.1112],[121.6501,25.1097],[121.6505,25.1081],[121.6522,25.1047],[121.6517,25.1034],[121.6502,25.1034],[121.6489,25.1019],[121.6504,25.1005],[121.6506,25.0987],[121.6529,25.0973],[121.6535,25.0963],[121.6553,25.0956],[121.6562,25.0946],[121.6557,25.0935],[121.6577,25.0928],[121.6584,25.0916],[121.6609,25.0909],[121.6619,25.0894],[121.6643,25.0894],[121.6664,25.088],[121.6668,25.0868],[121.6679,25.0858],[121.6725,25.0838],[121.674,25.0829],[121.675,25.0834],[121.6786,25.0873],[121.6806,25.0883],[121.6817,25.0871],[121.6815,25.0844],[121.6805,25.0846],[121.6799,25.0837],[121.6805,25.0819],[121.6797,25.08],[121.6789,25.0795],[121.6792,25.0785],[121.6802,25.0781],[121.6804,25.077],[121.6815,25.077],[121.6838,25.0749],[121.6884,25.0717],[121.6901,25.0717],[121.6916,25.0705],[121.695,25.07],[121.6965,25.0701],[121.6993,25.0675],[121.7004,25.0673],[121.7042,25.0679],[121.7052,25.0669],[121.7069,25.0666],[121.7093,25.0677],[121.7124,25.0681],[121.715,25.0664],[121.7178,25.0638],[121.719,25.0616],[121.7208,25.0604],[121.722,25.0601],[121.7227,25.0585],[121.7255,25.0584],[121.7262,25.0581],[121.727,25.0563],[121.7282,25.0549]]]}},{"type":"Feature","properties":{"c":"新北市","t":"萬里區"},"geometry":{"type":"Polygon","coordinates":[[[121.6776,25.1557],[121.6741,25.1554],[121.6715,25.1556],[121.6696,25.1546],[121.6692,25.1534],[121.6676,25.1529],[121.6659,25.1529],[121.6638,25.1522],[121.6623,25.1526],[121.6611,25.1521],[121.6583,25.1523],[121.6572,25.1514],[121.6558,25.1492],[121.6515,25.148],[121.6504,25.1458],[121.6495,25.1449],[121.6463,25.1458],[121.644,25.1458],[121.6424,25.145],[121.6398,25.1459],[121.6389,25.1444],[121.6368,25.1436],[121.6348,25.1439],[121.6321,25.1426],[121.631,25.1426],[121.6293,25.1418],[121.6268,25.1397],[121.6268,25.1397],[121.6239,25.1397],[121.619,25.1383],[121.6171,25.1389],[121.6163,25.1376],[121.6112,25.1332],[121.6093,25.1326],[121.6084,25.1318],[121.6078,25.1302],[121.6078,25.1302],[121.6077,25.1303],[121.6076,25.1303],[121.6072,25.1304],[121.6067,25.1305],[121.6063,25.1305],[121.6058,25.1306],[121.6054,25.1306],[121.6052,25.1306],[121.6049,25.1307],[121.6046,25.1308],[121.6046,25.1311],[121.6046,25.1315],[121.6048,25.1325],[121.6048,25.1326],[121.6048,25.1328],[121.6048,25.133],[121.6046,25.1334],[121.6046,25.1335],[121.6046,25.134],[121.6046,25.1342],[121.6046,25.1344],[121.6046,25.1346],[121.6049,25.135],[121.6053,25.1355],[121.6053,25.1358],[121.6053,25.1361],[121.6057,25.1367],[121.6057,25.1367],[121.6049,25.1368],[121.6049,25.1367],[121.6047,25.1365],[121.6046,25.1364],[121.6044,25.1363],[121.6043,25.1362],[121.6041,25.1362],[121.604,25.1363],[121.6035,25.137],[121.6032,25.1372],[121.6029,25.1374],[121.6027,25.1375],[121.6021,25.1378],[121.6017,25.1379],[121.6016,25.1381],[121.6015,25.1383],[121.601,25.1387],[121.6008,25.1389],[121.6007,25.1392],[121.6005,25.1394],[121.6003,25.1395],[121.5999,25.1397],[121.5995,25.1399],[121.5992,25.14],[121.599,25.14],[121.5987,25.1402],[121.5985,25.1402],[121.5983,25.1405],[121.5968,25.1427],[121.5958,25.1434],[121.5958,25.1436],[121.5958,25.1437],[121.5959,25.1441],[121.596,25.1443],[121.596,25.1447],[121.5958,25.1454],[121.5955,25.1461],[121.5952,25.1466],[121.595,25.1469],[121.5945,25.1475],[121.594,25.1479],[121.5938,25.1483],[121.5938,25.1484],[121.5939,25.1489],[121.5938,25.1498],[121.5937,25.15],[121.5936,25.1503],[121.5929,25.1508],[121.5927,25.1509],[121.5925,25.1509],[121.5922,25.1509],[121.5915,25.1511],[121.5913,25.1512],[121.5911,25.1514],[121.5905,25.1517],[121.5904,25.1518],[121.5901,25.1519],[121.5897,25.1521],[121.5894,25.1527],[121.5897,25.1528],[121.5899,25.1529],[121.5901,25.1531],[121.5902,25.1532],[121.5906,25.1537],[121.5906,25.1539],[121.5906,25.1541],[121.5907,25.1543],[121.5908,25.1546],[121.5908,25.1546],[121.5909,25.1547],[121.5913,25.1549],[121.5915,25.155],[121.5916,25.1551],[121.5918,25.1555],[121.5918,25.1558],[121.5918,25.156],[121.5917,25.1564],[121.5916,25.1565],[121.5916,25.1567],[121.5916,25.157],[121.5918,25.1577],[121.5917,25.1579],[121.5911,25.1592],[121.591,25.1594],[121.5909,25.1595],[121.5908,25.1598],[121.5906,25.1602],[121.5905,25.1604],[121.5905,25.161],[121.5905,25.1612],[121.5904,25.1616],[121.5903,25.1618],[121.5903,25.1619],[121.5902,25.1621],[121.5902,25.1622],[121.5902,25.1625],[121.59,25.1631],[121.59,25.1633],[121.5899,25.1635],[121.5898,25.1637],[121.5928,25.1642],[121.5933,25.1648],[121.5955,25.1656],[121.5967,25.1656],[121.5977,25.1677],[121.5998,25.1698],[121.6029,25.1736],[121.604,25.1751],[121.6041,25.1763],[121.6054,25.1764],[121.6069,25.1775],[121.6074,25.1792],[121.6073,25.1815],[121.6096,25.1844],[121.61,25.1864],[121.6109,25.1872],[121.6113,25.1901],[121.6109,25.191],[121.6119,25.1915],[121.6124,25.1932],[121.6105,25.1946],[121.612,25.1968],[121.6132,25.1965],[121.6158,25.1993],[121.6167,25.201],[121.6184,25.2021],[121.6199,25.2035],[121.6213,25.2031],[121.6221,25.2034],[121.6239,25.2062],[121.6245,25.2064],[121.6283,25.2099],[121.6296,25.2107],[121.6297,25.2114],[121.6327,25.2132],[121.6345,25.2136],[121.636,25.2149],[121.6379,25.2158],[121.6399,25.2156],[121.6417,25.2159],[121.6434,25.2174],[121.6437,25.22],[121.646,25.2216],[121.6502,25.2227],[121.6512,25.2205],[121.6535,25.2163],[121.6558,25.2133],[121.661,25.2087],[121.6621,25.2085],[121.6638,25.2095],[121.6622,25.2079],[121.6627,25.2074],[121.6641,25.2092],[121.6643,25.207],[121.6662,25.206],[121.6706,25.2027],[121.6731,25.2022],[121.674,25.2034],[121.6744,25.2024],[121.6753,25.2033],[121.6739,25.204],[121.6781,25.2059],[121.6778,25.2046],[121.6785,25.2027],[121.6793,25.2028],[121.6815,25.2043],[121.6814,25.2056],[121.6825,25.2056],[121.6841,25.2072],[121.6871,25.208],[121.6873,25.2052],[121.6891,25.2054],[121.6884,25.2066],[121.6903,25.2082],[121.6926,25.2085],[121.6929,25.2094],[121.694,25.2099],[121.6943,25.2118],[121.6961,25.213],[121.6962,25.2143],[121.7013,25.2175],[121.7025,25.2163],[121.7009,25.2154],[121.7014,25.2147],[121.7005,25.2138],[121.6934,25.2077],[121.6925,25.2051],[121.6919,25.2043],[121.6927,25.2033],[121.6938,25.2044],[121.6942,25.2034],[121.696,25.2037],[121.6948,25.2022],[121.694,25.2018],[121.6947,25.2004],[121.6933,25.1999],[121.6923,25.1978],[121.6898,25.1966],[121.6894,25.1953],[121.6887,25.1953],[121.6867,25.1926],[121.6859,25.1924],[121.6864,25.1906],[121.6858,25.1895],[121.6877,25.1856],[121.6887,25.1847],[121.6902,25.1823],[121.6926,25.1801],[121.6962,25.1818],[121.6989,25.181],[121.7027,25.1806],[121.7035,25.18],[121.7035,25.1788],[121.7046,25.1768],[121.7066,25.1769],[121.7072,25.176],[121.7096,25.1766],[121.7093,25.176],[121.709,25.1756],[121.707,25.1742],[121.706,25.1738],[121.704,25.1741],[121.7023,25.1735],[121.7022,25.1726],[121.7011,25.1707],[121.7009,25.1693],[121.6991,25.1689],[121.6989,25.1672],[121.6975,25.1668],[121.6965,25.1672],[121.695,25.1667],[121.6913,25.1663],[121.6911,25.1648],[121.6896,25.164],[121.6888,25.1641],[121.6876,25.1619],[121.6848,25.1601],[121.6832,25.1607],[121.6825,25.1593],[121.6813,25.1593],[121.6784,25.1574],[121.6776,25.1557]]]}},{"type":"Feature","properties":{"c":"新北市","t":"金山區"},"geometry":{"type":"Polygon","coordinates":[[[121.5592,25.2102],[121.5601,25.211],[121.5612,25.2129],[121.5624,25.2141],[121.5644,25.2139],[121.566,25.215],[121.5673,25.2168],[121.568,25.2183],[121.57,25.2193],[121.5713,25.2204],[121.5736,25.2207],[121.5746,25.2204],[121.5778,25.2208],[121.5795,25.2219],[121.5813,25.2237],[121.5819,25.2251],[121.5816,25.2282],[121.583,25.2318],[121.584,25.2333],[121.5872,25.2354],[121.5884,25.2369],[121.5904,25.2382],[121.5908,25.2391],[121.594,25.2419],[121.5942,25.2425],[121.5979,25.2433],[121.5989,25.2444],[121.6,25.2467],[121.6003,25.2489],[121.6017,25.2502],[121.6041,25.2531],[121.6066,25.2532],[121.6104,25.254],[121.6136,25.254],[121.6158,25.2534],[121.6164,25.2547],[121.6178,25.2561],[121.6186,25.2581],[121.6169,25.2628],[121.6173,25.265],[121.616,25.2669],[121.6171,25.2684],[121.617,25.2697],[121.618,25.2733],[121.6199,25.2744],[121.6207,25.2758],[121.6231,25.2739],[121.6297,25.2668],[121.6341,25.2601],[121.635,25.2567],[121.6359,25.2501],[121.6351,25.2452],[121.6339,25.2406],[121.6342,25.2395],[121.6364,25.2364],[121.6381,25.236],[121.6376,25.2354],[121.6388,25.234],[121.6427,25.2309],[121.6458,25.2304],[121.6463,25.2315],[121.6473,25.2313],[121.6459,25.2301],[121.6487,25.2301],[121.6471,25.2324],[121.6513,25.2333],[121.6526,25.2328],[121.6515,25.2315],[121.6513,25.2305],[121.653,25.23],[121.6538,25.2293],[121.6517,25.2259],[121.6521,25.2251],[121.6511,25.2248],[121.6502,25.2227],[121.646,25.2216],[121.6437,25.22],[121.6434,25.2174],[121.6417,25.2159],[121.6399,25.2156],[121.6379,25.2158],[121.636,25.2149],[121.6345,25.2136],[121.6327,25.2132],[121.6297,25.2114],[121.6296,25.2107],[121.6283,25.2099],[121.6245,25.2064],[121.6239,25.2062],[121.6221,25.2034],[121.6213,25.2031],[121.6199,25.2035],[121.6184,25.2021],[121.6167,25.201],[121.6158,25.1993],[121.6132,25.1965],[121.612,25.1968],[121.6105,25.1946],[121.6124,25.1932],[121.6119,25.1915],[121.6109,25.191],[121.6113,25.1901],[121.6109,25.1872],[121.61,25.1864],[121.6096,25.1844],[121.6073,25.1815],[121.6074,25.1792],[121.6069,25.1775],[121.6054,25.1764],[121.6041,25.1763],[121.604,25.1751],[121.6029,25.1736],[121.5998,25.1698],[121.5977,25.1677],[121.5967,25.1656],[121.5955,25.1656],[121.5933,25.1648],[121.5928,25.1642],[121.5898,25.1637],[121.5892,25.1634],[121.5888,25.1631],[121.5885,25.163],[121.5884,25.163],[121.5881,25.163],[121.5878,25.163],[121.5877,25.1632],[121.5873,25.1634],[121.5871,25.1634],[121.5866,25.1634],[121.5865,25.1635],[121.5862,25.1636],[121.5861,25.1637],[121.5858,25.1638],[121.5853,25.1642],[121.5852,25.1643],[121.585,25.1645],[121.5848,25.1647],[121.5846,25.1648],[121.5843,25.1649],[121.5838,25.165],[121.5836,25.1651],[121.5835,25.1653],[121.5834,25.1654],[121.5834,25.1656],[121.5831,25.1658],[121.5826,25.1655],[121.582,25.1654],[121.5812,25.1655],[121.581,25.1655],[121.5805,25.1654],[121.5796,25.1655],[121.5788,25.1656],[121.5785,25.1658],[121.5771,25.167],[121.577,25.1671],[121.577,25.1673],[121.5773,25.1682],[121.5774,25.1688],[121.5773,25.17],[121.5781,25.1707],[121.5786,25.171],[121.5793,25.1719],[121.5796,25.1722],[121.5807,25.1729],[121.5809,25.1732],[121.5811,25.1734],[121.5816,25.1738],[121.5818,25.1739],[121.5819,25.1742],[121.5821,25.1745],[121.5823,25.1747],[121.5825,25.1748],[121.5827,25.175],[121.5828,25.1752],[121.583,25.1754],[121.583,25.1756],[121.583,25.1756],[121.583,25.176],[121.583,25.1763],[121.5831,25.1766],[121.5835,25.1769],[121.5835,25.1771],[121.5834,25.1771],[121.5833,25.1774],[121.5831,25.1778],[121.5829,25.178],[121.5828,25.1781],[121.5826,25.1783],[121.5825,25.1785],[121.5823,25.1788],[121.5822,25.179],[121.5822,25.1793],[121.5822,25.1796],[121.5821,25.1798],[121.5813,25.1804],[121.5813,25.1807],[121.5814,25.1809],[121.5809,25.1816],[121.5809,25.1818],[121.5809,25.1819],[121.5811,25.1822],[121.5812,25.1823],[121.5813,25.1825],[121.5814,25.1828],[121.5814,25.1829],[121.5817,25.1833],[121.5817,25.1834],[121.582,25.1836],[121.5823,25.1836],[121.5825,25.1837],[121.5826,25.1838],[121.5826,25.1839],[121.5827,25.1841],[121.5828,25.1843],[121.5828,25.1845],[121.5826,25.1849],[121.5823,25.1852],[121.582,25.1856],[121.5818,25.1861],[121.582,25.1866],[121.5821,25.1868],[121.5826,25.1873],[121.5829,25.1875],[121.5831,25.188],[121.5829,25.1884],[121.583,25.1886],[121.5832,25.1887],[121.5835,25.1888],[121.5835,25.1887],[121.5837,25.1887],[121.584,25.1888],[121.584,25.1889],[121.584,25.189],[121.5839,25.1892],[121.5838,25.1894],[121.5838,25.1895],[121.5839,25.1897],[121.584,25.1899],[121.584,25.19],[121.584,25.1903],[121.5839,25.1904],[121.5838,25.1905],[121.5838,25.1906],[121.5837,25.1907],[121.5838,25.191],[121.5837,25.1912],[121.5836,25.1915],[121.5838,25.1918],[121.5838,25.192],[121.5835,25.1923],[121.5834,25.1924],[121.5831,25.1926],[121.5829,25.1927],[121.5827,25.193],[121.5827,25.1931],[121.5828,25.1934],[121.5829,25.1937],[121.5829,25.1939],[121.583,25.194],[121.5832,25.1942],[121.5836,25.1945],[121.5837,25.1946],[121.5837,25.1947],[121.5834,25.1948],[121.5826,25.1951],[121.5822,25.1951],[121.5819,25.1951],[121.5817,25.1952],[121.5809,25.1954],[121.5803,25.1953],[121.5795,25.1948],[121.5795,25.1946],[121.5794,25.1944],[121.5791,25.1941],[121.5788,25.1943],[121.5786,25.1945],[121.5783,25.1946],[121.578,25.1947],[121.5776,25.1948],[121.5772,25.1953],[121.5769,25.1953],[121.5766,25.1953],[121.5764,25.1953],[121.5762,25.1953],[121.5761,25.1953],[121.5757,25.1956],[121.5754,25.1956],[121.575,25.1955],[121.5749,25.1954],[121.5746,25.1953],[121.5745,25.1953],[121.5741,25.1951],[121.5737,25.1951],[121.5735,25.1951],[121.5734,25.195],[121.5733,25.195],[121.5724,25.1952],[121.5722,25.1953],[121.5717,25.1955],[121.5716,25.1957],[121.5715,25.1958],[121.5711,25.1961],[121.5708,25.1965],[121.5709,25.1967],[121.5709,25.1968],[121.571,25.197],[121.571,25.1973],[121.5709,25.1974],[121.5709,25.1974],[121.5706,25.1977],[121.5705,25.1978],[121.5699,25.1983],[121.5696,25.1983],[121.5687,25.1987],[121.5684,25.1989],[121.5675,25.1992],[121.5668,25.1994],[121.5665,25.1995],[121.5662,25.1996],[121.5659,25.1999],[121.5658,25.2001],[121.5657,25.2003],[121.5656,25.2005],[121.5653,25.2006],[121.565,25.2009],[121.5648,25.201],[121.5649,25.2016],[121.5651,25.202],[121.5651,25.2022],[121.565,25.2024],[121.5649,25.2028],[121.5649,25.203],[121.5648,25.2033],[121.5647,25.2038],[121.5646,25.2042],[121.5642,25.2051],[121.564,25.2052],[121.5639,25.2053],[121.5636,25.2056],[121.5635,25.2058],[121.5635,25.206],[121.5634,25.2063],[121.5633,25.2065],[121.5631,25.2073],[121.563,25.2075],[121.563,25.2077],[121.5628,25.2085],[121.5628,25.2086],[121.5628,25.209],[121.5628,25.2092],[121.5627,25.2094],[121.5627,25.2095],[121.5624,25.2096],[121.5623,25.2096],[121.5617,25.2096],[121.5614,25.2097],[121.561,25.2098],[121.5608,25.2098],[121.5604,25.21],[121.5602,25.2101],[121.5599,25.2102],[121.5594,25.2102],[121.5592,25.2102]]]}},{"type":"Feature","properties":{"c":"新北市","t":"石門區"},"geometry":{"type":"Polygon","coordinates":[[[121.566,25.215],[121.5651,25.2159],[121.5643,25.2183],[121.5632,25.2197],[121.5627,25.222],[121.5603,25.2232],[121.558,25.2257],[121.5575,25.2267],[121.5557,25.2275],[121.5561,25.2292],[121.5557,25.2312],[121.5565,25.2338],[121.5555,25.2359],[121.555,25.2383],[121.554,25.2398],[121.5508,25.2427],[121.5526,25.2439],[121.5518,25.2452],[121.5506,25.2455],[121.5488,25.2442],[121.5482,25.2428],[121.5464,25.2419],[121.5455,25.241],[121.5445,25.2414],[121.5459,25.2435],[121.5447,25.2453],[121.5464,25.2464],[121.5474,25.2482],[121.5477,25.2498],[121.5469,25.2514],[121.5464,25.2536],[121.5479,25.2548],[121.5479,25.2576],[121.5489,25.2592],[121.5497,25.2595],[121.5504,25.2618],[121.55,25.2631],[121.5482,25.2661],[121.5475,25.2654],[121.5458,25.2669],[121.5431,25.2681],[121.5416,25.2677],[121.5414,25.2665],[121.5403,25.2657],[121.5388,25.2662],[121.5342,25.266],[121.5335,25.2655],[121.5333,25.2665],[121.532,25.2657],[121.5323,25.2649],[121.5309,25.2638],[121.5318,25.2608],[121.5308,25.2609],[121.5297,25.2601],[121.5286,25.2605],[121.528,25.2615],[121.5268,25.261],[121.5262,25.2624],[121.5241,25.2637],[121.5237,25.2661],[121.5225,25.2664],[121.5212,25.2688],[121.5197,25.269],[121.5173,25.2723],[121.5164,25.2729],[121.5154,25.2748],[121.5151,25.2762],[121.5137,25.2761],[121.5118,25.2766],[121.5104,25.2776],[121.5084,25.2781],[121.5087,25.2794],[121.508,25.28],[121.5077,25.2828],[121.509,25.2829],[121.5094,25.2855],[121.5085,25.2869],[121.5084,25.2887],[121.5093,25.2913],[121.5107,25.292],[121.5118,25.2918],[121.5128,25.2909],[121.5136,25.2893],[121.514,25.2867],[121.5148,25.286],[121.5169,25.2849],[121.5186,25.2848],[121.5208,25.2855],[121.5208,25.2865],[121.5229,25.287],[121.5259,25.286],[121.5276,25.2867],[121.5304,25.2884],[121.5317,25.2896],[121.5333,25.2899],[121.5345,25.2911],[121.5348,25.2925],[121.5336,25.295],[121.5337,25.2971],[121.5371,25.3003],[121.5394,25.2992],[121.5407,25.2978],[121.5412,25.2946],[121.5458,25.2924],[121.5504,25.2916],[121.5518,25.292],[121.5538,25.293],[121.557,25.2923],[121.5604,25.292],[121.5621,25.293],[121.5639,25.2935],[121.5656,25.2933],[121.5654,25.294],[121.5668,25.2951],[121.5672,25.2968],[121.5693,25.2985],[121.5722,25.2984],[121.5745,25.2991],[121.5777,25.2989],[121.5796,25.2978],[121.5826,25.2963],[121.5866,25.2934],[121.5906,25.2921],[121.5937,25.2921],[121.5954,25.2914],[121.597,25.2916],[121.5976,25.2899],[121.6024,25.2877],[121.6039,25.2865],[121.6063,25.2838],[121.6079,25.2814],[121.6157,25.2793],[121.6178,25.2781],[121.6207,25.2758],[121.6199,25.2744],[121.618,25.2733],[121.617,25.2697],[121.6171,25.2684],[121.616,25.2669],[121.6173,25.265],[121.6169,25.2628],[121.6186,25.2581],[121.6178,25.2561],[121.6164,25.2547],[121.6158,25.2534],[121.6136,25.254],[121.6104,25.254],[121.6066,25.2532],[121.6041,25.2531],[121.6017,25.2502],[121.6003,25.2489],[121.6,25.2467],[121.5989,25.2444],[121.5979,25.2433],[121.5942,25.2425],[121.594,25.2419],[121.5908,25.2391],[121.5904,25.2382],[121.5884,25.2369],[121.5872,25.2354],[121.584,25.2333],[121.583,25.2318],[121.5816,25.2282],[121.5819,25.2251],[121.5813,25.2237],[121.5795,25.2219],[121.5778,25.2208],[121.5746,25.2204],[121.5736,25.2207],[121.5713,25.2204],[121.57,25.2193],[121.568,25.2183],[121.5673,25.2168],[121.566,25.215]]]}},{"type":"Feature","properties":{"c":"桃園市","t":"新屋區"},"geometry":{"type":"Polygon","coordinates":[[[121.0583,24.9368],[121.0571,24.9368],[121.0554,24.9362],[121.0537,24.9372],[121.0518,24.9386],[121.0502,24.9386],[121.0481,24.9399],[121.048,24.9412],[121.0462,24.9424],[121.0463,24.9435],[121.0445,24.9435],[121.0424,24.9442],[121.0408,24.9433],[121.0392,24.9445],[121.0386,24.946],[121.0379,24.9464],[121.0346,24.9449],[121.0316,24.9444],[121.0309,24.9439],[121.0297,24.9451],[121.0288,24.9451],[121.0282,24.944],[121.0264,24.9422],[121.0259,24.9406],[121.0223,24.9414],[121.0212,24.9414],[121.0194,24.9404],[121.0179,24.9417],[121.016,24.9416],[121.0127,24.9431],[121.012,24.9448],[121.0096,24.9442],[121.007,24.9462],[121.0043,24.9431],[121.0031,24.9403],[121.0022,24.94],[120.9991,24.9409],[120.9976,24.9405],[120.9967,24.9398],[120.9942,24.9391],[120.9927,24.9369],[120.9928,24.9351],[120.9918,24.935],[120.9899,24.936],[120.9886,24.9378],[120.9874,24.9391],[120.9832,24.9397],[120.9831,24.9398],[120.982,24.94],[120.983,24.941],[120.9848,24.9436],[120.9855,24.9464],[120.9865,24.9483],[120.9902,24.9519],[120.9936,24.9555],[120.9971,24.9573],[120.9984,24.9586],[121.0026,24.9656],[121.0035,24.9676],[121.0077,24.9721],[121.0099,24.9751],[121.011,24.9783],[121.0109,24.9825],[121.0112,24.9841],[121.0105,24.9875],[121.0122,24.9888],[121.0104,24.9888],[121.0096,24.9904],[121.0119,24.9908],[121.0143,24.9926],[121.0162,24.9954],[121.0172,24.9983],[121.018,25.0037],[121.0196,25.0074],[121.0259,25.0076],[121.0272,25.0084],[121.0302,25.0118],[121.0313,25.0135],[121.0346,25.0171],[121.0364,25.0176],[121.0384,25.0176],[121.0402,25.017],[121.042,25.0156],[121.0445,25.0175],[121.0469,25.0165],[121.0479,25.0145],[121.0506,25.0148],[121.0516,25.0156],[121.0538,25.0146],[121.0553,25.0133],[121.0594,25.0117],[121.0614,25.0112],[121.0613,25.0094],[121.0629,25.0092],[121.0646,25.0083],[121.0654,25.0059],[121.0662,25.0051],[121.0669,25.0034],[121.0685,25.0016],[121.072,25.0034],[121.0734,25.0035],[121.0723,25.0059],[121.0741,25.0065],[121.0787,25.0071],[121.0788,25.0066],[121.0814,25.0044],[121.084,25.0037],[121.085,25.0031],[121.0871,25.0009],[121.0892,25.002],[121.0904,25.0034],[121.0917,25.0022],[121.0934,25.0023],[121.0948,25.0003],[121.0956,25.001],[121.0976,24.9985],[121.0985,24.9982],[121.0995,24.9963],[121.1017,24.9962],[121.1048,24.9968],[121.1058,24.9944],[121.1059,24.9928],[121.1073,24.9905],[121.1071,24.9899],[121.1103,24.987],[121.1114,24.9867],[121.1128,24.9888],[121.1156,24.9913],[121.1168,24.9934],[121.1195,24.9946],[121.1206,24.994],[121.1234,24.9947],[121.128,24.9982],[121.1302,24.9964],[121.1311,24.9938],[121.1303,24.9925],[121.1291,24.9928],[121.1283,24.992],[121.1283,24.9904],[121.1292,24.9896],[121.1286,24.9886],[121.1286,24.9859],[121.1307,24.9829],[121.13,24.9817],[121.1318,24.979],[121.1327,24.9785],[121.1342,24.9762],[121.1346,24.975],[121.1368,24.9718],[121.1389,24.9709],[121.1414,24.9693],[121.1429,24.9694],[121.1453,24.9689],[121.1458,24.9673],[121.1475,24.9649],[121.1506,24.9644],[121.1515,24.965],[121.154,24.9635],[121.1582,24.9623],[121.1614,24.9618],[121.1629,24.9607],[121.1657,24.9579],[121.1657,24.9577],[121.1582,24.9564],[121.1557,24.9552],[121.1516,24.9518],[121.1477,24.9466],[121.1445,24.9471],[121.1422,24.9488],[121.1395,24.9503],[121.1352,24.9509],[121.1296,24.9524],[121.1275,24.9535],[121.1255,24.9525],[121.1253,24.9511],[121.1262,24.9505],[121.1262,24.9489],[121.1253,24.9494],[121.1235,24.9491],[121.1225,24.9494],[121.1217,24.9505],[121.1188,24.9489],[121.1184,24.9499],[121.117,24.9503],[121.1154,24.9486],[121.1145,24.9488],[121.1139,24.9466],[121.1123,24.9451],[121.1115,24.9464],[121.1109,24.9465],[121.1088,24.9457],[121.1076,24.9456],[121.1064,24.9464],[121.104,24.949],[121.1023,24.9518],[121.0997,24.9542],[121.0962,24.9549],[121.0955,24.9539],[121.0941,24.9543],[121.0897,24.9564],[121.0873,24.9557],[121.0856,24.9536],[121.0856,24.9513],[121.0859,24.9499],[121.0868,24.9483],[121.0849,24.9497],[121.0835,24.9498],[121.082,24.9485],[121.0804,24.9483],[121.0768,24.9498],[121.0756,24.9487],[121.0757,24.948],[121.0746,24.9476],[121.0736,24.9465],[121.071,24.9458],[121.0717,24.9438],[121.0713,24.9434],[121.0711,24.9409],[121.0705,24.9391],[121.0672,24.9388],[121.0636,24.9393],[121.0612,24.9388],[121.0591,24.9377],[121.0583,24.9368]]]}},{"type":"Feature","properties":{"c":"桃園市","t":"觀音區"},"geometry":{"type":"Polygon","coordinates":[[[121.155,25.0837],[121.1556,25.0799],[121.1552,25.0772],[121.1536,25.0769],[121.1521,25.0752],[121.1547,25.072],[121.1567,25.0704],[121.1565,25.069],[121.1574,25.068],[121.1567,25.067],[121.1553,25.0662],[121.155,25.0646],[121.1553,25.0621],[121.1567,25.0601],[121.1553,25.0584],[121.1574,25.0556],[121.1591,25.0529],[121.1603,25.052],[121.1617,25.0516],[121.1608,25.0486],[121.1619,25.0464],[121.1624,25.0466],[121.1675,25.044],[121.1654,25.0398],[121.1607,25.033],[121.1594,25.0317],[121.1583,25.0299],[121.1621,25.0282],[121.1622,25.0265],[121.161,25.0258],[121.1608,25.0249],[121.162,25.0212],[121.1612,25.0144],[121.162,25.0106],[121.1631,25.0093],[121.1649,25.0059],[121.1651,25.0019],[121.1665,24.9987],[121.1667,24.9965],[121.1677,24.9936],[121.1684,24.9925],[121.1685,24.9913],[121.1672,24.9904],[121.1684,24.988],[121.1666,24.9863],[121.1658,24.9844],[121.1638,24.9823],[121.1623,24.9791],[121.1616,24.9758],[121.1609,24.9741],[121.1588,24.9733],[121.1541,24.9687],[121.1515,24.965],[121.1506,24.9644],[121.1475,24.9649],[121.1458,24.9673],[121.1453,24.9689],[121.1429,24.9694],[121.1414,24.9693],[121.1389,24.9709],[121.1368,24.9718],[121.1346,24.975],[121.1342,24.9762],[121.1327,24.9785],[121.1318,24.979],[121.13,24.9817],[121.1307,24.9829],[121.1286,24.9859],[121.1286,24.9886],[121.1292,24.9896],[121.1283,24.9904],[121.1283,24.992],[121.1291,24.9928],[121.1303,24.9925],[121.1311,24.9938],[121.1302,24.9964],[121.128,24.9982],[121.1234,24.9947],[121.1206,24.994],[121.1195,24.9946],[121.1168,24.9934],[121.1156,24.9913],[121.1128,24.9888],[121.1114,24.9867],[121.1103,24.987],[121.1071,24.9899],[121.1073,24.9905],[121.1059,24.9928],[121.1058,24.9944],[121.1048,24.9968],[121.1017,24.9962],[121.0995,24.9963],[121.0985,24.9982],[121.0976,24.9985],[121.0956,25.001],[121.0948,25.0003],[121.0934,25.0023],[121.0917,25.0022],[121.0904,25.0034],[121.0892,25.002],[121.0871,25.0009],[121.085,25.0031],[121.084,25.0037],[121.0814,25.0044],[121.0788,25.0066],[121.0787,25.0071],[121.0741,25.0065],[121.0723,25.0059],[121.0734,25.0035],[121.072,25.0034],[121.0685,25.0016],[121.0669,25.0034],[121.0662,25.0051],[121.0654,25.0059],[121.0646,25.0083],[121.0629,25.0092],[121.0613,25.0094],[121.0614,25.0112],[121.0594,25.0117],[121.0553,25.0133],[121.0538,25.0146],[121.0516,25.0156],[121.0506,25.0148],[121.0479,25.0145],[121.0469,25.0165],[121.0445,25.0175],[121.042,25.0156],[121.0402,25.017],[121.0384,25.0176],[121.0364,25.0176],[121.0346,25.0171],[121.0313,25.0135],[121.0302,25.0118],[121.0272,25.0084],[121.0259,25.0076],[121.0196,25.0074],[121.0211,25.0095],[121.0237,25.0122],[121.0254,25.0146],[121.0286,25.0206],[121.031,25.0229],[121.032,25.0242],[121.0385,25.0309],[121.0409,25.0328],[121.0438,25.0346],[121.0466,25.0385],[121.0487,25.0408],[121.052,25.0435],[121.056,25.0462],[121.0589,25.0474],[121.066,25.0492],[121.0681,25.0491],[121.0703,25.0499],[121.0721,25.0499],[121.0795,25.0534],[121.0822,25.0549],[121.0847,25.056],[121.0866,25.0564],[121.0875,25.0577],[121.0879,25.0596],[121.09,25.063],[121.0939,25.0628],[121.0984,25.0659],[121.1002,25.0676],[121.1052,25.0692],[121.1092,25.0712],[121.1151,25.0733],[121.1185,25.0744],[121.125,25.0768],[121.1326,25.0781],[121.1374,25.0795],[121.1459,25.0811],[121.1473,25.0818],[121.1511,25.0826],[121.155,25.0837]]]}},{"type":"Feature","properties":{"c":"台北市","t":"信義區"},"geometry":{"type":"Polygon","coordinates":[[[121.5659,25.0081],[121.5658,25.0085],[121.565,25.0102],[121.5636,25.0113],[121.5635,25.0116],[121.5635,25.0118],[121.5635,25.0121],[121.5635,25.0128],[121.5629,25.0136],[121.5622,25.0145],[121.5621,25.0147],[121.5615,25.0153],[121.5605,25.0163],[121.5599,25.0175],[121.5593,25.0181],[121.559,25.0184],[121.5587,25.0187],[121.5582,25.0191],[121.5578,25.0195],[121.5567,25.0205],[121.5564,25.0209],[121.5543,25.0228],[121.5539,25.0232],[121.5526,25.0244],[121.5529,25.0247],[121.5537,25.0254],[121.5548,25.0263],[121.5557,25.0272],[121.5559,25.0274],[121.5564,25.0278],[121.5566,25.0281],[121.557,25.0287],[121.5573,25.0292],[121.5574,25.0294],[121.5574,25.0294],[121.5574,25.0303],[121.5574,25.0313],[121.5574,25.0331],[121.5575,25.0337],[121.5575,25.0342],[121.5575,25.0351],[121.5575,25.036],[121.5575,25.0368],[121.5576,25.0375],[121.5576,25.0394],[121.5576,25.0406],[121.5576,25.0426],[121.5577,25.0437],[121.5577,25.0442],[121.5577,25.045],[121.5577,25.0452],[121.5624,25.0472],[121.5664,25.0485],[121.5693,25.0492],[121.5715,25.0494],[121.58,25.0495],[121.58,25.0481],[121.5806,25.0475],[121.5808,25.0453],[121.5842,25.0423],[121.5853,25.0416],[121.5867,25.0415],[121.5871,25.0397],[121.5894,25.0371],[121.5896,25.0345],[121.592,25.0313],[121.5916,25.0303],[121.5883,25.0284],[121.5867,25.0268],[121.5852,25.0243],[121.585,25.0226],[121.5836,25.0189],[121.5819,25.0182],[121.5786,25.0152],[121.5781,25.0139],[121.5777,25.0139],[121.5773,25.0139],[121.5769,25.0141],[121.5763,25.0142],[121.5761,25.0142],[121.5758,25.0138],[121.5754,25.0134],[121.5746,25.0132],[121.5732,25.0132],[121.5731,25.0133],[121.5728,25.0134],[121.5723,25.0135],[121.572,25.0128],[121.572,25.0126],[121.572,25.0123],[121.5719,25.0119],[121.5716,25.0116],[121.5713,25.0113],[121.571,25.0111],[121.5701,25.0107],[121.5699,25.0106],[121.5696,25.0102],[121.569,25.0095],[121.5685,25.0093],[121.5683,25.0091],[121.5677,25.0089],[121.5676,25.0088],[121.5672,25.0085],[121.5667,25.0083],[121.5659,25.0081]]]}},{"type":"Feature","properties":{"c":"台北市","t":"萬華區"},"geometry":{"type":"Polygon","coordinates":[[[121.5124,25.0218],[121.5123,25.0218],[121.5122,25.0218],[121.512,25.0218],[121.5118,25.0218],[121.5117,25.0218],[121.5114,25.0218],[121.5108,25.0218],[121.5106,25.0218],[121.5106,25.0218],[121.5103,25.0217],[121.5101,25.0217],[121.51,25.0216],[121.5096,25.0215],[121.5094,25.0215],[121.5092,25.0214],[121.509,25.0213],[121.5089,25.0212],[121.5088,25.0212],[121.5087,25.0211],[121.5084,25.0209],[121.5083,25.0208],[121.5079,25.0203],[121.5075,25.0201],[121.5071,25.0197],[121.5068,25.0194],[121.5066,25.0192],[121.5061,25.0188],[121.5058,25.0185],[121.5054,25.018],[121.5053,25.0179],[121.5051,25.0176],[121.5047,25.0172],[121.5046,25.0171],[121.5041,25.0165],[121.5038,25.0162],[121.5029,25.0151],[121.5024,25.0144],[121.5022,25.0142],[121.5019,25.0137],[121.5012,25.0128],[121.5009,25.0125],[121.5003,25.012],[121.5002,25.0119],[121.4999,25.0117],[121.4997,25.0116],[121.4995,25.0114],[121.4987,25.0109],[121.4983,25.0107],[121.497,25.0099],[121.4968,25.0098],[121.4963,25.0096],[121.496,25.0095],[121.4956,25.0094],[121.4953,25.0093],[121.4953,25.0093],[121.4949,25.0092],[121.494,25.0092],[121.4937,25.0092],[121.4935,25.0092],[121.4931,25.0092],[121.4928,25.0094],[121.4922,25.0101],[121.492,25.0104],[121.4919,25.0107],[121.4918,25.0108],[121.4917,25.0111],[121.4916,25.0112],[121.4915,25.0114],[121.4912,25.0118],[121.4909,25.012],[121.4905,25.0126],[121.4903,25.0127],[121.49,25.013],[121.4896,25.0131],[121.4896,25.0134],[121.4896,25.0135],[121.4894,25.0139],[121.4894,25.0141],[121.4893,25.0143],[121.4891,25.0145],[121.4891,25.0146],[121.489,25.0147],[121.4889,25.0149],[121.4889,25.015],[121.4888,25.0153],[121.4887,25.0156],[121.4887,25.0158],[121.4887,25.0159],[121.4886,25.016],[121.4886,25.0164],[121.4886,25.0165],[121.4886,25.0166],[121.4886,25.0167],[121.4886,25.0168],[121.4886,25.017],[121.4885,25.0173],[121.4885,25.0174],[121.4885,25.0175],[121.4885,25.0176],[121.4885,25.0178],[121.4886,25.0181],[121.4885,25.0185],[121.4885,25.0188],[121.4885,25.0189],[121.4885,25.0191],[121.4885,25.0192],[121.4885,25.0193],[121.4884,25.0197],[121.4884,25.0199],[121.4884,25.0201],[121.4884,25.0202],[121.4884,25.0204],[121.4884,25.0205],[121.4884,25.0206],[121.4884,25.0207],[121.4884,25.0209],[121.4884,25.021],[121.4885,25.0214],[121.4885,25.0217],[121.4886,25.0221],[121.4886,25.0223],[121.4887,25.0236],[121.4886,25.0238],[121.4885,25.0239],[121.4883,25.0244],[121.4881,25.0248],[121.4879,25.0253],[121.4878,25.0256],[121.4876,25.026],[121.4876,25.0265],[121.4876,25.0269],[121.4876,25.027],[121.4875,25.0271],[121.4873,25.0274],[121.4871,25.0275],[121.4866,25.0283],[121.4863,25.0289],[121.4863,25.029],[121.4861,25.0293],[121.4856,25.0302],[121.4854,25.0305],[121.4852,25.0309],[121.485,25.0313],[121.4848,25.0318],[121.4848,25.032],[121.4847,25.0321],[121.4847,25.0323],[121.4845,25.0328],[121.4844,25.033],[121.4843,25.0332],[121.4841,25.0336],[121.4839,25.0342],[121.4837,25.0347],[121.4837,25.0351],[121.4836,25.0353],[121.4836,25.0357],[121.4836,25.036],[121.4837,25.0363],[121.4837,25.0366],[121.4838,25.0369],[121.4839,25.0371],[121.484,25.0374],[121.4841,25.0377],[121.4843,25.038],[121.4844,25.0381],[121.4846,25.0384],[121.485,25.039],[121.4852,25.0392],[121.4852,25.0392],[121.4853,25.0393],[121.4854,25.0394],[121.4856,25.0396],[121.4858,25.0398],[121.4859,25.0399],[121.4861,25.0401],[121.4862,25.0402],[121.4864,25.0404],[121.4867,25.0406],[121.487,25.0409],[121.4873,25.0411],[121.4875,25.0414],[121.488,25.0418],[121.4882,25.042],[121.4887,25.0425],[121.4891,25.0427],[121.4892,25.0427],[121.4895,25.0427],[121.4901,25.0428],[121.4904,25.0428],[121.4908,25.0428],[121.4913,25.0429],[121.4917,25.0429],[121.4919,25.0429],[121.4926,25.0429],[121.4934,25.0429],[121.4936,25.0429],[121.4938,25.0429],[121.4941,25.0429],[121.4945,25.0428],[121.495,25.0428],[121.4952,25.0428],[121.4956,25.043],[121.4959,25.0431],[121.4962,25.0432],[121.4964,25.0433],[121.4966,25.0434],[121.4969,25.0435],[121.4975,25.0438],[121.4976,25.0439],[121.4979,25.044],[121.499,25.0445],[121.4994,25.0447],[121.4997,25.0448],[121.5,25.045],[121.5002,25.0451],[121.5004,25.0452],[121.501,25.0457],[121.5012,25.0459],[121.502,25.0468],[121.5021,25.0469],[121.5022,25.0471],[121.5024,25.0473],[121.503,25.0479],[121.5031,25.0481],[121.5031,25.0482],[121.5036,25.0486],[121.5037,25.0487],[121.5039,25.0489],[121.5045,25.0495],[121.5046,25.0498],[121.5063,25.049],[121.509,25.0483],[121.5107,25.0483],[121.5096,25.0473],[121.5067,25.0375],[121.506,25.0348],[121.5042,25.0313],[121.5042,25.0299],[121.5069,25.0269],[121.509,25.025],[121.5123,25.024],[121.5124,25.0218]]]}},{"type":"Feature","properties":{"c":"台北市","t":"中正區"},"geometry":{"type":"Polygon","coordinates":[[[121.5332,25.0454],[121.5329,25.0441],[121.5328,25.0413],[121.5327,25.0337],[121.5297,25.0338],[121.5274,25.0341],[121.5272,25.0342],[121.5249,25.0352],[121.5245,25.0354],[121.5243,25.0354],[121.5243,25.0354],[121.5228,25.0328],[121.5226,25.0325],[121.5224,25.0316],[121.5221,25.0299],[121.5217,25.028],[121.5225,25.0271],[121.5232,25.026],[121.5256,25.0229],[121.5266,25.022],[121.5273,25.0215],[121.5279,25.0209],[121.5285,25.0204],[121.5292,25.0197],[121.5292,25.0196],[121.5298,25.019],[121.5302,25.0187],[121.5323,25.0168],[121.5331,25.0159],[121.5335,25.0156],[121.5346,25.0145],[121.5355,25.0136],[121.5361,25.013],[121.5366,25.0122],[121.5369,25.0116],[121.537,25.0113],[121.5366,25.0112],[121.5363,25.0111],[121.5359,25.011],[121.5356,25.0109],[121.5349,25.0105],[121.5342,25.01],[121.5339,25.0098],[121.5335,25.0096],[121.5325,25.009],[121.5322,25.0089],[121.5319,25.0087],[121.5318,25.0087],[121.5318,25.0087],[121.5316,25.0089],[121.5315,25.0091],[121.5314,25.0092],[121.5308,25.0097],[121.5306,25.0098],[121.5304,25.0098],[121.5304,25.0099],[121.5301,25.0099],[121.5299,25.01],[121.5296,25.01],[121.5292,25.01],[121.529,25.0101],[121.5289,25.0101],[121.5286,25.0102],[121.5284,25.0103],[121.5274,25.0108],[121.5272,25.0109],[121.527,25.011],[121.5265,25.0113],[121.5253,25.0124],[121.5252,25.0126],[121.525,25.0129],[121.5248,25.0131],[121.5244,25.0136],[121.5243,25.0137],[121.5243,25.0138],[121.5241,25.014],[121.524,25.0141],[121.5237,25.0144],[121.5237,25.0145],[121.5236,25.0146],[121.5233,25.0149],[121.5233,25.0151],[121.5231,25.0152],[121.5231,25.0153],[121.5229,25.0156],[121.5228,25.0158],[121.5227,25.016],[121.5225,25.0162],[121.5224,25.0163],[121.5222,25.0167],[121.5221,25.0168],[121.5221,25.0169],[121.5219,25.0172],[121.5217,25.0174],[121.5216,25.0175],[121.5215,25.0177],[121.5214,25.0178],[121.521,25.0182],[121.5208,25.0184],[121.5205,25.0186],[121.5204,25.0188],[121.5202,25.0189],[121.52,25.0191],[121.5198,25.0192],[121.5196,25.0194],[121.5191,25.0196],[121.5189,25.0198],[121.5186,25.0199],[121.5179,25.0202],[121.5176,25.0203],[121.517,25.0205],[121.5166,25.0206],[121.5164,25.0207],[121.5163,25.0207],[121.5162,25.0208],[121.5161,25.0208],[121.5158,25.0209],[121.5155,25.021],[121.5153,25.0211],[121.515,25.0212],[121.5143,25.0214],[121.5141,25.0214],[121.5137,25.0215],[121.5135,25.0216],[121.5133,25.0216],[121.5129,25.0217],[121.5127,25.0217],[121.5125,25.0217],[121.5124,25.0218],[121.5123,25.024],[121.509,25.025],[121.5069,25.0269],[121.5042,25.0299],[121.5042,25.0313],[121.506,25.0348],[121.5067,25.0375],[121.5096,25.0473],[121.5107,25.0483],[121.5115,25.0487],[121.512,25.0499],[121.5174,25.0484],[121.5186,25.0484],[121.5205,25.048],[121.5242,25.0478],[121.5264,25.0474],[121.5329,25.0455],[121.5332,25.0454]]]}},{"type":"Feature","properties":{"c":"台北市","t":"南港區"},"geometry":{"type":"Polygon","coordinates":[[[121.5972,25.0144],[121.5963,25.0149],[121.5962,25.0149],[121.5959,25.0151],[121.5956,25.0154],[121.5954,25.0155],[121.5953,25.0155],[121.5948,25.0154],[121.5942,25.0152],[121.5932,25.0145],[121.5928,25.0145],[121.5923,25.0148],[121.5916,25.0147],[121.5914,25.0145],[121.5913,25.0143],[121.5906,25.0142],[121.5901,25.0139],[121.5899,25.0139],[121.5896,25.0138],[121.5889,25.0137],[121.5887,25.0137],[121.5879,25.0134],[121.5878,25.0134],[121.5866,25.0134],[121.5856,25.0133],[121.5851,25.0131],[121.584,25.0131],[121.583,25.0127],[121.5821,25.0125],[121.5818,25.0125],[121.5811,25.0125],[121.5809,25.0124],[121.5808,25.0123],[121.5804,25.0122],[121.5804,25.0122],[121.5802,25.0123],[121.58,25.0125],[121.5792,25.013],[121.5788,25.0133],[121.5786,25.0135],[121.5781,25.0139],[121.5786,25.0152],[121.5819,25.0182],[121.5836,25.0189],[121.585,25.0226],[121.5852,25.0243],[121.5867,25.0268],[121.5883,25.0284],[121.5916,25.0303],[121.592,25.0313],[121.5896,25.0345],[121.5894,25.0371],[121.5871,25.0397],[121.5867,25.0415],[121.5853,25.0416],[121.5842,25.0423],[121.5808,25.0453],[121.5806,25.0475],[121.58,25.0481],[121.58,25.0495],[121.5797,25.0505],[121.5799,25.0529],[121.5842,25.0538],[121.588,25.0555],[121.59,25.0571],[121.5925,25.0596],[121.5931,25.0597],[121.5962,25.0585],[121.5985,25.0586],[121.6001,25.059],[121.6037,25.0592],[121.608,25.06],[121.6107,25.0616],[121.6127,25.0643],[121.6142,25.0645],[121.6161,25.0639],[121.6161,25.0639],[121.617,25.0636],[121.6173,25.0635],[121.6176,25.0634],[121.6178,25.0633],[121.618,25.0632],[121.6182,25.0632],[121.6185,25.0631],[121.6194,25.0625],[121.6199,25.0622],[121.6202,25.0619],[121.6208,25.0614],[121.621,25.0611],[121.6211,25.061],[121.6216,25.0604],[121.6217,25.0602],[121.622,25.0596],[121.6221,25.0595],[121.6222,25.0593],[121.6222,25.0591],[121.6223,25.0589],[121.6224,25.0587],[121.6225,25.0584],[121.6226,25.0582],[121.6228,25.058],[121.6229,25.0578],[121.6231,25.0575],[121.6232,25.0573],[121.6235,25.0569],[121.6238,25.0566],[121.624,25.0563],[121.6241,25.0561],[121.6242,25.0559],[121.6242,25.0557],[121.6238,25.0551],[121.6235,25.055],[121.6234,25.055],[121.6232,25.0553],[121.623,25.0554],[121.6228,25.0555],[121.6226,25.0557],[121.6224,25.0559],[121.6222,25.0561],[121.6221,25.0562],[121.6219,25.0564],[121.6211,25.0567],[121.6208,25.0567],[121.6205,25.0566],[121.6202,25.0562],[121.6202,25.056],[121.6202,25.0558],[121.6203,25.0555],[121.6205,25.0552],[121.6207,25.0549],[121.6208,25.0548],[121.6211,25.0541],[121.621,25.0538],[121.62,25.0531],[121.6197,25.053],[121.6194,25.0528],[121.619,25.0526],[121.6187,25.0525],[121.6182,25.0523],[121.6181,25.0522],[121.6177,25.0517],[121.6173,25.0514],[121.6172,25.0513],[121.6168,25.051],[121.6168,25.051],[121.6164,25.0507],[121.6163,25.0504],[121.6163,25.0496],[121.6163,25.0491],[121.6164,25.0487],[121.6165,25.0485],[121.6165,25.048],[121.6166,25.0478],[121.6169,25.0474],[121.6171,25.0472],[121.6172,25.047],[121.6173,25.0467],[121.6175,25.0463],[121.6183,25.045],[121.6185,25.0447],[121.6187,25.0442],[121.6188,25.0441],[121.6189,25.0438],[121.6192,25.0433],[121.6193,25.0433],[121.6197,25.043],[121.6199,25.0427],[121.6201,25.0425],[121.6204,25.0421],[121.6204,25.0419],[121.6205,25.0417],[121.6207,25.0414],[121.6208,25.0413],[121.6209,25.0412],[121.621,25.041],[121.6212,25.0408],[121.6213,25.0406],[121.6216,25.0404],[121.6217,25.0403],[121.6218,25.0401],[121.6219,25.0401],[121.6223,25.04],[121.6224,25.0399],[121.6229,25.0398],[121.6233,25.0395],[121.6236,25.0393],[121.6242,25.0387],[121.6244,25.0384],[121.6246,25.0382],[121.6247,25.038],[121.625,25.0377],[121.6253,25.0377],[121.6254,25.0377],[121.6258,25.0379],[121.6261,25.0379],[121.6263,25.0379],[121.6265,25.0378],[121.6266,25.0378],[121.6268,25.0377],[121.6272,25.0375],[121.6273,25.0374],[121.6274,25.0374],[121.6276,25.0372],[121.6279,25.0372],[121.6282,25.0371],[121.6286,25.037],[121.6289,25.0369],[121.6292,25.0368],[121.6295,25.0367],[121.6297,25.0366],[121.63,25.0361],[121.6301,25.0358],[121.6301,25.0351],[121.6303,25.0351],[121.6306,25.0352],[121.6309,25.0353],[121.6311,25.0354],[121.6314,25.0355],[121.6318,25.0356],[121.6322,25.0357],[121.633,25.0358],[121.6333,25.0358],[121.6335,25.0357],[121.6336,25.0357],[121.6337,25.0355],[121.6338,25.0353],[121.634,25.0348],[121.6344,25.0348],[121.6348,25.035],[121.6351,25.0348],[121.6352,25.0347],[121.6353,25.0346],[121.6355,25.0345],[121.6356,25.0345],[121.6358,25.0344],[121.6361,25.0343],[121.6366,25.0342],[121.6369,25.0341],[121.6372,25.034],[121.6374,25.0339],[121.6375,25.0339],[121.6376,25.0338],[121.6378,25.0338],[121.6379,25.0337],[121.6381,25.0336],[121.6381,25.0335],[121.6382,25.0334],[121.6383,25.0333],[121.6383,25.0332],[121.6384,25.0331],[121.6388,25.0328],[121.6396,25.0323],[121.6397,25.0322],[121.6399,25.032],[121.6402,25.032],[121.6404,25.0319],[121.6408,25.0318],[121.6409,25.0317],[121.6414,25.0314],[121.6415,25.0313],[121.6423,25.0312],[121.6425,25.031],[121.6427,25.0309],[121.6432,25.0305],[121.6434,25.0305],[121.6435,25.0305],[121.6438,25.0303],[121.644,25.0299],[121.6442,25.0298],[121.6448,25.0296],[121.6449,25.0297],[121.6452,25.0297],[121.6454,25.0295],[121.6456,25.0294],[121.6458,25.0295],[121.6459,25.0294],[121.6465,25.0284],[121.6465,25.0282],[121.6465,25.0281],[121.6469,25.028],[121.6478,25.0285],[121.648,25.0286],[121.6483,25.0284],[121.6485,25.0281],[121.6488,25.0279],[121.6494,25.0281],[121.6497,25.028],[121.65,25.0277],[121.6502,25.0276],[121.6506,25.0277],[121.6507,25.0277],[121.6509,25.0278],[121.6512,25.0278],[121.6513,25.0278],[121.6517,25.028],[121.6518,25.0281],[121.652,25.0281],[121.6523,25.0277],[121.6525,25.0276],[121.6535,25.0275],[121.6537,25.0277],[121.6538,25.0277],[121.6539,25.0278],[121.6544,25.0278],[121.6545,25.0278],[121.6547,25.0277],[121.6549,25.0277],[121.6551,25.0276],[121.6551,25.0275],[121.6552,25.0275],[121.6553,25.0275],[121.6556,25.0277],[121.656,25.0277],[121.6564,25.0278],[121.657,25.028],[121.6572,25.0282],[121.6573,25.0283],[121.6574,25.0286],[121.6576,25.0288],[121.6578,25.0289],[121.6579,25.029],[121.6581,25.0291],[121.6583,25.0292],[121.6585,25.0293],[121.6586,25.0293],[121.6588,25.0295],[121.6593,25.0297],[121.6595,25.0298],[121.6596,25.0299],[121.66,25.0301],[121.6602,25.0302],[121.6605,25.0303],[121.6615,25.0305],[121.6617,25.0304],[121.6621,25.0303],[121.6626,25.0302],[121.663,25.0302],[121.6633,25.0301],[121.6636,25.0299],[121.6645,25.0296],[121.6648,25.0295],[121.6652,25.0296],[121.6654,25.0298],[121.6655,25.0299],[121.6656,25.0299],[121.6658,25.0299],[121.6659,25.0299],[121.6658,25.0294],[121.6657,25.0292],[121.6656,25.0291],[121.6655,25.0288],[121.6653,25.0286],[121.6652,25.0284],[121.6649,25.0282],[121.6649,25.0281],[121.6649,25.0279],[121.6648,25.0276],[121.6648,25.0274],[121.665,25.027],[121.665,25.0268],[121.6651,25.0266],[121.6653,25.0262],[121.6654,25.026],[121.6653,25.0257],[121.665,25.0248],[121.6649,25.0246],[121.6647,25.0245],[121.6645,25.0244],[121.6643,25.0242],[121.6643,25.024],[121.6638,25.0231],[121.6634,25.023],[121.6628,25.0228],[121.6623,25.0228],[121.6618,25.023],[121.6612,25.0231],[121.661,25.0233],[121.6607,25.0234],[121.6605,25.0234],[121.6604,25.0234],[121.66,25.0234],[121.6597,25.0234],[121.6596,25.0234],[121.6595,25.0234],[121.6592,25.0234],[121.659,25.0234],[121.6586,25.0235],[121.6585,25.0235],[121.6584,25.0235],[121.6582,25.0236],[121.6575,25.0233],[121.6572,25.0234],[121.6568,25.0236],[121.6567,25.0236],[121.6565,25.0236],[121.6563,25.0237],[121.6561,25.0238],[121.656,25.0238],[121.6559,25.0238],[121.6555,25.0237],[121.6552,25.0239],[121.6547,25.0242],[121.6545,25.0242],[121.6541,25.0244],[121.6537,25.0244],[121.6532,25.0242],[121.653,25.0242],[121.6527,25.0242],[121.6525,25.0241],[121.652,25.024],[121.6517,25.0239],[121.6515,25.0239],[121.6511,25.0239],[121.6508,25.0239],[121.6504,25.024],[121.65,25.024],[121.6499,25.024],[121.6495,25.0237],[121.6494,25.0236],[121.6492,25.0234],[121.6491,25.0233],[121.6489,25.0231],[121.6489,25.023],[121.6487,25.0229],[121.6483,25.0227],[121.6468,25.0218],[121.6462,25.0217],[121.6459,25.0221],[121.6458,25.0223],[121.6456,25.0226],[121.6455,25.0229],[121.6453,25.0231],[121.6452,25.0232],[121.6451,25.0234],[121.6447,25.0237],[121.6444,25.0239],[121.6441,25.0239],[121.6438,25.024],[121.6438,25.024],[121.6436,25.0242],[121.6433,25.0243],[121.643,25.0245],[121.6428,25.0245],[121.6425,25.0244],[121.6424,25.0243],[121.6421,25.0243],[121.6415,25.0239],[121.6414,25.0239],[121.641,25.0236],[121.6408,25.0235],[121.6407,25.0235],[121.6405,25.0235],[121.6404,25.0235],[121.6402,25.0236],[121.6401,25.0236],[121.6398,25.0236],[121.6384,25.0237],[121.638,25.0239],[121.638,25.0239],[121.6379,25.024],[121.6375,25.0241],[121.6374,25.024],[121.6371,25.0238],[121.6368,25.0237],[121.6364,25.0236],[121.6362,25.0235],[121.6359,25.0233],[121.6356,25.0234],[121.6357,25.0239],[121.6356,25.024],[121.6355,25.024],[121.6353,25.0241],[121.6349,25.0242],[121.6347,25.0243],[121.6344,25.0245],[121.6341,25.0248],[121.6338,25.0249],[121.6337,25.0249],[121.6335,25.0249],[121.6334,25.025],[121.6332,25.0251],[121.6331,25.0252],[121.6329,25.0254],[121.6324,25.0256],[121.6314,25.0251],[121.6312,25.025],[121.6309,25.0247],[121.6309,25.0246],[121.6305,25.0239],[121.6304,25.0235],[121.6303,25.0233],[121.6303,25.0231],[121.6303,25.023],[121.6303,25.0228],[121.6303,25.0226],[121.6303,25.0225],[121.6303,25.0223],[121.6302,25.0222],[121.6301,25.0219],[121.6299,25.0217],[121.6298,25.0215],[121.6297,25.0214],[121.6296,25.0211],[121.6294,25.021],[121.6292,25.0206],[121.6291,25.0203],[121.629,25.0201],[121.6289,25.0199],[121.6284,25.0196],[121.6282,25.0195],[121.628,25.0195],[121.6274,25.0196],[121.627,25.0196],[121.6267,25.0192],[121.6265,25.019],[121.6264,25.0189],[121.6263,25.0188],[121.6261,25.0186],[121.6259,25.0185],[121.6257,25.0184],[121.6255,25.0183],[121.6249,25.0182],[121.624,25.0178],[121.6237,25.0175],[121.6235,25.0174],[121.6234,25.0173],[121.6232,25.0173],[121.6226,25.0174],[121.6224,25.0174],[121.6222,25.0175],[121.6214,25.0179],[121.6212,25.018],[121.621,25.018],[121.6207,25.0183],[121.6201,25.0184],[121.6198,25.0183],[121.6195,25.0181],[121.6192,25.0181],[121.6188,25.0182],[121.6185,25.0183],[121.6183,25.0183],[121.6179,25.0183],[121.6175,25.0184],[121.6173,25.0186],[121.617,25.0188],[121.6169,25.019],[121.6163,25.0196],[121.6161,25.0197],[121.6159,25.0196],[121.6157,25.0196],[121.6151,25.0195],[121.6149,25.0195],[121.6146,25.0194],[121.6143,25.0193],[121.6138,25.0193],[121.6136,25.0192],[121.6134,25.0191],[121.6131,25.0192],[121.613,25.0193],[121.6128,25.0196],[121.6126,25.0196],[121.6124,25.0196],[121.6121,25.0195],[121.6112,25.0199],[121.6109,25.0199],[121.6106,25.0198],[121.6104,25.0198],[121.6102,25.0199],[121.6098,25.0202],[121.6097,25.0204],[121.6095,25.0207],[121.6094,25.0209],[121.6091,25.0208],[121.6089,25.0206],[121.6086,25.0204],[121.6086,25.0201],[121.6084,25.0198],[121.6083,25.0197],[121.608,25.0194],[121.6075,25.0194],[121.6058,25.0193],[121.6051,25.0192],[121.6049,25.0191],[121.6046,25.0191],[121.6042,25.0191],[121.6041,25.019],[121.6038,25.0187],[121.6036,25.0182],[121.6035,25.018],[121.6035,25.0178],[121.6034,25.0175],[121.6032,25.0171],[121.6031,25.0168],[121.603,25.0165],[121.603,25.0162],[121.6029,25.0157],[121.6029,25.0155],[121.6028,25.0153],[121.6026,25.0151],[121.6021,25.015],[121.6017,25.0151],[121.6015,25.0151],[121.6013,25.0151],[121.6008,25.0148],[121.6006,25.0148],[121.6003,25.0148],[121.5999,25.0149],[121.5991,25.0148],[121.5987,25.0148],[121.5983,25.0148],[121.5981,25.0148],[121.5976,25.0148],[121.5972,25.0144]]]}},{"type":"Feature","properties":{"c":"台北市","t":"松山區"},"geometry":{"type":"Polygon","coordinates":[[[121.5577,25.0452],[121.5574,25.0451],[121.5556,25.0447],[121.5542,25.0444],[121.5534,25.0445],[121.553,25.0445],[121.5524,25.0446],[121.5511,25.0447],[121.5502,25.0448],[121.5479,25.0451],[121.5472,25.0452],[121.5449,25.0451],[121.5441,25.0449],[121.5438,25.0449],[121.5441,25.054],[121.5443,25.067],[121.5407,25.0687],[121.5391,25.0688],[121.5385,25.0694],[121.5387,25.0713],[121.5488,25.0711],[121.5495,25.0719],[121.5524,25.073],[121.5526,25.0756],[121.554,25.0754],[121.5579,25.0743],[121.5618,25.0725],[121.5632,25.0726],[121.5691,25.0762],[121.5706,25.0757],[121.5715,25.0743],[121.5722,25.0714],[121.572,25.0698],[121.5713,25.0678],[121.5696,25.065],[121.5696,25.0632],[121.5711,25.0591],[121.5716,25.0562],[121.5713,25.0532],[121.5719,25.052],[121.573,25.0517],[121.5767,25.0522],[121.5799,25.0529],[121.5797,25.0505],[121.58,25.0495],[121.5715,25.0494],[121.5693,25.0492],[121.5664,25.0485],[121.5624,25.0472],[121.5577,25.0452]]]}},{"type":"Feature","properties":{"c":"台北市","t":"大同區"},"geometry":{"type":"Polygon","coordinates":[[[121.5046,25.0498],[121.5047,25.0498],[121.5047,25.0499],[121.5048,25.0501],[121.5049,25.0504],[121.5052,25.0509],[121.5054,25.0513],[121.5054,25.0514],[121.5058,25.0523],[121.5058,25.0524],[121.506,25.0528],[121.5061,25.0531],[121.5062,25.0535],[121.5063,25.054],[121.5063,25.0541],[121.5063,25.0545],[121.5063,25.0547],[121.5063,25.0548],[121.5063,25.0552],[121.5064,25.0558],[121.5062,25.0564],[121.5059,25.0571],[121.5058,25.0573],[121.5058,25.0575],[121.5056,25.058],[121.5055,25.0581],[121.5054,25.0584],[121.5054,25.0586],[121.5054,25.0593],[121.5054,25.0596],[121.5054,25.0597],[121.5055,25.0603],[121.5056,25.0604],[121.5056,25.0608],[121.5057,25.061],[121.506,25.0619],[121.5061,25.0622],[121.5062,25.0626],[121.5063,25.063],[121.5063,25.0631],[121.5064,25.0633],[121.5065,25.0636],[121.5065,25.0638],[121.5066,25.064],[121.5066,25.0642],[121.5068,25.0645],[121.5068,25.0647],[121.5068,25.0652],[121.5069,25.0656],[121.5069,25.0664],[121.5069,25.0668],[121.5069,25.0673],[121.5069,25.0677],[121.5069,25.0678],[121.507,25.0682],[121.507,25.0684],[121.507,25.0687],[121.507,25.0693],[121.507,25.0696],[121.507,25.0698],[121.5071,25.0702],[121.507,25.0705],[121.507,25.0706],[121.507,25.0708],[121.507,25.0708],[121.507,25.071],[121.5068,25.0717],[121.5066,25.0722],[121.5066,25.0725],[121.5064,25.0727],[121.5064,25.0729],[121.5063,25.073],[121.5063,25.0732],[121.5063,25.0734],[121.5063,25.0737],[121.5062,25.074],[121.5062,25.0744],[121.5061,25.0746],[121.506,25.0749],[121.5059,25.0753],[121.5058,25.0755],[121.5056,25.0759],[121.5053,25.0768],[121.5051,25.0771],[121.505,25.0775],[121.5049,25.0777],[121.5048,25.0778],[121.5047,25.0779],[121.5047,25.0781],[121.5082,25.0784],[121.5114,25.079],[121.5133,25.08],[121.5135,25.0808],[121.5141,25.0794],[121.5162,25.0802],[121.5184,25.0789],[121.5225,25.0771],[121.5205,25.0731],[121.5198,25.0703],[121.519,25.0646],[121.5192,25.0631],[121.5205,25.0601],[121.5206,25.058],[121.5202,25.0511],[121.5195,25.0492],[121.5186,25.0484],[121.5174,25.0484],[121.512,25.0499],[121.5115,25.0487],[121.5107,25.0483],[121.509,25.0483],[121.5063,25.049],[121.5046,25.0498]]]}},{"type":"Feature","properties":{"c":"台北市","t":"中山區"},"geometry":{"type":"Polygon","coordinates":[[[121.5438,25.0449],[121.543,25.0448],[121.5421,25.0447],[121.541,25.0446],[121.5405,25.0446],[121.5381,25.0447],[121.5366,25.0448],[121.5352,25.0449],[121.5347,25.045],[121.5332,25.0454],[121.5329,25.0455],[121.5264,25.0474],[121.5242,25.0478],[121.5205,25.048],[121.5186,25.0484],[121.5195,25.0492],[121.5202,25.0511],[121.5206,25.058],[121.5205,25.0601],[121.5192,25.0631],[121.519,25.0646],[121.5198,25.0703],[121.5205,25.0731],[121.5225,25.0771],[121.5234,25.0764],[121.5251,25.0742],[121.5258,25.0751],[121.5243,25.0809],[121.5252,25.0819],[121.5257,25.0813],[121.5289,25.0845],[121.5309,25.085],[121.5328,25.0877],[121.5339,25.0882],[121.5359,25.0901],[121.5383,25.0916],[121.5408,25.0922],[121.5415,25.0929],[121.5422,25.0919],[121.5439,25.0918],[121.545,25.0903],[121.5476,25.0906],[121.5496,25.0919],[121.5511,25.0917],[121.5521,25.0924],[121.5535,25.0898],[121.5549,25.0886],[121.5573,25.0878],[121.5569,25.0869],[121.5578,25.0844],[121.559,25.085],[121.5611,25.0843],[121.5624,25.0812],[121.5642,25.079],[121.565,25.0785],[121.5704,25.077],[121.5725,25.0747],[121.5715,25.0743],[121.5706,25.0757],[121.5691,25.0762],[121.5632,25.0726],[121.5618,25.0725],[121.5579,25.0743],[121.554,25.0754],[121.5526,25.0756],[121.5524,25.073],[121.5495,25.0719],[121.5488,25.0711],[121.5387,25.0713],[121.5385,25.0694],[121.5391,25.0688],[121.5407,25.0687],[121.5443,25.067],[121.5441,25.054],[121.5438,25.0449]]]}},{"type":"Feature","properties":{"c":"台北市","t":"內湖區"},"geometry":{"type":"Polygon","coordinates":[[[121.5957,25.1141],[121.5955,25.1139],[121.5955,25.1138],[121.5955,25.1135],[121.5955,25.1134],[121.5956,25.1133],[121.5958,25.1131],[121.5959,25.1129],[121.5961,25.1128],[121.5961,25.1127],[121.5962,25.1125],[121.5963,25.1123],[121.5964,25.112],[121.5966,25.1112],[121.5969,25.1108],[121.5974,25.1097],[121.5977,25.1094],[121.5984,25.1089],[121.5986,25.1089],[121.5989,25.1089],[121.5991,25.1089],[121.5994,25.1086],[121.5995,25.1086],[121.5996,25.1085],[121.5999,25.1084],[121.6001,25.1085],[121.6006,25.1085],[121.601,25.1084],[121.6011,25.1084],[121.6014,25.1084],[121.6015,25.1084],[121.6018,25.1084],[121.602,25.1084],[121.6027,25.1083],[121.6029,25.1082],[121.603,25.1081],[121.6034,25.1078],[121.6039,25.1077],[121.6041,25.1076],[121.6042,25.1076],[121.6048,25.1073],[121.6049,25.1074],[121.6057,25.1073],[121.6062,25.1073],[121.6063,25.1073],[121.6065,25.1072],[121.6069,25.107],[121.6076,25.1069],[121.6083,25.1065],[121.6085,25.1064],[121.6086,25.1064],[121.6089,25.1062],[121.6094,25.1059],[121.6095,25.1058],[121.6098,25.1056],[121.6105,25.1051],[121.6109,25.105],[121.6114,25.1049],[121.6116,25.1047],[121.612,25.1046],[121.6123,25.1046],[121.6127,25.1046],[121.6131,25.1046],[121.6135,25.1046],[121.6138,25.1045],[121.6141,25.1043],[121.6142,25.1043],[121.6147,25.1041],[121.6149,25.1041],[121.6153,25.1039],[121.6158,25.1035],[121.6159,25.1033],[121.6161,25.1032],[121.6162,25.103],[121.6164,25.1026],[121.6167,25.1023],[121.6167,25.1023],[121.6167,25.102],[121.6168,25.1019],[121.6169,25.1018],[121.6171,25.1016],[121.6172,25.1014],[121.6173,25.1012],[121.6178,25.1009],[121.6182,25.1008],[121.6183,25.1006],[121.6185,25.1005],[121.6186,25.1004],[121.6187,25.1002],[121.619,25.1],[121.6193,25.0998],[121.6199,25.0993],[121.6202,25.0991],[121.6206,25.0988],[121.621,25.0986],[121.6211,25.0986],[121.6214,25.0984],[121.6215,25.0983],[121.6216,25.0982],[121.6217,25.0981],[121.6218,25.0979],[121.6219,25.0976],[121.6225,25.0972],[121.6228,25.0971],[121.623,25.097],[121.6232,25.097],[121.6238,25.097],[121.624,25.0971],[121.6244,25.0971],[121.6246,25.0971],[121.6247,25.0971],[121.6249,25.0971],[121.6252,25.0971],[121.6254,25.097],[121.6261,25.0962],[121.6263,25.096],[121.6262,25.0958],[121.6261,25.0957],[121.6255,25.0952],[121.6254,25.0951],[121.6253,25.0951],[121.6253,25.0949],[121.6252,25.0946],[121.6251,25.0943],[121.6251,25.0941],[121.6251,25.0939],[121.6251,25.0937],[121.6255,25.0931],[121.6256,25.0929],[121.6256,25.0927],[121.6257,25.0923],[121.6259,25.092],[121.6261,25.0917],[121.6263,25.0916],[121.6263,25.0913],[121.626,25.091],[121.626,25.0908],[121.626,25.0907],[121.6261,25.0903],[121.6262,25.0903],[121.6263,25.0902],[121.6264,25.0901],[121.6266,25.0898],[121.6267,25.0897],[121.6268,25.0896],[121.6269,25.0894],[121.6271,25.0893],[121.6277,25.0887],[121.628,25.0885],[121.6282,25.0882],[121.6282,25.0877],[121.6282,25.0875],[121.6282,25.0874],[121.6283,25.0871],[121.6283,25.087],[121.6284,25.0868],[121.6286,25.0865],[121.6286,25.0864],[121.6286,25.0863],[121.6284,25.0861],[121.6281,25.0855],[121.6279,25.0853],[121.6278,25.0851],[121.6276,25.0848],[121.6276,25.0843],[121.6277,25.0841],[121.6279,25.0838],[121.6279,25.0837],[121.628,25.0835],[121.628,25.0834],[121.6279,25.083],[121.6278,25.0828],[121.6277,25.0826],[121.6275,25.0824],[121.6273,25.0823],[121.6264,25.0821],[121.6262,25.0821],[121.6259,25.082],[121.6258,25.0818],[121.6257,25.0817],[121.6256,25.0816],[121.6255,25.0814],[121.6254,25.0813],[121.625,25.081],[121.6249,25.0809],[121.6247,25.0807],[121.6244,25.0805],[121.6242,25.0803],[121.6242,25.0801],[121.6242,25.0798],[121.6242,25.0797],[121.6244,25.0795],[121.6245,25.0793],[121.6245,25.079],[121.6242,25.0788],[121.6239,25.0787],[121.6238,25.0785],[121.6239,25.0783],[121.6239,25.0782],[121.6241,25.0781],[121.6242,25.0781],[121.6243,25.0781],[121.6245,25.0783],[121.6248,25.0786],[121.6249,25.0787],[121.6251,25.0788],[121.6251,25.0787],[121.6251,25.0786],[121.625,25.0784],[121.625,25.0782],[121.6249,25.078],[121.6249,25.0779],[121.6248,25.0778],[121.6232,25.0769],[121.6232,25.0768],[121.6232,25.0766],[121.6232,25.0762],[121.6232,25.0759],[121.6231,25.0757],[121.623,25.0753],[121.6229,25.0752],[121.6228,25.0748],[121.6227,25.0747],[121.6222,25.0747],[121.6218,25.0749],[121.6217,25.0749],[121.6217,25.0748],[121.6213,25.074],[121.6211,25.0738],[121.6208,25.0735],[121.6207,25.0734],[121.6206,25.0731],[121.6206,25.0726],[121.6208,25.0723],[121.621,25.0722],[121.6211,25.0721],[121.6213,25.0719],[121.6213,25.0711],[121.6213,25.0708],[121.6213,25.0706],[121.6213,25.0704],[121.6215,25.07],[121.6215,25.0698],[121.6215,25.0695],[121.6211,25.0696],[121.621,25.0696],[121.6209,25.0693],[121.6204,25.0687],[121.6201,25.0686],[121.6199,25.0686],[121.6197,25.0686],[121.6196,25.0686],[121.6195,25.0684],[121.6187,25.0677],[121.6185,25.0676],[121.6179,25.0677],[121.6177,25.0677],[121.6176,25.0676],[121.6175,25.0674],[121.6176,25.067],[121.6178,25.0668],[121.6179,25.0667],[121.6179,25.0666],[121.618,25.0664],[121.6179,25.066],[121.6179,25.0658],[121.6178,25.0656],[121.6178,25.0654],[121.6179,25.0652],[121.6178,25.0651],[121.6177,25.0651],[121.6175,25.0653],[121.6172,25.0657],[121.6171,25.0658],[121.617,25.0659],[121.617,25.0659],[121.6167,25.0658],[121.6167,25.0657],[121.6167,25.0654],[121.6167,25.0651],[121.6166,25.065],[121.6164,25.0645],[121.6163,25.0643],[121.6162,25.064],[121.6161,25.0639],[121.6142,25.0645],[121.6127,25.0643],[121.6107,25.0616],[121.608,25.06],[121.6037,25.0592],[121.6001,25.059],[121.5985,25.0586],[121.5962,25.0585],[121.5931,25.0597],[121.5925,25.0596],[121.59,25.0571],[121.588,25.0555],[121.5842,25.0538],[121.5799,25.0529],[121.5767,25.0522],[121.573,25.0517],[121.5719,25.052],[121.5713,25.0532],[121.5716,25.0562],[121.5711,25.0591],[121.5696,25.0632],[121.5696,25.065],[121.5713,25.0678],[121.572,25.0698],[121.5722,25.0714],[121.5715,25.0743],[121.5725,25.0747],[121.5704,25.077],[121.565,25.0785],[121.5642,25.079],[121.5624,25.0812],[121.5611,25.0843],[121.559,25.085],[121.5578,25.0844],[121.5569,25.0869],[121.5573,25.0878],[121.5549,25.0886],[121.5535,25.0898],[121.5521,25.0924],[121.5545,25.0927],[121.5549,25.0941],[121.5559,25.0944],[121.5569,25.0963],[121.5576,25.0963],[121.5588,25.0987],[121.5595,25.0982],[121.562,25.098],[121.5651,25.099],[121.5668,25.0991],[121.5687,25.1023],[121.5694,25.1043],[121.5703,25.1055],[121.5727,25.1061],[121.5736,25.1068],[121.5766,25.1069],[121.5771,25.1059],[121.5791,25.1052],[121.5803,25.107],[121.5817,25.1068],[121.5852,25.1085],[121.5866,25.1108],[121.588,25.1138],[121.5898,25.1142],[121.5903,25.1136],[121.5937,25.1151],[121.5957,25.1141]]]}},{"type":"Feature","properties":{"c":"台北市","t":"士林區"},"geometry":{"type":"Polygon","coordinates":[[[121.4911,25.0948],[121.4908,25.0951],[121.4907,25.0952],[121.4903,25.0956],[121.4903,25.0956],[121.4901,25.0958],[121.4898,25.0962],[121.4892,25.0968],[121.489,25.097],[121.4887,25.0971],[121.488,25.0975],[121.4877,25.0978],[121.4875,25.0979],[121.4872,25.0981],[121.487,25.0982],[121.4867,25.0984],[121.4865,25.0985],[121.4863,25.0986],[121.486,25.0988],[121.486,25.0988],[121.4855,25.099],[121.4855,25.099],[121.4853,25.099],[121.4851,25.0991],[121.4851,25.0991],[121.4848,25.0992],[121.4846,25.0993],[121.4844,25.0994],[121.4842,25.0994],[121.4841,25.0995],[121.4839,25.0996],[121.4838,25.0996],[121.4836,25.0997],[121.4834,25.0997],[121.4833,25.0998],[121.4823,25.1003],[121.482,25.1004],[121.4818,25.1006],[121.4815,25.1007],[121.4811,25.1008],[121.4811,25.1009],[121.4808,25.1009],[121.4808,25.1009],[121.4804,25.101],[121.4803,25.101],[121.48,25.1011],[121.4798,25.1011],[121.4794,25.1012],[121.4792,25.1012],[121.4781,25.1014],[121.4779,25.1014],[121.4778,25.1014],[121.4775,25.1014],[121.4769,25.1015],[121.4764,25.1015],[121.4761,25.1015],[121.4755,25.1015],[121.4752,25.1015],[121.4749,25.1015],[121.4745,25.1015],[121.474,25.1015],[121.4739,25.1015],[121.4736,25.1016],[121.4735,25.1016],[121.473,25.1016],[121.4726,25.1016],[121.4714,25.1016],[121.4711,25.1016],[121.4707,25.1016],[121.4694,25.1016],[121.4691,25.1016],[121.469,25.1016],[121.4681,25.1016],[121.468,25.1016],[121.4676,25.1016],[121.4674,25.1016],[121.467,25.1017],[121.4668,25.1017],[121.4665,25.1017],[121.4661,25.1017],[121.4659,25.1018],[121.465,25.1022],[121.4646,25.1023],[121.4641,25.1025],[121.464,25.1025],[121.4637,25.1026],[121.4634,25.1028],[121.4631,25.1029],[121.463,25.103],[121.4627,25.1032],[121.4623,25.1034],[121.462,25.1035],[121.4616,25.1037],[121.4612,25.104],[121.4611,25.1041],[121.4608,25.1043],[121.4608,25.1043],[121.4606,25.1044],[121.4601,25.1048],[121.4582,25.1062],[121.4577,25.1067],[121.4573,25.1071],[121.4572,25.1075],[121.4572,25.1077],[121.4572,25.1085],[121.4572,25.1087],[121.4572,25.1088],[121.4574,25.1094],[121.4576,25.1098],[121.4576,25.1101],[121.4577,25.1102],[121.4577,25.1104],[121.4578,25.1105],[121.4579,25.1109],[121.4582,25.1114],[121.4584,25.1117],[121.4587,25.1121],[121.4587,25.1122],[121.4589,25.1124],[121.459,25.1127],[121.4591,25.1128],[121.4592,25.1131],[121.4593,25.1132],[121.4594,25.1133],[121.4599,25.1144],[121.4601,25.1146],[121.4602,25.1149],[121.4603,25.1151],[121.4604,25.1153],[121.4605,25.1155],[121.4607,25.1157],[121.4608,25.1159],[121.4608,25.1161],[121.4609,25.1162],[121.4618,25.1152],[121.4669,25.1117],[121.4689,25.1109],[121.4723,25.1107],[121.4735,25.1108],[121.4779,25.1124],[121.4805,25.113],[121.4871,25.115],[121.489,25.1153],[121.4921,25.1147],[121.495,25.1128],[121.4959,25.1116],[121.4968,25.1088],[121.497,25.107],[121.4969,25.1005],[121.4973,25.0982],[121.5007,25.0967],[121.5016,25.0965],[121.5058,25.0964],[121.5082,25.0958],[121.5089,25.096],[121.5109,25.0975],[121.5154,25.0991],[121.5171,25.0995],[121.5185,25.1035],[121.5199,25.1043],[121.5213,25.1069],[121.5212,25.1089],[121.5224,25.1095],[121.5228,25.1109],[121.5251,25.1114],[121.5257,25.1131],[121.5251,25.1145],[121.525,25.1161],[121.5235,25.1175],[121.5244,25.1196],[121.5258,25.1208],[121.5256,25.1217],[121.5265,25.1236],[121.5295,25.1243],[121.5298,25.1262],[121.5311,25.1269],[121.5314,25.1283],[121.5308,25.1321],[121.5311,25.1338],[121.5304,25.1342],[121.5306,25.136],[121.5315,25.1373],[121.5335,25.1376],[121.5351,25.1392],[121.5365,25.1392],[121.5372,25.1398],[121.5392,25.1405],[121.54,25.1416],[121.5411,25.1412],[121.5425,25.1426],[121.5439,25.1418],[121.5458,25.1416],[121.5461,25.1425],[121.5479,25.1434],[121.5489,25.1448],[121.5495,25.1497],[121.5505,25.1515],[121.5533,25.1545],[121.5534,25.1553],[121.5552,25.1591],[121.5564,25.1606],[121.5583,25.161],[121.5606,25.1623],[121.5611,25.1633],[121.561,25.1645],[121.5631,25.17],[121.562,25.1719],[121.5609,25.1746],[121.561,25.1754],[121.5628,25.1779],[121.565,25.1784],[121.5657,25.1794],[121.5663,25.1818],[121.5672,25.1821],[121.5673,25.1833],[121.568,25.1838],[121.5675,25.1855],[121.5682,25.1862],[121.5673,25.1872],[121.567,25.1887],[121.5689,25.1903],[121.5715,25.1916],[121.5721,25.1931],[121.5746,25.1947],[121.5757,25.1946],[121.5761,25.1953],[121.5762,25.1953],[121.5764,25.1953],[121.5766,25.1953],[121.5769,25.1953],[121.5772,25.1953],[121.5776,25.1948],[121.578,25.1947],[121.5783,25.1946],[121.5786,25.1945],[121.5788,25.1943],[121.5791,25.1941],[121.5794,25.1944],[121.5795,25.1946],[121.5795,25.1948],[121.5803,25.1953],[121.5809,25.1954],[121.5817,25.1952],[121.5819,25.1951],[121.5822,25.1951],[121.5826,25.1951],[121.5834,25.1948],[121.5837,25.1947],[121.5837,25.1946],[121.5836,25.1945],[121.5832,25.1942],[121.583,25.194],[121.5829,25.1939],[121.5829,25.1937],[121.5828,25.1934],[121.5827,25.1931],[121.5827,25.193],[121.5829,25.1927],[121.5831,25.1926],[121.5834,25.1924],[121.5835,25.1923],[121.5838,25.192],[121.5838,25.1918],[121.5836,25.1915],[121.5837,25.1912],[121.5838,25.191],[121.5837,25.1907],[121.5838,25.1906],[121.5838,25.1905],[121.5839,25.1904],[121.584,25.1903],[121.584,25.19],[121.584,25.1899],[121.5839,25.1897],[121.5838,25.1895],[121.5838,25.1894],[121.5839,25.1892],[121.584,25.189],[121.584,25.1889],[121.584,25.1888],[121.5837,25.1887],[121.5835,25.1887],[121.5835,25.1888],[121.5832,25.1887],[121.583,25.1886],[121.5829,25.1884],[121.5831,25.188],[121.5829,25.1875],[121.5826,25.1873],[121.5821,25.1868],[121.582,25.1866],[121.5818,25.1861],[121.582,25.1856],[121.5823,25.1852],[121.5826,25.1849],[121.5828,25.1845],[121.5828,25.1843],[121.5827,25.1841],[121.5826,25.1839],[121.5826,25.1838],[121.5825,25.1837],[121.5823,25.1836],[121.582,25.1836],[121.5817,25.1834],[121.5817,25.1833],[121.5814,25.1829],[121.5814,25.1828],[121.5813,25.1825],[121.5812,25.1823],[121.5811,25.1822],[121.5809,25.1819],[121.5809,25.1818],[121.5809,25.1816],[121.5814,25.1809],[121.5813,25.1807],[121.5813,25.1804],[121.5821,25.1798],[121.5822,25.1796],[121.5822,25.1793],[121.5822,25.179],[121.5823,25.1788],[121.5825,25.1785],[121.5826,25.1783],[121.5828,25.1781],[121.5829,25.178],[121.5831,25.1778],[121.5833,25.1774],[121.5834,25.1771],[121.5835,25.1771],[121.5835,25.1769],[121.5831,25.1766],[121.583,25.1763],[121.583,25.176],[121.583,25.1756],[121.583,25.1756],[121.583,25.1754],[121.5828,25.1752],[121.5827,25.175],[121.5825,25.1748],[121.5823,25.1747],[121.5821,25.1745],[121.5819,25.1742],[121.5818,25.1739],[121.5816,25.1738],[121.5811,25.1734],[121.5809,25.1732],[121.5807,25.1729],[121.5796,25.1722],[121.5793,25.1719],[121.5786,25.171],[121.5781,25.1707],[121.5773,25.17],[121.5774,25.1688],[121.5773,25.1682],[121.577,25.1673],[121.577,25.1671],[121.5771,25.167],[121.5785,25.1658],[121.5788,25.1656],[121.5796,25.1655],[121.5805,25.1654],[121.581,25.1655],[121.5812,25.1655],[121.582,25.1654],[121.5826,25.1655],[121.5831,25.1658],[121.5834,25.1656],[121.5834,25.1654],[121.5835,25.1653],[121.5836,25.1651],[121.5838,25.165],[121.5843,25.1649],[121.5846,25.1648],[121.5848,25.1647],[121.585,25.1645],[121.5852,25.1643],[121.5853,25.1642],[121.5858,25.1638],[121.5861,25.1637],[121.5862,25.1636],[121.5865,25.1635],[121.5866,25.1634],[121.5871,25.1634],[121.5873,25.1634],[121.5877,25.1632],[121.5878,25.163],[121.5881,25.163],[121.5884,25.163],[121.5885,25.163],[121.5888,25.1631],[121.5892,25.1634],[121.5898,25.1637],[121.5899,25.1635],[121.59,25.1633],[121.59,25.1631],[121.5902,25.1625],[121.5902,25.1622],[121.5902,25.1621],[121.5903,25.1619],[121.5903,25.1618],[121.5904,25.1616],[121.5905,25.1612],[121.5905,25.161],[121.5905,25.1604],[121.5906,25.1602],[121.5908,25.1598],[121.5909,25.1595],[121.591,25.1594],[121.5911,25.1592],[121.5917,25.1579],[121.5918,25.1577],[121.5916,25.157],[121.5916,25.1567],[121.5916,25.1565],[121.5917,25.1564],[121.5918,25.156],[121.5918,25.1558],[121.5918,25.1555],[121.5916,25.1551],[121.5915,25.155],[121.5913,25.1549],[121.5909,25.1547],[121.5908,25.1546],[121.5908,25.1546],[121.5907,25.1543],[121.5906,25.1541],[121.5906,25.1539],[121.5906,25.1537],[121.5902,25.1532],[121.5901,25.1531],[121.5899,25.1529],[121.5897,25.1528],[121.5894,25.1527],[121.5897,25.1521],[121.5901,25.1519],[121.5904,25.1518],[121.5905,25.1517],[121.5911,25.1514],[121.5913,25.1512],[121.5915,25.1511],[121.5922,25.1509],[121.5925,25.1509],[121.5927,25.1509],[121.5929,25.1508],[121.5936,25.1503],[121.5937,25.15],[121.5938,25.1498],[121.5939,25.1489],[121.5938,25.1484],[121.5938,25.1483],[121.594,25.1479],[121.5945,25.1475],[121.595,25.1469],[121.5952,25.1466],[121.5955,25.1461],[121.5958,25.1454],[121.596,25.1447],[121.596,25.1443],[121.5959,25.1441],[121.5958,25.1437],[121.5958,25.1436],[121.5958,25.1434],[121.5968,25.1427],[121.5983,25.1405],[121.5985,25.1402],[121.5987,25.1402],[121.599,25.14],[121.5992,25.14],[121.5995,25.1399],[121.5999,25.1397],[121.6003,25.1395],[121.6005,25.1394],[121.6007,25.1392],[121.6008,25.1389],[121.601,25.1387],[121.6015,25.1383],[121.6016,25.1381],[121.6017,25.1379],[121.6021,25.1378],[121.6027,25.1375],[121.6029,25.1374],[121.6032,25.1372],[121.6035,25.137],[121.604,25.1363],[121.6041,25.1362],[121.6043,25.1362],[121.6044,25.1363],[121.6046,25.1364],[121.6047,25.1365],[121.6049,25.1367],[121.6049,25.1368],[121.6057,25.1367],[121.6057,25.1367],[121.6053,25.1361],[121.6053,25.1358],[121.6053,25.1355],[121.6049,25.135],[121.6046,25.1346],[121.6046,25.1344],[121.6046,25.1342],[121.6046,25.134],[121.6046,25.1335],[121.6046,25.1334],[121.6048,25.133],[121.6048,25.1328],[121.6048,25.1326],[121.6048,25.1325],[121.6046,25.1315],[121.6046,25.1311],[121.6046,25.1308],[121.6049,25.1307],[121.6052,25.1306],[121.6054,25.1306],[121.6058,25.1306],[121.6063,25.1305],[121.6067,25.1305],[121.6072,25.1304],[121.6076,25.1303],[121.6077,25.1303],[121.6078,25.1302],[121.6078,25.1302],[121.6077,25.1299],[121.6076,25.1293],[121.6075,25.1292],[121.6074,25.1291],[121.6072,25.1288],[121.6066,25.1282],[121.6063,25.1279],[121.606,25.1277],[121.6058,25.1275],[121.6056,25.1272],[121.6051,25.1269],[121.6047,25.1264],[121.6046,25.1261],[121.6044,25.1259],[121.6043,25.1258],[121.6041,25.1257],[121.6034,25.1255],[121.603,25.1259],[121.6028,25.1261],[121.6025,25.1262],[121.6023,25.1261],[121.6019,25.126],[121.6016,25.1257],[121.6015,25.1254],[121.6014,25.125],[121.6013,25.1247],[121.6012,25.1241],[121.6011,25.1235],[121.6012,25.1233],[121.6012,25.1232],[121.6009,25.1227],[121.6008,25.1225],[121.6008,25.1223],[121.6008,25.122],[121.6005,25.1215],[121.6003,25.1213],[121.6002,25.121],[121.6,25.1206],[121.6,25.1205],[121.5997,25.1203],[121.5995,25.1204],[121.5992,25.1203],[121.5988,25.1197],[121.5987,25.1194],[121.5986,25.1193],[121.5985,25.1189],[121.5984,25.1187],[121.5982,25.1182],[121.5982,25.118],[121.5981,25.1179],[121.5979,25.1175],[121.5977,25.1172],[121.5976,25.117],[121.5974,25.1167],[121.5974,25.1164],[121.5975,25.1162],[121.5973,25.1159],[121.5972,25.1158],[121.5969,25.1156],[121.5968,25.1153],[121.5966,25.1151],[121.5966,25.115],[121.5963,25.1147],[121.5963,25.1146],[121.5962,25.1145],[121.596,25.1142],[121.5957,25.1141],[121.5937,25.1151],[121.5903,25.1136],[121.5898,25.1142],[121.588,25.1138],[121.5866,25.1108],[121.5852,25.1085],[121.5817,25.1068],[121.5803,25.107],[121.5791,25.1052],[121.5771,25.1059],[121.5766,25.1069],[121.5736,25.1068],[121.5727,25.1061],[121.5703,25.1055],[121.5694,25.1043],[121.5687,25.1023],[121.5668,25.0991],[121.5651,25.099],[121.562,25.098],[121.5595,25.0982],[121.5588,25.0987],[121.5576,25.0963],[121.5569,25.0963],[121.5559,25.0944],[121.5549,25.0941],[121.5545,25.0927],[121.5521,25.0924],[121.5511,25.0917],[121.5496,25.0919],[121.5476,25.0906],[121.545,25.0903],[121.5439,25.0918],[121.5422,25.0919],[121.5415,25.0929],[121.5408,25.0922],[121.5383,25.0916],[121.5359,25.0901],[121.5339,25.0882],[121.5328,25.0877],[121.5309,25.085],[121.5289,25.0845],[121.5257,25.0813],[121.5252,25.0819],[121.5243,25.0809],[121.5258,25.0751],[121.5251,25.0742],[121.5234,25.0764],[121.5225,25.0771],[121.5184,25.0789],[121.5162,25.0802],[121.5141,25.0794],[121.5135,25.0808],[121.5133,25.08],[121.5114,25.079],[121.5082,25.0784],[121.5047,25.0781],[121.5047,25.0782],[121.5045,25.0785],[121.5045,25.0788],[121.5044,25.0789],[121.5043,25.0792],[121.5041,25.0799],[121.504,25.0802],[121.504,25.0803],[121.5038,25.0806],[121.5037,25.0808],[121.5036,25.081],[121.5034,25.0813],[121.5034,25.0814],[121.5033,25.0817],[121.5031,25.082],[121.503,25.0821],[121.5029,25.0823],[121.5026,25.0829],[121.5025,25.0832],[121.5024,25.0833],[121.5019,25.084],[121.5018,25.0843],[121.5015,25.0847],[121.5013,25.085],[121.5012,25.0852],[121.501,25.0855],[121.5009,25.0855],[121.5008,25.0858],[121.5006,25.0861],[121.5003,25.0866],[121.4999,25.0871],[121.4997,25.0873],[121.4995,25.0875],[121.4988,25.0882],[121.4986,25.0884],[121.4982,25.0887],[121.498,25.0889],[121.4976,25.0892],[121.4973,25.0895],[121.4972,25.0896],[121.4968,25.0899],[121.4954,25.0911],[121.4952,25.0913],[121.4951,25.0914],[121.4949,25.0916],[121.4947,25.0917],[121.494,25.0923],[121.4936,25.0926],[121.4933,25.0929],[121.4931,25.0931],[121.4925,25.0936],[121.4922,25.0938],[121.492,25.094],[121.4917,25.0942],[121.4915,25.0944],[121.4912,25.0948],[121.4911,25.0948]]]}},{"type":"Feature","properties":{"c":"台北市","t":"北投區"},"geometry":{"type":"Polygon","coordinates":[[[121.4588,25.1229],[121.4589,25.123],[121.4592,25.1229],[121.4594,25.123],[121.46,25.1229],[121.4601,25.123],[121.4606,25.123],[121.4609,25.123],[121.4611,25.123],[121.4614,25.123],[121.4615,25.1232],[121.4616,25.1234],[121.4617,25.1236],[121.4622,25.1236],[121.4627,25.1237],[121.4635,25.1239],[121.4638,25.1239],[121.4645,25.1242],[121.4648,25.1242],[121.4648,25.1243],[121.4647,25.1245],[121.4646,25.1246],[121.4646,25.1247],[121.4646,25.1248],[121.4647,25.1251],[121.4647,25.1254],[121.4647,25.1255],[121.4647,25.1258],[121.4647,25.1258],[121.4647,25.1261],[121.4646,25.1262],[121.4645,25.1267],[121.4643,25.1273],[121.4643,25.1274],[121.4645,25.1282],[121.4647,25.1285],[121.4648,25.1288],[121.4649,25.129],[121.4649,25.1292],[121.465,25.1294],[121.4651,25.1298],[121.4652,25.13],[121.4654,25.1306],[121.4654,25.131],[121.4656,25.1316],[121.4657,25.1318],[121.466,25.132],[121.4661,25.1321],[121.4663,25.1324],[121.4664,25.1325],[121.4667,25.1329],[121.4669,25.133],[121.4671,25.1332],[121.4673,25.1333],[121.4676,25.1336],[121.4677,25.1337],[121.4679,25.134],[121.468,25.1341],[121.4683,25.1343],[121.4684,25.1345],[121.4684,25.1348],[121.4687,25.1353],[121.4688,25.1355],[121.4689,25.1356],[121.4692,25.1358],[121.4694,25.1359],[121.4697,25.1361],[121.47,25.1363],[121.4702,25.1364],[121.4707,25.1367],[121.4711,25.1369],[121.4712,25.137],[121.4713,25.137],[121.4715,25.1373],[121.4716,25.1373],[121.4718,25.1375],[121.4718,25.1375],[121.472,25.1377],[121.4722,25.1382],[121.4723,25.1386],[121.4723,25.1388],[121.4725,25.1391],[121.4726,25.1393],[121.4729,25.1396],[121.4737,25.1402],[121.474,25.1404],[121.4743,25.1407],[121.4745,25.1409],[121.4747,25.141],[121.4749,25.1412],[121.4752,25.1416],[121.4753,25.1417],[121.4754,25.1419],[121.4756,25.1421],[121.4759,25.1423],[121.4762,25.1426],[121.4763,25.1427],[121.4764,25.1428],[121.4766,25.1431],[121.4766,25.1432],[121.4766,25.1437],[121.4767,25.1439],[121.4768,25.144],[121.477,25.1441],[121.4773,25.1442],[121.4775,25.1443],[121.4777,25.1445],[121.4778,25.1446],[121.478,25.1448],[121.4782,25.145],[121.4785,25.1452],[121.479,25.1456],[121.4792,25.1457],[121.4793,25.1458],[121.4794,25.1459],[121.4796,25.1461],[121.48,25.1464],[121.4803,25.1466],[121.4804,25.1467],[121.4805,25.1467],[121.4806,25.1468],[121.4806,25.1469],[121.4808,25.1471],[121.481,25.1473],[121.4813,25.1476],[121.4814,25.1477],[121.4817,25.148],[121.4818,25.1483],[121.4819,25.1485],[121.482,25.1487],[121.482,25.1488],[121.4821,25.1491],[121.4822,25.1492],[121.4823,25.1494],[121.4824,25.1495],[121.4825,25.1498],[121.4828,25.1502],[121.483,25.1503],[121.4832,25.1505],[121.4836,25.1507],[121.4837,25.1507],[121.4847,25.1509],[121.4865,25.1508],[121.4868,25.1509],[121.4875,25.1514],[121.4875,25.1517],[121.4874,25.1518],[121.4876,25.1523],[121.4876,25.1525],[121.4876,25.1529],[121.4877,25.1532],[121.4879,25.1533],[121.4881,25.1535],[121.4883,25.1539],[121.4886,25.1542],[121.4893,25.1554],[121.4896,25.1557],[121.4896,25.1558],[121.4897,25.1561],[121.4898,25.1562],[121.49,25.1564],[121.4901,25.1565],[121.4902,25.1567],[121.4909,25.1578],[121.4911,25.158],[121.4913,25.1585],[121.4915,25.1587],[121.4916,25.1588],[121.4916,25.1591],[121.4919,25.1597],[121.4922,25.1601],[121.4923,25.1603],[121.4924,25.1604],[121.4926,25.1606],[121.4927,25.1607],[121.4937,25.1614],[121.4938,25.1614],[121.4948,25.162],[121.4949,25.1621],[121.4953,25.1626],[121.4956,25.1628],[121.4958,25.163],[121.4962,25.1632],[121.4964,25.1633],[121.4967,25.1634],[121.4971,25.1636],[121.4973,25.1637],[121.4975,25.1638],[121.4977,25.1639],[121.4979,25.1641],[121.4985,25.1647],[121.4988,25.165],[121.4989,25.1653],[121.4991,25.1656],[121.4993,25.166],[121.4995,25.1671],[121.4996,25.1674],[121.4997,25.1676],[121.4998,25.1679],[121.5,25.1681],[121.5003,25.1685],[121.5004,25.1686],[121.5005,25.1686],[121.5007,25.1687],[121.5009,25.1688],[121.5015,25.1691],[121.5018,25.1693],[121.5019,25.1694],[121.5019,25.1695],[121.5019,25.1699],[121.5019,25.17],[121.5019,25.1701],[121.5018,25.1706],[121.5018,25.1708],[121.5017,25.1709],[121.5017,25.1711],[121.5017,25.1713],[121.5017,25.1714],[121.5019,25.1715],[121.5022,25.1718],[121.5022,25.1719],[121.5023,25.172],[121.5026,25.1731],[121.5026,25.1732],[121.5026,25.1733],[121.5033,25.1733],[121.5039,25.1733],[121.5049,25.1732],[121.5051,25.173],[121.5054,25.1727],[121.5054,25.1727],[121.5054,25.1724],[121.5054,25.1723],[121.5053,25.1718],[121.5054,25.1716],[121.5055,25.1715],[121.5056,25.1713],[121.5056,25.1713],[121.5057,25.1711],[121.5063,25.171],[121.5066,25.1712],[121.5069,25.1712],[121.5071,25.1712],[121.5074,25.171],[121.5076,25.1708],[121.5079,25.1705],[121.5081,25.1704],[121.5082,25.1704],[121.5091,25.17],[121.5093,25.1699],[121.5097,25.1697],[121.51,25.1696],[121.5104,25.1694],[121.5113,25.1694],[121.5115,25.1697],[121.5118,25.1699],[121.5121,25.1703],[121.513,25.1709],[121.5135,25.171],[121.5139,25.171],[121.5143,25.1709],[121.5147,25.1707],[121.5151,25.1706],[121.5157,25.1704],[121.5158,25.1704],[121.516,25.1703],[121.5163,25.1702],[121.5165,25.1701],[121.5169,25.1701],[121.5174,25.17],[121.5177,25.17],[121.518,25.1699],[121.5181,25.1698],[121.5186,25.1696],[121.5189,25.1695],[121.5191,25.1694],[121.5194,25.1693],[121.5196,25.1692],[121.5198,25.1692],[121.52,25.1694],[121.5202,25.1697],[121.5202,25.1698],[121.5204,25.1701],[121.5205,25.1702],[121.5205,25.1704],[121.5209,25.1708],[121.521,25.1711],[121.5211,25.1713],[121.5212,25.1714],[121.5212,25.1721],[121.5212,25.1724],[121.5215,25.173],[121.5216,25.1733],[121.5217,25.1733],[121.5218,25.1735],[121.5219,25.1736],[121.522,25.1737],[121.5224,25.1742],[121.5225,25.1744],[121.5225,25.1745],[121.5226,25.1748],[121.5224,25.1753],[121.5224,25.1755],[121.5224,25.1757],[121.5224,25.1759],[121.5223,25.1762],[121.5222,25.1763],[121.522,25.1766],[121.5221,25.177],[121.5223,25.1779],[121.5222,25.1782],[121.5219,25.1786],[121.5217,25.179],[121.5217,25.1791],[121.5223,25.1796],[121.5225,25.1798],[121.5226,25.1798],[121.5228,25.18],[121.5229,25.1801],[121.5231,25.1804],[121.5234,25.1806],[121.5241,25.1813],[121.5245,25.1816],[121.5249,25.182],[121.5251,25.1822],[121.5252,25.1822],[121.5254,25.1825],[121.5254,25.1825],[121.5255,25.1826],[121.5258,25.1828],[121.5264,25.1831],[121.5266,25.1831],[121.5269,25.1832],[121.5273,25.1832],[121.5277,25.1832],[121.528,25.1832],[121.5284,25.1831],[121.5289,25.183],[121.5292,25.183],[121.53,25.1833],[121.5303,25.1834],[121.5305,25.1835],[121.5307,25.1836],[121.5309,25.1836],[121.5312,25.1836],[121.5314,25.1836],[121.5317,25.1836],[121.5323,25.1836],[121.5333,25.1836],[121.5335,25.1836],[121.5336,25.1838],[121.5337,25.1839],[121.5345,25.1844],[121.5346,25.1844],[121.5348,25.1847],[121.5348,25.1847],[121.535,25.185],[121.5351,25.1853],[121.5352,25.1854],[121.5353,25.1855],[121.5353,25.1856],[121.5355,25.1858],[121.5356,25.1862],[121.5357,25.1865],[121.5358,25.1867],[121.5367,25.1869],[121.5372,25.187],[121.5373,25.187],[121.5378,25.1869],[121.5382,25.1869],[121.5385,25.1869],[121.5389,25.187],[121.5391,25.1871],[121.5394,25.1871],[121.5398,25.1871],[121.5408,25.1872],[121.5411,25.1874],[121.5418,25.1881],[121.5419,25.1883],[121.5421,25.1886],[121.5423,25.1887],[121.5425,25.1888],[121.5426,25.1888],[121.5428,25.189],[121.5429,25.1895],[121.5429,25.1897],[121.5429,25.1899],[121.5429,25.19],[121.5429,25.1903],[121.5428,25.1908],[121.5428,25.191],[121.5428,25.1914],[121.5428,25.1915],[121.5429,25.1917],[121.5431,25.1926],[121.5432,25.1929],[121.5432,25.1932],[121.5432,25.1936],[121.5433,25.1938],[121.5434,25.1941],[121.5436,25.1942],[121.5437,25.1942],[121.5438,25.1944],[121.5439,25.1945],[121.5441,25.1947],[121.5445,25.1953],[121.5446,25.1955],[121.5448,25.1956],[121.5449,25.1958],[121.5451,25.1958],[121.5453,25.1959],[121.5454,25.196],[121.5456,25.1961],[121.5458,25.1962],[121.546,25.1964],[121.5461,25.1966],[121.5462,25.1969],[121.5464,25.197],[121.5467,25.1971],[121.5469,25.1971],[121.5471,25.197],[121.5478,25.1976],[121.548,25.1978],[121.5489,25.1982],[121.5493,25.1979],[121.5499,25.1974],[121.5503,25.1972],[121.5506,25.1971],[121.5508,25.1972],[121.5509,25.1972],[121.5513,25.1974],[121.5515,25.1975],[121.5517,25.1976],[121.5519,25.1978],[121.552,25.198],[121.5521,25.1981],[121.5522,25.1983],[121.5523,25.1985],[121.5525,25.1987],[121.5526,25.1988],[121.5526,25.199],[121.5526,25.1992],[121.5526,25.1993],[121.5525,25.1997],[121.5525,25.2],[121.5526,25.2003],[121.5526,25.2005],[121.5526,25.2007],[121.5526,25.201],[121.5524,25.2011],[121.5524,25.2012],[121.5522,25.2013],[121.5521,25.2014],[121.5519,25.2016],[121.5517,25.2018],[121.5515,25.2019],[121.5515,25.2022],[121.5515,25.2023],[121.5516,25.2028],[121.5516,25.2029],[121.5516,25.2031],[121.5517,25.2033],[121.5519,25.2036],[121.5522,25.2037],[121.5524,25.2039],[121.5526,25.2039],[121.5529,25.204],[121.5531,25.2042],[121.5532,25.2045],[121.5532,25.2047],[121.5532,25.2048],[121.5533,25.2049],[121.5533,25.205],[121.5533,25.2051],[121.5534,25.2052],[121.5535,25.2053],[121.5536,25.2053],[121.5537,25.2054],[121.5539,25.2056],[121.5541,25.2058],[121.5541,25.2059],[121.5542,25.206],[121.5544,25.2066],[121.5546,25.2071],[121.5547,25.2073],[121.5548,25.2077],[121.5549,25.2082],[121.555,25.2083],[121.5551,25.2085],[121.5552,25.2085],[121.5559,25.2086],[121.5568,25.2087],[121.5572,25.2089],[121.5577,25.2092],[121.5579,25.2094],[121.558,25.2095],[121.5592,25.2102],[121.5594,25.2102],[121.5599,25.2102],[121.5602,25.2101],[121.5604,25.21],[121.5608,25.2098],[121.561,25.2098],[121.5614,25.2097],[121.5617,25.2096],[121.5623,25.2096],[121.5624,25.2096],[121.5627,25.2095],[121.5627,25.2094],[121.5628,25.2092],[121.5628,25.209],[121.5628,25.2086],[121.5628,25.2085],[121.563,25.2077],[121.563,25.2075],[121.5631,25.2073],[121.5633,25.2065],[121.5634,25.2063],[121.5635,25.206],[121.5635,25.2058],[121.5636,25.2056],[121.5639,25.2053],[121.564,25.2052],[121.5642,25.2051],[121.5646,25.2042],[121.5647,25.2038],[121.5648,25.2033],[121.5649,25.203],[121.5649,25.2028],[121.565,25.2024],[121.5651,25.2022],[121.5651,25.202],[121.5649,25.2016],[121.5648,25.201],[121.565,25.2009],[121.5653,25.2006],[121.5656,25.2005],[121.5657,25.2003],[121.5658,25.2001],[121.5659,25.1999],[121.5662,25.1996],[121.5665,25.1995],[121.5668,25.1994],[121.5675,25.1992],[121.5684,25.1989],[121.5687,25.1987],[121.5696,25.1983],[121.5699,25.1983],[121.5705,25.1978],[121.5706,25.1977],[121.5709,25.1974],[121.5709,25.1974],[121.571,25.1973],[121.571,25.197],[121.5709,25.1968],[121.5709,25.1967],[121.5708,25.1965],[121.5711,25.1961],[121.5715,25.1958],[121.5716,25.1957],[121.5717,25.1955],[121.5722,25.1953],[121.5724,25.1952],[121.5733,25.195],[121.5734,25.195],[121.5735,25.1951],[121.5737,25.1951],[121.5741,25.1951],[121.5745,25.1953],[121.5746,25.1953],[121.5749,25.1954],[121.575,25.1955],[121.5754,25.1956],[121.5757,25.1956],[121.5761,25.1953],[121.5757,25.1946],[121.5746,25.1947],[121.5721,25.1931],[121.5715,25.1916],[121.5689,25.1903],[121.567,25.1887],[121.5673,25.1872],[121.5682,25.1862],[121.5675,25.1855],[121.568,25.1838],[121.5673,25.1833],[121.5672,25.1821],[121.5663,25.1818],[121.5657,25.1794],[121.565,25.1784],[121.5628,25.1779],[121.561,25.1754],[121.5609,25.1746],[121.562,25.1719],[121.5631,25.17],[121.561,25.1645],[121.5611,25.1633],[121.5606,25.1623],[121.5583,25.161],[121.5564,25.1606],[121.5552,25.1591],[121.5534,25.1553],[121.5533,25.1545],[121.5505,25.1515],[121.5495,25.1497],[121.5489,25.1448],[121.5479,25.1434],[121.5461,25.1425],[121.5458,25.1416],[121.5439,25.1418],[121.5425,25.1426],[121.5411,25.1412],[121.54,25.1416],[121.5392,25.1405],[121.5372,25.1398],[121.5365,25.1392],[121.5351,25.1392],[121.5335,25.1376],[121.5315,25.1373],[121.5306,25.136],[121.5304,25.1342],[121.5311,25.1338],[121.5308,25.1321],[121.5314,25.1283],[121.5311,25.1269],[121.5298,25.1262],[121.5295,25.1243],[121.5265,25.1236],[121.5256,25.1217],[121.5258,25.1208],[121.5244,25.1196],[121.5235,25.1175],[121.525,25.1161],[121.5251,25.1145],[121.5257,25.1131],[121.5251,25.1114],[121.5228,25.1109],[121.5224,25.1095],[121.5212,25.1089],[121.5213,25.1069],[121.5199,25.1043],[121.5185,25.1035],[121.5171,25.0995],[121.5154,25.0991],[121.5109,25.0975],[121.5089,25.096],[121.5082,25.0958],[121.5058,25.0964],[121.5016,25.0965],[121.5007,25.0967],[121.4973,25.0982],[121.4969,25.1005],[121.497,25.107],[121.4968,25.1088],[121.4959,25.1116],[121.495,25.1128],[121.4921,25.1147],[121.489,25.1153],[121.4871,25.115],[121.4805,25.113],[121.4779,25.1124],[121.4735,25.1108],[121.4723,25.1107],[121.4689,25.1109],[121.4669,25.1117],[121.4618,25.1152],[121.4609,25.1162],[121.4608,25.1164],[121.4608,25.1165],[121.4608,25.1167],[121.4607,25.1169],[121.4606,25.1173],[121.4605,25.1175],[121.4603,25.1181],[121.4603,25.1183],[121.4602,25.1185],[121.4601,25.1187],[121.4601,25.119],[121.46,25.1193],[121.4599,25.1196],[121.4598,25.1202],[121.4598,25.1203],[121.4597,25.1205],[121.4596,25.1209],[121.4596,25.1211],[121.4596,25.1212],[121.4594,25.1216],[121.4594,25.1218],[121.4593,25.1221],[121.459,25.1226],[121.4589,25.1227],[121.4588,25.1229],[121.4588,25.1229],[121.4588,25.1229]]]}},{"type":"Feature","properties":{"c":"桃園市","t":"中壢區"},"geometry":{"type":"Polygon","coordinates":[[[121.2476,25.0107],[121.2489,25.0087],[121.2495,25.0089],[121.2498,25.0075],[121.2513,25.0055],[121.252,25.0053],[121.2541,25.0029],[121.2555,24.9982],[121.2568,24.996],[121.2564,24.9937],[121.257,24.9935],[121.2597,24.9876],[121.2598,24.9871],[121.2596,24.9863],[121.261,24.9829],[121.2615,24.9824],[121.2625,24.9775],[121.2637,24.9755],[121.2641,24.9738],[121.2636,24.9733],[121.2636,24.9732],[121.2642,24.9727],[121.2645,24.9703],[121.2634,24.97],[121.2652,24.9684],[121.2649,24.9672],[121.2656,24.9636],[121.2643,24.9604],[121.2649,24.9575],[121.266,24.9556],[121.2669,24.953],[121.2666,24.9485],[121.2653,24.9449],[121.2633,24.9377],[121.2617,24.9352],[121.2588,24.9331],[121.2591,24.9306],[121.2582,24.9304],[121.2581,24.9307],[121.2554,24.9297],[121.2533,24.9284],[121.2498,24.9269],[121.247,24.9264],[121.2452,24.9254],[121.2429,24.9251],[121.2428,24.9256],[121.2401,24.9262],[121.2396,24.928],[121.2366,24.9279],[121.2358,24.9301],[121.2342,24.9295],[121.2326,24.9304],[121.2316,24.9316],[121.2308,24.9312],[121.2289,24.9317],[121.2289,24.9339],[121.2279,24.9357],[121.2257,24.937],[121.2252,24.9378],[121.2254,24.9393],[121.2247,24.9421],[121.224,24.9434],[121.2233,24.9436],[121.2226,24.9438],[121.2222,24.9449],[121.2223,24.9455],[121.2234,24.9476],[121.2231,24.9492],[121.2214,24.9517],[121.2219,24.9526],[121.2207,24.9539],[121.2196,24.9522],[121.2184,24.9527],[121.2182,24.9535],[121.217,24.9529],[121.2154,24.953],[121.2136,24.9548],[121.2133,24.9561],[121.211,24.9562],[121.2082,24.9574],[121.2037,24.9573],[121.2035,24.9576],[121.2009,24.9576],[121.1999,24.9571],[121.1948,24.9572],[121.1919,24.9589],[121.1914,24.9602],[121.19,24.9608],[121.1911,24.9659],[121.1911,24.9698],[121.1905,24.9712],[121.19,24.9712],[121.1884,24.9697],[121.1863,24.9684],[121.1842,24.9678],[121.183,24.9681],[121.182,24.9693],[121.1789,24.9695],[121.1788,24.9675],[121.1784,24.9668],[121.1777,24.9625],[121.178,24.9616],[121.1771,24.9606],[121.178,24.9597],[121.177,24.9592],[121.1657,24.9577],[121.1657,24.9579],[121.1629,24.9607],[121.1614,24.9618],[121.1582,24.9623],[121.154,24.9635],[121.1515,24.965],[121.1541,24.9687],[121.1588,24.9733],[121.1609,24.9741],[121.1616,24.9758],[121.1623,24.9791],[121.1638,24.9823],[121.1658,24.9844],[121.1666,24.9863],[121.1684,24.988],[121.1672,24.9904],[121.1685,24.9913],[121.1684,24.9925],[121.1677,24.9936],[121.1667,24.9965],[121.1665,24.9987],[121.1651,25.0019],[121.1649,25.0059],[121.1631,25.0093],[121.162,25.0106],[121.1612,25.0144],[121.162,25.0212],[121.1608,25.0249],[121.161,25.0258],[121.1622,25.0265],[121.1642,25.0271],[121.1659,25.0282],[121.1686,25.0276],[121.1713,25.0274],[121.172,25.0277],[121.1732,25.0268],[121.1761,25.0274],[121.1773,25.0248],[121.1787,25.0242],[121.1785,25.0234],[121.1804,25.0226],[121.1818,25.0252],[121.1827,25.0285],[121.1833,25.0275],[121.1851,25.0262],[121.1856,25.0245],[121.1853,25.0218],[121.187,25.0201],[121.1873,25.0192],[121.1873,25.0163],[121.1878,25.0158],[121.1904,25.0187],[121.1931,25.0181],[121.1938,25.0182],[121.194,25.0208],[121.1938,25.0233],[121.195,25.0264],[121.1962,25.0266],[121.1982,25.0237],[121.1994,25.0246],[121.1994,25.0254],[121.2014,25.0263],[121.2028,25.0254],[121.2078,25.0238],[121.208,25.0235],[121.2061,25.0215],[121.2067,25.0201],[121.2079,25.019],[121.2065,25.0164],[121.2087,25.0174],[121.2089,25.0164],[121.2081,25.014],[121.2081,25.0122],[121.21,25.0114],[121.2098,25.0106],[121.2086,25.0089],[121.2087,25.0083],[121.21,25.0072],[121.2093,25.0047],[121.2098,25.0032],[121.2112,25.001],[121.2132,25.0034],[121.2142,25.0034],[121.2135,25.0046],[121.2133,25.0091],[121.2142,25.0095],[121.2131,25.0113],[121.2096,25.0142],[121.2104,25.0151],[121.2117,25.0142],[121.2132,25.0157],[121.2125,25.0171],[121.2151,25.0197],[121.2164,25.0187],[121.2173,25.0193],[121.2179,25.0188],[121.2187,25.0196],[121.2214,25.0174],[121.2228,25.0188],[121.2238,25.0179],[121.2247,25.019],[121.2247,25.0204],[121.2255,25.0199],[121.225,25.0173],[121.2235,25.0158],[121.2228,25.0134],[121.2236,25.0114],[121.223,25.0096],[121.2231,25.0073],[121.2237,25.0052],[121.2248,25.004],[121.2267,25.0031],[121.2275,25.0043],[121.2294,25.0047],[121.2285,25.0068],[121.2296,25.0074],[121.2326,25.0073],[121.2332,25.0081],[121.234,25.0078],[121.2383,25.0094],[121.2424,25.0101],[121.2437,25.0106],[121.2476,25.0107]]]}},{"type":"Feature","properties":{"c":"桃園市","t":"平鎮區"},"geometry":{"type":"Polygon","coordinates":[[[121.2531,24.9089],[121.2533,24.9068],[121.2525,24.9036],[121.2528,24.9024],[121.2523,24.898],[121.2507,24.8961],[121.2495,24.8923],[121.2493,24.886],[121.2491,24.8844],[121.2478,24.8776],[121.2467,24.875],[121.2445,24.8726],[121.2431,24.8731],[121.2444,24.8748],[121.2445,24.8772],[121.245,24.8776],[121.2457,24.8809],[121.2452,24.882],[121.2454,24.8833],[121.2467,24.8844],[121.2465,24.8869],[121.2461,24.888],[121.2451,24.8877],[121.2435,24.888],[121.2429,24.8891],[121.2422,24.8888],[121.2416,24.8902],[121.2395,24.8877],[121.2375,24.8879],[121.2374,24.8871],[121.2359,24.8869],[121.2349,24.8859],[121.2344,24.8868],[121.2315,24.8885],[121.2301,24.8913],[121.2299,24.8927],[121.2288,24.8938],[121.2257,24.8918],[121.2226,24.892],[121.2213,24.8897],[121.2214,24.8885],[121.2207,24.889],[121.22,24.8915],[121.2207,24.8933],[121.2195,24.8937],[121.2181,24.8933],[121.217,24.8924],[121.2129,24.8912],[121.2118,24.8912],[121.2087,24.8922],[121.2076,24.8935],[121.2042,24.8897],[121.1996,24.889],[121.1954,24.8879],[121.1947,24.8882],[121.1944,24.8902],[121.1953,24.8909],[121.1938,24.8929],[121.1926,24.8926],[121.193,24.8934],[121.1913,24.8935],[121.1901,24.891],[121.1882,24.8897],[121.1876,24.8889],[121.1866,24.889],[121.1847,24.8899],[121.1837,24.8934],[121.1843,24.8951],[121.1853,24.8956],[121.1855,24.8978],[121.1861,24.8988],[121.1861,24.9007],[121.1869,24.9022],[121.187,24.9052],[121.1883,24.9074],[121.1888,24.9099],[121.189,24.9158],[121.1883,24.919],[121.1886,24.9205],[121.1873,24.9228],[121.1874,24.9242],[121.1883,24.9255],[121.1887,24.9287],[121.1873,24.9325],[121.1869,24.9341],[121.1854,24.9368],[121.1846,24.9394],[121.1847,24.9413],[121.1818,24.9442],[121.1816,24.9466],[121.1801,24.9474],[121.179,24.9483],[121.1782,24.9501],[121.1773,24.9543],[121.1774,24.9562],[121.177,24.9592],[121.178,24.9597],[121.1771,24.9606],[121.178,24.9616],[121.1777,24.9625],[121.1784,24.9668],[121.1788,24.9675],[121.1789,24.9695],[121.182,24.9693],[121.183,24.9681],[121.1842,24.9678],[121.1863,24.9684],[121.1884,24.9697],[121.19,24.9712],[121.1905,24.9712],[121.1911,24.9698],[121.1911,24.9659],[121.19,24.9608],[121.1914,24.9602],[121.1919,24.9589],[121.1948,24.9572],[121.1999,24.9571],[121.2009,24.9576],[121.2035,24.9576],[121.2037,24.9573],[121.2082,24.9574],[121.211,24.9562],[121.2133,24.9561],[121.2136,24.9548],[121.2154,24.953],[121.217,24.9529],[121.2182,24.9535],[121.2184,24.9527],[121.2196,24.9522],[121.2207,24.9539],[121.2219,24.9526],[121.2214,24.9517],[121.2231,24.9492],[121.2234,24.9476],[121.2223,24.9455],[121.2222,24.9449],[121.2226,24.9438],[121.2233,24.9436],[121.224,24.9434],[121.2247,24.9421],[121.2254,24.9393],[121.2252,24.9378],[121.2257,24.937],[121.2279,24.9357],[121.2289,24.9339],[121.2289,24.9317],[121.2308,24.9312],[121.2316,24.9316],[121.2326,24.9304],[121.2342,24.9295],[121.2358,24.9301],[121.2366,24.9279],[121.2396,24.928],[121.2401,24.9262],[121.2428,24.9256],[121.2429,24.9251],[121.2452,24.9254],[121.247,24.9264],[121.2498,24.9269],[121.2533,24.9284],[121.2554,24.9297],[121.2581,24.9307],[121.2582,24.9304],[121.2566,24.9276],[121.2555,24.9249],[121.254,24.9234],[121.2518,24.9217],[121.2537,24.9196],[121.2551,24.9186],[121.2557,24.9166],[121.2555,24.9154],[121.2546,24.9141],[121.2529,24.9095],[121.2531,24.9089]]]}},{"type":"Feature","properties":{"c":"桃園市","t":"龍潭區"},"geometry":{"type":"Polygon","coordinates":[[[121.15,24.8444],[121.1528,24.8462],[121.1535,24.8474],[121.1538,24.849],[121.1555,24.8499],[121.156,24.8521],[121.1571,24.8526],[121.1563,24.8538],[121.1568,24.8561],[121.1614,24.8596],[121.1603,24.861],[121.1599,24.8625],[121.1608,24.8631],[121.1602,24.8646],[121.16,24.8666],[121.1588,24.8705],[121.1576,24.8724],[121.1571,24.8723],[121.1569,24.8736],[121.1562,24.8745],[121.1579,24.8744],[121.1582,24.8753],[121.1601,24.8735],[121.1621,24.8735],[121.1654,24.874],[121.1678,24.8736],[121.1698,24.8724],[121.1718,24.8725],[121.1756,24.8721],[121.1759,24.8743],[121.1748,24.8761],[121.1751,24.8786],[121.1748,24.8814],[121.177,24.8826],[121.1768,24.884],[121.1778,24.8858],[121.1773,24.8866],[121.1784,24.8886],[121.1795,24.8895],[121.1817,24.8895],[121.1824,24.8902],[121.1847,24.8899],[121.1866,24.889],[121.1876,24.8889],[121.1882,24.8897],[121.1901,24.891],[121.1913,24.8935],[121.193,24.8934],[121.1926,24.8926],[121.1938,24.8929],[121.1953,24.8909],[121.1944,24.8902],[121.1947,24.8882],[121.1954,24.8879],[121.1996,24.889],[121.2042,24.8897],[121.2076,24.8935],[121.2087,24.8922],[121.2118,24.8912],[121.2129,24.8912],[121.217,24.8924],[121.2181,24.8933],[121.2195,24.8937],[121.2207,24.8933],[121.22,24.8915],[121.2207,24.889],[121.2214,24.8885],[121.2213,24.8897],[121.2226,24.892],[121.2257,24.8918],[121.2288,24.8938],[121.2299,24.8927],[121.2301,24.8913],[121.2315,24.8885],[121.2344,24.8868],[121.2349,24.8859],[121.2359,24.8869],[121.2374,24.8871],[121.2375,24.8879],[121.2395,24.8877],[121.2416,24.8902],[121.2422,24.8888],[121.2429,24.8891],[121.2435,24.888],[121.2451,24.8877],[121.2461,24.888],[121.2465,24.8869],[121.2467,24.8844],[121.2454,24.8833],[121.2452,24.882],[121.2457,24.8809],[121.245,24.8776],[121.2445,24.8772],[121.2444,24.8748],[121.2431,24.8731],[121.2445,24.8726],[121.2467,24.875],[121.2478,24.8776],[121.2491,24.8844],[121.2493,24.886],[121.2505,24.8867],[121.2509,24.885],[121.2502,24.8838],[121.2509,24.8834],[121.2501,24.8793],[121.25,24.8779],[121.249,24.875],[121.249,24.8708],[121.2488,24.869],[121.2473,24.8654],[121.2464,24.8625],[121.2464,24.861],[121.2457,24.86],[121.2479,24.8584],[121.2494,24.8597],[121.2503,24.8594],[121.2515,24.8605],[121.2526,24.8601],[121.2543,24.8617],[121.255,24.8629],[121.2574,24.8637],[121.2588,24.8647],[121.2611,24.8602],[121.2613,24.859],[121.2624,24.8582],[121.2643,24.8589],[121.2675,24.8515],[121.2677,24.8488],[121.2661,24.8471],[121.2645,24.8445],[121.2618,24.8414],[121.2604,24.839],[121.2599,24.8368],[121.2562,24.8328],[121.2545,24.8294],[121.2535,24.8243],[121.251,24.8219],[121.249,24.8207],[121.2464,24.8176],[121.2453,24.8157],[121.2439,24.8141],[121.2431,24.8087],[121.2423,24.8071],[121.2409,24.8059],[121.2398,24.8057],[121.2382,24.8047],[121.2344,24.8043],[121.231,24.8036],[121.23,24.8031],[121.228,24.8028],[121.2252,24.8009],[121.2215,24.7995],[121.2209,24.803],[121.2196,24.8041],[121.2199,24.8074],[121.2188,24.8085],[121.2188,24.8095],[121.2197,24.8109],[121.2197,24.8117],[121.217,24.8124],[121.2149,24.812],[121.2128,24.8105],[121.2116,24.8104],[121.2096,24.8095],[121.2077,24.807],[121.2059,24.8075],[121.2046,24.8072],[121.2045,24.8083],[121.2028,24.8099],[121.203,24.8108],[121.2043,24.8119],[121.2057,24.8122],[121.2056,24.8131],[121.2034,24.8141],[121.2031,24.8157],[121.2023,24.8167],[121.2033,24.8173],[121.2008,24.8178],[121.1993,24.8161],[121.1997,24.8152],[121.1989,24.8149],[121.1969,24.8167],[121.1965,24.8178],[121.1921,24.82],[121.1891,24.8221],[121.1859,24.8238],[121.1831,24.8251],[121.1796,24.8261],[121.1768,24.8273],[121.1738,24.8277],[121.1741,24.8289],[121.1763,24.832],[121.1745,24.8323],[121.1739,24.8334],[121.1721,24.8342],[121.1694,24.8348],[121.1688,24.834],[121.1665,24.8362],[121.1658,24.8359],[121.1617,24.8375],[121.1602,24.8373],[121.1595,24.8386],[121.1582,24.8393],[121.1563,24.8408],[121.1561,24.8419],[121.1547,24.8423],[121.1542,24.8442],[121.1521,24.8438],[121.15,24.8444]]]}}]}